ISO-10303-21;
HEADER;
FILE_DESCRIPTION (( 'STEP AP214' ),
    '1' );
FILE_NAME ('Assem3.STEP',
    '2026-02-09T11:05:06',
    ( '' ),
    ( '' ),
    'SwSTEP 2.0',
    'SolidWorks 2026',
    '' );
FILE_SCHEMA (( 'AUTOMOTIVE_DESIGN' ));
ENDSEC;

DATA;
#1 = SURFACE_STYLE_USAGE ( .BOTH. , #1029 ) ;
#2 = ORIENTED_EDGE ( 'NONE', *, *, #876, .T. ) ;
#3 = AXIS2_PLACEMENT_3D ( 'NONE', #190, #1331, #1629 ) ;
#4 = FACE_OUTER_BOUND ( 'NONE', #238, .T. ) ;
#5 = PLANE ( 'NONE',  #547 ) ;
#6 = FACE_OUTER_BOUND ( 'NONE', #1085, .T. ) ;
#7 = EDGE_CURVE ( 'NONE', #1384, #41, #357, .T. ) ;
#8 = CARTESIAN_POINT ( 'NONE',  ( -10.11499999999999844, -14.14999999999999503, 3.200000000000000178 ) ) ;
#9 = CIRCLE ( 'NONE', #640, 2.017453735581486995 ) ;
#10 = ORIENTED_EDGE ( 'NONE', *, *, #62, .F. ) ;
#11 = EDGE_CURVE ( 'NONE', #807, #1869, #1717, .T. ) ;
#12 = CARTESIAN_POINT ( 'NONE',  ( -10.11499999999999844, -14.14999999999999503, 3.200000000000000178 ) ) ;
#13 = ORIENTED_EDGE ( 'NONE', *, *, #647, .T. ) ;
#14 = DIRECTION ( 'NONE',  ( -1.000000000000000000, 0.000000000000000000, 0.000000000000000000 ) ) ;
#15 = FACE_OUTER_BOUND ( 'NONE', #406, .T. ) ;
#16 = VECTOR ( 'NONE', #289, 1000.000000000000000 ) ;
#17 = DIRECTION ( 'NONE',  ( -0.000000000000000000, -0.000000000000000000, 1.000000000000000000 ) ) ;
#18 = ORIENTED_EDGE ( 'NONE', *, *, #583, .T. ) ;
#19 = CARTESIAN_POINT ( 'NONE',  ( -8.464999999999998082, 12.35000000000000675, -1.500000000000000000 ) ) ;
#20 = PRODUCT_DEFINITION_FORMATION_WITH_SPECIFIED_SOURCE ( 'ANY', '', #1074, .NOT_KNOWN. ) ;
#21 = PRODUCT_DEFINITION_CONTEXT ( 'detailed design', #702, 'design' ) ;
#22 = VERTEX_POINT ( 'NONE', #513 ) ;
#23 = CARTESIAN_POINT ( 'NONE',  ( -8.614999999999998437, -12.64999999999999858, 3.199999999999999734 ) ) ;
#24 = CARTESIAN_POINT ( 'NONE',  ( 10.61500000000000377, 0.000000000000000000, 3.200000000000000178 ) ) ;
#25 = DIRECTION ( 'NONE',  ( -1.000000000000000000, 0.000000000000000000, 0.000000000000000000 ) ) ;
#26 = DIRECTION ( 'NONE',  ( 0.000000000000000000, -0.000000000000000000, 1.000000000000000000 ) ) ;
#27 = EDGE_CURVE ( 'NONE', #22, #1326, #944, .T. ) ;
#28 = FACE_OUTER_BOUND ( 'NONE', #494, .T. ) ;
#29 = ORIENTED_EDGE ( 'NONE', *, *, #1216, .F. ) ;
#30 = DIRECTION ( 'NONE',  ( -0.000000000000000000, -0.000000000000000000, 1.000000000000000000 ) ) ;
#31 = ORIENTED_EDGE ( 'NONE', *, *, #502, .T. ) ;
#32 = MANIFOLD_SOLID_BREP ( 'Boss-Extrude1', #668 ) ;
#33 = DIRECTION ( 'NONE',  ( -0.9999619230641713097, 0.000000000000000000, 0.008726535498373953759 ) ) ;
#34 = VECTOR ( 'NONE', #1606, 1000.000000000000000 ) ;
#35 = CARTESIAN_POINT ( 'NONE',  ( 1290.635883561820265, 659.0543147908459787, 872.0559641186409863 ) ) ;
#36 = DIRECTION ( 'NONE',  ( -0.000000000000000000, -0.000000000000000000, 1.000000000000000000 ) ) ;
#37 = AXIS2_PLACEMENT_3D ( 'NONE', #381, #208, #1066 ) ;
#38 = CIRCLE ( 'NONE', #489, 3.000000000000000000 ) ;
#39 = CARTESIAN_POINT ( 'NONE',  ( -8.614999999999998437, -15.64999999999999680, 1.100000000000000311 ) ) ;
#40 = ORIENTED_EDGE ( 'NONE', *, *, #502, .F. ) ;
#41 = VERTEX_POINT ( 'NONE', #679 ) ;
#42 = DIRECTION ( 'NONE',  ( 0.000000000000000000, 1.000000000000000000, 0.000000000000000000 ) ) ;
#43 = FACE_OUTER_BOUND ( 'NONE', #1882, .T. ) ;
#44 = B_SPLINE_CURVE_WITH_KNOTS ( 'NONE', 3,
 ( #1346, #1160, #1335, #1794 ),
 .UNSPECIFIED., .F., .F.,
 ( 4, 4 ),
 ( 0.000000000000000000, 0.002000086982156819293 ),
 .UNSPECIFIED. ) ;
#45 = LINE ( 'NONE', #1799, #1796 ) ;
#46 = LINE ( 'NONE', #330, #1672 ) ;
#47 = VERTEX_POINT ( 'NONE', #290 ) ;
#48 = LINE ( 'NONE', #933, #1619 ) ;
#49 = ADVANCED_FACE ( 'NONE', ( #573 ), #1550, .T. ) ;
#50 = ORIENTED_EDGE ( 'NONE', *, *, #323, .T. ) ;
#51 = DIRECTION ( 'NONE',  ( -1.000000000000000000, 0.000000000000000000, -0.000000000000000000 ) ) ;
#52 = CARTESIAN_POINT ( 'NONE',  ( -10.61500000000000021, 0.000000000000000000, 3.200000000000000178 ) ) ;
#53 = DIRECTION ( 'NONE',  ( 1.000000000000000000, 0.000000000000000000, 0.000000000000000000 ) ) ;
#54 = DIRECTION ( 'NONE',  ( -0.000000000000000000, -0.000000000000000000, 1.000000000000000000 ) ) ;
#55 = EDGE_CURVE ( 'NONE', #41, #1166, #877, .T. ) ;
#56 = ORIENTED_EDGE ( 'NONE', *, *, #1235, .F. ) ;
#57 = CARTESIAN_POINT ( 'NONE',  ( -10.11499999999999844, 13.97287565553230237, 3.199999999999999734 ) ) ;
#58 = AXIS2_PLACEMENT_3D ( 'NONE', #157, #1607, #994 ) ;
#59 = LINE ( 'NONE', #1815, #1270 ) ;
#60 = ORIENTED_EDGE ( 'NONE', *, *, #445, .F. ) ;
#61 = CONICAL_SURFACE ( 'NONE', #845, 2.000000000000000000, 0.008726646259971666819 ) ;
#62 = EDGE_CURVE ( 'NONE', #1757, #1193, #433, .T. ) ;
#63 = AXIS2_PLACEMENT_3D ( 'NONE', #1229, #1826, #197 ) ;
#64 = FACE_OUTER_BOUND ( 'NONE', #683, .T. ) ;
#65 = CARTESIAN_POINT ( 'NONE',  ( -8.614999999999998437, -14.64999999999999858, 3.199999999999999734 ) ) ;
#66 = LINE ( 'NONE', #1644, #1330 ) ;
#67 = AXIS2_PLACEMENT_3D ( 'NONE', #1278, #261, #400 ) ;
#68 = ORIENTED_EDGE ( 'NONE', *, *, #745, .F. ) ;
#69 = EDGE_CURVE ( 'NONE', #746, #120, #546, .T. ) ;
#70 = CIRCLE ( 'NONE', #1622, 2.017453735581486995 ) ;
#71 = FACE_OUTER_BOUND ( 'NONE', #921, .T. ) ;
#72 = B_SPLINE_CURVE_WITH_KNOTS ( 'NONE', 3,
 ( #589, #1327, #1167, #752 ),
 .UNSPECIFIED., .F., .F.,
 ( 4, 4 ),
 ( 0.000000000000000000, 0.002000086982156819293 ),
 .UNSPECIFIED. ) ;
#73 = VERTEX_POINT ( 'NONE', #704 ) ;
#74 = EDGE_LOOP ( 'NONE', ( #68, #194, #1385, #650, #591, #681, #431, #563, #1450, #475, #1825, #1202, #571, #937, #1553, #78, #1885, #161, #368, #207 ) ) ;
#75 = FACE_OUTER_BOUND ( 'NONE', #832, .T. ) ;
#76 = CARTESIAN_POINT ( 'NONE',  ( -8.464999999999998082, 7.950000000000005507, 0.000000000000000000 ) ) ;
#77 = DIRECTION ( 'NONE',  ( -0.000000000000000000, -0.000000000000000000, 1.000000000000000000 ) ) ;
#78 = ORIENTED_EDGE ( 'NONE', *, *, #1319, .F. ) ;
#79 = DIRECTION ( 'NONE',  ( -0.000000000000000000, 0.9999619230641713097, 0.008726535498373953759 ) ) ;
#80 = ADVANCED_FACE ( 'NONE', ( #685 ), #5, .F. ) ;
#81 = ORIENTED_EDGE ( 'NONE', *, *, #751, .T. ) ;
#82 = ORIENTED_EDGE ( 'NONE', *, *, #7, .T. ) ;
#83 = VECTOR ( 'NONE', #1061, 1000.000000000000000 ) ;
#84 = DIRECTION ( 'NONE',  ( -1.000000000000000000, 0.000000000000000000, 0.000000000000000000 ) ) ;
#85 = CARTESIAN_POINT ( 'NONE',  ( -8.614999999999998437, 14.65000000000000924, 3.199999999999999734 ) ) ;
#86 = VECTOR ( 'NONE', #1053, 1000.000000000000000 ) ;
#87 = CARTESIAN_POINT ( 'NONE',  ( -10.11499999999999844, -13.97287565553229172, 3.199999999999999734 ) ) ;
#88 = ORIENTED_EDGE ( 'NONE', *, *, #523, .T. ) ;
#89 = ORIENTED_EDGE ( 'NONE', *, *, #1109, .F. ) ;
#90 = EDGE_CURVE ( 'NONE', #1530, #350, #839, .T. ) ;
#91 = CARTESIAN_POINT ( 'NONE',  ( 5.851002890000000178, -14.65087268677907417, 3.299999999999999822 ) ) ;
#92 = EDGE_CURVE ( 'NONE', #1869, #1184, #1591, .T. ) ;
#93 = ORIENTED_EDGE ( 'NONE', *, *, #745, .T. ) ;
#94 = ORIENTED_EDGE ( 'NONE', *, *, #1100, .T. ) ;
#95 = ORIENTED_EDGE ( 'NONE', *, *, #242, .T. ) ;
#96 = LINE ( 'NONE', #672, #551 ) ;
#97 = VECTOR ( 'NONE', #766, 1000.000000000000000 ) ;
#98 = PRESENTATION_LAYER_ASSIGNMENT (  '', '', ( #212 ) ) ;
#99 = VECTOR ( 'NONE', #604, 1000.000000000000000 ) ;
#100 = ORIENTED_EDGE ( 'NONE', *, *, #449, .T. ) ;
#101 = DIRECTION ( 'NONE',  ( -1.000000000000000000, 0.000000000000000000, -1.577021341797097215E-15 ) ) ;
#102 = ORIENTED_EDGE ( 'NONE', *, *, #759, .F. ) ;
#103 = VECTOR ( 'NONE', #1411, 1000.000000000000000 ) ;
#104 = LINE ( 'NONE', #1107, #1185 ) ;
#105 = ADVANCED_FACE ( 'NONE', ( #1582 ), #1004, .F. ) ;
#106 = FACE_OUTER_BOUND ( 'NONE', #256, .T. ) ;
#107 = APPLICATION_PROTOCOL_DEFINITION ( 'draft international standard', 'automotive_design', 1998, #1081 ) ;
#108 = CARTESIAN_POINT ( 'NONE',  ( 0.000000000000000000, 0.000000000000000000, 5.200000000000000178 ) ) ;
#109 = ORIENTED_EDGE ( 'NONE', *, *, #1257, .T. ) ;
#110 = CARTESIAN_POINT ( 'NONE',  ( 10.13245373558152096, 14.16745373558152465, 5.200000000000000178 ) ) ;
#111 = ORIENTED_EDGE ( 'NONE', *, *, #1228, .T. ) ;
#112 = ADVANCED_FACE ( 'NONE', ( #280 ), #816, .F. ) ;
#113 = DIRECTION ( 'NONE',  ( 1.000000000000000000, -0.000000000000000000, -0.000000000000000000 ) ) ;
#114 = CARTESIAN_POINT ( 'NONE',  ( 1282.020883561820256, 673.7217685264274678, 868.8559641186409408 ) ) ;
#115 =( GEOMETRIC_REPRESENTATION_CONTEXT ( 3 ) GLOBAL_UNCERTAINTY_ASSIGNED_CONTEXT ( ( #609 ) ) GLOBAL_UNIT_ASSIGNED_CONTEXT ( ( #1793, #1199, #1368 ) ) REPRESENTATION_CONTEXT ( 'NONE', 'WORKASPACE' ) );
#116 = ORIENTED_EDGE ( 'NONE', *, *, #1009, .T. ) ;
#117 = CARTESIAN_POINT ( 'NONE',  ( 10.11500000000000199, -15.64999999999999680, 3.200000000000000178 ) ) ;
#118 = ORIENTED_EDGE ( 'NONE', *, *, #1273, .F. ) ;
#119 = CARTESIAN_POINT ( 'NONE',  ( 10.61500000000000199, -12.64999999999999858, 3.200000000000000178 ) ) ;
#120 = VERTEX_POINT ( 'NONE', #1865 ) ;
#121 = CIRCLE ( 'NONE', #775, 3.000000000000000000 ) ;
#122 = ITEM_DEFINED_TRANSFORMATION ( 'NONE', 'NONE', #925,  #629 ) ;
#123 = LINE ( 'NONE', #1283, #365 ) ;
#124 = DIRECTION ( 'NONE',  ( -0.008726203243944236423, 0.008726203243944236423, -0.9999238504775704861 ) ) ;
#125 = LINE ( 'NONE', #695, #579 ) ;
#126 = ORIENTED_EDGE ( 'NONE', *, *, #11, .T. ) ;
#127 = AXIS2_PLACEMENT_3D ( 'NONE', #1726, #1269, #270 ) ;
#128 = DIRECTION ( 'NONE',  ( -1.000000000000000000, 0.000000000000000000, 0.000000000000000000 ) ) ;
#129 = AXIS2_PLACEMENT_3D ( 'NONE', #538, #363, #1548 ) ;
#130 = AXIS2_PLACEMENT_3D ( 'NONE', #1883, #257, #1275 ) ;
#131 = ORIENTED_EDGE ( 'NONE', *, *, #1682, .T. ) ;
#132 = CARTESIAN_POINT ( 'NONE',  ( 0.000000000000000000, 0.000000000000000000, 3.200000000000000178 ) ) ;
#133 = DIRECTION ( 'NONE',  ( 1.000000000000000000, 0.000000000000000000, 0.000000000000000000 ) ) ;
#134 = CARTESIAN_POINT ( 'NONE',  ( -8.614999999999998437, -12.64999999999999858, 3.199999999999999734 ) ) ;
#135 = ORIENTED_EDGE ( 'NONE', *, *, #626, .T. ) ;
#136 = CARTESIAN_POINT ( 'NONE',  ( 9.944456180391640032, 14.16745373558152465, 5.200000000000000178 ) ) ;
#137 = EDGE_LOOP ( 'NONE', ( #1158, #1604, #951, #805 ) ) ;
#138 = CARTESIAN_POINT ( 'NONE',  ( 0.000000000000000000, 0.000000000000000000, 3.200000000000000178 ) ) ;
#139 = PLANE ( 'NONE',  #875 ) ;
#140 = PLANE ( 'NONE',  #232 ) ;
#141 = EDGE_CURVE ( 'NONE', #662, #1384, #123, .T. ) ;
#142 = AXIS2_PLACEMENT_3D ( 'NONE', #857, #17, #1449 ) ;
#143 = ORIENTED_EDGE ( 'NONE', *, *, #1037, .F. ) ;
#144 =( NAMED_UNIT ( * ) SI_UNIT ( $, .STERADIAN. ) SOLID_ANGLE_UNIT ( ) );
#145 = DIRECTION ( 'NONE',  ( -1.000000000000000000, 0.000000000000000000, -0.000000000000000000 ) ) ;
#146 = ORIENTED_EDGE ( 'NONE', *, *, #1172, .F. ) ;
#147 = LINE ( 'NONE', #1129, #756 ) ;
#148 = EDGE_CURVE ( 'NONE', #1244, #1234, #322, .T. ) ;
#149 = DIRECTION ( 'NONE',  ( 1.000000000000000000, 0.000000000000000000, 0.000000000000000000 ) ) ;
#150 = DIRECTION ( 'NONE',  ( -1.000000000000000000, 0.000000000000000000, 0.000000000000000000 ) ) ;
#151 = FACE_OUTER_BOUND ( 'NONE', #809, .T. ) ;
#152 = ORIENTED_EDGE ( 'NONE', *, *, #1037, .T. ) ;
#153 = ORIENTED_EDGE ( 'NONE', *, *, #1502, .T. ) ;
#154 = VECTOR ( 'NONE', #765, 1000.000000000000000 ) ;
#155 = CIRCLE ( 'NONE', #308, 3.000000000000000000 ) ;
#156 = CARTESIAN_POINT ( 'NONE',  ( 1292.653337297401777, 661.0717685264274905, 835.8243055021930559 ) ) ;
#157 = CARTESIAN_POINT ( 'NONE',  ( -8.614999999999998437, -12.64999999999999858, -1.500000000000000000 ) ) ;
#158 = CARTESIAN_POINT ( 'NONE',  ( -8.614999999999998437, 12.65000000000000924, 3.199999999999999734 ) ) ;
#159 = ORIENTED_EDGE ( 'NONE', *, *, #1483, .F. ) ;
#160 = DIRECTION ( 'NONE',  ( 0.000000000000000000, 0.000000000000000000, 1.000000000000000000 ) ) ;
#161 = ORIENTED_EDGE ( 'NONE', *, *, #1633, .F. ) ;
#162 = EDGE_CURVE ( 'NONE', #47, #666, #567, .T. ) ;
#163 = CARTESIAN_POINT ( 'NONE',  ( 9.944456180391640032, 14.16745373558152465, 5.200000000000000178 ) ) ;
#164 = ADVANCED_FACE ( 'NONE', ( #1132 ), #1752, .F. ) ;
#165 = DIRECTION ( 'NONE',  ( -0.008726203243944236423, -0.008726203243944236423, -0.9999238504775704861 ) ) ;
#166 = DIRECTION ( 'NONE',  ( 1.000000000000000000, 0.000000000000000000, 0.000000000000000000 ) ) ;
#167 = DIRECTION ( 'NONE',  ( -0.000000000000000000, -0.000000000000000000, 1.000000000000000000 ) ) ;
#168 = ORIENTED_EDGE ( 'NONE', *, *, #449, .F. ) ;
#169 = EDGE_CURVE ( 'NONE', #1499, #503, #1748, .T. ) ;
#170 = DIRECTION ( 'NONE',  ( -0.000000000000000000, -1.000000000000000000, -0.000000000000000000 ) ) ;
#171 = VECTOR ( 'NONE', #586, 1000.000000000000000 ) ;
#172 = VERTEX_POINT ( 'NONE', #584 ) ;
#173 = CARTESIAN_POINT ( 'NONE',  ( 1271.388429826238735, 686.3717685264275588, 835.8243055021930559 ) ) ;
#174 = DIRECTION ( 'NONE',  ( -0.008726535498373953759, -0.000000000000000000, 0.9999619230641713097 ) ) ;
#175 = CARTESIAN_POINT ( 'NONE',  ( -8.614999999999998437, -12.64999999999999858, 3.199999999999999734 ) ) ;
#176 = CARTESIAN_POINT ( 'NONE',  ( 10.11500000000000199, -14.14999999999999503, 0.000000000000000000 ) ) ;
#177 = CARTESIAN_POINT ( 'NONE',  ( -8.464999999999998082, 7.950000000000005507, -1.500999999999999890 ) ) ;
#178 = ORIENTED_EDGE ( 'NONE', *, *, #439, .F. ) ;
#179 = PLANE ( 'NONE',  #1632 ) ;
#180 = VECTOR ( 'NONE', #1300, 1000.000000000000000 ) ;
#181 = DIRECTION ( 'NONE',  ( 1.000000000000000000, 0.000000000000000000, 0.000000000000000000 ) ) ;
#182 = AXIS2_PLACEMENT_3D ( 'NONE', #24, #33, #1627 ) ;
#183 = DIRECTION ( 'NONE',  ( 0.008726203243944236423, -0.008726203243944236423, -0.9999238504775704861 ) ) ;
#184 = ORIENTED_EDGE ( 'NONE', *, *, #1379, .T. ) ;
#185 = CARTESIAN_POINT ( 'NONE',  ( 0.000000000000000000, 15.65000000000000746, -1.500000000000000000 ) ) ;
#186 = VERTEX_POINT ( 'NONE', #847 ) ;
#187 = CARTESIAN_POINT ( 'NONE',  ( -8.464999999999998082, 12.35000000000000675, 0.000000000000000000 ) ) ;
#188 = PLANE ( 'NONE',  #1086 ) ;
#189 = EDGE_CURVE ( 'NONE', #927, #352, #856, .T. ) ;
#190 = CARTESIAN_POINT ( 'NONE',  ( -8.998997109999999466, 15.65100000000001224, 3.300000000000000266 ) ) ;
#191 = CARTESIAN_POINT ( 'NONE',  ( -10.12663582356533887, -13.97726810074598980, 4.533333315495141846 ) ) ;
#192 =( NAMED_UNIT ( * ) SI_UNIT ( $, .STERADIAN. ) SOLID_ANGLE_UNIT ( ) );
#193 = PRODUCT_DEFINITION ( 'UNKNOWN', '', #412, #1177 ) ;
#194 = ORIENTED_EDGE ( 'NONE', *, *, #1662, .F. ) ;
#195 = CARTESIAN_POINT ( 'NONE',  ( 1271.388429826238735, 661.0717685264274905, 872.0559641186409863 ) ) ;
#196 = ORIENTED_EDGE ( 'NONE', *, *, #711, .T. ) ;
#197 = DIRECTION ( 'NONE',  ( -1.000000000000000000, 8.598578720204377709E-16, 0.000000000000000000 ) ) ;
#198 = DIRECTION ( 'NONE',  ( 1.000000000000000000, -3.467933741989941122E-15, 0.000000000000000000 ) ) ;
#199 = DIRECTION ( 'NONE',  ( 0.000000000000000000, -1.000000000000000000, 0.000000000000000000 ) ) ;
#200 = PLANE ( 'NONE',  #1095 ) ;
#201 = EDGE_CURVE ( 'NONE', #1041, #793, #442, .T. ) ;
#202 = ORIENTED_EDGE ( 'NONE', *, *, #1872, .T. ) ;
#203 = CARTESIAN_POINT ( 'NONE',  ( 10.11500000000000199, -14.14999999999999503, 3.200000000000000178 ) ) ;
#204 = AXIS2_PLACEMENT_3D ( 'NONE', #1867, #1564, #1362 ) ;
#205 = ORIENTED_EDGE ( 'NONE', *, *, #1512, .F. ) ;
#206 = DIRECTION ( 'NONE',  ( -0.000000000000000000, -1.000000000000000000, -0.000000000000000000 ) ) ;
#207 = ORIENTED_EDGE ( 'NONE', *, *, #1730, .F. ) ;
#208 = DIRECTION ( 'NONE',  ( -0.000000000000000000, -0.000000000000000000, 1.000000000000000000 ) ) ;
#209 = DIRECTION ( 'NONE',  ( -0.000000000000000000, -0.000000000000000000, 1.000000000000000000 ) ) ;
#210 = VECTOR ( 'NONE', #149, 1000.000000000000000 ) ;
#211 = VECTOR ( 'NONE', #1691, 1000.000000000000000 ) ;
#212 = STYLED_ITEM ( 'NONE', ( #723 ), #1271 ) ;
#213 = VERTEX_POINT ( 'NONE', #1141 ) ;
#214 = CIRCLE ( 'NONE', #1324, 2.017453735581486995 ) ;
#215 = ORIENTED_EDGE ( 'NONE', *, *, #1321, .F. ) ;
#216 = EDGE_CURVE ( 'NONE', #1716, #47, #422, .T. ) ;
#217 = CARTESIAN_POINT ( 'NONE',  ( 11.61500000000000199, 0.000000000000000000, -1.500000000000000000 ) ) ;
#218 = ORIENTED_EDGE ( 'NONE', *, *, #1765, .T. ) ;
#219 = ORIENTED_EDGE ( 'NONE', *, *, #581, .F. ) ;
#220 = EDGE_CURVE ( 'NONE', #1253, #811, #1490, .T. ) ;
#221 = EDGE_CURVE ( 'NONE', #886, #1125, #1472, .T. ) ;
#222 = CARTESIAN_POINT ( 'NONE',  ( 1273.405883561820247, 686.3717685264275588, 874.0559641186409863 ) ) ;
#223 = DIRECTION ( 'NONE',  ( -0.000000000000000000, -0.000000000000000000, 1.000000000000000000 ) ) ;
#224 = ORIENTED_EDGE ( 'NONE', *, *, #301, .T. ) ;
#225 = CIRCLE ( 'NONE', #1131, 2.017453735581517194 ) ;
#226 = LINE ( 'NONE', #483, #521 ) ;
#227 = ADVANCED_FACE ( 'NONE', ( #15 ), #1769, .T. ) ;
#228 = EDGE_LOOP ( 'NONE', ( #1745, #1337, #184, #954 ) ) ;
#229 = VERTEX_POINT ( 'NONE', #1197 ) ;
#230 = CARTESIAN_POINT ( 'NONE',  ( 8.615000000000001990, -15.64999999999999680, 5.200000000000000178 ) ) ;
#231 = CARTESIAN_POINT ( 'NONE',  ( 10.63245373558152096, 12.65000000000000924, 5.200000000000000178 ) ) ;
#232 = AXIS2_PLACEMENT_3D ( 'NONE', #1302, #730, #1457 ) ;
#233 = DIRECTION ( 'NONE',  ( 1.000000000000000000, 0.000000000000000000, 0.000000000000000000 ) ) ;
#234 = ORIENTED_EDGE ( 'NONE', *, *, #92, .T. ) ;
#235 = ORIENTED_EDGE ( 'NONE', *, *, #510, .F. ) ;
#236 = DIRECTION ( 'NONE',  ( -1.000000000000000000, 0.000000000000000000, 0.000000000000000000 ) ) ;
#237 = ORIENTED_EDGE ( 'NONE', *, *, #918, .F. ) ;
#238 = EDGE_LOOP ( 'NONE', ( #1387, #1602, #457, #946, #1334, #391, #835, #1033 ) ) ;
#239 = LINE ( 'NONE', #76, #1784 ) ;
#240 = VECTOR ( 'NONE', #1884, 1000.000000000000000 ) ;
#241 = DIRECTION ( 'NONE',  ( 1.000000000000000000, 0.000000000000000000, 0.000000000000000000 ) ) ;
#242 = EDGE_CURVE ( 'NONE', #789, #1205, #1349, .T. ) ;
#243 = FACE_OUTER_BOUND ( 'NONE', #455, .T. ) ;
#244 = VECTOR ( 'NONE', #522, 1000.000000000000000 ) ;
#245 = CIRCLE ( 'NONE', #1497, 2.999999999999999112 ) ;
#246 = CONICAL_SURFACE ( 'NONE', #310, 2.000000000000000000, 0.008726646259971666819 ) ;
#247 = EDGE_LOOP ( 'NONE', ( #159, #725, #1377, #1536 ) ) ;
#248 = PLANE ( 'NONE',  #1527 ) ;
#249 = ORIENTED_EDGE ( 'NONE', *, *, #532, .T. ) ;
#250 = VECTOR ( 'NONE', #684, 1000.000000000000000 ) ;
#251 = DIRECTION ( 'NONE',  ( -1.000000000000000000, 0.000000000000000000, 0.000000000000000000 ) ) ;
#252 = DIRECTION ( 'NONE',  ( 0.000000000000000000, 0.000000000000000000, 1.000000000000000000 ) ) ;
#253 = ORIENTED_EDGE ( 'NONE', *, *, #55, .F. ) ;
#254 = CARTESIAN_POINT ( 'NONE',  ( 8.615000000000001990, -12.64999999999999858, 5.200000000000000178 ) ) ;
#255 = FACE_OUTER_BOUND ( 'NONE', #334, .T. ) ;
#256 = EDGE_LOOP ( 'NONE', ( #956, #94, #961, #448 ) ) ;
#257 = DIRECTION ( 'NONE',  ( 0.000000000000000000, 0.000000000000000000, 1.000000000000000000 ) ) ;
#258 = CYLINDRICAL_SURFACE ( 'NONE', #1020, 3.000000000000000000 ) ;
#259 = ORIENTED_EDGE ( 'NONE', *, *, #445, .T. ) ;
#260 = ADVANCED_BREP_SHAPE_REPRESENTATION ( '', ( #32, #629 ), #657 ) ;
#261 = DIRECTION ( 'NONE',  ( 0.000000000000000000, 0.000000000000000000, -1.000000000000000000 ) ) ;
#262 = PRODUCT_CONTEXT ( 'NONE', #1892, 'mechanical' ) ;
#263 = EDGE_CURVE ( 'NONE', #1663, #287, #593, .T. ) ;
#264 = CARTESIAN_POINT ( 'NONE',  ( 10.11500000000000199, -14.14999999999999503, 0.000000000000000000 ) ) ;
#265 = CARTESIAN_POINT ( 'NONE',  ( 10.11500000000000199, -14.14999999999999503, 3.200000000000000178 ) ) ;
#266 = DIRECTION ( 'NONE',  ( 0.000000000000000000, 0.000000000000000000, 1.000000000000000000 ) ) ;
#267 = ORIENTED_EDGE ( 'NONE', *, *, #888, .F. ) ;
#268 = CARTESIAN_POINT ( 'NONE',  ( -8.998997109999997690, 15.65100000000001224, 1.100000000000000311 ) ) ;
#269 = ORIENTED_EDGE ( 'NONE', *, *, #777, .T. ) ;
#270 = DIRECTION ( 'NONE',  ( 0.000000000000000000, 0.000000000000000000, 1.000000000000000000 ) ) ;
#271 = ADVANCED_FACE ( 'NONE', ( #452 ), #1356, .T. ) ;
#272 = LINE ( 'NONE', #848, #1376 ) ;
#273 = ADVANCED_FACE ( 'NONE', ( #462 ), #898, .T. ) ;
#274 = ORIENTED_EDGE ( 'NONE', *, *, #751, .F. ) ;
#275 = VECTOR ( 'NONE', #470, 1000.000000000000000 ) ;
#276 = LINE ( 'NONE', #119, #1374 ) ;
#277 = AXIS2_PLACEMENT_3D ( 'NONE', #1819, #1848, #1670 ) ;
#278 = VECTOR ( 'NONE', #613, 1000.000000000000000 ) ;
#279 = VERTEX_POINT ( 'NONE', #1190 ) ;
#280 = FACE_OUTER_BOUND ( 'NONE', #554, .T. ) ;
#281 = ADVANCED_FACE ( 'NONE', ( #43 ), #623, .T. ) ;
#282 = CARTESIAN_POINT ( 'NONE',  ( 1292.653337297401777, 661.0717685264274905, 874.0559641186409863 ) ) ;
#283 = DIRECTION ( 'NONE',  ( -1.000000000000000000, -8.598578720204377709E-16, 0.000000000000000000 ) ) ;
#284 = ORIENTED_EDGE ( 'NONE', *, *, #1707, .T. ) ;
#285 = FACE_OUTER_BOUND ( 'NONE', #1105, .T. ) ;
#286 = ADVANCED_FACE ( 'NONE', ( #738 ), #1181, .F. ) ;
#287 = VERTEX_POINT ( 'NONE', #1340 ) ;
#288 = DIRECTION ( 'NONE',  ( 0.000000000000000000, 0.000000000000000000, -1.000000000000000000 ) ) ;
#289 = DIRECTION ( 'NONE',  ( 0.008726535498373953759, 0.000000000000000000, -0.9999619230641713097 ) ) ;
#290 = CARTESIAN_POINT ( 'NONE',  ( -8.614999999999998437, -15.64999999999999680, -1.500000000000000000 ) ) ;
#291 = CARTESIAN_POINT ( 'NONE',  ( -10.11499999999999844, -14.14999999999999503, 3.200000000000000178 ) ) ;
#292 = CARTESIAN_POINT ( 'NONE',  ( -8.614999999999998437, 12.65000000000000924, 5.200000000000000178 ) ) ;
#293 = ORIENTED_EDGE ( 'NONE', *, *, #1367, .F. ) ;
#294 =( GEOMETRIC_REPRESENTATION_CONTEXT ( 3 ) GLOBAL_UNCERTAINTY_ASSIGNED_CONTEXT ( ( #1487 ) ) GLOBAL_UNIT_ASSIGNED_CONTEXT ( ( #1413, #1261, #1281 ) ) REPRESENTATION_CONTEXT ( 'NONE', 'WORKASPACE' ) );
#295 = LINE ( 'NONE', #870, #367 ) ;
#296 = ORIENTED_EDGE ( 'NONE', *, *, #1022, .F. ) ;
#297 = CARTESIAN_POINT ( 'NONE',  ( 10.12081791170367318, 13.97507461946339546, 3.866666648695209041 ) ) ;
#298 = DIRECTION ( 'NONE',  ( -0.000000000000000000, -0.000000000000000000, 1.000000000000000000 ) ) ;
#299 = DIRECTION ( 'NONE',  ( 0.000000000000000000, 0.000000000000000000, 1.000000000000000000 ) ) ;
#300 = VERTEX_POINT ( 'NONE', #35 ) ;
#301 = EDGE_CURVE ( 'NONE', #1292, #358, #906, .T. ) ;
#302 = CARTESIAN_POINT ( 'NONE',  ( -11.61499999999999844, 0.000000000000000000, 5.200000000000000178 ) ) ;
#303 = ADVANCED_FACE ( 'NONE', ( #1208, #615 ), #478, .F. ) ;
#304 = PRESENTATION_LAYER_ASSIGNMENT (  '', '', ( #911 ) ) ;
#305 = EDGE_LOOP ( 'NONE', ( #843, #253, #1700 ) ) ;
#306 = AXIS2_PLACEMENT_3D ( 'NONE', #651, #199, #667 ) ;
#307 = DIRECTION ( 'NONE',  ( 0.000000000000000000, 0.000000000000000000, -1.000000000000000000 ) ) ;
#308 = AXIS2_PLACEMENT_3D ( 'NONE', #1108, #209, #1260 ) ;
#309 = B_SPLINE_CURVE_WITH_KNOTS ( 'NONE', 3,
 ( #1661, #356, #1222, #480 ),
 .UNSPECIFIED., .F., .F.,
 ( 4, 4 ),
 ( 0.000000000000000000, 0.002000086982156819293 ),
 .UNSPECIFIED. ) ;
#310 = AXIS2_PLACEMENT_3D ( 'NONE', #1236, #1834, #515 ) ;
#311 = CARTESIAN_POINT ( 'NONE',  ( -10.61500000000000021, 0.000000000000000000, 3.200000000000000178 ) ) ;
#312 = EDGE_CURVE ( 'NONE', #425, #331, #916, .T. ) ;
#313 = CARTESIAN_POINT ( 'NONE',  ( -8.614999999999998437, -14.66745373558151577, 5.200000000000000178 ) ) ;
#314 = DIRECTION ( 'NONE',  ( -0.000000000000000000, -0.000000000000000000, 1.000000000000000000 ) ) ;
#315 = LINE ( 'NONE', #177, #1555 ) ;
#316 = ORIENTED_EDGE ( 'NONE', *, *, #1102, .T. ) ;
#317 = LINE ( 'NONE', #173, #278 ) ;
#318 = CARTESIAN_POINT ( 'NONE',  ( -8.614999999999998437, -15.64999999999999680, 3.200000000000000178 ) ) ;
#319 = CARTESIAN_POINT ( 'NONE',  ( 1292.653337297401777, 661.0717685264274905, 872.0559641186409863 ) ) ;
#320 = DIRECTION ( 'NONE',  ( -1.000000000000000000, 1.734723475976807094E-15, 0.000000000000000000 ) ) ;
#321 = ORIENTED_EDGE ( 'NONE', *, *, #148, .F. ) ;
#322 = B_SPLINE_CURVE_WITH_KNOTS ( 'NONE', 3,
 ( #1878, #1571, #297, #1149 ),
 .UNSPECIFIED., .F., .F.,
 ( 4, 4 ),
 ( 0.000000000000000000, 0.002000086982156819293 ),
 .UNSPECIFIED. ) ;
#323 = EDGE_CURVE ( 'NONE', #504, #709, #1060, .T. ) ;
#324 = LINE ( 'NONE', #302, #1217 ) ;
#325 = ORIENTED_EDGE ( 'NONE', *, *, #1730, .T. ) ;
#326 = DIRECTION ( 'NONE',  ( -0.000000000000000000, 0.000000000000000000, 1.000000000000000000 ) ) ;
#327 = CARTESIAN_POINT ( 'NONE',  ( 1290.635883561820265, 688.3892222620090706, 874.0559641186409863 ) ) ;
#328 = DIRECTION ( 'NONE',  ( 0.000000000000000000, 0.000000000000000000, 1.000000000000000000 ) ) ;
#329 = CARTESIAN_POINT ( 'NONE',  ( -10.13245373558151741, -13.97945618039163129, 5.200000000000000178 ) ) ;
#330 = CARTESIAN_POINT ( 'NONE',  ( 5.851002890000001067, -14.14999999999999503, 3.299999999999999822 ) ) ;
#331 = VERTEX_POINT ( 'NONE', #1322 ) ;
#332 = CARTESIAN_POINT ( 'NONE',  ( -8.614999999999998437, 15.65000000000000746, -1.500000000000000000 ) ) ;
#333 = ADVANCED_FACE ( 'NONE', ( #1097 ), #1709, .T. ) ;
#334 = EDGE_LOOP ( 'NONE', ( #638, #1040, #1595, #731 ) ) ;
#335 = LINE ( 'NONE', #450, #549 ) ;
#336 = DIRECTION ( 'NONE',  ( -1.000000000000000000, 0.000000000000000000, 0.000000000000000000 ) ) ;
#337 = AXIS2_PLACEMENT_3D ( 'NONE', #1428, #972, #543 ) ;
#338 = DIRECTION ( 'NONE',  ( -1.000000000000000000, 0.000000000000000000, -0.000000000000000000 ) ) ;
#339 = DIRECTION ( 'NONE',  ( 0.000000000000000000, 0.000000000000000000, -1.000000000000000000 ) ) ;
#340 = AXIS2_PLACEMENT_3D ( 'NONE', #1415, #952, #977 ) ;
#341 = EDGE_CURVE ( 'NONE', #789, #1326, #996, .T. ) ;
#342 = PRODUCT ( 'Assem3', 'Assem3', '', ( #390 ) ) ;
#343 = ORIENTED_EDGE ( 'NONE', *, *, #948, .T. ) ;
#344 = LINE ( 'NONE', #505, #1087 ) ;
#345 = ORIENTED_EDGE ( 'NONE', *, *, #1646, .T. ) ;
#346 = DIRECTION ( 'NONE',  ( -1.000000000000000000, 0.000000000000000000, 0.000000000000000000 ) ) ;
#347 = EDGE_CURVE ( 'NONE', #1354, #1635, #611, .T. ) ;
#348 = CARTESIAN_POINT ( 'NONE',  ( -11.61499999999999844, -12.64999999999999858, 3.200000000000000178 ) ) ;
#349 = CARTESIAN_POINT ( 'NONE',  ( -10.12081791170366962, -13.97507461946338481, 3.866666648695209041 ) ) ;
#350 = VERTEX_POINT ( 'NONE', #230 ) ;
#351 = CARTESIAN_POINT ( 'NONE',  ( -8.614999999999998437, -15.64999999999999680, 3.200000000000000178 ) ) ;
#352 = VERTEX_POINT ( 'NONE', #1679 ) ;
#353 = VECTOR ( 'NONE', #1467, 1000.000000000000000 ) ;
#354 = ORIENTED_EDGE ( 'NONE', *, *, #1614, .T. ) ;
#355 = LINE ( 'NONE', #1088, #211 ) ;
#356 = CARTESIAN_POINT ( 'NONE',  ( 9.942268100745996762, -14.16163582356533546, 4.533333315495141846 ) ) ;
#357 = LINE ( 'NONE', #1110, #244 ) ;
#358 = VERTEX_POINT ( 'NONE', #940 ) ;
#359 = CARTESIAN_POINT ( 'NONE',  ( 8.615000000000001990, 12.65000000000000924, 5.200000000000000178 ) ) ;
#360 = CIRCLE ( 'NONE', #58, 2.999999999999999112 ) ;
#361 = ORIENTED_EDGE ( 'NONE', *, *, #1605, .F. ) ;
#362 = ORIENTED_EDGE ( 'NONE', *, *, #1308, .F. ) ;
#363 = DIRECTION ( 'NONE',  ( -0.000000000000000000, -0.000000000000000000, 1.000000000000000000 ) ) ;
#364 = DIRECTION ( 'NONE',  ( 0.000000000000000000, -0.008726535498373953759, -0.9999619230641713097 ) ) ;
#365 = VECTOR ( 'NONE', #403, 1000.000000000000000 ) ;
#366 = VECTOR ( 'NONE', #1380, 1000.000000000000000 ) ;
#367 = VECTOR ( 'NONE', #160, 1000.000000000000000 ) ;
#368 = ORIENTED_EDGE ( 'NONE', *, *, #1464, .F. ) ;
#369 = ORIENTED_EDGE ( 'NONE', *, *, #510, .T. ) ;
#370 = CARTESIAN_POINT ( 'NONE',  ( -10.11345955381560202, -14.14845955381560216, 3.023482351133329527 ) ) ;
#371 = ORIENTED_EDGE ( 'NONE', *, *, #1641, .T. ) ;
#372 = ORIENTED_EDGE ( 'NONE', *, *, #220, .T. ) ;
#373 = PLANE ( 'NONE',  #306 ) ;
#374 = CARTESIAN_POINT ( 'NONE',  ( 10.11500000000000199, -13.97287565553229172, 3.199999999999999734 ) ) ;
#375 = ORIENTED_EDGE ( 'NONE', *, *, #715, .F. ) ;
#376 = ORIENTED_EDGE ( 'NONE', *, *, #1512, .T. ) ;
#377 = DIRECTION ( 'NONE',  ( -0.000000000000000000, -0.000000000000000000, 1.000000000000000000 ) ) ;
#378 = EDGE_CURVE ( 'NONE', #120, #213, #355, .T. ) ;
#379 = VERTEX_POINT ( 'NONE', #1365 ) ;
#380 = ORIENTED_EDGE ( 'NONE', *, *, #1866, .T. ) ;
#381 = CARTESIAN_POINT ( 'NONE',  ( 8.615000000000001990, 12.65000000000000924, 3.199999999999999734 ) ) ;
#382 = FACE_OUTER_BOUND ( 'NONE', #1566, .T. ) ;
#383 = SURFACE_SIDE_STYLE ('',( #1232 ) ) ;
#384 = DIRECTION ( 'NONE',  ( 1.000000000000000000, 0.000000000000000000, 0.000000000000000000 ) ) ;
#385 = ORIENTED_EDGE ( 'NONE', *, *, #888, .T. ) ;
#386 = LINE ( 'NONE', #1265, #783 ) ;
#387 = EDGE_LOOP ( 'NONE', ( #274, #1419, #135, #780 ) ) ;
#388 = DIRECTION ( 'NONE',  ( 0.000000000000000000, 0.000000000000000000, 1.000000000000000000 ) ) ;
#389 = DIRECTION ( 'NONE',  ( 0.000000000000000000, 0.000000000000000000, -1.000000000000000000 ) ) ;
#390 = PRODUCT_CONTEXT ( 'NONE', #1013, 'mechanical' ) ;
#391 = ORIENTED_EDGE ( 'NONE', *, *, #643, .T. ) ;
#392 = EDGE_CURVE ( 'NONE', #819, #507, #1837, .T. ) ;
#393 = CARTESIAN_POINT ( 'NONE',  ( 6.535000000000001030, 12.35000000000000675, -1.500999999999999890 ) ) ;
#394 = VECTOR ( 'NONE', #1059, 1000.000000000000000 ) ;
#395 = VECTOR ( 'NONE', #1395, 1000.000000000000000 ) ;
#396 = ORIENTED_EDGE ( 'NONE', *, *, #962, .T. ) ;
#397 = CARTESIAN_POINT ( 'NONE',  ( 10.11500000000000199, -14.14999999999999503, 3.200000000000000178 ) ) ;
#398 = ORIENTED_EDGE ( 'NONE', *, *, #759, .T. ) ;
#399 = EDGE_CURVE ( 'NONE', #811, #1193, #104, .T. ) ;
#400 = DIRECTION ( 'NONE',  ( -1.000000000000000000, 0.000000000000000000, 0.000000000000000000 ) ) ;
#401 = CARTESIAN_POINT ( 'NONE',  ( 8.615000000000001990, 15.65000000000000746, 5.200000000000000178 ) ) ;
#402 = DIRECTION ( 'NONE',  ( 0.000000000000000000, 0.000000000000000000, 1.000000000000000000 ) ) ;
#403 = DIRECTION ( 'NONE',  ( 1.000000000000000000, -0.000000000000000000, -0.000000000000000000 ) ) ;
#404 = DIRECTION ( 'NONE',  ( -0.000000000000000000, -0.000000000000000000, 1.000000000000000000 ) ) ;
#405 = FACE_OUTER_BOUND ( 'NONE', #446, .T. ) ;
#406 = EDGE_LOOP ( 'NONE', ( #1695, #575, #1223, #1547 ) ) ;
#407 = FACE_OUTER_BOUND ( 'NONE', #1698, .T. ) ;
#408 = DIRECTION ( 'NONE',  ( -0.000000000000000000, -0.000000000000000000, 1.000000000000000000 ) ) ;
#409 = ORIENTED_EDGE ( 'NONE', *, *, #562, .F. ) ;
#410 = DIRECTION ( 'NONE',  ( 0.9999619230641713097, 0.000000000000000000, 0.008726535498373953759 ) ) ;
#411 = ADVANCED_FACE ( 'NONE', ( #676 ), #373, .T. ) ;
#412 = PRODUCT_DEFINITION_FORMATION_WITH_SPECIFIED_SOURCE ( 'ANY', '', #1106, .NOT_KNOWN. ) ;
#413 = DIRECTION ( 'NONE',  ( -1.000000000000000000, 0.000000000000000000, -0.000000000000000000 ) ) ;
#414 = PLANE ( 'NONE',  #1146 ) ;
#415 = CARTESIAN_POINT ( 'NONE',  ( -10.13245373558151741, -13.97945618039163129, 5.200000000000000178 ) ) ;
#416 = VERTEX_POINT ( 'NONE', #1520 ) ;
#417 = CARTESIAN_POINT ( 'NONE',  ( -8.614999999999998437, -14.65087268677907417, 3.300000000000000266 ) ) ;
#418 = ORIENTED_EDGE ( 'NONE', *, *, #1032, .F. ) ;
#419 = EDGE_CURVE ( 'NONE', #1722, #1684, #1251, .T. ) ;
#420 = ADVANCED_FACE ( 'NONE', ( #64 ), #1249, .F. ) ;
#421 = DIRECTION ( 'NONE',  ( -1.000000000000000000, 0.000000000000000000, -0.000000000000000000 ) ) ;
#422 = LINE ( 'NONE', #318, #97 ) ;
#423 = DIRECTION ( 'NONE',  ( -0.000000000000000000, -0.000000000000000000, 1.000000000000000000 ) ) ;
#424 = FACE_OUTER_BOUND ( 'NONE', #228, .T. ) ;
#425 = VERTEX_POINT ( 'NONE', #1220 ) ;
#426 = VECTOR ( 'NONE', #1889, 1000.000000000000000 ) ;
#427 = CARTESIAN_POINT ( 'NONE',  ( -8.998997109999999466, 15.65100000000001224, 3.300000000000000266 ) ) ;
#428 = AXIS2_PLACEMENT_3D ( 'NONE', #1288, #410, #1569 ) ;
#429 = VECTOR ( 'NONE', #1740, 1000.000000000000000 ) ;
#430 = FACE_OUTER_BOUND ( 'NONE', #1518, .T. ) ;
#431 = ORIENTED_EDGE ( 'NONE', *, *, #189, .F. ) ;
#432 = LINE ( 'NONE', #1898, #1843 ) ;
#433 = LINE ( 'NONE', #264, #1465 ) ;
#434 = DIRECTION ( 'NONE',  ( -0.9999619230641713097, 0.000000000000000000, 0.008726535498373953759 ) ) ;
#435 = CARTESIAN_POINT ( 'NONE',  ( 8.615000000000001990, 12.65000000000000924, 3.199999999999999734 ) ) ;
#436 = EDGE_CURVE ( 'NONE', #172, #73, #1496, .T. ) ;
#437 = ORIENTED_EDGE ( 'NONE', *, *, #90, .T. ) ;
#438 = CARTESIAN_POINT ( 'NONE',  ( -8.614999999999998437, -12.64999999999999858, 5.200000000000000178 ) ) ;
#439 = EDGE_CURVE ( 'NONE', #1234, #811, #659, .T. ) ;
#440 = EDGE_LOOP ( 'NONE', ( #418, #293, #1230, #580 ) ) ;
#441 = ADVANCED_FACE ( 'NONE', ( #75 ), #1241, .T. ) ;
#442 = LINE ( 'NONE', #1014, #34 ) ;
#443 = DIRECTION ( 'NONE',  ( -1.000000000000000000, -1.734723475976807094E-15, 0.000000000000000000 ) ) ;
#444 = VECTOR ( 'NONE', #867, 1000.000000000000000 ) ;
#445 = EDGE_CURVE ( 'NONE', #1326, #947, #147, .T. ) ;
#446 = EDGE_LOOP ( 'NONE', ( #743, #1495, #1689, #1213 ) ) ;
#447 = DIRECTION ( 'NONE',  ( 0.000000000000000000, 1.000000000000000000, 0.000000000000000000 ) ) ;
#448 = ORIENTED_EDGE ( 'NONE', *, *, #1228, .F. ) ;
#449 = EDGE_CURVE ( 'NONE', #1375, #854, #1003, .T. ) ;
#450 = CARTESIAN_POINT ( 'NONE',  ( -8.998997109999999466, -15.62532287651468721, 3.199999999999999734 ) ) ;
#451 = DIRECTION ( 'NONE',  ( 3.942553354492744024E-16, 0.000000000000000000, -1.000000000000000000 ) ) ;
#452 = FACE_OUTER_BOUND ( 'NONE', #882, .T. ) ;
#453 = CARTESIAN_POINT ( 'NONE',  ( -11.61499999999999844, -12.64999999999999858, 5.200000000000000178 ) ) ;
#454 = DIRECTION ( 'NONE',  ( -0.000000000000000000, -0.000000000000000000, 1.000000000000000000 ) ) ;
#455 = EDGE_LOOP ( 'NONE', ( #361, #540, #754, #1435, #904, #109, #542, #376 ) ) ;
#456 = FACE_OUTER_BOUND ( 'NONE', #1091, .T. ) ;
#457 = ORIENTED_EDGE ( 'NONE', *, *, #1502, .F. ) ;
#458 = VECTOR ( 'NONE', #1637, 1000.000000000000000 ) ;
#459 = CARTESIAN_POINT ( 'NONE',  ( -8.998997109999997690, -14.14999999999999503, 1.100000000000000311 ) ) ;
#460 = FACE_OUTER_BOUND ( 'NONE', #1612, .T. ) ;
#461 = VECTOR ( 'NONE', #1225, 1000.000000000000000 ) ;
#462 = FACE_OUTER_BOUND ( 'NONE', #1394, .T. ) ;
#463 = LINE ( 'NONE', #1491, #1393 ) ;
#464 = CARTESIAN_POINT ( 'NONE',  ( 0.000000000000000000, -14.64999999999999680, 3.200000000000000178 ) ) ;
#465 = ORIENTED_EDGE ( 'NONE', *, *, #1583, .T. ) ;
#466 =( LENGTH_UNIT ( ) NAMED_UNIT ( * ) SI_UNIT ( .MILLI., .METRE. ) );
#467 = ORIENTED_EDGE ( 'NONE', *, *, #1864, .F. ) ;
#468 = LINE ( 'NONE', #327, #1315 ) ;
#469 = EDGE_CURVE ( 'NONE', #1684, #666, #938, .T. ) ;
#470 = DIRECTION ( 'NONE',  ( -0.000000000000000000, -1.000000000000000000, -0.000000000000000000 ) ) ;
#471 = LINE ( 'NONE', #1044, #1506 ) ;
#472 = CARTESIAN_POINT ( 'NONE',  ( 0.000000000000000000, 0.000000000000000000, 0.000000000000000000 ) ) ;
#473 = ORIENTED_EDGE ( 'NONE', *, *, #1011, .T. ) ;
#474 = VECTOR ( 'NONE', #1681, 1000.000000000000000 ) ;
#475 = ORIENTED_EDGE ( 'NONE', *, *, #1546, .F. ) ;
#476 = DIRECTION ( 'NONE',  ( 1.000000000000000000, -0.000000000000000000, 3.942553354492744024E-16 ) ) ;
#477 = ADVANCED_FACE ( 'NONE', ( #855 ), #837, .F. ) ;
#478 = PLANE ( 'NONE',  #696 ) ;
#479 = CARTESIAN_POINT ( 'NONE',  ( 10.11500000000000199, 14.15000000000000568, 3.200000000000000178 ) ) ;
#480 = CARTESIAN_POINT ( 'NONE',  ( 9.937875655532298680, -14.14999999999999503, 3.200000000000000178 ) ) ;
#481 = ORIENTED_EDGE ( 'NONE', *, *, #69, .F. ) ;
#482 = ADVANCED_FACE ( 'NONE', ( #983, #4 ), #1750, .T. ) ;
#483 = CARTESIAN_POINT ( 'NONE',  ( -8.464999999999998082, 7.950000000000005507, -1.500000000000000000 ) ) ;
#484 = ADVANCED_FACE ( 'NONE', ( #1742 ), #1162, .F. ) ;
#485 = AXIS2_PLACEMENT_3D ( 'NONE', #1147, #1418, #145 ) ;
#486 = ORIENTED_EDGE ( 'NONE', *, *, #560, .F. ) ;
#487 = CARTESIAN_POINT ( 'NONE',  ( 5.851002890000001067, 15.65100000000001224, 3.299999999999999822 ) ) ;
#488 = VECTOR ( 'NONE', #993, 1000.000000000000000 ) ;
#489 = AXIS2_PLACEMENT_3D ( 'NONE', #1756, #744, #578 ) ;
#490 = DIRECTION ( 'NONE',  ( 1.000000000000000000, 0.000000000000000000, 0.000000000000000000 ) ) ;
#491 = DIRECTION ( 'NONE',  ( -0.000000000000000000, 0.008726535498373953759, -0.9999619230641713097 ) ) ;
#492 = VECTOR ( 'NONE', #1183, 1000.000000000000000 ) ;
#493 = CARTESIAN_POINT ( 'NONE',  ( -8.614999999999998437, 15.65000000000000746, 3.200000000000000178 ) ) ;
#494 = EDGE_LOOP ( 'NONE', ( #31, #924, #794, #354, #465, #1678 ) ) ;
#495 = DIRECTION ( 'NONE',  ( 0.000000000000000000, 1.000000000000000000, 0.000000000000000000 ) ) ;
#496 = PRODUCT_DEFINITION ( 'UNKNOWN', '', #1575, #21 ) ;
#497 = VERTEX_POINT ( 'NONE', #992 ) ;
#498 = LINE ( 'NONE', #1075, #1115 ) ;
#499 = CARTESIAN_POINT ( 'NONE',  ( 8.615000000000001990, -12.64999999999999858, 3.199999999999999734 ) ) ;
#500 = CARTESIAN_POINT ( 'NONE',  ( -8.998997109999999466, -14.61338323461618494, 3.266666666644678862 ) ) ;
#501 = LINE ( 'NONE', #634, #86 ) ;
#502 = EDGE_CURVE ( 'NONE', #892, #1523, #432, .T. ) ;
#503 = VERTEX_POINT ( 'NONE', #1454 ) ;
#504 = VERTEX_POINT ( 'NONE', #582 ) ;
#505 = CARTESIAN_POINT ( 'NONE',  ( 1273.405883561820247, 659.0543147908459787, 835.8243055021930559 ) ) ;
#506 = EDGE_CURVE ( 'NONE', #1722, #932, #1206, .T. ) ;
#507 = VERTEX_POINT ( 'NONE', #187 ) ;
#508 = VECTOR ( 'NONE', #183, 1000.000000000000000 ) ;
#509 = ORIENTED_EDGE ( 'NONE', *, *, #1786, .T. ) ;
#510 = EDGE_CURVE ( 'NONE', #1328, #287, #335, .T. ) ;
#511 = DIRECTION ( 'NONE',  ( 0.000000000000000000, 0.000000000000000000, 1.000000000000000000 ) ) ;
#512 = LINE ( 'NONE', #493, #1046 ) ;
#513 = CARTESIAN_POINT ( 'NONE',  ( 8.615000000000001990, 14.66745373558152643, 5.200000000000000178 ) ) ;
#514 = ORIENTED_EDGE ( 'NONE', *, *, #1142, .T. ) ;
#515 = DIRECTION ( 'NONE',  ( -1.000000000000000000, 0.000000000000000000, 0.000000000000000000 ) ) ;
#516 = EDGE_LOOP ( 'NONE', ( #1096, #1755, #973, #664, #102, #1065 ) ) ;
#517 = VERTEX_POINT ( 'NONE', #459 ) ;
#518 = DIRECTION ( 'NONE',  ( 1.000000000000000000, 0.000000000000000000, 0.000000000000000000 ) ) ;
#519 = AXIS2_PLACEMENT_3D ( 'NONE', #311, #1036, #174 ) ;
#520 = VECTOR ( 'NONE', #929, 1000.000000000000000 ) ;
#521 = VECTOR ( 'NONE', #1055, 1000.000000000000000 ) ;
#522 = DIRECTION ( 'NONE',  ( 1.000000000000000000, -0.000000000000000000, -0.000000000000000000 ) ) ;
#523 = EDGE_CURVE ( 'NONE', #279, #1783, #1589, .T. ) ;
#524 = EDGE_LOOP ( 'NONE', ( #645, #869, #259, #196 ) ) ;
#525 = DIRECTION ( 'NONE',  ( -1.000000000000000000, 0.000000000000000000, 0.000000000000000000 ) ) ;
#526 = ORIENTED_EDGE ( 'NONE', *, *, #1130, .F. ) ;
#527 = DIRECTION ( 'NONE',  ( -1.000000000000000000, 0.000000000000000000, 0.000000000000000000 ) ) ;
#528 = ORIENTED_EDGE ( 'NONE', *, *, #755, .T. ) ;
#529 = CARTESIAN_POINT ( 'NONE',  ( 10.11500000000000199, -14.14999999999999503, 3.200000000000000178 ) ) ;
#530 = DIRECTION ( 'NONE',  ( -0.000000000000000000, -0.000000000000000000, 1.000000000000000000 ) ) ;
#531 = DIRECTION ( 'NONE',  ( -1.000000000000000000, 0.000000000000000000, 0.000000000000000000 ) ) ;
#532 = EDGE_CURVE ( 'NONE', #358, #1836, #1618, .T. ) ;
#533 = DIRECTION ( 'NONE',  ( 0.000000000000000000, -1.000000000000000000, 0.000000000000000000 ) ) ;
#534 = EDGE_LOOP ( 'NONE', ( #1407, #50, #215, #1524 ) ) ;
#535 = CARTESIAN_POINT ( 'NONE',  ( 10.11500000000000199, 13.97287565553230237, 3.199999999999999734 ) ) ;
#536 = ORIENTED_EDGE ( 'NONE', *, *, #1583, .F. ) ;
#537 =( REPRESENTATION_RELATIONSHIP ('NONE','NONE', #1153, #1574 ) REPRESENTATION_RELATIONSHIP_WITH_TRANSFORMATION ( #122 )SHAPE_REPRESENTATION_RELATIONSHIP( ) );
#538 = CARTESIAN_POINT ( 'NONE',  ( -8.614999999999998437, -12.64999999999999858, 5.200000000000000178 ) ) ;
#539 = CARTESIAN_POINT ( 'NONE',  ( 1290.635883561820265, 688.3892222620090706, 874.0559641186409863 ) ) ;
#540 = ORIENTED_EDGE ( 'NONE', *, *, #201, .F. ) ;
#541 = DIRECTION ( 'NONE',  ( 0.000000000000000000, 0.000000000000000000, -1.000000000000000000 ) ) ;
#542 = ORIENTED_EDGE ( 'NONE', *, *, #90, .F. ) ;
#543 = DIRECTION ( 'NONE',  ( -1.000000000000000000, 0.000000000000000000, 0.000000000000000000 ) ) ;
#544 = ADVANCED_FACE ( 'NONE', ( #649 ), #804, .T. ) ;
#545 = EDGE_LOOP ( 'NONE', ( #1360, #296, #988, #528 ) ) ;
#546 = LINE ( 'NONE', #1760, #488 ) ;
#547 = AXIS2_PLACEMENT_3D ( 'NONE', #138, #1123, #413 ) ;
#548 = CARTESIAN_POINT ( 'NONE',  ( -10.61499999999999844, 12.65000000000000924, 3.200000000000000178 ) ) ;
#549 = VECTOR ( 'NONE', #326, 1000.000000000000000 ) ;
#550 = AXIS2_PLACEMENT_3D ( 'NONE', #1774, #1764, #597 ) ;
#551 = VECTOR ( 'NONE', #1263, 1000.000000000000000 ) ;
#552 = ORIENTED_EDGE ( 'NONE', *, *, #950, .T. ) ;
#553 = LINE ( 'NONE', #1596, #577 ) ;
#554 = EDGE_LOOP ( 'NONE', ( #1775, #871, #1433, #1318 ) ) ;
#555 = EDGE_CURVE ( 'NONE', #352, #801, #1212, .T. ) ;
#556 = CARTESIAN_POINT ( 'NONE',  ( 0.000000000000000000, 0.000000000000000000, 3.200000000000000178 ) ) ;
#557 = APPLICATION_PROTOCOL_DEFINITION ( 'draft international standard', 'automotive_design', 1998, #702 ) ;
#558 = DIRECTION ( 'NONE',  ( 1.000000000000000000, 0.000000000000000000, 0.000000000000000000 ) ) ;
#559 = CARTESIAN_POINT ( 'NONE',  ( 8.615000000000001990, -15.64999999999999680, -1.500000000000000000 ) ) ;
#560 = EDGE_CURVE ( 'NONE', #1712, #675, #1806, .T. ) ;
#561 = LINE ( 'NONE', #820, #1723 ) ;
#562 = EDGE_CURVE ( 'NONE', #1048, #1484, #498, .T. ) ;
#563 = ORIENTED_EDGE ( 'NONE', *, *, #1140, .F. ) ;
#564 = DIRECTION ( 'NONE',  ( -0.000000000000000000, 0.000000000000000000, 1.000000000000000000 ) ) ;
#565 = ORIENTED_EDGE ( 'NONE', *, *, #1022, .T. ) ;
#566 = EDGE_CURVE ( 'NONE', #746, #703, #936, .T. ) ;
#567 = LINE ( 'NONE', #976, #1436 ) ;
#568 = LINE ( 'NONE', #1551, #1656 ) ;
#569 = VERTEX_POINT ( 'NONE', #1295 ) ;
#570 = SURFACE_STYLE_FILL_AREA ( #1895 ) ;
#571 = ORIENTED_EDGE ( 'NONE', *, *, #1176, .F. ) ;
#572 = B_SPLINE_CURVE_WITH_KNOTS ( 'NONE', 3,
 ( #329, #191, #349, #761 ),
 .UNSPECIFIED., .F., .F.,
 ( 4, 4 ),
 ( 0.000000000000000000, 0.002000086982156819293 ),
 .UNSPECIFIED. ) ;
#573 = FACE_OUTER_BOUND ( 'NONE', #1277, .T. ) ;
#574 = LINE ( 'NONE', #750, #492 ) ;
#575 = ORIENTED_EDGE ( 'NONE', *, *, #69, .T. ) ;
#576 = AXIS2_PLACEMENT_3D ( 'NONE', #760, #1173, #1778 ) ;
#577 = VECTOR ( 'NONE', #128, 1000.000000000000000 ) ;
#578 = DIRECTION ( 'NONE',  ( 1.000000000000000000, 0.000000000000000000, 0.000000000000000000 ) ) ;
#579 = VECTOR ( 'NONE', #1737, 1000.000000000000000 ) ;
#580 = ORIENTED_EDGE ( 'NONE', *, *, #1888, .T. ) ;
#581 = EDGE_CURVE ( 'NONE', #1523, #1239, #990, .T. ) ;
#582 = CARTESIAN_POINT ( 'NONE',  ( -11.61499999999999844, -12.64999999999999858, -1.500000000000000000 ) ) ;
#583 = EDGE_CURVE ( 'NONE', #300, #746, #1306, .T. ) ;
#584 = CARTESIAN_POINT ( 'NONE',  ( -8.614999999999998437, 15.65000000000000746, 5.200000000000000178 ) ) ;
#585 = CARTESIAN_POINT ( 'NONE',  ( 1290.635883561820265, 688.3892222620090706, 872.0559641186409863 ) ) ;
#586 = DIRECTION ( 'NONE',  ( -0.000000000000000000, -1.000000000000000000, -0.000000000000000000 ) ) ;
#587 = ORIENTED_EDGE ( 'NONE', *, *, #419, .T. ) ;
#588 = ADVANCED_FACE ( 'NONE', ( #1896 ), #980, .F. ) ;
#589 = CARTESIAN_POINT ( 'NONE',  ( -10.13245373558151741, 13.97945618039164195, 5.200000000000000178 ) ) ;
#590 = AXIS2_PLACEMENT_3D ( 'NONE', #1514, #339, #1038 ) ;
#591 = ORIENTED_EDGE ( 'NONE', *, *, #1614, .F. ) ;
#592 = CARTESIAN_POINT ( 'NONE',  ( 10.11500000000000199, 14.15000000000000568, 0.000000000000000000 ) ) ;
#593 = LINE ( 'NONE', #632, #275 ) ;
#594 = LINE ( 'NONE', #265, #636 ) ;
#595 = CARTESIAN_POINT ( 'NONE',  ( 10.61500000000000377, 0.000000000000000000, 3.200000000000000178 ) ) ;
#596 = EDGE_LOOP ( 'NONE', ( #178, #321, #1545, #372 ) ) ;
#597 = DIRECTION ( 'NONE',  ( -1.000000000000000000, -3.439431488081752661E-15, 0.000000000000000000 ) ) ;
#598 = ADVANCED_FACE ( 'NONE', ( #430 ), #1861, .T. ) ;
#599 = ORIENTED_EDGE ( 'NONE', *, *, #1321, .T. ) ;
#600 = ADVANCED_FACE ( 'NONE', ( #1721 ), #258, .T. ) ;
#601 = CARTESIAN_POINT ( 'NONE',  ( 1290.635883561820265, 686.3717685264275588, 872.0559641186409863 ) ) ;
#602 = DIRECTION ( 'NONE',  ( 0.000000000000000000, 0.000000000000000000, -1.000000000000000000 ) ) ;
#603 = DIRECTION ( 'NONE',  ( -0.000000000000000000, -0.000000000000000000, 1.000000000000000000 ) ) ;
#604 = DIRECTION ( 'NONE',  ( 0.000000000000000000, -1.000000000000000000, 0.000000000000000000 ) ) ;
#605 = ORIENTED_EDGE ( 'NONE', *, *, #1011, .F. ) ;
#606 = APPLICATION_CONTEXT ( 'automotive_design' ) ;
#607 = DIRECTION ( 'NONE',  ( 0.000000000000000000, 0.000000000000000000, -1.000000000000000000 ) ) ;
#608 = AXIS2_PLACEMENT_3D ( 'NONE', #1743, #865, #1455 ) ;
#609 = UNCERTAINTY_MEASURE_WITH_UNIT (LENGTH_MEASURE( 1.000000000000000082E-05 ), #1793, 'distance_accuracy_value', 'NONE');
#610 = ORIENTED_EDGE ( 'NONE', *, *, #399, .F. ) ;
#611 = CIRCLE ( 'NONE', #129, 2.017453735581518082 ) ;
#612 = VECTOR ( 'NONE', #1064, 1000.000000000000000 ) ;
#613 = DIRECTION ( 'NONE',  ( 0.000000000000000000, 0.000000000000000000, 1.000000000000000000 ) ) ;
#614 = ADVANCED_FACE ( 'NONE', ( #1713 ), #968, .T. ) ;
#615 = FACE_BOUND ( 'NONE', #1773, .T. ) ;
#616 = FACE_OUTER_BOUND ( 'NONE', #1789, .T. ) ;
#617 = AXIS2_PLACEMENT_3D ( 'NONE', #785, #530, #1671 ) ;
#618 = CARTESIAN_POINT ( 'NONE',  ( 1271.388429826238735, 686.3717685264275588, 835.8243055021930559 ) ) ;
#619 = ORIENTED_EDGE ( 'NONE', *, *, #1128, .F. ) ;
#620 = EDGE_CURVE ( 'NONE', #350, #1722, #121, .T. ) ;
#621 = ORIENTED_EDGE ( 'NONE', *, *, #1648, .F. ) ;
#622 = LINE ( 'NONE', #592, #757 ) ;
#623 = PLANE ( 'NONE',  #519 ) ;
#624 = CARTESIAN_POINT ( 'NONE',  ( 8.615000000000001990, -12.64999999999999858, 5.200000000000000178 ) ) ;
#625 = CARTESIAN_POINT ( 'NONE',  ( -10.11499999999999844, 14.15000000000000568, 0.000000000000000000 ) ) ;
#626 = EDGE_CURVE ( 'NONE', #1253, #1112, #59, .T. ) ;
#627 = ORIENTED_EDGE ( 'NONE', *, *, #1800, .F. ) ;
#628 = DIRECTION ( 'NONE',  ( -0.000000000000000000, -0.000000000000000000, 1.000000000000000000 ) ) ;
#629 = AXIS2_PLACEMENT_3D ( 'NONE', #472, #1383, #1652 ) ;
#630 = ORIENTED_EDGE ( 'NONE', *, *, #562, .T. ) ;
#631 = DIRECTION ( 'NONE',  ( -2.920409892216846763E-17, 0.000000000000000000, -1.000000000000000000 ) ) ;
#632 = CARTESIAN_POINT ( 'NONE',  ( -8.998997109999999466, 15.65100000000001224, 3.300000000000000266 ) ) ;
#633 = DIRECTION ( 'NONE',  ( -1.000000000000000000, 0.000000000000000000, 0.000000000000000000 ) ) ;
#634 = CARTESIAN_POINT ( 'NONE',  ( -10.11499999999999844, 14.15000000000000568, 3.200000000000000178 ) ) ;
#635 = ORIENTED_EDGE ( 'NONE', *, *, #1864, .T. ) ;
#636 = VECTOR ( 'NONE', #124, 1000.000000000000000 ) ;
#637 = FACE_OUTER_BOUND ( 'NONE', #1079, .T. ) ;
#638 = ORIENTED_EDGE ( 'NONE', *, *, #1500, .T. ) ;
#639 = AXIS2_PLACEMENT_3D ( 'NONE', #427, #101, #1853 ) ;
#640 = AXIS2_PLACEMENT_3D ( 'NONE', #222, #1252, #518 ) ;
#641 = DIRECTION ( 'NONE',  ( -1.000000000000000000, 0.000000000000000000, 0.000000000000000000 ) ) ;
#642 = AXIS2_PLACEMENT_3D ( 'NONE', #1881, #266, #1432 ) ;
#643 = EDGE_CURVE ( 'NONE', #47, #504, #360, .T. ) ;
#644 = FACE_OUTER_BOUND ( 'NONE', #545, .T. ) ;
#645 = ORIENTED_EDGE ( 'NONE', *, *, #242, .F. ) ;
#646 = PLANE ( 'NONE',  #1466 ) ;
#647 = EDGE_CURVE ( 'NONE', #675, #932, #1770, .T. ) ;
#648 = ORIENTED_EDGE ( 'NONE', *, *, #1445, .T. ) ;
#649 = FACE_OUTER_BOUND ( 'NONE', #720, .T. ) ;
#650 = ORIENTED_EDGE ( 'NONE', *, *, #962, .F. ) ;
#651 = CARTESIAN_POINT ( 'NONE',  ( 1273.405883561820247, 659.0543147908459787, 835.8243055021930559 ) ) ;
#652 = DIRECTION ( 'NONE',  ( -0.000000000000000000, -0.000000000000000000, 1.000000000000000000 ) ) ;
#653 = FILL_AREA_STYLE_COLOUR ( '', #935 ) ;
#654 = EDGE_LOOP ( 'NONE', ( #619, #610, #81, #95, #1669, #380 ) ) ;
#655 = CARTESIAN_POINT ( 'NONE',  ( 6.535000000000001030, 7.950000000000005507, -1.500999999999999890 ) ) ;
#656 = EDGE_LOOP ( 'NONE', ( #1069, #1674, #953, #716 ) ) ;
#657 =( GEOMETRIC_REPRESENTATION_CONTEXT ( 3 ) GLOBAL_UNCERTAINTY_ASSIGNED_CONTEXT ( ( #734 ) ) GLOBAL_UNIT_ASSIGNED_CONTEXT ( ( #1801, #943, #192 ) ) REPRESENTATION_CONTEXT ( 'NONE', 'WORKASPACE' ) );
#658 = EDGE_LOOP ( 'NONE', ( #1461, #202, #1667, #234, #1534, #1705, #467, #1509, #82, #473 ) ) ;
#659 = LINE ( 'NONE', #529, #520 ) ;
#660 = LINE ( 'NONE', #949, #831 ) ;
#661 = SHAPE_DEFINITION_REPRESENTATION ( #822, #1702 ) ;
#662 = VERTEX_POINT ( 'NONE', #705 ) ;
#663 = LINE ( 'NONE', #203, #670 ) ;
#664 = ORIENTED_EDGE ( 'NONE', *, *, #862, .F. ) ;
#665 = DIRECTION ( 'NONE',  ( -0.000000000000000000, -0.000000000000000000, 1.000000000000000000 ) ) ;
#666 = VERTEX_POINT ( 'NONE', #559 ) ;
#667 = DIRECTION ( 'NONE',  ( 0.000000000000000000, -0.000000000000000000, -1.000000000000000000 ) ) ;
#668 = CLOSED_SHELL ( 'NONE', ( #841, #273, #1701, #1620, #411, #49, #227, #942, #333, #1226 ) ) ;
#669 = AXIS2_PLACEMENT_3D ( 'NONE', #499, #1829, #84 ) ;
#670 = VECTOR ( 'NONE', #495, 1000.000000000000000 ) ;
#671 = ORIENTED_EDGE ( 'NONE', *, *, #1682, .F. ) ;
#672 = CARTESIAN_POINT ( 'NONE',  ( 5.851002890000001067, 15.65100000000001224, 3.200000000000000178 ) ) ;
#673 = ORIENTED_EDGE ( 'NONE', *, *, #1646, .F. ) ;
#674 = LINE ( 'NONE', #1731, #1345 ) ;
#675 = VERTEX_POINT ( 'NONE', #1290 ) ;
#676 = FACE_OUTER_BOUND ( 'NONE', #247, .T. ) ;
#677 = DIRECTION ( 'NONE',  ( 1.000000000000000000, 0.000000000000000000, 0.000000000000000000 ) ) ;
#678 = ITEM_DEFINED_TRANSFORMATION ( 'NONE', 'NONE', #864,  #629 ) ;
#679 = CARTESIAN_POINT ( 'NONE',  ( -8.998997109999999466, -14.14999999999999503, 3.200000000000000178 ) ) ;
#680 = DIRECTION ( 'NONE',  ( -0.000000000000000000, 0.008726535498373953759, -0.9999619230641713097 ) ) ;
#681 = ORIENTED_EDGE ( 'NONE', *, *, #555, .F. ) ;
#682 = CARTESIAN_POINT ( 'NONE',  ( 8.615000000000001990, -15.64999999999999680, 3.200000000000000178 ) ) ;
#683 = EDGE_LOOP ( 'NONE', ( #1076, #536, #396, #934 ) ) ;
#684 = DIRECTION ( 'NONE',  ( -0.000000000000000000, 1.000000000000000000, 0.000000000000000000 ) ) ;
#685 = FACE_OUTER_BOUND ( 'NONE', #524, .T. ) ;
#686 = DIRECTION ( 'NONE',  ( 0.008726535498373953759, -0.000000000000000000, -0.9999619230641713097 ) ) ;
#687 = ORIENTED_EDGE ( 'NONE', *, *, #868, .F. ) ;
#688 = CARTESIAN_POINT ( 'NONE',  ( 6.535000000000001030, 7.950000000000005507, 0.000000000000000000 ) ) ;
#689 = VERTEX_POINT ( 'NONE', #585 ) ;
#690 = ADVANCED_FACE ( 'NONE', ( #1133 ), #1761, .T. ) ;
#691 = EDGE_CURVE ( 'NONE', #1523, #793, #1456, .T. ) ;
#692 = CARTESIAN_POINT ( 'NONE',  ( -8.998997109999999466, 15.65100000000001224, 3.200000000000000178 ) ) ;
#693 = EDGE_CURVE ( 'NONE', #569, #819, #1753, .T. ) ;
#694 =( GEOMETRIC_REPRESENTATION_CONTEXT ( 3 ) GLOBAL_UNCERTAINTY_ASSIGNED_CONTEXT ( ( #1336 ) ) GLOBAL_UNIT_ASSIGNED_CONTEXT ( ( #1078, #1243, #1401 ) ) REPRESENTATION_CONTEXT ( 'NONE', 'WORKASPACE' ) );
#695 = CARTESIAN_POINT ( 'NONE',  ( 10.13245373558151918, 0.000000000000000000, 5.200000000000000178 ) ) ;
#696 = AXIS2_PLACEMENT_3D ( 'NONE', #1050, #1807, #338 ) ;
#697 = AXIS2_PLACEMENT_3D ( 'NONE', #438, #30, #1785 ) ;
#698 = AXIS2_PLACEMENT_3D ( 'NONE', #618, #1426, #299 ) ;
#699 = ORIENTED_EDGE ( 'NONE', *, *, #1893, .T. ) ;
#700 = CARTESIAN_POINT ( 'NONE',  ( -9.937875655532295127, 14.15000000000000568, 3.199999999999999734 ) ) ;
#701 = ADVANCED_FACE ( 'NONE', ( #1323 ), #414, .T. ) ;
#702 = APPLICATION_CONTEXT ( 'automotive_design' ) ;
#703 = VERTEX_POINT ( 'NONE', #282 ) ;
#704 = CARTESIAN_POINT ( 'NONE',  ( -11.61499999999999844, 12.65000000000000924, 5.200000000000000178 ) ) ;
#705 = CARTESIAN_POINT ( 'NONE',  ( -10.11499999999999844, -14.14999999999999503, 3.200000000000000178 ) ) ;
#706 = DIRECTION ( 'NONE',  ( 0.000000000000000000, 0.000000000000000000, 1.000000000000000000 ) ) ;
#707 = VERTEX_POINT ( 'NONE', #878 ) ;
#708 = CARTESIAN_POINT ( 'NONE',  ( -10.61500000000000021, 12.65000000000000924, 3.200000000000000178 ) ) ;
#709 = VERTEX_POINT ( 'NONE', #453 ) ;
#710 = CARTESIAN_POINT ( 'NONE',  ( 0.000000000000000000, 0.000000000000000000, -1.500000000000000000 ) ) ;
#711 = EDGE_CURVE ( 'NONE', #947, #1205, #1400, .T. ) ;
#712 = CARTESIAN_POINT ( 'NONE',  ( 0.000000000000000000, -15.64999999999999680, 5.200000000000000178 ) ) ;
#713 = PLANE ( 'NONE',  #1233 ) ;
#714 = PLANE ( 'NONE',  #698 ) ;
#715 = EDGE_CURVE ( 'NONE', #331, #1184, #594, .T. ) ;
#716 = ORIENTED_EDGE ( 'NONE', *, *, #148, .T. ) ;
#717 = DIRECTION ( 'NONE',  ( 0.000000000000000000, 0.000000000000000000, 1.000000000000000000 ) ) ;
#718 = CARTESIAN_POINT ( 'NONE',  ( 10.11500000000000199, -14.14999999999999503, 3.200000000000000178 ) ) ;
#719 = LINE ( 'NONE', #8, #171 ) ;
#720 = EDGE_LOOP ( 'NONE', ( #1416, #1675, #1626, #486 ) ) ;
#721 = VECTOR ( 'NONE', #1479, 1000.000000000000000 ) ;
#722 = CIRCLE ( 'NONE', #697, 2.999999999999999112 ) ;
#723 = PRESENTATION_STYLE_ASSIGNMENT (( #1 ) ) ;
#724 = AXIS2_PLACEMENT_3D ( 'NONE', #134, #377, #236 ) ;
#725 = ORIENTED_EDGE ( 'NONE', *, *, #800, .T. ) ;
#726 = ADVANCED_FACE ( 'NONE', ( #1900 ), #61, .F. ) ;
#727 = DIRECTION ( 'NONE',  ( -0.000000000000000000, -0.000000000000000000, 1.000000000000000000 ) ) ;
#728 = DIRECTION ( 'NONE',  ( -0.000000000000000000, -1.000000000000000000, -0.000000000000000000 ) ) ;
#729 = ADVANCED_FACE ( 'NONE', ( #1441 ), #139, .T. ) ;
#730 = DIRECTION ( 'NONE',  ( -0.9999619230641713097, 0.000000000000000000, 0.008726535498373953759 ) ) ;
#731 = ORIENTED_EDGE ( 'NONE', *, *, #876, .F. ) ;
#732 = ADVANCED_FACE ( 'NONE', ( #6 ), #713, .T. ) ;
#733 = PLANE ( 'NONE',  #1811 ) ;
#734 = UNCERTAINTY_MEASURE_WITH_UNIT (LENGTH_MEASURE( 1.000000000000000082E-05 ), #1801, 'distance_accuracy_value', 'NONE');
#735 = ORIENTED_EDGE ( 'NONE', *, *, #263, .T. ) ;
#736 = DIRECTION ( 'NONE',  ( 1.000000000000000000, 0.000000000000000000, 0.000000000000000000 ) ) ;
#737 = CARTESIAN_POINT ( 'NONE',  ( 10.61500000000000199, 12.65000000000000924, 3.199999999999999734 ) ) ;
#738 = FACE_OUTER_BOUND ( 'NONE', #1144, .T. ) ;
#739 = DIRECTION ( 'NONE',  ( 0.000000000000000000, -1.000000000000000000, 0.000000000000000000 ) ) ;
#740 = DIRECTION ( 'NONE',  ( 0.000000000000000000, 1.000000000000000000, -0.000000000000000000 ) ) ;
#741 = AXIS2_PLACEMENT_3D ( 'NONE', #158, #1333, #443 ) ;
#742 = EDGE_CURVE ( 'NONE', #801, #1239, #1779, .T. ) ;
#743 = ORIENTED_EDGE ( 'NONE', *, *, #1379, .F. ) ;
#744 = DIRECTION ( 'NONE',  ( 2.920409892216846763E-17, -0.000000000000000000, 1.000000000000000000 ) ) ;
#745 = EDGE_CURVE ( 'NONE', #379, #781, #1478, .T. ) ;
#746 = VERTEX_POINT ( 'NONE', #319 ) ;
#747 = FACE_OUTER_BOUND ( 'NONE', #1227, .T. ) ;
#748 = CARTESIAN_POINT ( 'NONE',  ( 1273.405883561820247, 686.3717685264275588, 874.0559641186409863 ) ) ;
#749 = CARTESIAN_POINT ( 'NONE',  ( 9.937875655532298680, 14.15000000000000568, 3.199999999999999734 ) ) ;
#750 = CARTESIAN_POINT ( 'NONE',  ( 0.000000000000000000, -14.64999999999999680, 3.200000000000000178 ) ) ;
#751 = EDGE_CURVE ( 'NONE', #811, #789, #1182, .T. ) ;
#752 = CARTESIAN_POINT ( 'NONE',  ( -10.11499999999999844, 13.97287565553230237, 3.199999999999999734 ) ) ;
#753 = VECTOR ( 'NONE', #165, 1000.000000000000000 ) ;
#754 = ORIENTED_EDGE ( 'NONE', *, *, #812, .F. ) ;
#755 = EDGE_CURVE ( 'NONE', #1635, #1836, #572, .T. ) ;
#756 = VECTOR ( 'NONE', #825, 1000.000000000000000 ) ;
#757 = VECTOR ( 'NONE', #14, 1000.000000000000000 ) ;
#758 = PLANE ( 'NONE',  #910 ) ;
#759 = EDGE_CURVE ( 'NONE', #352, #1384, #1886, .T. ) ;
#760 = CARTESIAN_POINT ( 'NONE',  ( -8.614999999999998437, -12.64999999999999858, 3.200000000000000178 ) ) ;
#761 = CARTESIAN_POINT ( 'NONE',  ( -10.11499999999999844, -13.97287565553229172, 3.199999999999999734 ) ) ;
#762 = DIRECTION ( 'NONE',  ( -1.000000000000000000, 0.000000000000000000, -0.000000000000000000 ) ) ;
#763 = EDGE_LOOP ( 'NONE', ( #1733, #552, #1854, #1458, #599, #1070, #437, #1708 ) ) ;
#764 = AXIS2_PLACEMENT_3D ( 'NONE', #1191, #1617, #26 ) ;
#765 = DIRECTION ( 'NONE',  ( 1.000000000000000000, -0.000000000000000000, -0.000000000000000000 ) ) ;
#766 = DIRECTION ( 'NONE',  ( 0.000000000000000000, -0.000000000000000000, -1.000000000000000000 ) ) ;
#767 = CARTESIAN_POINT ( 'NONE',  ( -9.942268100745993209, -14.16163582356533546, 4.533333315495141846 ) ) ;
#768 = DIRECTION ( 'NONE',  ( -1.000000000000000000, 0.000000000000000000, 0.000000000000000000 ) ) ;
#769 = ORIENTED_EDGE ( 'NONE', *, *, #1216, .T. ) ;
#770 = LINE ( 'NONE', #217, #461 ) ;
#771 = ORIENTED_EDGE ( 'NONE', *, *, #399, .T. ) ;
#772 = EDGE_CURVE ( 'NONE', #1783, #1795, #463, .T. ) ;
#773 = DIRECTION ( 'NONE',  ( 0.000000000000000000, 0.000000000000000000, -1.000000000000000000 ) ) ;
#774 = FACE_OUTER_BOUND ( 'NONE', #1507, .T. ) ;
#775 = AXIS2_PLACEMENT_3D ( 'NONE', #254, #404, #1204 ) ;
#776 = CARTESIAN_POINT ( 'NONE',  ( -8.614999999999998437, -12.64999999999999858, 3.199999999999999734 ) ) ;
#777 = EDGE_CURVE ( 'NONE', #507, #1515, #923, .T. ) ;
#778 = ORIENTED_EDGE ( 'NONE', *, *, #1486, .F. ) ;
#779 = DIRECTION ( 'NONE',  ( -0.000000000000000000, -0.000000000000000000, 1.000000000000000000 ) ) ;
#780 = ORIENTED_EDGE ( 'NONE', *, *, #1165, .T. ) ;
#781 = VERTEX_POINT ( 'NONE', #1198 ) ;
#782 = AXIS2_PLACEMENT_3D ( 'NONE', #23, #665, #527 ) ;
#783 = VECTOR ( 'NONE', #1113, 1000.000000000000000 ) ;
#784 = CARTESIAN_POINT ( 'NONE',  ( -8.464999999999998082, 12.35000000000000675, 0.000000000000000000 ) ) ;
#785 = CARTESIAN_POINT ( 'NONE',  ( -8.614999999999998437, 12.65000000000000924, 3.199999999999999734 ) ) ;
#786 = CIRCLE ( 'NONE', #1468, 2.999999999999999112 ) ;
#787 = CARTESIAN_POINT ( 'NONE',  ( 1273.405883561820247, 688.3892222620090706, 874.0559641186409863 ) ) ;
#788 = ORIENTED_EDGE ( 'NONE', *, *, #1728, .T. ) ;
#789 = VERTEX_POINT ( 'NONE', #749 ) ;
#790 = EDGE_CURVE ( 'NONE', #689, #707, #1366, .T. ) ;
#791 = PRODUCT_DEFINITION_SHAPE ( 'NONE', 'NONE',  #1359 ) ;
#792 = LINE ( 'NONE', #351, #818 ) ;
#793 = VERTEX_POINT ( 'NONE', #1051 ) ;
#794 = ORIENTED_EDGE ( 'NONE', *, *, #742, .F. ) ;
#795 = APPLICATION_CONTEXT ( 'automotive_design' ) ;
#796 = CARTESIAN_POINT ( 'NONE',  ( 1290.635883561820265, 686.3717685264275588, 835.8243055021930559 ) ) ;
#797 = ORIENTED_EDGE ( 'NONE', *, *, #312, .T. ) ;
#798 = ORIENTED_EDGE ( 'NONE', *, *, #1849, .T. ) ;
#799 = CARTESIAN_POINT ( 'NONE',  ( -8.464999999999998082, 12.35000000000000675, -1.500000000000000000 ) ) ;
#800 = EDGE_CURVE ( 'NONE', #503, #300, #45, .T. ) ;
#801 = VERTEX_POINT ( 'NONE', #313 ) ;
#802 = CIRCLE ( 'NONE', #142, 2.017453735581518082 ) ;
#803 = ADVANCED_FACE ( 'NONE', ( #1651 ), #1332, .F. ) ;
#804 = CYLINDRICAL_SURFACE ( 'NONE', #1552, 3.000000000000000000 ) ;
#805 = ORIENTED_EDGE ( 'NONE', *, *, #1615, .F. ) ;
#806 = DIRECTION ( 'NONE',  ( 1.577021341797097215E-15, -0.000000000000000000, -1.000000000000000000 ) ) ;
#807 = VERTEX_POINT ( 'NONE', #917 ) ;
#808 = FACE_BOUND ( 'NONE', #74, .T. ) ;
#809 = EDGE_LOOP ( 'NONE', ( #1766, #375, #824, #116 ) ) ;
#810 = CARTESIAN_POINT ( 'NONE',  ( 8.615000000000001990, 12.65000000000000924, 3.200000000000000178 ) ) ;
#811 = VERTEX_POINT ( 'NONE', #1660 ) ;
#812 = EDGE_CURVE ( 'NONE', #1716, #1041, #1504, .T. ) ;
#813 = PRODUCT_DEFINITION_SHAPE ( 'NONE', 'NONE',  #1902 ) ;
#814 = DIRECTION ( 'NONE',  ( 0.000000000000000000, 1.000000000000000000, -0.000000000000000000 ) ) ;
#815 = DIRECTION ( 'NONE',  ( -0.000000000000000000, -1.000000000000000000, -0.000000000000000000 ) ) ;
#816 = CONICAL_SURFACE ( 'NONE', #1247, 2.000000000000000000, 0.008726646259971666819 ) ;
#817 =( GEOMETRIC_REPRESENTATION_CONTEXT ( 3 ) GLOBAL_UNCERTAINTY_ASSIGNED_CONTEXT ( ( #1625 ) ) GLOBAL_UNIT_ASSIGNED_CONTEXT ( ( #466, #1317, #144 ) ) REPRESENTATION_CONTEXT ( 'NONE', 'WORKASPACE' ) );
#818 = VECTOR ( 'NONE', #926, 1000.000000000000000 ) ;
#819 = VERTEX_POINT ( 'NONE', #1024 ) ;
#820 = CARTESIAN_POINT ( 'NONE',  ( -10.63245373558151741, 0.000000000000000000, 5.200000000000000178 ) ) ;
#821 = ORIENTED_EDGE ( 'NONE', *, *, #715, .T. ) ;
#822 = PRODUCT_DEFINITION_SHAPE ( 'NONE', 'NONE',  #193 ) ;
#823 = DIRECTION ( 'NONE',  ( 0.000000000000000000, -0.9999619230641713097, 0.008726535498373953759 ) ) ;
#824 = ORIENTED_EDGE ( 'NONE', *, *, #1662, .T. ) ;
#825 = DIRECTION ( 'NONE',  ( -1.000000000000000000, 0.000000000000000000, 0.000000000000000000 ) ) ;
#826 = CARTESIAN_POINT ( 'NONE',  ( 10.13245373558152096, -13.97945618039163129, 5.200000000000000178 ) ) ;
#827 = CIRCLE ( 'NONE', #1628, 2.000000000000000000 ) ;
#828 = DIRECTION ( 'NONE',  ( 0.000000000000000000, 0.000000000000000000, 1.000000000000000000 ) ) ;
#829 = ORIENTED_EDGE ( 'NONE', *, *, #1262, .T. ) ;
#830 = CARTESIAN_POINT ( 'NONE',  ( 5.851002890000001955, -14.14999999999999503, 1.100000000000000311 ) ) ;
#831 = VECTOR ( 'NONE', #806, 1000.000000000000000 ) ;
#832 = EDGE_LOOP ( 'NONE', ( #409, #1645, #371, #858 ) ) ;
#833 = CARTESIAN_POINT ( 'NONE',  ( 9.940074619463391770, 14.15581791170367687, 3.866666648695209041 ) ) ;
#834 = CARTESIAN_POINT ( 'NONE',  ( 1290.635883561820265, 661.0717685264274905, 872.0559641186409863 ) ) ;
#835 = ORIENTED_EDGE ( 'NONE', *, *, #1665, .F. ) ;
#836 = AXIS2_PLACEMENT_3D ( 'NONE', #1062, #828, #838 ) ;
#837 = PLANE ( 'NONE',  #1279 ) ;
#838 = DIRECTION ( 'NONE',  ( 1.000000000000000000, 0.000000000000000000, 0.000000000000000000 ) ) ;
#839 = LINE ( 'NONE', #712, #210 ) ;
#840 = DIRECTION ( 'NONE',  ( 0.000000000000000000, -0.008726535498373953759, 0.9999619230641713097 ) ) ;
#841 = ADVANCED_FACE ( 'NONE', ( #616 ), #200, .T. ) ;
#842 = FACE_OUTER_BOUND ( 'NONE', #654, .T. ) ;
#843 = ORIENTED_EDGE ( 'NONE', *, *, #862, .T. ) ;
#844 = DIRECTION ( 'NONE',  ( -0.008726535498373953759, -0.000000000000000000, -0.9999619230641713097 ) ) ;
#845 = AXIS2_PLACEMENT_3D ( 'NONE', #1015, #866, #150 ) ;
#846 = ORIENTED_EDGE ( 'NONE', *, *, #1522, .F. ) ;
#847 = CARTESIAN_POINT ( 'NONE',  ( -8.614999999999998437, -15.64999999999999680, 3.299999999999999822 ) ) ;
#848 = CARTESIAN_POINT ( 'NONE',  ( -10.13245373558151563, 0.000000000000000000, 5.200000000000000178 ) ) ;
#849 = AXIS2_PLACEMENT_3D ( 'NONE', #710, #1559, #1581 ) ;
#850 = AXIS2_PLACEMENT_3D ( 'NONE', #359, #628, #525 ) ;
#851 = EDGE_LOOP ( 'NONE', ( #981, #998, #93, #829 ) ) ;
#852 = DIRECTION ( 'NONE',  ( 0.000000000000000000, 0.000000000000000000, -1.000000000000000000 ) ) ;
#853 = ADVANCED_FACE ( 'NONE', ( #774 ), #899, .F. ) ;
#854 = VERTEX_POINT ( 'NONE', #1341 ) ;
#855 = FACE_OUTER_BOUND ( 'NONE', #1875, .T. ) ;
#856 = LINE ( 'NONE', #1440, #426 ) ;
#857 = CARTESIAN_POINT ( 'NONE',  ( -8.614999999999998437, 12.65000000000000924, 5.200000000000000178 ) ) ;
#858 = ORIENTED_EDGE ( 'NONE', *, *, #1293, .T. ) ;
#859 = PLANE ( 'NONE',  #639 ) ;
#860 = DIRECTION ( 'NONE',  ( -1.000000000000000000, 0.000000000000000000, 0.000000000000000000 ) ) ;
#861 = VERTEX_POINT ( 'NONE', #1481 ) ;
#862 = EDGE_CURVE ( 'NONE', #1384, #1166, #827, .T. ) ;
#863 = DIRECTION ( 'NONE',  ( -3.942403234141663953E-16, -0.008726535498373953759, 0.9999619230641713097 ) ) ;
#864 = AXIS2_PLACEMENT_3D ( 'NONE', #1877, #252, #233 ) ;
#865 = DIRECTION ( 'NONE',  ( 1.000000000000000000, 0.000000000000000000, 0.000000000000000000 ) ) ;
#866 = DIRECTION ( 'NONE',  ( -0.000000000000000000, -0.000000000000000000, 1.000000000000000000 ) ) ;
#867 = DIRECTION ( 'NONE',  ( -0.000000000000000000, -1.000000000000000000, -0.000000000000000000 ) ) ;
#868 = EDGE_CURVE ( 'NONE', #517, #1579, #471, .T. ) ;
#869 = ORIENTED_EDGE ( 'NONE', *, *, #341, .T. ) ;
#870 = CARTESIAN_POINT ( 'NONE',  ( 1271.388429826238735, 661.0717685264274905, 835.8243055021930559 ) ) ;
#871 = ORIENTED_EDGE ( 'NONE', *, *, #948, .F. ) ;
#872 = VECTOR ( 'NONE', #728, 1000.000000000000000 ) ;
#873 = CARTESIAN_POINT ( 'NONE',  ( 11.61500000000000199, 0.000000000000000000, 5.200000000000000178 ) ) ;
#874 = ADVANCED_FACE ( 'NONE', ( #382 ), #970, .F. ) ;
#875 = AXIS2_PLACEMENT_3D ( 'NONE', #718, #1174, #840 ) ;
#876 = EDGE_CURVE ( 'NONE', #1363, #569, #1098, .T. ) ;
#877 = LINE ( 'NONE', #692, #1026 ) ;
#878 = CARTESIAN_POINT ( 'NONE',  ( 1273.405883561820247, 688.3892222620090706, 872.0559641186409863 ) ) ;
#879 = AXIS2_PLACEMENT_3D ( 'NONE', #834, #408, #1587 ) ;
#880 = CARTESIAN_POINT ( 'NONE',  ( 8.615000000000001990, -12.64999999999999858, 3.199999999999999734 ) ) ;
#881 = VECTOR ( 'NONE', #1850, 1000.000000000000000 ) ;
#882 = EDGE_LOOP ( 'NONE', ( #893, #769, #369, #1429, #205, #1057, #1094, #1852 ) ) ;
#883 = CIRCLE ( 'NONE', #130, 2.017453735581486995 ) ;
#884 = LINE ( 'NONE', #1008, #1781 ) ;
#885 = AXIS2_PLACEMENT_3D ( 'NONE', #108, #541, #1565 ) ;
#886 = VERTEX_POINT ( 'NONE', #231 ) ;
#887 = DIRECTION ( 'NONE',  ( -0.000000000000000000, -0.000000000000000000, 1.000000000000000000 ) ) ;
#888 = EDGE_CURVE ( 'NONE', #1515, #1266, #239, .T. ) ;
#889 = CARTESIAN_POINT ( 'NONE',  ( 10.11500000000000199, 14.15000000000000568, 3.200000000000000178 ) ) ;
#890 = CARTESIAN_POINT ( 'NONE',  ( -9.940074619463388217, -14.15581791170366621, 3.866666648695209041 ) ) ;
#891 = CARTESIAN_POINT ( 'NONE',  ( -11.61499999999999844, 0.000000000000000000, -1.500000000000000000 ) ) ;
#892 = VERTEX_POINT ( 'NONE', #1838 ) ;
#893 = ORIENTED_EDGE ( 'NONE', *, *, #216, .F. ) ;
#894 = PRODUCT_DEFINITION_SHAPE ( 'NONE', 'NONE',  #1903 ) ;
#895 = LINE ( 'NONE', #1207, #1028 ) ;
#896 = EDGE_CURVE ( 'NONE', #1901, #416, #1231, .T. ) ;
#897 = EDGE_CURVE ( 'NONE', #300, #1795, #1077, .T. ) ;
#898 = PLANE ( 'NONE',  #1653 ) ;
#899 = PLANE ( 'NONE',  #764 ) ;
#900 = DIRECTION ( 'NONE',  ( 0.000000000000000000, 1.000000000000000000, 0.000000000000000000 ) ) ;
#901 = ORIENTED_EDGE ( 'NONE', *, *, #1273, .T. ) ;
#902 = EDGE_CURVE ( 'NONE', #1880, #1148, #9, .T. ) ;
#903 = CARTESIAN_POINT ( 'NONE',  ( -10.63245373558151741, -12.64999999999999858, 5.200000000000000178 ) ) ;
#904 = ORIENTED_EDGE ( 'NONE', *, *, #162, .T. ) ;
#905 = CARTESIAN_POINT ( 'NONE',  ( 1273.405883561820247, 686.3717685264275588, 872.0559641186409863 ) ) ;
#906 = LINE ( 'NONE', #52, #1780 ) ;
#907 = CARTESIAN_POINT ( 'NONE',  ( -9.944456180391636479, -14.16745373558151400, 5.200000000000000178 ) ) ;
#908 = ORIENTED_EDGE ( 'NONE', *, *, #1293, .F. ) ;
#909 = LINE ( 'NONE', #370, #1438 ) ;
#910 = AXIS2_PLACEMENT_3D ( 'NONE', #1320, #1511, #1189 ) ;
#911 = STYLED_ITEM ( 'NONE', ( #1099 ), #32 ) ;
#912 = VECTOR ( 'NONE', #564, 1000.000000000000000 ) ;
#913 = EDGE_LOOP ( 'NONE', ( #118, #1563, #224, #249 ) ) ;
#914 = VECTOR ( 'NONE', #1444, 1000.000000000000000 ) ;
#915 = CARTESIAN_POINT ( 'NONE',  ( 1292.653337297401777, 661.0717685264274905, 874.0559641186409863 ) ) ;
#916 = LINE ( 'NONE', #1503, #1027 ) ;
#917 = CARTESIAN_POINT ( 'NONE',  ( 8.615000000000001990, -14.64999999999999680, 3.200000000000000178 ) ) ;
#918 = EDGE_CURVE ( 'NONE', #1663, #1166, #1699, .T. ) ;
#919 = VERTEX_POINT ( 'NONE', #1521 ) ;
#920 = LINE ( 'NONE', #1525, #1844 ) ;
#921 = EDGE_LOOP ( 'NONE', ( #1847, #1528, #797, #821 ) ) ;
#922 = CARTESIAN_POINT ( 'NONE',  ( -10.11499999999999844, 14.15000000000000568, 3.200000000000000178 ) ) ;
#923 = LINE ( 'NONE', #1473, #1045 ) ;
#924 = ORIENTED_EDGE ( 'NONE', *, *, #581, .T. ) ;
#925 = AXIS2_PLACEMENT_3D ( 'NONE', #114, #402, #241 ) ;
#926 = DIRECTION ( 'NONE',  ( 0.000000000000000000, -0.000000000000000000, -1.000000000000000000 ) ) ;
#927 = VERTEX_POINT ( 'NONE', #930 ) ;
#928 = ORIENTED_EDGE ( 'NONE', *, *, #189, .T. ) ;
#929 = DIRECTION ( 'NONE',  ( 0.000000000000000000, 1.000000000000000000, 0.000000000000000000 ) ) ;
#930 = CARTESIAN_POINT ( 'NONE',  ( -10.13245373558151741, -14.16745373558151400, 5.200000000000000178 ) ) ;
#931 = CARTESIAN_POINT ( 'NONE',  ( 8.615000000000001990, 14.65000000000000924, 3.200000000000000178 ) ) ;
#932 = VERTEX_POINT ( 'NONE', #1089 ) ;
#933 = CARTESIAN_POINT ( 'NONE',  ( 1273.405883561820247, 688.3892222620090706, 835.8243055021930559 ) ) ;
#934 = ORIENTED_EDGE ( 'NONE', *, *, #1816, .T. ) ;
#935 = COLOUR_RGB ( '',0.7921568627450980005, 0.8196078431372548767, 0.9333333333333333481 ) ;
#936 = LINE ( 'NONE', #1137, #240 ) ;
#937 = ORIENTED_EDGE ( 'NONE', *, *, #1767, .F. ) ;
#938 = CIRCLE ( 'NONE', #67, 3.000000000000000000 ) ;
#939 = AXIS2_PLACEMENT_3D ( 'NONE', #1093, #1215, #1657 ) ;
#940 = CARTESIAN_POINT ( 'NONE',  ( -10.61500000000000021, -12.64999999999999858, 3.200000000000000178 ) ) ;
#941 = LINE ( 'NONE', #1680, #1557 ) ;
#942 = ADVANCED_FACE ( 'NONE', ( #106 ), #1067, .T. ) ;
#943 =( NAMED_UNIT ( * ) PLANE_ANGLE_UNIT ( ) SI_UNIT ( $, .RADIAN. ) );
#944 = LINE ( 'NONE', #931, #881 ) ;
#945 = CARTESIAN_POINT ( 'NONE',  ( 8.615000000000001990, -14.66745373558151400, 5.200000000000000178 ) ) ;
#946 = ORIENTED_EDGE ( 'NONE', *, *, #469, .T. ) ;
#947 = VERTEX_POINT ( 'NONE', #85 ) ;
#948 = EDGE_CURVE ( 'NONE', #1017, #947, #941, .T. ) ;
#949 = CARTESIAN_POINT ( 'NONE',  ( -8.998997109999999466, -14.14999999999999503, 3.300000000000000266 ) ) ;
#950 = EDGE_CURVE ( 'NONE', #932, #1019, #155, .T. ) ;
#951 = ORIENTED_EDGE ( 'NONE', *, *, #1849, .F. ) ;
#952 = DIRECTION ( 'NONE',  ( 0.000000000000000000, -1.000000000000000000, 0.000000000000000000 ) ) ;
#953 = ORIENTED_EDGE ( 'NONE', *, *, #1464, .T. ) ;
#954 = ORIENTED_EDGE ( 'NONE', *, *, #1460, .F. ) ;
#955 = CARTESIAN_POINT ( 'NONE',  ( -8.998997109999999466, -14.61367963991333419, 3.300000000000000266 ) ) ;
#956 = ORIENTED_EDGE ( 'NONE', *, *, #378, .F. ) ;
#957 = CARTESIAN_POINT ( 'NONE',  ( -8.614999999999998437, 12.65000000000000924, -1.500000000000000000 ) ) ;
#958 = ORIENTED_EDGE ( 'NONE', *, *, #1179, .T. ) ;
#959 = CYLINDRICAL_SURFACE ( 'NONE', #1749, 2.017453735581486995 ) ;
#960 = EDGE_CURVE ( 'NONE', #416, #1757, #1532, .T. ) ;
#961 = ORIENTED_EDGE ( 'NONE', *, *, #1201, .T. ) ;
#962 = EDGE_CURVE ( 'NONE', #1519, #425, #225, .T. ) ;
#963 = FACE_OUTER_BOUND ( 'NONE', #137, .T. ) ;
#964 = VECTOR ( 'NONE', #607, 1000.000000000000000 ) ;
#965 = AXIS2_PLACEMENT_3D ( 'NONE', #796, #511, #677 ) ;
#966 = CIRCLE ( 'NONE', #1558, 2.000000000000000000 ) ;
#967 = ORIENTED_EDGE ( 'NONE', *, *, #583, .F. ) ;
#968 = PLANE ( 'NONE',  #204 ) ;
#969 = DIRECTION ( 'NONE',  ( -1.000000000000000000, 0.000000000000000000, 0.000000000000000000 ) ) ;
#970 = CONICAL_SURFACE ( 'NONE', #617, 2.000000000000000000, 0.008726646259971666819 ) ;
#971 = VERTEX_POINT ( 'NONE', #539 ) ;
#972 = DIRECTION ( 'NONE',  ( -0.000000000000000000, -0.000000000000000000, 1.000000000000000000 ) ) ;
#973 = ORIENTED_EDGE ( 'NONE', *, *, #918, .T. ) ;
#974 = VECTOR ( 'NONE', #53, 1000.000000000000000 ) ;
#975 = SHAPE_DEFINITION_REPRESENTATION ( #1414, #1153 ) ;
#976 = CARTESIAN_POINT ( 'NONE',  ( 0.000000000000000000, -15.64999999999999680, -1.500000000000000000 ) ) ;
#977 = DIRECTION ( 'NONE',  ( 0.000000000000000000, -0.000000000000000000, -1.000000000000000000 ) ) ;
#978 = EDGE_LOOP ( 'NONE', ( #1655, #152, #1585, #1007 ) ) ;
#979 = CARTESIAN_POINT ( 'NONE',  ( 10.11500000000000199, 14.15000000000000568, 0.000000000000000000 ) ) ;
#980 = PLANE ( 'NONE',  #485 ) ;
#981 = ORIENTED_EDGE ( 'NONE', *, *, #1704, .F. ) ;
#982 = CIRCLE ( 'NONE', #1297, 2.017453735581518082 ) ;
#983 = FACE_BOUND ( 'NONE', #1103, .T. ) ;
#984 = DIRECTION ( 'NONE',  ( -0.000000000000000000, -0.000000000000000000, 1.000000000000000000 ) ) ;
#985 = CARTESIAN_POINT ( 'NONE',  ( -10.11499999999999844, -14.14999999999999503, 3.200000000000000178 ) ) ;
#986 = ADVANCED_FACE ( 'NONE', ( #963 ), #1538, .T. ) ;
#987 = DIRECTION ( 'NONE',  ( 0.000000000000000000, 0.000000000000000000, -1.000000000000000000 ) ) ;
#988 = ORIENTED_EDGE ( 'NONE', *, *, #347, .T. ) ;
#989 = CARTESIAN_POINT ( 'NONE',  ( 10.13245373558152096, 13.97945618039164195, 5.200000000000000178 ) ) ;
#990 = LINE ( 'NONE', #1732, #1715 ) ;
#991 = ORIENTED_EDGE ( 'NONE', *, *, #1486, .T. ) ;
#992 = CARTESIAN_POINT ( 'NONE',  ( -10.63245373558151563, 12.65000000000000924, 5.200000000000000178 ) ) ;
#993 = DIRECTION ( 'NONE',  ( -0.000000000000000000, 1.000000000000000000, 0.000000000000000000 ) ) ;
#994 = DIRECTION ( 'NONE',  ( -1.000000000000000000, 0.000000000000000000, 0.000000000000000000 ) ) ;
#995 = DIRECTION ( 'NONE',  ( 0.000000000000000000, 1.000000000000000000, 0.000000000000000000 ) ) ;
#996 = CIRCLE ( 'NONE', #37, 2.000000000000000000 ) ;
#997 = VECTOR ( 'NONE', #42, 1000.000000000000000 ) ;
#998 = ORIENTED_EDGE ( 'NONE', *, *, #1009, .F. ) ;
#999 = LINE ( 'NONE', #268, #429 ) ;
#1000 = DIRECTION ( 'NONE',  ( 0.000000000000000000, -0.9999619230641713097, 0.008726535498373953759 ) ) ;
#1001 = PRODUCT_RELATED_PRODUCT_CATEGORY ( 'part', '', ( #1074 ) ) ;
#1002 = ORIENTED_EDGE ( 'NONE', *, *, #790, .T. ) ;
#1003 = LINE ( 'NONE', #1118, #1687 ) ;
#1004 = PLANE ( 'NONE',  #127 ) ;
#1005 = CARTESIAN_POINT ( 'NONE',  ( 10.11500000000000199, -14.14999999999999503, 3.200000000000000178 ) ) ;
#1006 = CARTESIAN_POINT ( 'NONE',  ( 10.11500000000000199, -14.14999999999999503, 3.200000000000000178 ) ) ;
#1007 = ORIENTED_EDGE ( 'NONE', *, *, #902, .F. ) ;
#1008 = CARTESIAN_POINT ( 'NONE',  ( 10.11500000000000199, -14.14999999999999503, 3.200000000000000178 ) ) ;
#1009 = EDGE_CURVE ( 'NONE', #379, #1556, #1372, .T. ) ;
#1010 = ORIENTED_EDGE ( 'NONE', *, *, #201, .T. ) ;
#1011 = EDGE_CURVE ( 'NONE', #41, #517, #660, .T. ) ;
#1012 = CARTESIAN_POINT ( 'NONE',  ( -10.61500000000000021, -12.64999999999999858, 3.200000000000000178 ) ) ;
#1013 = APPLICATION_CONTEXT ( 'automotive_design' ) ;
#1014 = CARTESIAN_POINT ( 'NONE',  ( 5.851002890000001067, -15.64999999999999680, 3.299999999999999822 ) ) ;
#1015 = CARTESIAN_POINT ( 'NONE',  ( 8.615000000000001990, 12.65000000000000924, 3.199999999999999734 ) ) ;
#1016 = DIRECTION ( 'NONE',  ( -0.000000000000000000, 0.9999619230641713097, 0.008726535498373953759 ) ) ;
#1017 = VERTEX_POINT ( 'NONE', #1307 ) ;
#1018 = DIRECTION ( 'NONE',  ( -0.000000000000000000, -0.000000000000000000, 1.000000000000000000 ) ) ;
#1019 = VERTEX_POINT ( 'NONE', #401 ) ;
#1020 = AXIS2_PLACEMENT_3D ( 'NONE', #1452, #1597, #860 ) ;
#1021 = LINE ( 'NONE', #1613, #1720 ) ;
#1022 = EDGE_CURVE ( 'NONE', #1354, #358, #1298, .T. ) ;
#1023 = CARTESIAN_POINT ( 'NONE',  ( 10.61500000000000377, 12.65000000000000924, 3.199999999999999734 ) ) ;
#1024 = CARTESIAN_POINT ( 'NONE',  ( 6.535000000000001030, 12.35000000000000675, 0.000000000000000000 ) ) ;
#1025 = CARTESIAN_POINT ( 'NONE',  ( 11.61500000000000199, -12.64999999999999858, -1.500000000000000000 ) ) ;
#1026 = VECTOR ( 'NONE', #1431, 1000.000000000000000 ) ;
#1027 = VECTOR ( 'NONE', #490, 1000.000000000000000 ) ;
#1028 = VECTOR ( 'NONE', #1196, 1000.000000000000000 ) ;
#1029 = SURFACE_SIDE_STYLE ('',( #570 ) ) ;
#1030 = ADVANCED_FACE ( 'NONE', ( #747 ), #758, .T. ) ;
#1031 = VECTOR ( 'NONE', #779, 1000.000000000000000 ) ;
#1032 = EDGE_CURVE ( 'NONE', #1205, #1048, #1489, .T. ) ;
#1033 = ORIENTED_EDGE ( 'NONE', *, *, #1615, .T. ) ;
#1034 = CARTESIAN_POINT ( 'NONE',  ( 1273.405883561820247, 661.0717685264274905, 874.0559641186409863 ) ) ;
#1035 = FACE_OUTER_BOUND ( 'NONE', #1897, .T. ) ;
#1036 = DIRECTION ( 'NONE',  ( 0.9999619230641713097, 0.000000000000000000, 0.008726535498373953759 ) ) ;
#1037 = EDGE_CURVE ( 'NONE', #707, #1135, #214, .T. ) ;
#1038 = DIRECTION ( 'NONE',  ( -1.000000000000000000, 0.000000000000000000, -0.000000000000000000 ) ) ;
#1039 = CARTESIAN_POINT ( 'NONE',  ( -8.998997109999999466, -14.61367963991333419, 3.300000000000000266 ) ) ;
#1040 = ORIENTED_EDGE ( 'NONE', *, *, #1130, .T. ) ;
#1041 = VERTEX_POINT ( 'NONE', #1659 ) ;
#1042 = DIRECTION ( 'NONE',  ( -0.000000000000000000, -0.000000000000000000, 1.000000000000000000 ) ) ;
#1043 = DIRECTION ( 'NONE',  ( 1.000000000000000000, 0.000000000000000000, 0.000000000000000000 ) ) ;
#1044 = CARTESIAN_POINT ( 'NONE',  ( -8.998997109999997690, -14.14999999999999503, 1.100000000000000311 ) ) ;
#1045 = VECTOR ( 'NONE', #739, 1000.000000000000000 ) ;
#1046 = VECTOR ( 'NONE', #223, 1000.000000000000000 ) ;
#1047 = ORIENTED_EDGE ( 'NONE', *, *, #1539, .T. ) ;
#1048 = VERTEX_POINT ( 'NONE', #922 ) ;
#1049 = CARTESIAN_POINT ( 'NONE',  ( 1271.388429826238735, 686.3717685264275588, 872.0559641186409863 ) ) ;
#1050 = CARTESIAN_POINT ( 'NONE',  ( 0.000000000000000000, 0.000000000000000000, 0.000000000000000000 ) ) ;
#1051 = CARTESIAN_POINT ( 'NONE',  ( 5.851002890000001067, -15.64999999999999680, 3.299999999999999822 ) ) ;
#1052 = VECTOR ( 'NONE', #423, 1000.000000000000000 ) ;
#1053 = DIRECTION ( 'NONE',  ( -0.000000000000000000, -0.000000000000000000, -1.000000000000000000 ) ) ;
#1054 = ORIENTED_EDGE ( 'NONE', *, *, #27, .T. ) ;
#1055 = DIRECTION ( 'NONE',  ( 1.000000000000000000, 0.000000000000000000, 0.000000000000000000 ) ) ;
#1056 = EDGE_CURVE ( 'NONE', #971, #1880, #468, .T. ) ;
#1057 = ORIENTED_EDGE ( 'NONE', *, *, #1370, .F. ) ;
#1058 = AXIS2_PLACEMENT_3D ( 'NONE', #880, #1175, #320 ) ;
#1059 = DIRECTION ( 'NONE',  ( 0.000000000000000000, -1.000000000000000000, 0.000000000000000000 ) ) ;
#1060 = LINE ( 'NONE', #348, #1119 ) ;
#1061 = DIRECTION ( 'NONE',  ( -1.000000000000000000, 0.000000000000000000, 0.000000000000000000 ) ) ;
#1062 = CARTESIAN_POINT ( 'NONE',  ( 0.000000000000000000, 0.000000000000000000, 0.000000000000000000 ) ) ;
#1063 = EDGE_LOOP ( 'NONE', ( #1082, #1218, #1763, #1610 ) ) ;
#1064 = DIRECTION ( 'NONE',  ( 0.000000000000000000, -1.000000000000000000, 0.000000000000000000 ) ) ;
#1065 = ORIENTED_EDGE ( 'NONE', *, *, #555, .T. ) ;
#1066 = DIRECTION ( 'NONE',  ( -1.000000000000000000, 0.000000000000000000, 0.000000000000000000 ) ) ;
#1067 = CYLINDRICAL_SURFACE ( 'NONE', #965, 2.017453735581486995 ) ;
#1068 = LINE ( 'NONE', #1505, #474 ) ;
#1069 = ORIENTED_EDGE ( 'NONE', *, *, #1728, .F. ) ;
#1070 = ORIENTED_EDGE ( 'NONE', *, *, #1370, .T. ) ;
#1071 = AXIS2_PLACEMENT_3D ( 'NONE', #464, #1016, #1673 ) ;
#1072 = LINE ( 'NONE', #1361, #612 ) ;
#1073 = ORIENTED_EDGE ( 'NONE', *, *, #1605, .T. ) ;
#1074 = PRODUCT ( 'Box', 'Box', '', ( #1399 ) ) ;
#1075 = CARTESIAN_POINT ( 'NONE',  ( -10.11499999999999844, -14.14999999999999503, 3.200000000000000178 ) ) ;
#1076 = ORIENTED_EDGE ( 'NONE', *, *, #11, .F. ) ;
#1077 = LINE ( 'NONE', #1242, #103 ) ;
#1078 =( LENGTH_UNIT ( ) NAMED_UNIT ( * ) SI_UNIT ( .MILLI., .METRE. ) );
#1079 = EDGE_LOOP ( 'NONE', ( #798, #1259, #514, #648 ) ) ;
#1080 = LINE ( 'NONE', #185, #1590 ) ;
#1081 = APPLICATION_CONTEXT ( 'automotive_design' ) ;
#1082 = ORIENTED_EDGE ( 'NONE', *, *, #419, .F. ) ;
#1083 = ADVANCED_FACE ( 'NONE', ( #460 ), #179, .F. ) ;
#1084 = VECTOR ( 'NONE', #1798, 1000.000000000000000 ) ;
#1085 = EDGE_LOOP ( 'NONE', ( #1488, #1729, #1623, #1090 ) ) ;
#1086 = AXIS2_PLACEMENT_3D ( 'NONE', #487, #476, #451 ) ;
#1087 = VECTOR ( 'NONE', #1824, 1000.000000000000000 ) ;
#1088 = CARTESIAN_POINT ( 'NONE',  ( 1292.653337297401777, 686.3717685264275588, 835.8243055021930559 ) ) ;
#1089 = CARTESIAN_POINT ( 'NONE',  ( 11.61500000000000199, 12.65000000000000924, 5.200000000000000178 ) ) ;
#1090 = ORIENTED_EDGE ( 'NONE', *, *, #1424, .T. ) ;
#1091 = EDGE_LOOP ( 'NONE', ( #1588, #385, #1827, #778 ) ) ;
#1092 = ADVANCED_FACE ( 'NONE', ( #1348 ), #188, .F. ) ;
#1093 = CARTESIAN_POINT ( 'NONE',  ( 10.11500000000000199, 15.65000000000000746, 3.200000000000000178 ) ) ;
#1094 = ORIENTED_EDGE ( 'NONE', *, *, #323, .F. ) ;
#1095 = AXIS2_PLACEMENT_3D ( 'NONE', #1221, #1630, #1350 ) ;
#1096 = ORIENTED_EDGE ( 'NONE', *, *, #742, .T. ) ;
#1097 = FACE_OUTER_BOUND ( 'NONE', #1188, .T. ) ;
#1098 = LINE ( 'NONE', #1560, #250 ) ;
#1099 = PRESENTATION_STYLE_ASSIGNMENT (( #1832 ) ) ;
#1100 = EDGE_CURVE ( 'NONE', #120, #689, #1874, .T. ) ;
#1101 = CARTESIAN_POINT ( 'NONE',  ( 1290.635883561820265, 661.0717685264274905, 874.0559641186409863 ) ) ;
#1102 = EDGE_CURVE ( 'NONE', #703, #213, #1768, .T. ) ;
#1103 = EDGE_LOOP ( 'NONE', ( #2, #1446, #100, #991 ) ) ;
#1104 = FACE_OUTER_BOUND ( 'NONE', #387, .T. ) ;
#1105 = EDGE_LOOP ( 'NONE', ( #1388, #605, #1305, #237, #735, #235 ) ) ;
#1106 = PRODUCT ( 'Part6^Assem3', 'Part6^Assem3', '', ( #262 ) ) ;
#1107 = CARTESIAN_POINT ( 'NONE',  ( 10.11500000000000199, 14.15000000000000568, 3.200000000000000178 ) ) ;
#1108 = CARTESIAN_POINT ( 'NONE',  ( 8.615000000000001990, 12.65000000000000924, 5.200000000000000178 ) ) ;
#1109 = EDGE_CURVE ( 'NONE', #1239, #1663, #1751, .T. ) ;
#1110 = CARTESIAN_POINT ( 'NONE',  ( 10.11500000000000199, -14.14999999999999503, 3.200000000000000178 ) ) ;
#1111 = LINE ( 'NONE', #1714, #1813 ) ;
#1112 = VERTEX_POINT ( 'NONE', #163 ) ;
#1113 = DIRECTION ( 'NONE',  ( 0.000000000000000000, -1.000000000000000000, 0.000000000000000000 ) ) ;
#1114 = EDGE_CURVE ( 'NONE', #1248, #1869, #1180, .T. ) ;
#1115 = VECTOR ( 'NONE', #206, 1000.000000000000000 ) ;
#1116 = ORIENTED_EDGE ( 'NONE', *, *, #691, .T. ) ;
#1117 = CLOSED_SHELL ( 'NONE', ( #484, #1609, #1787, #271, #1809, #1561, #477, #80, #803, #303, #1083, #1422, #164, #105, #482, #1580, #701, #1030, #1562, #1299, #1382, #853, #544, #986, #600, #1517, #1777, #1402, #420, #729, #732, #1846, #281, #874, #441, #614, #112, #598, #1237, #1240, #690, #726, #1155, #1639, #286, #1214, #588, #1092 ) ) ;
#1118 = CARTESIAN_POINT ( 'NONE',  ( -8.464999999999998082, 12.35000000000000675, -1.500000000000000000 ) ) ;
#1119 = VECTOR ( 'NONE', #727, 1000.000000000000000 ) ;
#1120 = COLOUR_RGB ( '',0.7921568627450980005, 0.8196078431372548767, 0.9333333333333333481 ) ;
#1121 = APPLICATION_PROTOCOL_DEFINITION ( 'draft international standard', 'automotive_design', 1998, #1892 ) ;
#1122 = VECTOR ( 'NONE', #680, 1000.000000000000000 ) ;
#1123 = DIRECTION ( 'NONE',  ( 0.000000000000000000, 0.000000000000000000, -1.000000000000000000 ) ) ;
#1124 = PLANE ( 'NONE',  #1282 ) ;
#1125 = VERTEX_POINT ( 'NONE', #737 ) ;
#1126 = CARTESIAN_POINT ( 'NONE',  ( -8.614999999999998437, -12.64999999999999858, 1.100000000000000311 ) ) ;
#1127 = ORIENTED_EDGE ( 'NONE', *, *, #1872, .F. ) ;
#1128 = EDGE_CURVE ( 'NONE', #1193, #1901, #622, .T. ) ;
#1129 = CARTESIAN_POINT ( 'NONE',  ( 0.000000000000000000, 14.65000000000000746, 3.200000000000000178 ) ) ;
#1130 = EDGE_CURVE ( 'NONE', #1266, #819, #895, .T. ) ;
#1131 = AXIS2_PLACEMENT_3D ( 'NONE', #1855, #652, #1390 ) ;
#1132 = FACE_OUTER_BOUND ( 'NONE', #534, .T. ) ;
#1133 = FACE_OUTER_BOUND ( 'NONE', #596, .T. ) ;
#1134 = DIRECTION ( 'NONE',  ( 1.000000000000000000, 0.000000000000000000, 0.000000000000000000 ) ) ;
#1135 = VERTEX_POINT ( 'NONE', #1049 ) ;
#1136 = DIRECTION ( 'NONE',  ( -1.000000000000000000, 0.000000000000000000, 0.000000000000000000 ) ) ;
#1137 = CARTESIAN_POINT ( 'NONE',  ( 1292.653337297401777, 661.0717685264274905, 835.8243055021930559 ) ) ;
#1138 = VECTOR ( 'NONE', #491, 1000.000000000000000 ) ;
#1139 = VERTEX_POINT ( 'NONE', #1650 ) ;
#1140 = EDGE_CURVE ( 'NONE', #1635, #927, #1170, .T. ) ;
#1141 = CARTESIAN_POINT ( 'NONE',  ( 1292.653337297401777, 686.3717685264275588, 874.0559641186409863 ) ) ;
#1142 = EDGE_CURVE ( 'NONE', #1019, #1712, #1021, .T. ) ;
#1143 = FACE_OUTER_BOUND ( 'NONE', #516, .T. ) ;
#1144 = EDGE_LOOP ( 'NONE', ( #1739, #89, #219, #1116, #1073, #362 ) ) ;
#1145 = CARTESIAN_POINT ( 'NONE',  ( 1290.635883561820265, 688.3892222620090706, 835.8243055021930559 ) ) ;
#1146 = AXIS2_PLACEMENT_3D ( 'NONE', #291, #1310, #1592 ) ;
#1147 = CARTESIAN_POINT ( 'NONE',  ( -8.998997109999997690, 15.65100000000001224, 1.100000000000000311 ) ) ;
#1148 = VERTEX_POINT ( 'NONE', #1329 ) ;
#1149 = CARTESIAN_POINT ( 'NONE',  ( 10.11500000000000199, 13.97287565553230237, 3.199999999999999734 ) ) ;
#1150 = DIRECTION ( 'NONE',  ( -0.000000000000000000, -0.000000000000000000, 1.000000000000000000 ) ) ;
#1151 = AXIS2_PLACEMENT_3D ( 'NONE', #156, #1043, #602 ) ;
#1152 = CIRCLE ( 'NONE', #550, 2.017453735581517194 ) ;
#1153 = SHAPE_REPRESENTATION ( 'Assem3', ( #836, #925, #864 ), #294 ) ;
#1154 = ORIENTED_EDGE ( 'NONE', *, *, #1378, .T. ) ;
#1155 = ADVANCED_FACE ( 'NONE', ( #1035 ), #1339, .T. ) ;
#1156 = FACE_OUTER_BOUND ( 'NONE', #658, .T. ) ;
#1157 = CIRCLE ( 'NONE', #1058, 2.000000000000000000 ) ;
#1158 = ORIENTED_EDGE ( 'NONE', *, *, #1314, .F. ) ;
#1159 = EDGE_CURVE ( 'NONE', #1135, #1148, #317, .T. ) ;
#1160 = CARTESIAN_POINT ( 'NONE',  ( -9.942268100745993209, 14.16163582356534612, 4.533333315495141846 ) ) ;
#1161 = ORIENTED_EDGE ( 'NONE', *, *, #1056, .T. ) ;
#1162 = PLANE ( 'NONE',  #1873 ) ;
#1163 = CARTESIAN_POINT ( 'NONE',  ( 1290.635883561820265, 661.0717685264274905, 835.8243055021930559 ) ) ;
#1164 = LINE ( 'NONE', #1482, #1640 ) ;
#1165 = EDGE_CURVE ( 'NONE', #1112, #789, #1697, .T. ) ;
#1166 = VERTEX_POINT ( 'NONE', #1434 ) ;
#1167 = CARTESIAN_POINT ( 'NONE',  ( -10.12081791170366962, 13.97507461946339546, 3.866666648695209041 ) ) ;
#1168 = AXIS2_PLACEMENT_3D ( 'NONE', #1710, #389, #251 ) ;
#1169 = ORIENTED_EDGE ( 'NONE', *, *, #1546, .T. ) ;
#1170 = LINE ( 'NONE', #1805, #394 ) ;
#1171 = CIRCLE ( 'NONE', #741, 2.000000000000000000 ) ;
#1172 = EDGE_CURVE ( 'NONE', #1135, #1499, #386, .T. ) ;
#1173 = DIRECTION ( 'NONE',  ( 0.000000000000000000, -0.000000000000000000, -1.000000000000000000 ) ) ;
#1174 = DIRECTION ( 'NONE',  ( -0.000000000000000000, 0.9999619230641713097, 0.008726535498373953759 ) ) ;
#1175 = DIRECTION ( 'NONE',  ( -0.000000000000000000, -0.000000000000000000, 1.000000000000000000 ) ) ;
#1176 = EDGE_CURVE ( 'NONE', #229, #919, #553, .T. ) ;
#1177 = PRODUCT_DEFINITION_CONTEXT ( 'detailed design', #795, 'design' ) ;
#1178 = ORIENTED_EDGE ( 'NONE', *, *, #691, .F. ) ;
#1179 = EDGE_CURVE ( 'NONE', #517, #1328, #999, .T. ) ;
#1180 = LINE ( 'NONE', #1355, #154 ) ;
#1181 = PLANE ( 'NONE',  #3 ) ;
#1182 = LINE ( 'NONE', #479, #83 ) ;
#1183 = DIRECTION ( 'NONE',  ( 1.000000000000000000, 0.000000000000000000, 0.000000000000000000 ) ) ;
#1184 = VERTEX_POINT ( 'NONE', #397 ) ;
#1185 = VECTOR ( 'NONE', #1513, 1000.000000000000000 ) ;
#1186 = MECHANICAL_DESIGN_GEOMETRIC_PRESENTATION_REPRESENTATION (  '', ( #212 ), #817 ) ;
#1187 = DIRECTION ( 'NONE',  ( 0.000000000000000000, -1.000000000000000000, 0.000000000000000000 ) ) ;
#1188 = EDGE_LOOP ( 'NONE', ( #1274, #1002, #1255, #1862 ) ) ;
#1189 = DIRECTION ( 'NONE',  ( 0.000000000000000000, 0.000000000000000000, 1.000000000000000000 ) ) ;
#1190 = CARTESIAN_POINT ( 'NONE',  ( 1271.388429826238735, 661.0717685264274905, 874.0559641186409863 ) ) ;
#1191 = CARTESIAN_POINT ( 'NONE',  ( -8.464999999999998082, 12.35000000000000675, -1.500999999999999890 ) ) ;
#1192 = DIRECTION ( 'NONE',  ( -0.000000000000000000, -0.000000000000000000, -1.000000000000000000 ) ) ;
#1193 = VERTEX_POINT ( 'NONE', #979 ) ;
#1194 = CARTESIAN_POINT ( 'NONE',  ( -11.61499999999999844, 12.65000000000000924, 3.200000000000000178 ) ) ;
#1195 = ORIENTED_EDGE ( 'NONE', *, *, #1424, .F. ) ;
#1196 = DIRECTION ( 'NONE',  ( -0.000000000000000000, 1.000000000000000000, -0.000000000000000000 ) ) ;
#1197 = CARTESIAN_POINT ( 'NONE',  ( -9.944456180391636479, 14.16745373558152465, 5.200000000000000178 ) ) ;
#1198 = CARTESIAN_POINT ( 'NONE',  ( 10.63245373558151918, -12.64999999999999858, 5.200000000000000178 ) ) ;
#1199 =( NAMED_UNIT ( * ) PLANE_ANGLE_UNIT ( ) SI_UNIT ( $, .RADIAN. ) );
#1200 = CONICAL_SURFACE ( 'NONE', #1856, 2.000000000000000000, 0.008726646259971666819 ) ;
#1201 = EDGE_CURVE ( 'NONE', #689, #971, #1567, .T. ) ;
#1202 = ORIENTED_EDGE ( 'NONE', *, *, #1641, .F. ) ;
#1203 = PLANE ( 'NONE',  #939 ) ;
#1204 = DIRECTION ( 'NONE',  ( -1.000000000000000000, 0.000000000000000000, 0.000000000000000000 ) ) ;
#1205 = VERTEX_POINT ( 'NONE', #700 ) ;
#1206 = LINE ( 'NONE', #873, #458 ) ;
#1207 = CARTESIAN_POINT ( 'NONE',  ( 6.535000000000001030, 12.35000000000000675, 0.000000000000000000 ) ) ;
#1208 = FACE_OUTER_BOUND ( 'NONE', #1683, .T. ) ;
#1209 = CARTESIAN_POINT ( 'NONE',  ( -8.998997109999997690, -15.64999999999999680, 1.100000000000000311 ) ) ;
#1210 = AXIS2_PLACEMENT_3D ( 'NONE', #1572, #1150, #1448 ) ;
#1211 = CARTESIAN_POINT ( 'NONE',  ( 10.61500000000000377, -12.64999999999999858, 3.200000000000000178 ) ) ;
#1212 = CIRCLE ( 'NONE', #63, 2.017453735581518082 ) ;
#1213 = ORIENTED_EDGE ( 'NONE', *, *, #523, .F. ) ;
#1214 = ADVANCED_FACE ( 'NONE', ( #285 ), #859, .F. ) ;
#1215 = DIRECTION ( 'NONE',  ( 0.000000000000000000, -1.000000000000000000, 0.000000000000000000 ) ) ;
#1216 = EDGE_CURVE ( 'NONE', #1716, #1328, #245, .T. ) ;
#1217 = VECTOR ( 'NONE', #1187, 1000.000000000000000 ) ;
#1218 = ORIENTED_EDGE ( 'NONE', *, *, #620, .F. ) ;
#1219 = AXIS2_PLACEMENT_3D ( 'NONE', #117, #1291, #706 ) ;
#1220 = CARTESIAN_POINT ( 'NONE',  ( 9.944456180391640032, -14.16745373558151400, 5.200000000000000178 ) ) ;
#1221 = CARTESIAN_POINT ( 'NONE',  ( 1282.020883561820256, 673.7217685264274678, 872.0559641186409863 ) ) ;
#1222 = CARTESIAN_POINT ( 'NONE',  ( 9.940074619463391770, -14.15581791170366621, 3.866666648695209041 ) ) ;
#1223 = ORIENTED_EDGE ( 'NONE', *, *, #378, .T. ) ;
#1224 = ORIENTED_EDGE ( 'NONE', *, *, #1759, .T. ) ;
#1225 = DIRECTION ( 'NONE',  ( 0.000000000000000000, 1.000000000000000000, 0.000000000000000000 ) ) ;
#1226 = ADVANCED_FACE ( 'NONE', ( #1554 ), #959, .T. ) ;
#1227 = EDGE_LOOP ( 'NONE', ( #10, #56, #1154, #1470, #1649, #771 ) ) ;
#1228 = EDGE_CURVE ( 'NONE', #213, #971, #883, .T. ) ;
#1229 = CARTESIAN_POINT ( 'NONE',  ( -8.614999999999998437, -12.64999999999999858, 5.200000000000000178 ) ) ;
#1230 = ORIENTED_EDGE ( 'NONE', *, *, #1176, .T. ) ;
#1231 = LINE ( 'NONE', #1381, #1594 ) ;
#1232 = SURFACE_STYLE_FILL_AREA ( #1694 ) ;
#1233 = AXIS2_PLACEMENT_3D ( 'NONE', #985, #1301, #1808 ) ;
#1234 = VERTEX_POINT ( 'NONE', #535 ) ;
#1235 = EDGE_CURVE ( 'NONE', #1184, #1757, #674, .T. ) ;
#1236 = CARTESIAN_POINT ( 'NONE',  ( 8.615000000000001990, -12.64999999999999858, 3.199999999999999734 ) ) ;
#1237 = ADVANCED_FACE ( 'NONE', ( #407 ), #1250, .F. ) ;
#1238 = ORIENTED_EDGE ( 'NONE', *, *, #902, .T. ) ;
#1239 = VERTEX_POINT ( 'NONE', #417 ) ;
#1240 = ADVANCED_FACE ( 'NONE', ( #1104 ), #248, .T. ) ;
#1241 = PLANE ( 'NONE',  #428 ) ;
#1242 = CARTESIAN_POINT ( 'NONE',  ( 1290.635883561820265, 659.0543147908459787, 835.8243055021930559 ) ) ;
#1243 =( NAMED_UNIT ( * ) PLANE_ANGLE_UNIT ( ) SI_UNIT ( $, .RADIAN. ) );
#1244 = VERTEX_POINT ( 'NONE', #989 ) ;
#1245 = CARTESIAN_POINT ( 'NONE',  ( -8.614999999999998437, -15.64999999999999680, 5.200000000000000178 ) ) ;
#1246 = EDGE_LOOP ( 'NONE', ( #1224, #1010, #1178, #40, #345, #1127 ) ) ;
#1247 = AXIS2_PLACEMENT_3D ( 'NONE', #1599, #1899, #1447 ) ;
#1248 = VERTEX_POINT ( 'NONE', #1417 ) ;
#1249 = CONICAL_SURFACE ( 'NONE', #669, 2.000000000000000000, 0.008726646259971666819 ) ;
#1250 = CONICAL_SURFACE ( 'NONE', #337, 2.000000000000000000, 0.008726646259971666819 ) ;
#1251 = LINE ( 'NONE', #1531, #366 ) ;
#1252 = DIRECTION ( 'NONE',  ( 0.000000000000000000, 0.000000000000000000, 1.000000000000000000 ) ) ;
#1253 = VERTEX_POINT ( 'NONE', #110 ) ;
#1254 = CARTESIAN_POINT ( 'NONE',  ( 10.11500000000000199, -13.97287565553229172, 3.199999999999999734 ) ) ;
#1255 = ORIENTED_EDGE ( 'NONE', *, *, #1412, .T. ) ;
#1256 = DIRECTION ( 'NONE',  ( 0.000000000000000000, 0.000000000000000000, 1.000000000000000000 ) ) ;
#1257 = EDGE_CURVE ( 'NONE', #666, #350, #1586, .T. ) ;
#1258 = DIRECTION ( 'NONE',  ( 0.000000000000000000, 0.008726535498373953759, 0.9999619230641713097 ) ) ;
#1259 = ORIENTED_EDGE ( 'NONE', *, *, #1492, .F. ) ;
#1260 = DIRECTION ( 'NONE',  ( -1.000000000000000000, 0.000000000000000000, 0.000000000000000000 ) ) ;
#1261 =( NAMED_UNIT ( * ) PLANE_ANGLE_UNIT ( ) SI_UNIT ( $, .RADIAN. ) );
#1262 = EDGE_CURVE ( 'NONE', #781, #1817, #276, .T. ) ;
#1263 = DIRECTION ( 'NONE',  ( 0.000000000000000000, 1.000000000000000000, 0.000000000000000000 ) ) ;
#1264 = ORIENTED_EDGE ( 'NONE', *, *, #897, .F. ) ;
#1265 = CARTESIAN_POINT ( 'NONE',  ( 1271.388429826238735, 686.3717685264275588, 872.0559641186409863 ) ) ;
#1266 = VERTEX_POINT ( 'NONE', #688 ) ;
#1267 = DIRECTION ( 'NONE',  ( 1.000000000000000000, 0.000000000000000000, 0.000000000000000000 ) ) ;
#1268 = DIRECTION ( 'NONE',  ( 0.000000000000000000, 0.000000000000000000, 1.000000000000000000 ) ) ;
#1269 = DIRECTION ( 'NONE',  ( -1.000000000000000000, 0.000000000000000000, 0.000000000000000000 ) ) ;
#1270 = VECTOR ( 'NONE', #1666, 1000.000000000000000 ) ;
#1271 = MANIFOLD_SOLID_BREP ( 'Cut-Extrude2', #1117 ) ;
#1272 = LINE ( 'NONE', #1891, #1122 ) ;
#1273 = EDGE_CURVE ( 'NONE', #1484, #1836, #1647, .T. ) ;
#1274 = ORIENTED_EDGE ( 'NONE', *, *, #1201, .F. ) ;
#1275 = DIRECTION ( 'NONE',  ( 1.000000000000000000, 0.000000000000000000, 0.000000000000000000 ) ) ;
#1276 = DIRECTION ( 'NONE',  ( -1.000000000000000000, -2.548603102420060368E-19, 2.920409892216846763E-17 ) ) ;
#1277 = EDGE_LOOP ( 'NONE', ( #1264, #18, #1347, #621 ) ) ;
#1278 = CARTESIAN_POINT ( 'NONE',  ( 8.615000000000001990, -12.64999999999999858, -1.500000000000000000 ) ) ;
#1279 = AXIS2_PLACEMENT_3D ( 'NONE', #556, #1758, #1887 ) ;
#1280 = AXIS2_PLACEMENT_3D ( 'NONE', #1303, #1634, #1476 ) ;
#1281 =( NAMED_UNIT ( * ) SI_UNIT ( $, .STERADIAN. ) SOLID_ANGLE_UNIT ( ) );
#1282 = AXIS2_PLACEMENT_3D ( 'NONE', #393, #1858, #987 ) ;
#1283 = CARTESIAN_POINT ( 'NONE',  ( 10.11500000000000199, -14.14999999999999503, 3.200000000000000178 ) ) ;
#1284 = CYLINDRICAL_SURFACE ( 'NONE', #642, 2.017453735581486995 ) ;
#1285 = ORIENTED_EDGE ( 'NONE', *, *, #1319, .T. ) ;
#1286 = CARTESIAN_POINT ( 'NONE',  ( 1273.405883561820247, 686.3717685264275588, 835.8243055021930559 ) ) ;
#1287 = ORIENTED_EDGE ( 'NONE', *, *, #169, .F. ) ;
#1288 = CARTESIAN_POINT ( 'NONE',  ( -10.11499999999999844, -14.14999999999999503, 3.200000000000000178 ) ) ;
#1289 = CARTESIAN_POINT ( 'NONE',  ( 10.11500000000000199, -14.14999999999999503, 3.200000000000000178 ) ) ;
#1290 = CARTESIAN_POINT ( 'NONE',  ( 11.61500000000000199, 12.65000000000000924, -1.500000000000000000 ) ) ;
#1291 = DIRECTION ( 'NONE',  ( 0.000000000000000000, 1.000000000000000000, -0.000000000000000000 ) ) ;
#1292 = VERTEX_POINT ( 'NONE', #708 ) ;
#1293 = EDGE_CURVE ( 'NONE', #1139, #1484, #72, .T. ) ;
#1294 = FILL_AREA_STYLE_COLOUR ( '', #1120 ) ;
#1295 = CARTESIAN_POINT ( 'NONE',  ( 6.535000000000001030, 12.35000000000000675, -1.500000000000000000 ) ) ;
#1296 = ORIENTED_EDGE ( 'NONE', *, *, #1460, .T. ) ;
#1297 = AXIS2_PLACEMENT_3D ( 'NONE', #292, #314, #283 ) ;
#1298 = LINE ( 'NONE', #1012, #16 ) ;
#1299 = ADVANCED_FACE ( 'NONE', ( #456 ), #1451, .F. ) ;
#1300 = DIRECTION ( 'NONE',  ( 1.000000000000000000, -0.000000000000000000, -0.000000000000000000 ) ) ;
#1301 = DIRECTION ( 'NONE',  ( 0.9999619230641713097, 0.000000000000000000, 0.008726535498373953759 ) ) ;
#1302 = CARTESIAN_POINT ( 'NONE',  ( 10.11500000000000199, -14.14999999999999503, 3.200000000000000178 ) ) ;
#1303 = CARTESIAN_POINT ( 'NONE',  ( -8.464999999999998082, 7.950000000000005507, -1.500999999999999890 ) ) ;
#1304 = ADVANCED_BREP_SHAPE_REPRESENTATION ( '', ( #1271, #629 ), #115 ) ;
#1305 = ORIENTED_EDGE ( 'NONE', *, *, #55, .T. ) ;
#1306 = CIRCLE ( 'NONE', #879, 2.017453735581486995 ) ;
#1307 = CARTESIAN_POINT ( 'NONE',  ( -8.614999999999998437, 14.66745373558152465, 5.200000000000000178 ) ) ;
#1308 = EDGE_CURVE ( 'NONE', #287, #186, #38, .T. ) ;
#1309 = DIRECTION ( 'NONE',  ( -1.000000000000000000, 0.000000000000000000, 0.000000000000000000 ) ) ;
#1310 = DIRECTION ( 'NONE',  ( 1.000000000000000000, 0.000000000000000000, 0.000000000000000000 ) ) ;
#1311 = VECTOR ( 'NONE', #170, 1000.000000000000000 ) ;
#1312 = LINE ( 'NONE', #1631, #1876 ) ;
#1313 = VECTOR ( 'NONE', #1134, 1000.000000000000000 ) ;
#1314 = EDGE_CURVE ( 'NONE', #73, #861, #1611, .T. ) ;
#1315 = VECTOR ( 'NONE', #1501, 1000.000000000000000 ) ;
#1316 = VERTEX_POINT ( 'NONE', #332 ) ;
#1317 =( NAMED_UNIT ( * ) PLANE_ANGLE_UNIT ( ) SI_UNIT ( $, .RADIAN. ) );
#1318 = ORIENTED_EDGE ( 'NONE', *, *, #1367, .T. ) ;
#1319 = EDGE_CURVE ( 'NONE', #1112, #22, #1152, .T. ) ;
#1320 = CARTESIAN_POINT ( 'NONE',  ( 10.11500000000000199, -14.14999999999999503, 3.200000000000000178 ) ) ;
#1321 = EDGE_CURVE ( 'NONE', #73, #709, #324, .T. ) ;
#1322 = CARTESIAN_POINT ( 'NONE',  ( 10.13245373558152096, -14.16745373558151400, 5.200000000000000178 ) ) ;
#1323 = FACE_OUTER_BOUND ( 'NONE', #1475, .T. ) ;
#1324 = AXIS2_PLACEMENT_3D ( 'NONE', #905, #887, #346 ) ;
#1325 = LINE ( 'NONE', #595, #353 ) ;
#1326 = VERTEX_POINT ( 'NONE', #1624 ) ;
#1327 = CARTESIAN_POINT ( 'NONE',  ( -10.12663582356533887, 13.97726810074599868, 4.533333315495141846 ) ) ;
#1328 = VERTEX_POINT ( 'NONE', #1603 ) ;
#1329 = CARTESIAN_POINT ( 'NONE',  ( 1271.388429826238735, 686.3717685264275588, 874.0559641186409863 ) ) ;
#1330 = VECTOR ( 'NONE', #1192, 1000.000000000000000 ) ;
#1331 = DIRECTION ( 'NONE',  ( 2.920409892216846763E-17, -0.000000000000000000, 1.000000000000000000 ) ) ;
#1332 = PLANE ( 'NONE',  #590 ) ;
#1333 = DIRECTION ( 'NONE',  ( -0.000000000000000000, -0.000000000000000000, 1.000000000000000000 ) ) ;
#1334 = ORIENTED_EDGE ( 'NONE', *, *, #162, .F. ) ;
#1335 = CARTESIAN_POINT ( 'NONE',  ( -9.940074619463388217, 14.15581791170367687, 3.866666648695209041 ) ) ;
#1336 = UNCERTAINTY_MEASURE_WITH_UNIT (LENGTH_MEASURE( 1.000000000000000082E-05 ), #1078, 'distance_accuracy_value', 'NONE');
#1337 = ORIENTED_EDGE ( 'NONE', *, *, #1172, .T. ) ;
#1338 = DIRECTION ( 'NONE',  ( 0.000000000000000000, 0.000000000000000000, 1.000000000000000000 ) ) ;
#1339 = PLANE ( 'NONE',  #182 ) ;
#1340 = CARTESIAN_POINT ( 'NONE',  ( -8.998997109999999466, -15.62532287651468721, 3.300000000000000266 ) ) ;
#1341 = CARTESIAN_POINT ( 'NONE',  ( -8.464999999999998082, 7.950000000000005507, -1.500000000000000000 ) ) ;
#1342 = CARTESIAN_POINT ( 'NONE',  ( 8.615000000000001990, 15.65000000000000746, -1.500000000000000000 ) ) ;
#1343 = ORIENTED_EDGE ( 'NONE', *, *, #392, .T. ) ;
#1344 = VECTOR ( 'NONE', #1410, 1000.000000000000000 ) ;
#1345 = VECTOR ( 'NONE', #1871, 1000.000000000000000 ) ;
#1346 = CARTESIAN_POINT ( 'NONE',  ( -9.944456180391636479, 14.16745373558152465, 5.200000000000000178 ) ) ;
#1347 = ORIENTED_EDGE ( 'NONE', *, *, #566, .T. ) ;
#1348 = FACE_OUTER_BOUND ( 'NONE', #1246, .T. ) ;
#1349 = LINE ( 'NONE', #1480, #1842 ) ;
#1350 = DIRECTION ( 'NONE',  ( -1.000000000000000000, 0.000000000000000000, -0.000000000000000000 ) ) ;
#1351 = CARTESIAN_POINT ( 'NONE',  ( 9.937875655532298680, -14.14999999999999503, 3.200000000000000178 ) ) ;
#1352 = EDGE_LOOP ( 'NONE', ( #1397, #1195, #928, #398 ) ) ;
#1353 = CARTESIAN_POINT ( 'NONE',  ( -8.464999999999998082, 12.35000000000000675, -1.500999999999999890 ) ) ;
#1354 = VERTEX_POINT ( 'NONE', #903 ) ;
#1355 = CARTESIAN_POINT ( 'NONE',  ( 10.11500000000000199, -14.14999999999999503, 3.200000000000000178 ) ) ;
#1356 = CYLINDRICAL_SURFACE ( 'NONE', #576, 2.999999999999999112 ) ;
#1357 = CARTESIAN_POINT ( 'NONE',  ( 1290.635883561820265, 688.3892222620090706, 872.0559641186409863 ) ) ;
#1358 = EDGE_CURVE ( 'NONE', #854, #1515, #315, .T. ) ;
#1359 = PRODUCT_DEFINITION ( 'UNKNOWN', '', #20, #1788 ) ;
#1360 = ORIENTED_EDGE ( 'NONE', *, *, #532, .F. ) ;
#1361 = CARTESIAN_POINT ( 'NONE',  ( 1271.388429826238735, 686.3717685264275588, 874.0559641186409863 ) ) ;
#1362 = DIRECTION ( 'NONE',  ( 0.000000000000000000, 0.008726535498373953759, 0.9999619230641713097 ) ) ;
#1363 = VERTEX_POINT ( 'NONE', #1485 ) ;
#1364 = DIRECTION ( 'NONE',  ( -1.000000000000000000, 0.000000000000000000, 0.000000000000000000 ) ) ;
#1365 = CARTESIAN_POINT ( 'NONE',  ( 10.13245373558152096, -13.97945618039163129, 5.200000000000000178 ) ) ;
#1366 = LINE ( 'NONE', #1357, #1541 ) ;
#1367 = EDGE_CURVE ( 'NONE', #229, #1205, #44, .T. ) ;
#1368 =( NAMED_UNIT ( * ) SI_UNIT ( $, .STERADIAN. ) SOLID_ANGLE_UNIT ( ) );
#1369 = ORIENTED_EDGE ( 'NONE', *, *, #62, .T. ) ;
#1370 = EDGE_CURVE ( 'NONE', #709, #1530, #722, .T. ) ;
#1371 = FACE_OUTER_BOUND ( 'NONE', #851, .T. ) ;
#1372 = B_SPLINE_CURVE_WITH_KNOTS ( 'NONE', 3,
 ( #826, #1420, #1692, #374 ),
 .UNSPECIFIED., .F., .F.,
 ( 4, 4 ),
 ( 0.000000000000000000, 0.002000086982156819293 ),
 .UNSPECIFIED. ) ;
#1373 = AXIS2_PLACEMENT_3D ( 'NONE', #1389, #814, #388 ) ;
#1374 = VECTOR ( 'NONE', #844, 1000.000000000000000 ) ;
#1375 = VERTEX_POINT ( 'NONE', #19 ) ;
#1376 = VECTOR ( 'NONE', #533, 1000.000000000000000 ) ;
#1377 = ORIENTED_EDGE ( 'NONE', *, *, #897, .T. ) ;
#1378 = EDGE_CURVE ( 'NONE', #1184, #1556, #884, .T. ) ;
#1379 = EDGE_CURVE ( 'NONE', #1499, #279, #295, .T. ) ;
#1380 = DIRECTION ( 'NONE',  ( 0.000000000000000000, 0.000000000000000000, -1.000000000000000000 ) ) ;
#1381 = CARTESIAN_POINT ( 'NONE',  ( -10.11499999999999844, -14.14999999999999503, 0.000000000000000000 ) ) ;
#1382 = ADVANCED_FACE ( 'NONE', ( #1459 ), #733, .F. ) ;
#1383 = DIRECTION ( 'NONE',  ( 0.000000000000000000, 0.000000000000000000, 1.000000000000000000 ) ) ;
#1384 = VERTEX_POINT ( 'NONE', #1803 ) ;
#1385 = ORIENTED_EDGE ( 'NONE', *, *, #312, .F. ) ;
#1386 = DIRECTION ( 'NONE',  ( 0.008726203243944236423, 0.008726203243944236423, -0.9999238504775704861 ) ) ;
#1387 = ORIENTED_EDGE ( 'NONE', *, *, #1445, .F. ) ;
#1388 = ORIENTED_EDGE ( 'NONE', *, *, #1179, .F. ) ;
#1389 = CARTESIAN_POINT ( 'NONE',  ( 1290.635883561820265, 688.3892222620090706, 835.8243055021930559 ) ) ;
#1390 = DIRECTION ( 'NONE',  ( -1.000000000000000000, -8.598578720204381653E-16, 0.000000000000000000 ) ) ;
#1391 = CARTESIAN_POINT ( 'NONE',  ( -10.11284505056755201, 14.14784505056755570, 2.953067253439111362 ) ) ;
#1392 = ORIENTED_EDGE ( 'NONE', *, *, #1704, .T. ) ;
#1393 = VECTOR ( 'NONE', #166, 1000.000000000000000 ) ;
#1394 = EDGE_LOOP ( 'NONE', ( #1238, #1296, #88, #1537, #1747, #316, #111, #1161 ) ) ;
#1395 = DIRECTION ( 'NONE',  ( -1.000000000000000000, 0.000000000000000000, 0.000000000000000000 ) ) ;
#1396 = ORIENTED_EDGE ( 'NONE', *, *, #1358, .F. ) ;
#1397 = ORIENTED_EDGE ( 'NONE', *, *, #141, .F. ) ;
#1398 = CARTESIAN_POINT ( 'NONE',  ( 10.11500000000000199, -14.14999999999999503, 0.000000000000000000 ) ) ;
#1399 = PRODUCT_CONTEXT ( 'NONE', #606, 'mechanical' ) ;
#1400 = CIRCLE ( 'NONE', #1210, 2.000000000000000000 ) ;
#1401 =( NAMED_UNIT ( * ) SI_UNIT ( $, .STERADIAN. ) SOLID_ANGLE_UNIT ( ) );
#1402 = ADVANCED_FACE ( 'NONE', ( #71 ), #646, .T. ) ;
#1403 = PLANE ( 'NONE',  #885 ) ;
#1404 = AXIS2_PLACEMENT_3D ( 'NONE', #1578, #1000, #1258 ) ;
#1405 = ORIENTED_EDGE ( 'NONE', *, *, #392, .F. ) ;
#1406 = AXIS2_PLACEMENT_3D ( 'NONE', #1790, #631, #198 ) ;
#1407 = ORIENTED_EDGE ( 'NONE', *, *, #1665, .T. ) ;
#1408 = VECTOR ( 'NONE', #113, 1000.000000000000000 ) ;
#1409 = VECTOR ( 'NONE', #686, 1000.000000000000000 ) ;
#1410 = DIRECTION ( 'NONE',  ( -1.000000000000000000, -0.000000000000000000, -0.000000000000000000 ) ) ;
#1411 = DIRECTION ( 'NONE',  ( 0.000000000000000000, 0.000000000000000000, 1.000000000000000000 ) ) ;
#1412 = EDGE_CURVE ( 'NONE', #707, #1880, #48, .T. ) ;
#1413 =( LENGTH_UNIT ( ) NAMED_UNIT ( * ) SI_UNIT ( .MILLI., .METRE. ) );
#1414 = PRODUCT_DEFINITION_SHAPE ( 'NONE', 'NONE',  #496 ) ;
#1415 = CARTESIAN_POINT ( 'NONE',  ( 10.11500000000000199, 14.15000000000000568, 3.200000000000000178 ) ) ;
#1416 = ORIENTED_EDGE ( 'NONE', *, *, #1142, .F. ) ;
#1417 = CARTESIAN_POINT ( 'NONE',  ( 5.851002890000001067, -14.14999999999999503, 3.200000000000000178 ) ) ;
#1418 = DIRECTION ( 'NONE',  ( 0.000000000000000000, 0.000000000000000000, -1.000000000000000000 ) ) ;
#1419 = ORIENTED_EDGE ( 'NONE', *, *, #220, .F. ) ;
#1420 = CARTESIAN_POINT ( 'NONE',  ( 10.12663582356534242, -13.97726810074598980, 4.533333315495141846 ) ) ;
#1421 = SHAPE_REPRESENTATION_RELATIONSHIP ( 'NONE' , 'NONE' ,  #1702, #260 ) ;
#1422 = ADVANCED_FACE ( 'NONE', ( #637 ), #1203, .F. ) ;
#1423 = EDGE_LOOP ( 'NONE', ( #131, #269, #1396, #168 ) ) ;
#1424 = EDGE_CURVE ( 'NONE', #927, #662, #909, .T. ) ;
#1425 = LINE ( 'NONE', #1868, #1313 ) ;
#1426 = DIRECTION ( 'NONE',  ( -1.000000000000000000, 0.000000000000000000, 0.000000000000000000 ) ) ;
#1427 = ORIENTED_EDGE ( 'NONE', *, *, #960, .T. ) ;
#1428 = CARTESIAN_POINT ( 'NONE',  ( 8.615000000000001990, 12.65000000000000924, 3.199999999999999734 ) ) ;
#1429 = ORIENTED_EDGE ( 'NONE', *, *, #1308, .T. ) ;
#1430 = CONTEXT_DEPENDENT_SHAPE_REPRESENTATION ( #537, #813 ) ;
#1431 = DIRECTION ( 'NONE',  ( 0.000000000000000000, -1.000000000000000000, 0.000000000000000000 ) ) ;
#1432 = DIRECTION ( 'NONE',  ( 1.000000000000000000, 0.000000000000000000, 0.000000000000000000 ) ) ;
#1433 = ORIENTED_EDGE ( 'NONE', *, *, #1767, .T. ) ;
#1434 = CARTESIAN_POINT ( 'NONE',  ( -8.998997109999999466, -14.61279041660377942, 3.199999999999999734 ) ) ;
#1435 = ORIENTED_EDGE ( 'NONE', *, *, #216, .T. ) ;
#1436 = VECTOR ( 'NONE', #558, 1000.000000000000000 ) ;
#1437 = AXIS2_PLACEMENT_3D ( 'NONE', #1034, #1338, #736 ) ;
#1438 = VECTOR ( 'NONE', #1386, 1000.000000000000000 ) ;
#1439 = DIRECTION ( 'NONE',  ( 1.000000000000000000, 0.000000000000000000, 0.000000000000000000 ) ) ;
#1440 = CARTESIAN_POINT ( 'NONE',  ( 0.000000000000000000, -14.16745373558151222, 5.200000000000000178 ) ) ;
#1441 = FACE_OUTER_BOUND ( 'NONE', #1352, .T. ) ;
#1442 = DIRECTION ( 'NONE',  ( 0.000000000000000000, -1.000000000000000000, 0.000000000000000000 ) ) ;
#1443 = ORIENTED_EDGE ( 'NONE', *, *, #777, .F. ) ;
#1444 = DIRECTION ( 'NONE',  ( 0.000000000000000000, 0.000000000000000000, 1.000000000000000000 ) ) ;
#1445 = EDGE_CURVE ( 'NONE', #1712, #1316, #1080, .T. ) ;
#1446 = ORIENTED_EDGE ( 'NONE', *, *, #1522, .T. ) ;
#1447 = DIRECTION ( 'NONE',  ( -1.000000000000000000, 0.000000000000000000, 0.000000000000000000 ) ) ;
#1448 = DIRECTION ( 'NONE',  ( -1.000000000000000000, 1.734723475976807094E-15, 0.000000000000000000 ) ) ;
#1449 = DIRECTION ( 'NONE',  ( -1.000000000000000000, 6.878862976163502167E-15, 0.000000000000000000 ) ) ;
#1450 = ORIENTED_EDGE ( 'NONE', *, *, #347, .F. ) ;
#1451 = PLANE ( 'NONE',  #1280 ) ;
#1452 = CARTESIAN_POINT ( 'NONE',  ( 8.615000000000001990, -12.64999999999999858, 3.200000000000000178 ) ) ;
#1453 = EDGE_LOOP ( 'NONE', ( #153, #13, #1812, #587 ) ) ;
#1454 = CARTESIAN_POINT ( 'NONE',  ( 1273.405883561820247, 659.0543147908459787, 872.0559641186409863 ) ) ;
#1455 = DIRECTION ( 'NONE',  ( 0.000000000000000000, 0.000000000000000000, -1.000000000000000000 ) ) ;
#1456 = LINE ( 'NONE', #1600, #872 ) ;
#1457 = DIRECTION ( 'NONE',  ( 0.008726535498373953759, 0.000000000000000000, 0.9999619230641713097 ) ) ;
#1458 = ORIENTED_EDGE ( 'NONE', *, *, #436, .T. ) ;
#1459 = FACE_OUTER_BOUND ( 'NONE', #1423, .T. ) ;
#1460 = EDGE_CURVE ( 'NONE', #1148, #279, #1072, .T. ) ;
#1461 = ORIENTED_EDGE ( 'NONE', *, *, #868, .T. ) ;
#1462 = AXIS2_PLACEMENT_3D ( 'NONE', #1668, #773, #1364 ) ;
#1463 = DIRECTION ( 'NONE',  ( 0.000000000000000000, 1.000000000000000000, 0.000000000000000000 ) ) ;
#1464 = EDGE_CURVE ( 'NONE', #886, #1244, #1688, .T. ) ;
#1465 = VECTOR ( 'NONE', #1463, 1000.000000000000000 ) ;
#1466 = AXIS2_PLACEMENT_3D ( 'NONE', #1685, #79, #1498 ) ;
#1467 = DIRECTION ( 'NONE',  ( 0.000000000000000000, 1.000000000000000000, 0.000000000000000000 ) ) ;
#1468 = AXIS2_PLACEMENT_3D ( 'NONE', #957, #1851, #969 ) ;
#1469 = ORIENTED_EDGE ( 'NONE', *, *, #27, .F. ) ;
#1470 = ORIENTED_EDGE ( 'NONE', *, *, #1493, .T. ) ;
#1471 = CARTESIAN_POINT ( 'NONE',  ( 0.000000000000000000, 0.000000000000000000, 3.200000000000000178 ) ) ;
#1472 = LINE ( 'NONE', #1023, #1084 ) ;
#1473 = CARTESIAN_POINT ( 'NONE',  ( -8.464999999999998082, 12.35000000000000675, 0.000000000000000000 ) ) ;
#1474 = CARTESIAN_POINT ( 'NONE',  ( 1273.405883561820247, 659.0543147908459787, 874.0559641186409863 ) ) ;
#1475 = EDGE_LOOP ( 'NONE', ( #1894, #1804, #630, #901, #1540, #635 ) ) ;
#1476 = DIRECTION ( 'NONE',  ( 0.000000000000000000, -0.000000000000000000, -1.000000000000000000 ) ) ;
#1477 = ORIENTED_EDGE ( 'NONE', *, *, #1539, .F. ) ;
#1478 = CIRCLE ( 'NONE', #1738, 2.017453735581517194 ) ;
#1479 = DIRECTION ( 'NONE',  ( -1.000000000000000000, 0.000000000000000000, 0.000000000000000000 ) ) ;
#1480 = CARTESIAN_POINT ( 'NONE',  ( 10.11500000000000199, 14.15000000000000568, 3.200000000000000178 ) ) ;
#1481 = CARTESIAN_POINT ( 'NONE',  ( -11.61499999999999844, 12.65000000000000924, -1.500000000000000000 ) ) ;
#1482 = CARTESIAN_POINT ( 'NONE',  ( 10.63245373558152096, 0.000000000000000000, 5.200000000000000178 ) ) ;
#1483 = EDGE_CURVE ( 'NONE', #503, #1783, #344, .T. ) ;
#1484 = VERTEX_POINT ( 'NONE', #57 ) ;
#1485 = CARTESIAN_POINT ( 'NONE',  ( 6.535000000000001030, 7.950000000000005507, -1.500000000000000000 ) ) ;
#1486 = EDGE_CURVE ( 'NONE', #854, #1363, #226, .T. ) ;
#1487 = UNCERTAINTY_MEASURE_WITH_UNIT (LENGTH_MEASURE( 1.000000000000000082E-05 ), #1413, 'distance_accuracy_value', 'NONE');
#1488 = ORIENTED_EDGE ( 'NONE', *, *, #1791, .F. ) ;
#1489 = LINE ( 'NONE', #1776, #721 ) ;
#1490 = LINE ( 'NONE', #889, #753 ) ;
#1491 = CARTESIAN_POINT ( 'NONE',  ( 1273.405883561820247, 659.0543147908459787, 874.0559641186409863 ) ) ;
#1492 = EDGE_CURVE ( 'NONE', #1019, #172, #920, .T. ) ;
#1493 = EDGE_CURVE ( 'NONE', #1556, #1234, #663, .T. ) ;
#1494 = MECHANICAL_DESIGN_GEOMETRIC_PRESENTATION_REPRESENTATION (  '', ( #911 ), #694 ) ;
#1495 = ORIENTED_EDGE ( 'NONE', *, *, #169, .T. ) ;
#1496 = CIRCLE ( 'NONE', #277, 2.999999999999999112 ) ;
#1497 = AXIS2_PLACEMENT_3D ( 'NONE', #1126, #852, #1136 ) ;
#1498 = DIRECTION ( 'NONE',  ( 0.000000000000000000, -0.008726535498373953759, 0.9999619230641713097 ) ) ;
#1499 = VERTEX_POINT ( 'NONE', #195 ) ;
#1500 = EDGE_CURVE ( 'NONE', #1363, #1266, #1814, .T. ) ;
#1501 = DIRECTION ( 'NONE',  ( -1.000000000000000000, 0.000000000000000000, 0.000000000000000000 ) ) ;
#1502 = EDGE_CURVE ( 'NONE', #1684, #675, #770, .T. ) ;
#1503 = CARTESIAN_POINT ( 'NONE',  ( 0.000000000000000000, -14.16745373558151222, 5.200000000000000178 ) ) ;
#1504 = LINE ( 'NONE', #1209, #974 ) ;
#1505 = CARTESIAN_POINT ( 'NONE',  ( 0.000000000000000000, 14.66745373558152288, 5.200000000000000178 ) ) ;
#1506 = VECTOR ( 'NONE', #1643, 1000.000000000000000 ) ;
#1507 = EDGE_LOOP ( 'NONE', ( #1690, #1343, #671, #846 ) ) ;
#1508 = DIRECTION ( 'NONE',  ( -1.000000000000000000, 0.000000000000000000, 0.000000000000000000 ) ) ;
#1509 = ORIENTED_EDGE ( 'NONE', *, *, #141, .T. ) ;
#1510 = DIRECTION ( 'NONE',  ( 0.000000000000000000, 0.000000000000000000, -1.000000000000000000 ) ) ;
#1511 = DIRECTION ( 'NONE',  ( -1.000000000000000000, 0.000000000000000000, 0.000000000000000000 ) ) ;
#1512 = EDGE_CURVE ( 'NONE', #1530, #186, #792, .T. ) ;
#1513 = DIRECTION ( 'NONE',  ( -0.000000000000000000, -0.000000000000000000, -1.000000000000000000 ) ) ;
#1514 = CARTESIAN_POINT ( 'NONE',  ( 0.000000000000000000, 0.000000000000000000, 3.200000000000000178 ) ) ;
#1515 = VERTEX_POINT ( 'NONE', #1516 ) ;
#1516 = CARTESIAN_POINT ( 'NONE',  ( -8.464999999999998082, 7.950000000000005507, 0.000000000000000000 ) ) ;
#1517 = ADVANCED_FACE ( 'NONE', ( #1371 ), #246, .F. ) ;
#1518 = EDGE_LOOP ( 'NONE', ( #60, #1469, #699, #343 ) ) ;
#1519 = VERTEX_POINT ( 'NONE', #945 ) ;
#1520 = CARTESIAN_POINT ( 'NONE',  ( -10.11499999999999844, -14.14999999999999503, 0.000000000000000000 ) ) ;
#1521 = CARTESIAN_POINT ( 'NONE',  ( -10.13245373558151741, 14.16745373558152465, 5.200000000000000178 ) ) ;
#1522 = EDGE_CURVE ( 'NONE', #569, #1375, #1535, .T. ) ;
#1523 = VERTEX_POINT ( 'NONE', #91 ) ;
#1524 = ORIENTED_EDGE ( 'NONE', *, *, #1314, .T. ) ;
#1525 = CARTESIAN_POINT ( 'NONE',  ( 0.000000000000000000, 15.65000000000000746, 5.200000000000000178 ) ) ;
#1526 = AXIS2_PLACEMENT_3D ( 'NONE', #1533, #77, #531 ) ;
#1527 = AXIS2_PLACEMENT_3D ( 'NONE', #1706, #823, #1577 ) ;
#1528 = ORIENTED_EDGE ( 'NONE', *, *, #1816, .F. ) ;
#1529 = CONICAL_SURFACE ( 'NONE', #724, 2.000000000000000000, 0.008726646259971666819 ) ;
#1530 = VERTEX_POINT ( 'NONE', #1245 ) ;
#1531 = CARTESIAN_POINT ( 'NONE',  ( 11.61500000000000199, -12.64999999999999858, 3.200000000000000178 ) ) ;
#1532 = LINE ( 'NONE', #1398, #1408 ) ;
#1533 = CARTESIAN_POINT ( 'NONE',  ( 8.615000000000001990, -12.64999999999999858, 3.199999999999999734 ) ) ;
#1534 = ORIENTED_EDGE ( 'NONE', *, *, #1235, .T. ) ;
#1535 = LINE ( 'NONE', #799, #395 ) ;
#1536 = ORIENTED_EDGE ( 'NONE', *, *, #772, .F. ) ;
#1537 = ORIENTED_EDGE ( 'NONE', *, *, #772, .T. ) ;
#1538 = CYLINDRICAL_SURFACE ( 'NONE', #1168, 2.999999999999999112 ) ;
#1539 = EDGE_CURVE ( 'NONE', #497, #1292, #1841, .T. ) ;
#1540 = ORIENTED_EDGE ( 'NONE', *, *, #1791, .T. ) ;
#1541 = VECTOR ( 'NONE', #633, 1000.000000000000000 ) ;
#1542 = ORIENTED_EDGE ( 'NONE', *, *, #1100, .F. ) ;
#1543 = AXIS2_PLACEMENT_3D ( 'NONE', #1006, #740, #1601 ) ;
#1544 = FACE_OUTER_BOUND ( 'NONE', #763, .T. ) ;
#1545 = ORIENTED_EDGE ( 'NONE', *, *, #1633, .T. ) ;
#1546 = EDGE_CURVE ( 'NONE', #497, #1354, #561, .T. ) ;
#1547 = ORIENTED_EDGE ( 'NONE', *, *, #1102, .F. ) ;
#1548 = DIRECTION ( 'NONE',  ( -1.000000000000000000, 0.000000000000000000, 0.000000000000000000 ) ) ;
#1549 = CARTESIAN_POINT ( 'NONE',  ( -8.998997109999999466, -14.61279041660377942, 3.199999999999999734 ) ) ;
#1550 = CYLINDRICAL_SURFACE ( 'NONE', #1870, 2.017453735581486995 ) ;
#1551 = CARTESIAN_POINT ( 'NONE',  ( -8.998997109999999466, -15.64999999999999680, 3.300000000000000266 ) ) ;
#1552 = AXIS2_PLACEMENT_3D ( 'NONE', #810, #1510, #1818 ) ;
#1553 = ORIENTED_EDGE ( 'NONE', *, *, #1893, .F. ) ;
#1554 = FACE_OUTER_BOUND ( 'NONE', #978, .T. ) ;
#1555 = VECTOR ( 'NONE', #1018, 1000.000000000000000 ) ;
#1556 = VERTEX_POINT ( 'NONE', #1254 ) ;
#1557 = VECTOR ( 'NONE', #364, 1000.000000000000000 ) ;
#1558 = AXIS2_PLACEMENT_3D ( 'NONE', #435, #167, #1744 ) ;
#1559 = DIRECTION ( 'NONE',  ( 0.000000000000000000, 0.000000000000000000, -1.000000000000000000 ) ) ;
#1560 = CARTESIAN_POINT ( 'NONE',  ( 6.535000000000001030, 12.35000000000000675, -1.500000000000000000 ) ) ;
#1561 = ADVANCED_FACE ( 'NONE', ( #1143 ), #1529, .F. ) ;
#1562 = ADVANCED_FACE ( 'NONE', ( #255 ), #1124, .F. ) ;
#1563 = ORIENTED_EDGE ( 'NONE', *, *, #1800, .T. ) ;
#1564 = DIRECTION ( 'NONE',  ( 0.000000000000000000, -0.9999619230641713097, 0.008726535498373953759 ) ) ;
#1565 = DIRECTION ( 'NONE',  ( -1.000000000000000000, 0.000000000000000000, -0.000000000000000000 ) ) ;
#1566 = EDGE_LOOP ( 'NONE', ( #627, #908, #218, #1047 ) ) ;
#1567 = LINE ( 'NONE', #1145, #914 ) ;
#1568 = ORIENTED_EDGE ( 'NONE', *, *, #1165, .F. ) ;
#1569 = DIRECTION ( 'NONE',  ( -0.008726535498373953759, 0.000000000000000000, 0.9999619230641713097 ) ) ;
#1570 = APPLICATION_PROTOCOL_DEFINITION ( 'draft international standard', 'automotive_design', 1998, #606 ) ;
#1571 = CARTESIAN_POINT ( 'NONE',  ( 10.12663582356534242, 13.97726810074599868, 4.533333315495141846 ) ) ;
#1572 = CARTESIAN_POINT ( 'NONE',  ( -8.614999999999998437, 12.65000000000000924, 3.199999999999999734 ) ) ;
#1573 = DIRECTION ( 'NONE',  ( -1.000000000000000000, -0.000000000000000000, 2.920409892216846763E-17 ) ) ;
#1574 = SHAPE_REPRESENTATION ( 'Box', ( #629 ), #115 ) ;
#1575 = PRODUCT_DEFINITION_FORMATION_WITH_SPECIFIED_SOURCE ( 'ANY', '', #342, .NOT_KNOWN. ) ;
#1576 = ORIENTED_EDGE ( 'NONE', *, *, #221, .T. ) ;
#1577 = DIRECTION ( 'NONE',  ( 0.000000000000000000, 0.008726535498373953759, 0.9999619230641713097 ) ) ;
#1578 = CARTESIAN_POINT ( 'NONE',  ( 0.000000000000000000, 14.65000000000000746, 3.200000000000000178 ) ) ;
#1579 = VERTEX_POINT ( 'NONE', #830 ) ;
#1580 = ADVANCED_FACE ( 'NONE', ( #842 ), #1727, .T. ) ;
#1581 = DIRECTION ( 'NONE',  ( -1.000000000000000000, 0.000000000000000000, -0.000000000000000000 ) ) ;
#1582 = FACE_OUTER_BOUND ( 'NONE', #1453, .T. ) ;
#1583 = EDGE_CURVE ( 'NONE', #1519, #807, #1272, .T. ) ;
#1584 = PLANE ( 'NONE',  #1219 ) ;
#1585 = ORIENTED_EDGE ( 'NONE', *, *, #1159, .T. ) ;
#1586 = LINE ( 'NONE', #682, #912 ) ;
#1587 = DIRECTION ( 'NONE',  ( -1.000000000000000000, 0.000000000000000000, 0.000000000000000000 ) ) ;
#1588 = ORIENTED_EDGE ( 'NONE', *, *, #1358, .T. ) ;
#1589 = CIRCLE ( 'NONE', #1437, 2.017453735581486995 ) ;
#1590 = VECTOR ( 'NONE', #1664, 1000.000000000000000 ) ;
#1591 = LINE ( 'NONE', #1289, #180 ) ;
#1592 = DIRECTION ( 'NONE',  ( 0.000000000000000000, 0.000000000000000000, -1.000000000000000000 ) ) ;
#1593 = LINE ( 'NONE', #1621, #444 ) ;
#1594 = VECTOR ( 'NONE', #815, 1000.000000000000000 ) ;
#1595 = ORIENTED_EDGE ( 'NONE', *, *, #693, .F. ) ;
#1596 = CARTESIAN_POINT ( 'NONE',  ( 0.000000000000000000, 14.16745373558152288, 5.200000000000000178 ) ) ;
#1597 = DIRECTION ( 'NONE',  ( 0.000000000000000000, 0.000000000000000000, -1.000000000000000000 ) ) ;
#1598 = EDGE_LOOP ( 'NONE', ( #958, #29, #1859, #1822, #687 ) ) ;
#1599 = CARTESIAN_POINT ( 'NONE',  ( -8.614999999999998437, 12.65000000000000924, 3.199999999999999734 ) ) ;
#1600 = CARTESIAN_POINT ( 'NONE',  ( 5.851002890000001067, 15.65100000000001224, 3.299999999999999822 ) ) ;
#1601 = DIRECTION ( 'NONE',  ( 0.000000000000000000, 0.000000000000000000, 1.000000000000000000 ) ) ;
#1602 = ORIENTED_EDGE ( 'NONE', *, *, #560, .T. ) ;
#1603 = CARTESIAN_POINT ( 'NONE',  ( -8.998997109999999466, -15.62532287651468721, 1.100000000000000755 ) ) ;
#1604 = ORIENTED_EDGE ( 'NONE', *, *, #436, .F. ) ;
#1605 = EDGE_CURVE ( 'NONE', #793, #186, #568, .T. ) ;
#1606 = DIRECTION ( 'NONE',  ( -3.942553354492744024E-16, -0.000000000000000000, 1.000000000000000000 ) ) ;
#1607 = DIRECTION ( 'NONE',  ( 0.000000000000000000, 0.000000000000000000, -1.000000000000000000 ) ) ;
#1608 = LINE ( 'NONE', #891, #99 ) ;
#1609 = ADVANCED_FACE ( 'NONE', ( #243 ), #1584, .F. ) ;
#1610 = ORIENTED_EDGE ( 'NONE', *, *, #469, .F. ) ;
#1611 = LINE ( 'NONE', #1194, #964 ) ;
#1612 = EDGE_LOOP ( 'NONE', ( #1857, #673, #284, #126 ) ) ;
#1613 = CARTESIAN_POINT ( 'NONE',  ( 8.615000000000001990, 15.65000000000000746, 3.200000000000000178 ) ) ;
#1614 = EDGE_CURVE ( 'NONE', #801, #1519, #1425, .T. ) ;
#1615 = EDGE_CURVE ( 'NONE', #861, #1316, #786, .T. ) ;
#1616 = DIRECTION ( 'NONE',  ( 1.000000000000000000, 0.000000000000000000, -0.000000000000000000 ) ) ;
#1617 = DIRECTION ( 'NONE',  ( -0.000000000000000000, 1.000000000000000000, 0.000000000000000000 ) ) ;
#1618 = CIRCLE ( 'NONE', #782, 2.000000000000000000 ) ;
#1619 = VECTOR ( 'NONE', #1696, 1000.000000000000000 ) ;
#1620 = ADVANCED_FACE ( 'NONE', ( #405 ), #1284, .T. ) ;
#1621 = CARTESIAN_POINT ( 'NONE',  ( 5.851002890000001955, 15.65100000000001224, 1.100000000000000311 ) ) ;
#1622 = AXIS2_PLACEMENT_3D ( 'NONE', #1101, #1703, #384 ) ;
#1623 = ORIENTED_EDGE ( 'NONE', *, *, #1140, .T. ) ;
#1624 = CARTESIAN_POINT ( 'NONE',  ( 8.615000000000001990, 14.65000000000000746, 3.200000000000000178 ) ) ;
#1625 = UNCERTAINTY_MEASURE_WITH_UNIT (LENGTH_MEASURE( 1.000000000000000082E-05 ), #466, 'distance_accuracy_value', 'NONE');
#1626 = ORIENTED_EDGE ( 'NONE', *, *, #647, .F. ) ;
#1627 = DIRECTION ( 'NONE',  ( 0.008726535498373953759, 0.000000000000000000, 0.9999619230641713097 ) ) ;
#1628 = AXIS2_PLACEMENT_3D ( 'NONE', #175, #36, #1792 ) ;
#1629 = DIRECTION ( 'NONE',  ( 1.000000000000000000, 0.000000000000000000, -2.920409892216846763E-17 ) ) ;
#1630 = DIRECTION ( 'NONE',  ( 0.000000000000000000, 0.000000000000000000, -1.000000000000000000 ) ) ;
#1631 = CARTESIAN_POINT ( 'NONE',  ( -8.464999999999998082, 12.35000000000000675, -1.500999999999999890 ) ) ;
#1632 = AXIS2_PLACEMENT_3D ( 'NONE', #1471, #1638, #51 ) ;
#1633 = EDGE_CURVE ( 'NONE', #1244, #1253, #125, .T. ) ;
#1634 = DIRECTION ( 'NONE',  ( 0.000000000000000000, -1.000000000000000000, 0.000000000000000000 ) ) ;
#1635 = VERTEX_POINT ( 'NONE', #415 ) ;
#1636 = PRODUCT_RELATED_PRODUCT_CATEGORY ( 'part', '', ( #1106 ) ) ;
#1637 = DIRECTION ( 'NONE',  ( 0.000000000000000000, 1.000000000000000000, 0.000000000000000000 ) ) ;
#1638 = DIRECTION ( 'NONE',  ( 0.000000000000000000, 0.000000000000000000, -1.000000000000000000 ) ) ;
#1639 = ADVANCED_FACE ( 'NONE', ( #1544, #808 ), #1403, .F. ) ;
#1640 = VECTOR ( 'NONE', #995, 1000.000000000000000 ) ;
#1641 = EDGE_CURVE ( 'NONE', #919, #1139, #272, .T. ) ;
#1642 = DIRECTION ( 'NONE',  ( 0.000000000000000000, -1.000000000000000000, 0.000000000000000000 ) ) ;
#1643 = DIRECTION ( 'NONE',  ( 1.000000000000000000, 0.000000000000000000, 0.000000000000000000 ) ) ;
#1644 = CARTESIAN_POINT ( 'NONE',  ( -10.11499999999999844, -14.14999999999999503, 3.200000000000000178 ) ) ;
#1645 = ORIENTED_EDGE ( 'NONE', *, *, #1888, .F. ) ;
#1646 = EDGE_CURVE ( 'NONE', #892, #1248, #96, .T. ) ;
#1647 = LINE ( 'NONE', #12, #1311 ) ;
#1648 = EDGE_CURVE ( 'NONE', #1795, #703, #70, .T. ) ;
#1649 = ORIENTED_EDGE ( 'NONE', *, *, #439, .T. ) ;
#1650 = CARTESIAN_POINT ( 'NONE',  ( -10.13245373558151741, 13.97945618039164195, 5.200000000000000178 ) ) ;
#1651 = FACE_OUTER_BOUND ( 'NONE', #913, .T. ) ;
#1652 = DIRECTION ( 'NONE',  ( 1.000000000000000000, 0.000000000000000000, 0.000000000000000000 ) ) ;
#1653 = AXIS2_PLACEMENT_3D ( 'NONE', #748, #328, #1616 ) ;
#1654 = AXIS2_PLACEMENT_3D ( 'NONE', #601, #1042, #336 ) ;
#1655 = ORIENTED_EDGE ( 'NONE', *, *, #1412, .F. ) ;
#1656 = VECTOR ( 'NONE', #1573, 1000.000000000000000 ) ;
#1657 = DIRECTION ( 'NONE',  ( 0.000000000000000000, -0.000000000000000000, -1.000000000000000000 ) ) ;
#1658 = ORIENTED_EDGE ( 'NONE', *, *, #1128, .T. ) ;
#1659 = CARTESIAN_POINT ( 'NONE',  ( 5.851002890000001955, -15.64999999999999680, 1.100000000000000311 ) ) ;
#1660 = CARTESIAN_POINT ( 'NONE',  ( 10.11500000000000199, 14.15000000000000568, 3.200000000000000178 ) ) ;
#1661 = CARTESIAN_POINT ( 'NONE',  ( 9.944456180391640032, -14.16745373558151400, 5.200000000000000178 ) ) ;
#1662 = EDGE_CURVE ( 'NONE', #331, #379, #1111, .T. ) ;
#1663 = VERTEX_POINT ( 'NONE', #1039 ) ;
#1664 = DIRECTION ( 'NONE',  ( -1.000000000000000000, 0.000000000000000000, 0.000000000000000000 ) ) ;
#1665 = EDGE_CURVE ( 'NONE', #861, #504, #1608, .T. ) ;
#1666 = DIRECTION ( 'NONE',  ( -1.000000000000000000, 0.000000000000000000, 0.000000000000000000 ) ) ;
#1667 = ORIENTED_EDGE ( 'NONE', *, *, #1114, .T. ) ;
#1668 = CARTESIAN_POINT ( 'NONE',  ( 8.615000000000001990, 12.65000000000000924, -1.500000000000000000 ) ) ;
#1669 = ORIENTED_EDGE ( 'NONE', *, *, #1032, .T. ) ;
#1670 = DIRECTION ( 'NONE',  ( -1.000000000000000000, 0.000000000000000000, 0.000000000000000000 ) ) ;
#1671 = DIRECTION ( 'NONE',  ( -1.000000000000000000, 0.000000000000000000, 0.000000000000000000 ) ) ;
#1672 = VECTOR ( 'NONE', #1831, 1000.000000000000000 ) ;
#1673 = DIRECTION ( 'NONE',  ( 0.000000000000000000, -0.008726535498373953759, 0.9999619230641713097 ) ) ;
#1674 = ORIENTED_EDGE ( 'NONE', *, *, #221, .F. ) ;
#1675 = ORIENTED_EDGE ( 'NONE', *, *, #950, .F. ) ;
#1676 = DIRECTION ( 'NONE',  ( -0.000000000000000000, 0.000000000000000000, 1.000000000000000000 ) ) ;
#1677 = ORIENTED_EDGE ( 'NONE', *, *, #341, .F. ) ;
#1678 = ORIENTED_EDGE ( 'NONE', *, *, #1707, .F. ) ;
#1679 = CARTESIAN_POINT ( 'NONE',  ( -9.944456180391636479, -14.16745373558151400, 5.200000000000000178 ) ) ;
#1680 = CARTESIAN_POINT ( 'NONE',  ( -8.614999999999998437, 14.65000000000000746, 3.199999999999999734 ) ) ;
#1681 = DIRECTION ( 'NONE',  ( -1.000000000000000000, 0.000000000000000000, 0.000000000000000000 ) ) ;
#1682 = EDGE_CURVE ( 'NONE', #1375, #507, #1312, .T. ) ;
#1683 = EDGE_LOOP ( 'NONE', ( #1658, #1741, #1427, #1369 ) ) ;
#1684 = VERTEX_POINT ( 'NONE', #1025 ) ;
#1685 = CARTESIAN_POINT ( 'NONE',  ( 10.11500000000000199, -14.14999999999999503, 3.200000000000000178 ) ) ;
#1686 = AXIS2_PLACEMENT_3D ( 'NONE', #1735, #984, #1309 ) ;
#1687 = VECTOR ( 'NONE', #1724, 1000.000000000000000 ) ;
#1688 = CIRCLE ( 'NONE', #850, 2.017453735581517194 ) ;
#1689 = ORIENTED_EDGE ( 'NONE', *, *, #1483, .T. ) ;
#1690 = ORIENTED_EDGE ( 'NONE', *, *, #693, .T. ) ;
#1691 = DIRECTION ( 'NONE',  ( 0.000000000000000000, 0.000000000000000000, 1.000000000000000000 ) ) ;
#1692 = CARTESIAN_POINT ( 'NONE',  ( 10.12081791170367318, -13.97507461946338481, 3.866666648695209041 ) ) ;
#1693 = CARTESIAN_POINT ( 'NONE',  ( 0.000000000000000000, 0.000000000000000000, 0.000000000000000000 ) ) ;
#1694 = FILL_AREA_STYLE ('',( #653 ) ) ;
#1695 = ORIENTED_EDGE ( 'NONE', *, *, #566, .F. ) ;
#1696 = DIRECTION ( 'NONE',  ( 0.000000000000000000, 0.000000000000000000, 1.000000000000000000 ) ) ;
#1697 = B_SPLINE_CURVE_WITH_KNOTS ( 'NONE', 3,
 ( #136, #1746, #833, #1718 ),
 .UNSPECIFIED., .F., .F.,
 ( 4, 4 ),
 ( 0.000000000000000000, 0.002000086982156819293 ),
 .UNSPECIFIED. ) ;
#1698 = EDGE_LOOP ( 'NONE', ( #1677, #1568, #1285, #1054 ) ) ;
#1699 = B_SPLINE_CURVE_WITH_KNOTS ( 'NONE', 3,
 ( #955, #500, #1830, #1549 ),
 .UNSPECIFIED., .F., .F.,
 ( 4, 4 ),
 ( 0.0005273072875812995653, 0.0006273112410936199741 ),
 .UNSPECIFIED. ) ;
#1700 = ORIENTED_EDGE ( 'NONE', *, *, #7, .F. ) ;
#1701 = ADVANCED_FACE ( 'NONE', ( #424 ), #714, .T. ) ;
#1702 = SHAPE_REPRESENTATION ( 'Part6^Assem3', ( #629 ), #657 ) ;
#1703 = DIRECTION ( 'NONE',  ( 0.000000000000000000, 0.000000000000000000, 1.000000000000000000 ) ) ;
#1704 = EDGE_CURVE ( 'NONE', #1556, #1817, #1157, .T. ) ;
#1705 = ORIENTED_EDGE ( 'NONE', *, *, #960, .F. ) ;
#1706 = CARTESIAN_POINT ( 'NONE',  ( 10.11500000000000199, 14.15000000000000568, 3.200000000000000178 ) ) ;
#1707 = EDGE_CURVE ( 'NONE', #892, #807, #574, .T. ) ;
#1708 = ORIENTED_EDGE ( 'NONE', *, *, #620, .T. ) ;
#1709 = PLANE ( 'NONE',  #1373 ) ;
#1710 = CARTESIAN_POINT ( 'NONE',  ( -8.614999999999998437, 12.65000000000000924, 3.200000000000000178 ) ) ;
#1711 = APPLICATION_PROTOCOL_DEFINITION ( 'draft international standard', 'automotive_design', 1998, #1013 ) ;
#1712 = VERTEX_POINT ( 'NONE', #1342 ) ;
#1713 = FACE_OUTER_BOUND ( 'NONE', #440, .T. ) ;
#1714 = CARTESIAN_POINT ( 'NONE',  ( 10.13245373558151918, 0.000000000000000000, 5.200000000000000178 ) ) ;
#1715 = VECTOR ( 'NONE', #1276, 1000.000000000000000 ) ;
#1716 = VERTEX_POINT ( 'NONE', #39 ) ;
#1717 = CIRCLE ( 'NONE', #1526, 2.000000000000000000 ) ;
#1718 = CARTESIAN_POINT ( 'NONE',  ( 9.937875655532298680, 14.15000000000000568, 3.199999999999999734 ) ) ;
#1719 = PRODUCT_RELATED_PRODUCT_CATEGORY ( 'part', '', ( #342 ) ) ;
#1720 = VECTOR ( 'NONE', #307, 1000.000000000000000 ) ;
#1721 = FACE_OUTER_BOUND ( 'NONE', #1063, .T. ) ;
#1722 = VERTEX_POINT ( 'NONE', #1771 ) ;
#1723 = VECTOR ( 'NONE', #1442, 1000.000000000000000 ) ;
#1724 = DIRECTION ( 'NONE',  ( 0.000000000000000000, -1.000000000000000000, 0.000000000000000000 ) ) ;
#1725 = APPLICATION_PROTOCOL_DEFINITION ( 'draft international standard', 'automotive_design', 1998, #795 ) ;
#1726 = CARTESIAN_POINT ( 'NONE',  ( 11.61500000000000199, -14.14999999999999503, 3.200000000000000178 ) ) ;
#1727 = PLANE ( 'NONE',  #340 ) ;
#1728 = EDGE_CURVE ( 'NONE', #1125, #1234, #966, .T. ) ;
#1729 = ORIENTED_EDGE ( 'NONE', *, *, #755, .F. ) ;
#1730 = EDGE_CURVE ( 'NONE', #781, #886, #1164, .T. ) ;
#1731 = CARTESIAN_POINT ( 'NONE',  ( 10.11500000000000199, -14.14999999999999503, 3.200000000000000178 ) ) ;
#1732 = CARTESIAN_POINT ( 'NONE',  ( -8.998997109999999466, -14.65087268677907417, 3.300000000000000266 ) ) ;
#1733 = ORIENTED_EDGE ( 'NONE', *, *, #506, .T. ) ;
#1734 = CONTEXT_DEPENDENT_SHAPE_REPRESENTATION ( #1828, #894 ) ;
#1735 = CARTESIAN_POINT ( 'NONE',  ( 1273.405883561820247, 661.0717685264274905, 872.0559641186409863 ) ) ;
#1736 = DIRECTION ( 'NONE',  ( 0.008726535498373953759, 0.000000000000000000, 0.9999619230641713097 ) ) ;
#1737 = DIRECTION ( 'NONE',  ( 0.000000000000000000, 1.000000000000000000, 0.000000000000000000 ) ) ;
#1738 = AXIS2_PLACEMENT_3D ( 'NONE', #624, #603, #641 ) ;
#1739 = ORIENTED_EDGE ( 'NONE', *, *, #263, .F. ) ;
#1740 = DIRECTION ( 'NONE',  ( -0.000000000000000000, -1.000000000000000000, -0.000000000000000000 ) ) ;
#1741 = ORIENTED_EDGE ( 'NONE', *, *, #896, .T. ) ;
#1742 = FACE_OUTER_BOUND ( 'NONE', #305, .T. ) ;
#1743 = CARTESIAN_POINT ( 'NONE',  ( -11.61499999999999844, -14.14999999999999503, 3.200000000000000178 ) ) ;
#1744 = DIRECTION ( 'NONE',  ( -1.000000000000000000, 0.000000000000000000, 0.000000000000000000 ) ) ;
#1745 = ORIENTED_EDGE ( 'NONE', *, *, #1159, .F. ) ;
#1746 = CARTESIAN_POINT ( 'NONE',  ( 9.942268100745996762, 14.16163582356534612, 4.533333315495141846 ) ) ;
#1747 = ORIENTED_EDGE ( 'NONE', *, *, #1648, .T. ) ;
#1748 = CIRCLE ( 'NONE', #1686, 2.017453735581486995 ) ;
#1749 = AXIS2_PLACEMENT_3D ( 'NONE', #1286, #1256, #1860 ) ;
#1750 = PLANE ( 'NONE',  #849 ) ;
#1751 = CIRCLE ( 'NONE', #1406, 2.000872686779076037 ) ;
#1752 = PLANE ( 'NONE',  #608 ) ;
#1753 = LINE ( 'NONE', #1890, #1052 ) ;
#1754 = PLANE ( 'NONE',  #1543 ) ;
#1755 = ORIENTED_EDGE ( 'NONE', *, *, #1109, .T. ) ;
#1756 = CARTESIAN_POINT ( 'NONE',  ( -8.614999999999998437, -12.64999999999999858, 3.300000000000000266 ) ) ;
#1757 = VERTEX_POINT ( 'NONE', #176 ) ;
#1758 = DIRECTION ( 'NONE',  ( 0.000000000000000000, 0.000000000000000000, -1.000000000000000000 ) ) ;
#1759 = EDGE_CURVE ( 'NONE', #1579, #1041, #1593, .T. ) ;
#1760 = CARTESIAN_POINT ( 'NONE',  ( 1292.653337297401777, 661.0717685264274905, 872.0559641186409863 ) ) ;
#1761 = PLANE ( 'NONE',  #1772 ) ;
#1762 = CARTESIAN_POINT ( 'NONE',  ( 1290.635883561820265, 659.0543147908459787, 874.0559641186409863 ) ) ;
#1763 = ORIENTED_EDGE ( 'NONE', *, *, #1257, .F. ) ;
#1764 = DIRECTION ( 'NONE',  ( -0.000000000000000000, -0.000000000000000000, 1.000000000000000000 ) ) ;
#1765 = EDGE_CURVE ( 'NONE', #1139, #497, #982, .T. ) ;
#1766 = ORIENTED_EDGE ( 'NONE', *, *, #1378, .F. ) ;
#1767 = EDGE_CURVE ( 'NONE', #1017, #229, #802, .T. ) ;
#1768 = LINE ( 'NONE', #915, #997 ) ;
#1769 = PLANE ( 'NONE',  #1151 ) ;
#1770 = LINE ( 'NONE', #1879, #1863 ) ;
#1771 = CARTESIAN_POINT ( 'NONE',  ( 11.61500000000000199, -12.64999999999999858, 5.200000000000000178 ) ) ;
#1772 = AXIS2_PLACEMENT_3D ( 'NONE', #1005, #434, #1736 ) ;
#1773 = EDGE_LOOP ( 'NONE', ( #526, #267, #1443, #1405 ) ) ;
#1774 = CARTESIAN_POINT ( 'NONE',  ( 8.615000000000001990, 12.65000000000000924, 5.200000000000000178 ) ) ;
#1775 = ORIENTED_EDGE ( 'NONE', *, *, #711, .F. ) ;
#1776 = CARTESIAN_POINT ( 'NONE',  ( 10.11500000000000199, 14.15000000000000568, 3.200000000000000178 ) ) ;
#1777 = ADVANCED_FACE ( 'NONE', ( #151 ), #140, .T. ) ;
#1778 = DIRECTION ( 'NONE',  ( -1.000000000000000000, 0.000000000000000000, 0.000000000000000000 ) ) ;
#1779 = LINE ( 'NONE', #65, #1138 ) ;
#1780 = VECTOR ( 'NONE', #1642, 1000.000000000000000 ) ;
#1781 = VECTOR ( 'NONE', #447, 1000.000000000000000 ) ;
#1782 = PLANE ( 'NONE',  #1071 ) ;
#1783 = VERTEX_POINT ( 'NONE', #1474 ) ;
#1784 = VECTOR ( 'NONE', #1267, 1000.000000000000000 ) ;
#1785 = DIRECTION ( 'NONE',  ( -1.000000000000000000, 0.000000000000000000, 0.000000000000000000 ) ) ;
#1786 = EDGE_CURVE ( 'NONE', #1817, #1125, #1325, .T. ) ;
#1787 = ADVANCED_FACE ( 'NONE', ( #1156 ), #1754, .T. ) ;
#1788 = PRODUCT_DEFINITION_CONTEXT ( 'detailed design', #1081, 'design' ) ;
#1789 = EDGE_LOOP ( 'NONE', ( #143, #1833, #1542, #481, #967, #1823, #1287, #146 ) ) ;
#1790 = CARTESIAN_POINT ( 'NONE',  ( -8.614999999999998437, -12.64999999999999858, 3.300000000000000266 ) ) ;
#1791 = EDGE_CURVE ( 'NONE', #1836, #662, #719, .T. ) ;
#1792 = DIRECTION ( 'NONE',  ( -1.000000000000000000, 8.673617379884035472E-16, 0.000000000000000000 ) ) ;
#1793 =( LENGTH_UNIT ( ) NAMED_UNIT ( * ) SI_UNIT ( .MILLI., .METRE. ) );
#1794 = CARTESIAN_POINT ( 'NONE',  ( -9.937875655532295127, 14.15000000000000568, 3.199999999999999734 ) ) ;
#1795 = VERTEX_POINT ( 'NONE', #1762 ) ;
#1796 = VECTOR ( 'NONE', #181, 1000.000000000000000 ) ;
#1797 = AXIS2_PLACEMENT_3D ( 'NONE', #1693, #1268, #1439 ) ;
#1798 = DIRECTION ( 'NONE',  ( -0.008726535498373953759, 0.000000000000000000, -0.9999619230641713097 ) ) ;
#1799 = CARTESIAN_POINT ( 'NONE',  ( 1273.405883561820247, 659.0543147908459787, 872.0559641186409863 ) ) ;
#1800 = EDGE_CURVE ( 'NONE', #1484, #1292, #1171, .T. ) ;
#1801 =( LENGTH_UNIT ( ) NAMED_UNIT ( * ) SI_UNIT ( .MILLI., .METRE. ) );
#1802 = ORIENTED_EDGE ( 'NONE', *, *, #1786, .F. ) ;
#1803 = CARTESIAN_POINT ( 'NONE',  ( -9.937875655532295127, -14.14999999999999503, 3.199999999999999734 ) ) ;
#1804 = ORIENTED_EDGE ( 'NONE', *, *, #1866, .F. ) ;
#1805 = CARTESIAN_POINT ( 'NONE',  ( -10.13245373558151563, 0.000000000000000000, 5.200000000000000178 ) ) ;
#1806 = CIRCLE ( 'NONE', #1462, 3.000000000000000000 ) ;
#1807 = DIRECTION ( 'NONE',  ( 0.000000000000000000, 0.000000000000000000, -1.000000000000000000 ) ) ;
#1808 = DIRECTION ( 'NONE',  ( -0.008726535498373953759, 0.000000000000000000, 0.9999619230641713097 ) ) ;
#1809 = ADVANCED_FACE ( 'NONE', ( #28 ), #1782, .T. ) ;
#1810 = SHAPE_REPRESENTATION_RELATIONSHIP ( 'NONE' , 'NONE' ,  #1574, #1304 ) ;
#1811 = AXIS2_PLACEMENT_3D ( 'NONE', #1353, #762, #1676 ) ;
#1812 = ORIENTED_EDGE ( 'NONE', *, *, #506, .F. ) ;
#1813 = VECTOR ( 'NONE', #900, 1000.000000000000000 ) ;
#1814 = LINE ( 'NONE', #655, #1031 ) ;
#1815 = CARTESIAN_POINT ( 'NONE',  ( 0.000000000000000000, 14.16745373558152288, 5.200000000000000178 ) ) ;
#1816 = EDGE_CURVE ( 'NONE', #425, #1869, #309, .T. ) ;
#1817 = VERTEX_POINT ( 'NONE', #1211 ) ;
#1818 = DIRECTION ( 'NONE',  ( -1.000000000000000000, 0.000000000000000000, 0.000000000000000000 ) ) ;
#1819 = CARTESIAN_POINT ( 'NONE',  ( -8.614999999999998437, 12.65000000000000924, 5.200000000000000178 ) ) ;
#1820 = CARTESIAN_POINT ( 'NONE',  ( -9.937875655532295127, -14.14999999999999503, 3.199999999999999734 ) ) ;
#1821 = LINE ( 'NONE', #1391, #508 ) ;
#1822 = ORIENTED_EDGE ( 'NONE', *, *, #1759, .F. ) ;
#1823 = ORIENTED_EDGE ( 'NONE', *, *, #800, .F. ) ;
#1824 = DIRECTION ( 'NONE',  ( 0.000000000000000000, 0.000000000000000000, 1.000000000000000000 ) ) ;
#1825 = ORIENTED_EDGE ( 'NONE', *, *, #1765, .F. ) ;
#1826 = DIRECTION ( 'NONE',  ( -0.000000000000000000, -0.000000000000000000, 1.000000000000000000 ) ) ;
#1827 = ORIENTED_EDGE ( 'NONE', *, *, #1500, .F. ) ;
#1828 =( REPRESENTATION_RELATIONSHIP ('NONE','NONE', #1153, #1702 ) REPRESENTATION_RELATIONSHIP_WITH_TRANSFORMATION ( #678 )SHAPE_REPRESENTATION_RELATIONSHIP( ) );
#1829 = DIRECTION ( 'NONE',  ( -0.000000000000000000, -0.000000000000000000, 1.000000000000000000 ) ) ;
#1830 = CARTESIAN_POINT ( 'NONE',  ( -8.998997109999999466, -14.61308682684745364, 3.233333333311335434 ) ) ;
#1831 = DIRECTION ( 'NONE',  ( -3.942553354492744024E-16, 0.000000000000000000, 1.000000000000000000 ) ) ;
#1832 = SURFACE_STYLE_USAGE ( .BOTH. , #383 ) ;
#1833 = ORIENTED_EDGE ( 'NONE', *, *, #790, .F. ) ;
#1834 = DIRECTION ( 'NONE',  ( -0.000000000000000000, -0.000000000000000000, 1.000000000000000000 ) ) ;
#1835 = ORIENTED_EDGE ( 'NONE', *, *, #1262, .F. ) ;
#1836 = VERTEX_POINT ( 'NONE', #87 ) ;
#1837 = LINE ( 'NONE', #784, #1344 ) ;
#1838 = CARTESIAN_POINT ( 'NONE',  ( 5.851002890000001067, -14.64999999999999680, 3.200000000000000178 ) ) ;
#1839 = SHAPE_DEFINITION_REPRESENTATION ( #791, #1574 ) ;
#1840 = ORIENTED_EDGE ( 'NONE', *, *, #301, .F. ) ;
#1841 = LINE ( 'NONE', #548, #1409 ) ;
#1842 = VECTOR ( 'NONE', #25, 1000.000000000000000 ) ;
#1843 = VECTOR ( 'NONE', #863, 1000.000000000000000 ) ;
#1844 = VECTOR ( 'NONE', #1508, 1000.000000000000000 ) ;
#1845 = ORIENTED_EDGE ( 'NONE', *, *, #1493, .F. ) ;
#1846 = ADVANCED_FACE ( 'NONE', ( #644 ), #1200, .F. ) ;
#1847 = ORIENTED_EDGE ( 'NONE', *, *, #92, .F. ) ;
#1848 = DIRECTION ( 'NONE',  ( -0.000000000000000000, -0.000000000000000000, 1.000000000000000000 ) ) ;
#1849 = EDGE_CURVE ( 'NONE', #1316, #172, #512, .T. ) ;
#1850 = DIRECTION ( 'NONE',  ( -0.000000000000000000, -0.008726535498373953759, -0.9999619230641713097 ) ) ;
#1851 = DIRECTION ( 'NONE',  ( 0.000000000000000000, 0.000000000000000000, -1.000000000000000000 ) ) ;
#1852 = ORIENTED_EDGE ( 'NONE', *, *, #643, .F. ) ;
#1853 = DIRECTION ( 'NONE',  ( -1.577021341797097215E-15, 0.000000000000000000, 1.000000000000000000 ) ) ;
#1854 = ORIENTED_EDGE ( 'NONE', *, *, #1492, .T. ) ;
#1855 = CARTESIAN_POINT ( 'NONE',  ( 8.615000000000001990, -12.64999999999999858, 5.200000000000000178 ) ) ;
#1856 = AXIS2_PLACEMENT_3D ( 'NONE', #776, #54, #768 ) ;
#1857 = ORIENTED_EDGE ( 'NONE', *, *, #1114, .F. ) ;
#1858 = DIRECTION ( 'NONE',  ( 1.000000000000000000, 0.000000000000000000, 0.000000000000000000 ) ) ;
#1859 = ORIENTED_EDGE ( 'NONE', *, *, #812, .T. ) ;
#1860 = DIRECTION ( 'NONE',  ( 1.000000000000000000, 0.000000000000000000, 0.000000000000000000 ) ) ;
#1861 = PLANE ( 'NONE',  #1404 ) ;
#1862 = ORIENTED_EDGE ( 'NONE', *, *, #1056, .F. ) ;
#1863 = VECTOR ( 'NONE', #298, 1000.000000000000000 ) ;
#1864 = EDGE_CURVE ( 'NONE', #662, #416, #66, .T. ) ;
#1865 = CARTESIAN_POINT ( 'NONE',  ( 1292.653337297401777, 686.3717685264275588, 872.0559641186409863 ) ) ;
#1866 = EDGE_CURVE ( 'NONE', #1048, #1901, #501, .T. ) ;
#1867 = CARTESIAN_POINT ( 'NONE',  ( 10.11500000000000199, 14.15000000000000568, 3.200000000000000178 ) ) ;
#1868 = CARTESIAN_POINT ( 'NONE',  ( 0.000000000000000000, -14.66745373558151222, 5.200000000000000178 ) ) ;
#1869 = VERTEX_POINT ( 'NONE', #1351 ) ;
#1870 = AXIS2_PLACEMENT_3D ( 'NONE', #1163, #717, #133 ) ;
#1871 = DIRECTION ( 'NONE',  ( -0.000000000000000000, -0.000000000000000000, -1.000000000000000000 ) ) ;
#1872 = EDGE_CURVE ( 'NONE', #1579, #1248, #46, .T. ) ;
#1873 = AXIS2_PLACEMENT_3D ( 'NONE', #132, #288, #421 ) ;
#1874 = CIRCLE ( 'NONE', #1654, 2.017453735581486995 ) ;
#1875 = EDGE_LOOP ( 'NONE', ( #1845, #1392, #509, #788 ) ) ;
#1876 = VECTOR ( 'NONE', #454, 1000.000000000000000 ) ;
#1877 = CARTESIAN_POINT ( 'NONE',  ( 0.000000000000000000, 0.000000000000000000, 0.000000000000000000 ) ) ;
#1878 = CARTESIAN_POINT ( 'NONE',  ( 10.13245373558152096, 13.97945618039164195, 5.200000000000000178 ) ) ;
#1879 = CARTESIAN_POINT ( 'NONE',  ( 11.61500000000000199, 12.65000000000000924, 3.200000000000000178 ) ) ;
#1880 = VERTEX_POINT ( 'NONE', #787 ) ;
#1881 = CARTESIAN_POINT ( 'NONE',  ( 1273.405883561820247, 661.0717685264274905, 835.8243055021930559 ) ) ;
#1882 = EDGE_LOOP ( 'NONE', ( #1840, #1477, #1169, #565 ) ) ;
#1883 = CARTESIAN_POINT ( 'NONE',  ( 1290.635883561820265, 686.3717685264275588, 874.0559641186409863 ) ) ;
#1884 = DIRECTION ( 'NONE',  ( 0.000000000000000000, 0.000000000000000000, 1.000000000000000000 ) ) ;
#1885 = ORIENTED_EDGE ( 'NONE', *, *, #626, .F. ) ;
#1886 = B_SPLINE_CURVE_WITH_KNOTS ( 'NONE', 3,
 ( #907, #767, #890, #1820 ),
 .UNSPECIFIED., .F., .F.,
 ( 4, 4 ),
 ( 0.000000000000000000, 0.002000086982156819293 ),
 .UNSPECIFIED. ) ;
#1887 = DIRECTION ( 'NONE',  ( -1.000000000000000000, 0.000000000000000000, -0.000000000000000000 ) ) ;
#1888 = EDGE_CURVE ( 'NONE', #919, #1048, #1821, .T. ) ;
#1889 = DIRECTION ( 'NONE',  ( 1.000000000000000000, 0.000000000000000000, 0.000000000000000000 ) ) ;
#1890 = CARTESIAN_POINT ( 'NONE',  ( 6.535000000000001030, 12.35000000000000675, -1.500999999999999890 ) ) ;
#1891 = CARTESIAN_POINT ( 'NONE',  ( 8.615000000000001990, -14.64999999999999680, 3.200000000000000178 ) ) ;
#1892 = APPLICATION_CONTEXT ( 'automotive_design' ) ;
#1893 = EDGE_CURVE ( 'NONE', #22, #1017, #1068, .T. ) ;
#1894 = ORIENTED_EDGE ( 'NONE', *, *, #896, .F. ) ;
#1895 = FILL_AREA_STYLE ('',( #1294 ) ) ;
#1896 = FACE_OUTER_BOUND ( 'NONE', #1598, .T. ) ;
#1897 = EDGE_LOOP ( 'NONE', ( #1802, #1835, #325, #1576 ) ) ;
#1898 = CARTESIAN_POINT ( 'NONE',  ( 5.851002890000001067, -14.64856512578876746, 3.035579701029754940 ) ) ;
#1899 = DIRECTION ( 'NONE',  ( -0.000000000000000000, -0.000000000000000000, 1.000000000000000000 ) ) ;
#1900 = FACE_OUTER_BOUND ( 'NONE', #656, .T. ) ;
#1901 = VERTEX_POINT ( 'NONE', #625 ) ;
#1902 = NEXT_ASSEMBLY_USAGE_OCCURRENCE ( 'NAUO1', ' ', ' ', #496, #1359, $ ) ;
#1903 = NEXT_ASSEMBLY_USAGE_OCCURRENCE ( 'NAUO2', ' ', ' ', #496, #193, $ ) ;
ENDSEC;
END-ISO-10303-21;
