ISO-10303-21;
HEADER;
FILE_DESCRIPTION (( 'STEP AP214' ),
    '1' );
FILE_NAME ('Assem1.STEP',
    '2026-02-09T08:28:50',
    ( '' ),
    ( '' ),
    'SwSTEP 2.0',
    'SolidWorks 2026',
    '' );
FILE_SCHEMA (( 'AUTOMOTIVE_DESIGN' ));
ENDSEC;

DATA;
#1 = AXIS2_PLACEMENT_3D ( 'NONE', #978, #673, #1260 ) ;
#2 = VERTEX_POINT ( 'NONE', #1839 ) ;
#3 = VERTEX_POINT ( 'NONE', #1134 ) ;
#4 = LINE ( 'NONE', #599, #449 ) ;
#5 = CARTESIAN_POINT ( 'NONE',  ( -12.44245373558151790, 14.67500000000000071, 13.19999999999999929 ) ) ;
#6 = VECTOR ( 'NONE', #1342, 1000.000000000000000 ) ;
#7 = LINE ( 'NONE', #585, #807 ) ;
#8 = ADVANCED_FACE ( 'NONE', ( #1538 ), #556, .F. ) ;
#9 = PLANE ( 'NONE',  #489 ) ;
#10 = CARTESIAN_POINT ( 'NONE',  ( 1297.103065356358911, 686.0447650546107070, 885.1400450860915043 ) ) ;
#11 =( NAMED_UNIT ( * ) SI_UNIT ( $, .STERADIAN. ) SOLID_ANGLE_UNIT ( ) );
#12 = ORIENTED_EDGE ( 'NONE', *, *, #231, .F. ) ;
#13 = VERTEX_POINT ( 'NONE', #1388 ) ;
#14 = EDGE_CURVE ( 'NONE', #580, #1556, #994, .T. ) ;
#15 = DIRECTION ( 'NONE',  ( -0.000000000000000000, -0.000000000000000000, -1.000000000000000000 ) ) ;
#16 = DIRECTION ( 'NONE',  ( 0.000000000000000000, 0.000000000000000000, 1.000000000000000000 ) ) ;
#17 = DIRECTION ( 'NONE',  ( 0.000000000000000000, 0.000000000000000000, 1.000000000000000000 ) ) ;
#18 = VECTOR ( 'NONE', #1362, 1000.000000000000000 ) ;
#19 = DIRECTION ( 'NONE',  ( -0.000000000000000000, 0.000000000000000000, -1.000000000000000000 ) ) ;
#20 = DIRECTION ( 'NONE',  ( -0.000000000000000000, 0.000000000000000000, -1.000000000000000000 ) ) ;
#21 = VERTEX_POINT ( 'NONE', #243 ) ;
#22 = ORIENTED_EDGE ( 'NONE', *, *, #1665, .T. ) ;
#23 = DIRECTION ( 'NONE',  ( -1.000000000000000000, 0.000000000000000000, 0.000000000000000000 ) ) ;
#24 = DIRECTION ( 'NONE',  ( 1.000000000000000000, 0.000000000000000000, 0.000000000000000000 ) ) ;
#25 = CARTESIAN_POINT ( 'NONE',  ( 7.000000000000000000, -16.67599999999999838, 11.19999999999999929 ) ) ;
#26 = DIRECTION ( 'NONE',  ( 0.000000000000000000, 0.000000000000000000, -1.000000000000000000 ) ) ;
#27 = CARTESIAN_POINT ( 'NONE',  ( 5.125000000000000888, -10.07500000000000107, 4.000000000000000000 ) ) ;
#28 = EDGE_CURVE ( 'NONE', #504, #346, #1701, .T. ) ;
#29 = ORIENTED_EDGE ( 'NONE', *, *, #1528, .F. ) ;
#30 = CONICAL_SURFACE ( 'NONE', #144, 0.5000000000000004441, 0.008726646259971666819 ) ;
#31 = VECTOR ( 'NONE', #1223, 1000.000000000000000 ) ;
#32 = EDGE_CURVE ( 'NONE', #1198, #1799, #1547, .T. ) ;
#33 = ORIENTED_EDGE ( 'NONE', *, *, #1234, .T. ) ;
#34 = DIRECTION ( 'NONE',  ( -1.000000000000000000, 0.000000000000000000, 0.000000000000000000 ) ) ;
#35 = DIRECTION ( 'NONE',  ( -1.000000000000000000, 0.000000000000000000, 0.000000000000000000 ) ) ;
#36 = AXIS2_PLACEMENT_3D ( 'NONE', #1733, #897, #1847 ) ;
#37 = CARTESIAN_POINT ( 'NONE',  ( -7.325000000000001066, -10.07500000000000107, 0.000000000000000000 ) ) ;
#38 = ORIENTED_EDGE ( 'NONE', *, *, #1211, .F. ) ;
#39 = LINE ( 'NONE', #1460, #245 ) ;
#40 = DIRECTION ( 'NONE',  ( 1.000000000000000000, 0.000000000000000000, 0.000000000000000000 ) ) ;
#41 = EDGE_CURVE ( 'NONE', #642, #1573, #1849, .T. ) ;
#42 = ORIENTED_EDGE ( 'NONE', *, *, #734, .F. ) ;
#43 = ORIENTED_EDGE ( 'NONE', *, *, #14, .F. ) ;
#44 = LINE ( 'NONE', #1629, #151 ) ;
#45 = CARTESIAN_POINT ( 'NONE',  ( 11.92500000000000071, 14.67499999999999893, 13.19999999999999929 ) ) ;
#46 = DIRECTION ( 'NONE',  ( -1.445602896647339163E-16, -0.000000000000000000, 1.000000000000000000 ) ) ;
#47 = VERTEX_POINT ( 'NONE', #102 ) ;
#48 = DIRECTION ( 'NONE',  ( -1.000000000000000000, 0.000000000000000000, 0.000000000000000000 ) ) ;
#49 = DIRECTION ( 'NONE',  ( -1.445602896647339163E-16, 0.000000000000000000, 1.000000000000000000 ) ) ;
#50 = APPLICATION_PROTOCOL_DEFINITION ( 'draft international standard', 'automotive_design', 1998, #1857 ) ;
#51 = ADVANCED_FACE ( 'NONE', ( #251 ), #835, .F. ) ;
#52 = ORIENTED_EDGE ( 'NONE', *, *, #1848, .F. ) ;
#53 = ORIENTED_EDGE ( 'NONE', *, *, #1380, .T. ) ;
#54 = DIRECTION ( 'NONE',  ( 0.000000000000000000, 1.000000000000000000, 0.000000000000000000 ) ) ;
#55 = CARTESIAN_POINT ( 'NONE',  ( -11.92500000000000071, -14.67499999999999893, 11.19999999999999929 ) ) ;
#56 = ORIENTED_EDGE ( 'NONE', *, *, #417, .F. ) ;
#57 = FACE_OUTER_BOUND ( 'NONE', #1212, .T. ) ;
#58 = DIRECTION ( 'NONE',  ( -1.000000000000000000, 0.000000000000000000, 0.000000000000000000 ) ) ;
#59 = VECTOR ( 'NONE', #534, 1000.000000000000000 ) ;
#60 = SHAPE_DEFINITION_REPRESENTATION ( #548, #1601 ) ;
#61 = ORIENTED_EDGE ( 'NONE', *, *, #919, .T. ) ;
#62 = CARTESIAN_POINT ( 'NONE',  ( -9.525000000000000355, -10.07500000000000107, 4.000000000000000000 ) ) ;
#63 = ORIENTED_EDGE ( 'NONE', *, *, #1576, .F. ) ;
#64 = VECTOR ( 'NONE', #1286, 1000.000000000000000 ) ;
#65 = CARTESIAN_POINT ( 'NONE',  ( -3.724999999999998312, -10.07500000000000107, 0.000000000000000000 ) ) ;
#66 = CARTESIAN_POINT ( 'NONE',  ( -11.92500000000000071, -15.19245373558151790, 13.19999999999999929 ) ) ;
#67 = CARTESIAN_POINT ( 'NONE',  ( -7.000000000000000000, -16.67599999999999838, 11.19999999999999929 ) ) ;
#68 = EDGE_CURVE ( 'NONE', #989, #963, #1126, .T. ) ;
#69 = ORIENTED_EDGE ( 'NONE', *, *, #1517, .T. ) ;
#70 = VECTOR ( 'NONE', #49, 1000.000000000000000 ) ;
#71 = CARTESIAN_POINT ( 'NONE',  ( -3.724999999999998312, -13.67499999999999893, 4.000000000000000000 ) ) ;
#72 = ORIENTED_EDGE ( 'NONE', *, *, #631, .T. ) ;
#73 = EDGE_CURVE ( 'NONE', #1255, #2, #1677, .T. ) ;
#74 = VECTOR ( 'NONE', #199, 1000.000000000000000 ) ;
#75 = LINE ( 'NONE', #213, #1038 ) ;
#76 = AXIS2_PLACEMENT_3D ( 'NONE', #1530, #1559, #975 ) ;
#77 = DIRECTION ( 'NONE',  ( 0.000000000000000000, 0.000000000000000000, 1.000000000000000000 ) ) ;
#78 = EDGE_LOOP ( 'NONE', ( #610, #1427, #1370, #798 ) ) ;
#79 = CARTESIAN_POINT ( 'NONE',  ( 7.325000000000001066, -10.07500000000000107, 4.000000000000000000 ) ) ;
#80 = ORIENTED_EDGE ( 'NONE', *, *, #282, .F. ) ;
#81 = DIRECTION ( 'NONE',  ( 0.000000000000000000, 1.000000000000000000, -0.000000000000000000 ) ) ;
#82 = ORIENTED_EDGE ( 'NONE', *, *, #666, .F. ) ;
#83 = CARTESIAN_POINT ( 'NONE',  ( 11.92500000000000071, 15.17499999999999893, 11.19999999999999929 ) ) ;
#84 = VERTEX_POINT ( 'NONE', #118 ) ;
#85 = DIRECTION ( 'NONE',  ( -1.000000000000000000, 0.000000000000000000, 0.000000000000000000 ) ) ;
#86 = VERTEX_POINT ( 'NONE', #693 ) ;
#87 = EDGE_CURVE ( 'NONE', #122, #1790, #149, .T. ) ;
#88 = DIRECTION ( 'NONE',  ( 1.000000000000000000, 0.000000000000000000, 0.000000000000000000 ) ) ;
#89 = ORIENTED_EDGE ( 'NONE', *, *, #1696, .F. ) ;
#90 = EDGE_CURVE ( 'NONE', #1480, #316, #1831, .T. ) ;
#91 = LINE ( 'NONE', #688, #871 ) ;
#92 = VECTOR ( 'NONE', #1553, 1000.000000000000000 ) ;
#93 = PRODUCT_DEFINITION ( 'UNKNOWN', '', #1780, #748 ) ;
#94 = CARTESIAN_POINT ( 'NONE',  ( -10.92500000000000071, -13.67499999999999893, 11.19999999999999929 ) ) ;
#95 = CARTESIAN_POINT ( 'NONE',  ( -3.724999999999998312, -10.07500000000000107, 4.000000000000000000 ) ) ;
#96 = CARTESIAN_POINT ( 'NONE',  ( -3.724999999999998312, -10.07500000000000107, 4.000000000000000000 ) ) ;
#97 = ADVANCED_FACE ( 'NONE', ( #267 ), #126, .T. ) ;
#98 = CIRCLE ( 'NONE', #672, 2.000000000000000000 ) ;
#99 = ORIENTED_EDGE ( 'NONE', *, *, #980, .F. ) ;
#100 = CARTESIAN_POINT ( 'NONE',  ( 1292.178065356358729, 702.1869006783414306, 885.1400450860915043 ) ) ;
#101 = LINE ( 'NONE', #1823, #809 ) ;
#102 = CARTESIAN_POINT ( 'NONE',  ( 10.92500000000000071, 13.67499999999999893, 11.19999999999999929 ) ) ;
#103 = CARTESIAN_POINT ( 'NONE',  ( 1273.253065356359002, 656.6947650546106843, 883.1400450860915043 ) ) ;
#104 = ORIENTED_EDGE ( 'NONE', *, *, #841, .F. ) ;
#105 = DIRECTION ( 'NONE',  ( -0.000000000000000000, -0.000000000000000000, 1.000000000000000000 ) ) ;
#106 = EDGE_CURVE ( 'NONE', #1097, #346, #1531, .T. ) ;
#107 = LINE ( 'NONE', #842, #1179 ) ;
#108 = PRODUCT_DEFINITION_SHAPE ( 'NONE', 'NONE',  #1514 ) ;
#109 = DIRECTION ( 'NONE',  ( -0.000000000000000000, -0.000000000000000000, -1.000000000000000000 ) ) ;
#110 = LINE ( 'NONE', #1003, #1394 ) ;
#111 = VERTEX_POINT ( 'NONE', #1246 ) ;
#112 = VERTEX_POINT ( 'NONE', #1717 ) ;
#113 = CARTESIAN_POINT ( 'NONE',  ( 1292.178065356358729, 688.0447650546107070, 885.1400450860915043 ) ) ;
#114 = EDGE_CURVE ( 'NONE', #1103, #394, #317, .T. ) ;
#115 = AXIS2_PLACEMENT_3D ( 'NONE', #445, #26, #1611 ) ;
#116 = DIRECTION ( 'NONE',  ( -1.000000000000000000, -0.000000000000000000, -0.000000000000000000 ) ) ;
#117 = VECTOR ( 'NONE', #1316, 1000.000000000000000 ) ;
#118 = CARTESIAN_POINT ( 'NONE',  ( 1297.603065356358911, 686.0447650546107070, 883.1400450860915043 ) ) ;
#119 = DIRECTION ( 'NONE',  ( 0.000000000000000000, 1.000000000000000000, 0.000000000000000000 ) ) ;
#120 = VERTEX_POINT ( 'NONE', #1726 ) ;
#121 = ADVANCED_FACE ( 'NONE', ( #900 ), #9, .F. ) ;
#122 = VERTEX_POINT ( 'NONE', #1165 ) ;
#123 = CARTESIAN_POINT ( 'NONE',  ( -11.92500000000000071, -14.67499999999999893, 11.19999999999999929 ) ) ;
#124 = ADVANCED_FACE ( 'NONE', ( #305 ), #1431, .T. ) ;
#125 = DIRECTION ( 'NONE',  ( 0.000000000000000000, 0.000000000000000000, 1.000000000000000000 ) ) ;
#126 = PLANE ( 'NONE',  #301 ) ;
#127 = AXIS2_PLACEMENT_3D ( 'NONE', #866, #1146, #429 ) ;
#128 = DIRECTION ( 'NONE',  ( 0.000000000000000000, -0.000000000000000000, -1.000000000000000000 ) ) ;
#129 = VERTEX_POINT ( 'NONE', #437 ) ;
#130 = ORIENTED_EDGE ( 'NONE', *, *, #1032, .F. ) ;
#131 = CARTESIAN_POINT ( 'NONE',  ( -10.92500000000000071, 13.67499999999999893, 11.19999999999999929 ) ) ;
#132 = AXIS2_PLACEMENT_3D ( 'NONE', #1001, #1288, #1279 ) ;
#133 = DIRECTION ( 'NONE',  ( -0.000000000000000000, -0.000000000000000000, 1.000000000000000000 ) ) ;
#134 = DIRECTION ( 'NONE',  ( 0.000000000000000000, 0.000000000000000000, -1.000000000000000000 ) ) ;
#135 = CARTESIAN_POINT ( 'NONE',  ( -3.724999999999998312, -10.07500000000000107, 4.000000000000000000 ) ) ;
#136 = ORIENTED_EDGE ( 'NONE', *, *, #87, .F. ) ;
#137 = ORIENTED_EDGE ( 'NONE', *, *, #896, .T. ) ;
#138 = LINE ( 'NONE', #865, #1537 ) ;
#139 = EDGE_CURVE ( 'NONE', #498, #632, #39, .T. ) ;
#140 = VECTOR ( 'NONE', #1385, 1000.000000000000000 ) ;
#141 = CARTESIAN_POINT ( 'NONE',  ( -10.92500000000000071, 13.67499999999999893, 11.19999999999999929 ) ) ;
#142 = CARTESIAN_POINT ( 'NONE',  ( 11.92500000000000071, 14.67499999999999893, 13.19999999999999929 ) ) ;
#143 = CARTESIAN_POINT ( 'NONE',  ( 1273.253065356359002, 656.1947650546105706, 843.9144794432610297 ) ) ;
#144 = AXIS2_PLACEMENT_3D ( 'NONE', #1616, #1723, #435 ) ;
#145 = AXIS2_PLACEMENT_3D ( 'NONE', #386, #1687, #1254 ) ;
#146 = ORIENTED_EDGE ( 'NONE', *, *, #734, .T. ) ;
#147 = EDGE_LOOP ( 'NONE', ( #1852, #104 ) ) ;
#148 = CARTESIAN_POINT ( 'NONE',  ( -5.125000000000000888, -10.07500000000000107, 4.000000000000000000 ) ) ;
#149 = CIRCLE ( 'NONE', #1123, 0.4999999999999449329 ) ;
#150 = CARTESIAN_POINT ( 'NONE',  ( 7.325000000000001066, -6.475000000000001421, 4.000000000000000000 ) ) ;
#151 = VECTOR ( 'NONE', #464, 1000.000000000000000 ) ;
#152 = DIRECTION ( 'NONE',  ( 0.000000000000000000, 0.000000000000000000, 1.000000000000000000 ) ) ;
#153 = DIRECTION ( 'NONE',  ( -0.000000000000000000, -1.000000000000000000, -0.000000000000000000 ) ) ;
#154 = CARTESIAN_POINT ( 'NONE',  ( -11.92500000000000071, -14.67499999999999893, 11.19999999999999929 ) ) ;
#155 = VERTEX_POINT ( 'NONE', #430 ) ;
#156 = VECTOR ( 'NONE', #814, 1000.000000000000000 ) ;
#157 = CARTESIAN_POINT ( 'NONE',  ( 0.000000000000000000, -15.17499999999999893, 11.19999999999999929 ) ) ;
#158 = ORIENTED_EDGE ( 'NONE', *, *, #1425, .F. ) ;
#159 = LINE ( 'NONE', #131, #117 ) ;
#160 =( REPRESENTATION_RELATIONSHIP ('NONE','NONE', #1409, #1749 ) REPRESENTATION_RELATIONSHIP_WITH_TRANSFORMATION ( #195 )SHAPE_REPRESENTATION_RELATIONSHIP( ) );
#161 = CARTESIAN_POINT ( 'NONE',  ( 1285.178065356358957, 671.3697650546106388, 883.1400450860915043 ) ) ;
#162 = EDGE_CURVE ( 'NONE', #1790, #248, #164, .T. ) ;
#163 = CARTESIAN_POINT ( 'NONE',  ( 3.724999999999998312, -10.07500000000000107, 4.000000000000000000 ) ) ;
#164 = LINE ( 'NONE', #1299, #1300 ) ;
#165 = PLANE ( 'NONE',  #1244 ) ;
#166 = VERTEX_POINT ( 'NONE', #1039 ) ;
#167 = VERTEX_POINT ( 'NONE', #1586 ) ;
#168 = CARTESIAN_POINT ( 'NONE',  ( 11.92500000000000071, -14.67499999999999893, 13.19999999999999929 ) ) ;
#169 = EDGE_CURVE ( 'NONE', #791, #839, #790, .T. ) ;
#170 = PLANE ( 'NONE',  #1533 ) ;
#171 = CARTESIAN_POINT ( 'NONE',  ( 7.325000000000001066, -10.07500000000000107, 4.000000000000000000 ) ) ;
#172 = ORIENTED_EDGE ( 'NONE', *, *, #1703, .F. ) ;
#173 = LINE ( 'NONE', #755, #1441 ) ;
#174 = DIRECTION ( 'NONE',  ( -1.000000000000000000, -0.000000000000000000, -0.000000000000000000 ) ) ;
#175 = ORIENTED_EDGE ( 'NONE', *, *, #1491, .T. ) ;
#176 = CIRCLE ( 'NONE', #849, 0.5174537355815168604 ) ;
#177 = ORIENTED_EDGE ( 'NONE', *, *, #799, .F. ) ;
#178 = CARTESIAN_POINT ( 'NONE',  ( 1272.753065356359002, 686.0447650546107070, 883.1400450860915043 ) ) ;
#179 = LINE ( 'NONE', #324, #1694 ) ;
#180 = EDGE_CURVE ( 'NONE', #3, #1088, #1449, .T. ) ;
#181 = AXIS2_PLACEMENT_3D ( 'NONE', #1597, #1473, #600 ) ;
#182 = CARTESIAN_POINT ( 'NONE',  ( 1292.178065356358729, 702.1869006783414306, 885.1400450860915043 ) ) ;
#183 = ORIENTED_EDGE ( 'NONE', *, *, #1248, .T. ) ;
#184 = LINE ( 'NONE', #1258, #892 ) ;
#185 = EDGE_CURVE ( 'NONE', #1784, #1153, #276, .T. ) ;
#186 = CARTESIAN_POINT ( 'NONE',  ( 12.44245373558151790, -14.67499999999999893, 13.19999999999999929 ) ) ;
#187 = EDGE_LOOP ( 'NONE', ( #137, #567, #669, #986 ) ) ;
#188 = APPLICATION_CONTEXT ( 'automotive_design' ) ;
#189 = EDGE_LOOP ( 'NONE', ( #1169, #1804, #312, #1105 ) ) ;
#190 = CYLINDRICAL_SURFACE ( 'NONE', #640, 2.199999999999999734 ) ;
#191 = CARTESIAN_POINT ( 'NONE',  ( 1292.178065356358729, 686.5447650546107070, 885.1400450860915043 ) ) ;
#192 = ORIENTED_EDGE ( 'NONE', *, *, #1080, .F. ) ;
#193 = CARTESIAN_POINT ( 'NONE',  ( 1292.178065356358729, 686.5447650546107070, 885.1400450860915043 ) ) ;
#194 = FACE_OUTER_BOUND ( 'NONE', #451, .T. ) ;
#195 = ITEM_DEFINED_TRANSFORMATION ( 'NONE', 'NONE', #761,  #1000 ) ;
#196 = VERTEX_POINT ( 'NONE', #595 ) ;
#197 = DIRECTION ( 'NONE',  ( 7.228014483236699514E-16, 1.000000000000000000, -0.000000000000000000 ) ) ;
#198 = EDGE_LOOP ( 'NONE', ( #630, #972, #954, #730 ) ) ;
#199 = DIRECTION ( 'NONE',  ( -1.000000000000000000, 0.000000000000000000, 0.000000000000000000 ) ) ;
#200 = ADVANCED_FACE ( 'NONE', ( #1320 ), #1311, .F. ) ;
#201 = CARTESIAN_POINT ( 'NONE',  ( 10.92500000000000071, -6.475000000000001421, 0.000000000000000000 ) ) ;
#202 = ORIENTED_EDGE ( 'NONE', *, *, #246, .T. ) ;
#203 = FACE_OUTER_BOUND ( 'NONE', #187, .T. ) ;
#204 = CARTESIAN_POINT ( 'NONE',  ( 1297.103065356358911, 686.5447650546107070, 885.1400450860915043 ) ) ;
#205 = DIRECTION ( 'NONE',  ( 1.000000000000000000, 0.000000000000000000, 0.000000000000000000 ) ) ;
#206 = ORIENTED_EDGE ( 'NONE', *, *, #1328, .T. ) ;
#207 = FILL_AREA_STYLE ('',( #379 ) ) ;
#208 = VECTOR ( 'NONE', #153, 1000.000000000000000 ) ;
#209 = EDGE_CURVE ( 'NONE', #472, #1293, #603, .T. ) ;
#210 = ORIENTED_EDGE ( 'NONE', *, *, #1106, .T. ) ;
#211 = VECTOR ( 'NONE', #926, 1000.000000000000000 ) ;
#212 = AXIS2_PLACEMENT_3D ( 'NONE', #1714, #283, #263 ) ;
#213 = CARTESIAN_POINT ( 'NONE',  ( 12.44245373558151613, 0.000000000000000000, 13.19999999999999929 ) ) ;
#214 = EDGE_LOOP ( 'NONE', ( #1673, #262, #638, #400 ) ) ;
#215 = CARTESIAN_POINT ( 'NONE',  ( 0.000000000000000000, 15.17499999999999893, 11.19999999999999929 ) ) ;
#216 = APPLICATION_PROTOCOL_DEFINITION ( 'draft international standard', 'automotive_design', 1998, #1378 ) ;
#217 = ORIENTED_EDGE ( 'NONE', *, *, #1125, .T. ) ;
#218 = LINE ( 'NONE', #371, #239 ) ;
#219 = ORIENTED_EDGE ( 'NONE', *, *, #1811, .T. ) ;
#220 = CIRCLE ( 'NONE', #1521, 0.5000000000000004441 ) ;
#221 = CARTESIAN_POINT ( 'NONE',  ( 1273.253065356359002, 656.6947650546106843, 885.1400450860915043 ) ) ;
#222 = AXIS2_PLACEMENT_3D ( 'NONE', #79, #1643, #224 ) ;
#223 = ORIENTED_EDGE ( 'NONE', *, *, #405, .T. ) ;
#224 = DIRECTION ( 'NONE',  ( -1.000000000000000000, 0.000000000000000000, 0.000000000000000000 ) ) ;
#225 = AXIS2_PLACEMENT_3D ( 'NONE', #649, #327, #48 ) ;
#226 = ORIENTED_EDGE ( 'NONE', *, *, #209, .T. ) ;
#227 = DIRECTION ( 'NONE',  ( -1.000000000000000000, 0.000000000000000000, -1.445602896647339163E-16 ) ) ;
#228 = EDGE_CURVE ( 'NONE', #1019, #167, #1008, .T. ) ;
#229 = EDGE_LOOP ( 'NONE', ( #290, #846, #1820, #254 ) ) ;
#230 = PLANE ( 'NONE',  #717 ) ;
#231 = EDGE_CURVE ( 'NONE', #996, #1662, #564, .T. ) ;
#232 = FACE_OUTER_BOUND ( 'NONE', #899, .T. ) ;
#233 = CARTESIAN_POINT ( 'NONE',  ( 13.92500000000000071, 14.67500000000000071, 11.19999999999999929 ) ) ;
#234 = CYLINDRICAL_SURFACE ( 'NONE', #641, 0.4999999999999449329 ) ;
#235 = VECTOR ( 'NONE', #256, 1000.000000000000000 ) ;
#236 = EDGE_LOOP ( 'NONE', ( #740, #440, #1434, #1137 ) ) ;
#237 = LINE ( 'NONE', #1822, #59 ) ;
#238 = VECTOR ( 'NONE', #491, 1000.000000000000000 ) ;
#239 = VECTOR ( 'NONE', #1094, 1000.000000000000000 ) ;
#240 = CLOSED_SHELL ( 'NONE', ( #962, #1617, #1505, #1191, #1482, #1037, #527, #1406, #1240, #124, #1151, #1283, #935, #1324 ) ) ;
#241 = CYLINDRICAL_SURFACE ( 'NONE', #1419, 0.4999999999999449329 ) ;
#242 = EDGE_CURVE ( 'NONE', #1666, #805, #420, .T. ) ;
#243 = CARTESIAN_POINT ( 'NONE',  ( -13.92500000000000071, 14.67500000000000071, 13.19999999999999929 ) ) ;
#244 = DIRECTION ( 'NONE',  ( 0.000000000000000000, 0.000000000000000000, 1.000000000000000000 ) ) ;
#245 = VECTOR ( 'NONE', #1017, 1000.000000000000000 ) ;
#246 = EDGE_CURVE ( 'NONE', #13, #498, #173, .T. ) ;
#247 = CIRCLE ( 'NONE', #1335, 2.000000000000000000 ) ;
#248 = VERTEX_POINT ( 'NONE', #286 ) ;
#249 = PLANE ( 'NONE',  #1056 ) ;
#250 = PLANE ( 'NONE',  #76 ) ;
#251 = FACE_OUTER_BOUND ( 'NONE', #1182, .T. ) ;
#252 = CARTESIAN_POINT ( 'NONE',  ( -10.92500000000000071, -13.67499999999999893, 11.19999999999999929 ) ) ;
#253 = EDGE_CURVE ( 'NONE', #362, #832, #1002, .T. ) ;
#254 = ORIENTED_EDGE ( 'NONE', *, *, #1400, .T. ) ;
#255 = ORIENTED_EDGE ( 'NONE', *, *, #1125, .F. ) ;
#256 = DIRECTION ( 'NONE',  ( -1.000000000000000000, 0.000000000000000000, 0.000000000000000000 ) ) ;
#257 = FACE_OUTER_BOUND ( 'NONE', #198, .T. ) ;
#258 = VERTEX_POINT ( 'NONE', #867 ) ;
#259 = PLANE ( 'NONE',  #722 ) ;
#260 = VERTEX_POINT ( 'NONE', #1570 ) ;
#261 = EDGE_CURVE ( 'NONE', #415, #1555, #713, .T. ) ;
#262 = ORIENTED_EDGE ( 'NONE', *, *, #1287, .F. ) ;
#263 = DIRECTION ( 'NONE',  ( -1.000000000000000000, 0.000000000000000000, -0.000000000000000000 ) ) ;
#264 = LINE ( 'NONE', #665, #521 ) ;
#265 = AXIS2_PLACEMENT_3D ( 'NONE', #909, #1776, #939 ) ;
#266 = VECTOR ( 'NONE', #1791, 1000.000000000000000 ) ;
#267 = FACE_OUTER_BOUND ( 'NONE', #597, .T. ) ;
#268 = FACE_OUTER_BOUND ( 'NONE', #1698, .T. ) ;
#269 = FACE_OUTER_BOUND ( 'NONE', #760, .T. ) ;
#270 = ORIENTED_EDGE ( 'NONE', *, *, #246, .F. ) ;
#271 = AXIS2_PLACEMENT_3D ( 'NONE', #535, #393, #1420 ) ;
#272 = PRODUCT ( 'Part2^Assem1', 'Part2^Assem1', '', ( #1229 ) ) ;
#273 = ORIENTED_EDGE ( 'NONE', *, *, #1747, .F. ) ;
#274 = CARTESIAN_POINT ( 'NONE',  ( -7.000000000000000000, 16.67499999999999716, 13.19999999999999929 ) ) ;
#275 = DIRECTION ( 'NONE',  ( 1.000000000000000000, 0.000000000000000000, -0.000000000000000000 ) ) ;
#276 = LINE ( 'NONE', #1028, #1506 ) ;
#277 = DIRECTION ( 'NONE',  ( -1.000000000000000000, 0.000000000000000000, 0.000000000000000000 ) ) ;
#278 = DIRECTION ( 'NONE',  ( 0.000000000000000000, 0.000000000000000000, 1.000000000000000000 ) ) ;
#279 = ORIENTED_EDGE ( 'NONE', *, *, #1314, .T. ) ;
#280 = EDGE_CURVE ( 'NONE', #653, #1407, #347, .T. ) ;
#281 = VERTEX_POINT ( 'NONE', #627 ) ;
#282 = EDGE_CURVE ( 'NONE', #1088, #1662, #770, .T. ) ;
#283 = DIRECTION ( 'NONE',  ( 0.000000000000000000, 0.000000000000000000, -1.000000000000000000 ) ) ;
#284 = CARTESIAN_POINT ( 'NONE',  ( 1297.103065356358911, 656.1947650546105706, 883.1400450860915043 ) ) ;
#285 = ADVANCED_FACE ( 'NONE', ( #931 ), #1220, .F. ) ;
#286 = CARTESIAN_POINT ( 'NONE',  ( 1272.753065356359002, 656.6947650546106843, 885.1400450860915043 ) ) ;
#287 = LINE ( 'NONE', #736, #1691 ) ;
#288 = DIRECTION ( 'NONE',  ( 1.000000000000000000, 0.000000000000000000, 0.000000000000000000 ) ) ;
#289 = ORIENTED_EDGE ( 'NONE', *, *, #692, .T. ) ;
#290 = ORIENTED_EDGE ( 'NONE', *, *, #1479, .T. ) ;
#291 = DIRECTION ( 'NONE',  ( 0.000000000000000000, 0.000000000000000000, 1.000000000000000000 ) ) ;
#292 = VECTOR ( 'NONE', #1803, 1000.000000000000000 ) ;
#293 = FACE_OUTER_BOUND ( 'NONE', #1728, .T. ) ;
#294 = DIRECTION ( 'NONE',  ( 0.000000000000000000, -0.008726535498373953759, -0.9999619230641713097 ) ) ;
#295 = CARTESIAN_POINT ( 'NONE',  ( 6.999999999999999112, -16.67599999999999838, 5.200000000000000178 ) ) ;
#296 = CARTESIAN_POINT ( 'NONE',  ( -10.92499999999999893, -6.475000000000001421, 4.000000000000000000 ) ) ;
#297 = VECTOR ( 'NONE', #739, 1000.000000000000000 ) ;
#298 = ORIENTED_EDGE ( 'NONE', *, *, #822, .F. ) ;
#299 = ORIENTED_EDGE ( 'NONE', *, *, #997, .F. ) ;
#300 = LINE ( 'NONE', #591, #1628 ) ;
#301 = AXIS2_PLACEMENT_3D ( 'NONE', #960, #705, #1281 ) ;
#302 = CARTESIAN_POINT ( 'NONE',  ( -10.92500000000000071, -13.67499999999999893, 11.19999999999999929 ) ) ;
#303 = VECTOR ( 'NONE', #1035, 1000.000000000000000 ) ;
#304 = LINE ( 'NONE', #1459, #1045 ) ;
#305 = FACE_OUTER_BOUND ( 'NONE', #749, .T. ) ;
#306 = DIRECTION ( 'NONE',  ( 0.000000000000000000, 0.000000000000000000, -1.000000000000000000 ) ) ;
#307 = AXIS2_PLACEMENT_3D ( 'NONE', #1437, #711, #1856 ) ;
#308 = PRODUCT_DEFINITION_CONTEXT ( 'detailed design', #1378, 'design' ) ;
#309 = ORIENTED_EDGE ( 'NONE', *, *, #162, .T. ) ;
#310 = AXIS2_PLACEMENT_3D ( 'NONE', #659, #1228, #1052 ) ;
#311 = EDGE_CURVE ( 'NONE', #1293, #1255, #313, .T. ) ;
#312 = ORIENTED_EDGE ( 'NONE', *, *, #311, .F. ) ;
#313 = CIRCLE ( 'NONE', #1752, 3.600000000000001421 ) ;
#314 = LINE ( 'NONE', #1607, #801 ) ;
#315 = FACE_OUTER_BOUND ( 'NONE', #1713, .T. ) ;
#316 = VERTEX_POINT ( 'NONE', #358 ) ;
#317 = LINE ( 'NONE', #890, #576 ) ;
#318 = DIRECTION ( 'NONE',  ( 0.000000000000000000, 0.000000000000000000, 1.000000000000000000 ) ) ;
#319 = CARTESIAN_POINT ( 'NONE',  ( 0.000000000000000000, 0.000000000000000000, 0.000000000000000000 ) ) ;
#320 = ORIENTED_EDGE ( 'NONE', *, *, #41, .T. ) ;
#321 = VERTEX_POINT ( 'NONE', #1621 ) ;
#322 = EDGE_CURVE ( 'NONE', #196, #528, #1065, .T. ) ;
#323 = CARTESIAN_POINT ( 'NONE',  ( 11.92500000000000071, -14.67499999999999893, 11.19999999999999929 ) ) ;
#324 = CARTESIAN_POINT ( 'NONE',  ( 12.42500000000000071, 0.000000000000000000, 11.19999999999999929 ) ) ;
#325 = SURFACE_SIDE_STYLE ('',( #1641 ) ) ;
#326 = ORIENTED_EDGE ( 'NONE', *, *, #1747, .T. ) ;
#327 = DIRECTION ( 'NONE',  ( -0.000000000000000000, -0.000000000000000000, -1.000000000000000000 ) ) ;
#328 = FACE_OUTER_BOUND ( 'NONE', #501, .T. ) ;
#329 = ORIENTED_EDGE ( 'NONE', *, *, #1615, .T. ) ;
#330 = VECTOR ( 'NONE', #1411, 1000.000000000000000 ) ;
#331 = ORIENTED_EDGE ( 'NONE', *, *, #562, .F. ) ;
#332 = PLANE ( 'NONE',  #1516 ) ;
#333 = CARTESIAN_POINT ( 'NONE',  ( 12.44245373558151790, 14.67499999999999893, 13.19999999999999929 ) ) ;
#334 = VECTOR ( 'NONE', #1622, 1000.000000000000000 ) ;
#335 = DIRECTION ( 'NONE',  ( 1.000000000000000000, 0.000000000000000000, 0.000000000000000000 ) ) ;
#336 = ORIENTED_EDGE ( 'NONE', *, *, #1368, .T. ) ;
#337 = DIRECTION ( 'NONE',  ( 0.000000000000000000, 0.000000000000000000, 1.000000000000000000 ) ) ;
#338 = CARTESIAN_POINT ( 'NONE',  ( 7.000000000000000000, -16.67599999999999838, 11.19999999999999929 ) ) ;
#339 = ORIENTED_EDGE ( 'NONE', *, *, #1012, .T. ) ;
#340 = LINE ( 'NONE', #1502, #266 ) ;
#341 = CARTESIAN_POINT ( 'NONE',  ( 1297.603065356358911, 656.6947650546106843, 843.9144794432610297 ) ) ;
#342 = ADVANCED_FACE ( 'NONE', ( #1653 ), #1091, .T. ) ;
#343 = ORIENTED_EDGE ( 'NONE', *, *, #374, .T. ) ;
#344 = CARTESIAN_POINT ( 'NONE',  ( 10.92500000000000071, -13.67499999999999893, 11.19999999999999929 ) ) ;
#345 = DIRECTION ( 'NONE',  ( -1.000000000000000000, 0.000000000000000000, 0.000000000000000000 ) ) ;
#346 = VERTEX_POINT ( 'NONE', #1767 ) ;
#347 = LINE ( 'NONE', #67, #1011 ) ;
#348 = LINE ( 'NONE', #1490, #1544 ) ;
#349 = ADVANCED_FACE ( 'NONE', ( #1209 ), #1341, .T. ) ;
#350 = VECTOR ( 'NONE', #1439, 1000.000000000000000 ) ;
#351 = ORIENTED_EDGE ( 'NONE', *, *, #1665, .F. ) ;
#352 = CARTESIAN_POINT ( 'NONE',  ( 11.92500000000000071, -15.17499999999999893, 11.19999999999999929 ) ) ;
#353 = PLANE ( 'NONE',  #876 ) ;
#354 = ORIENTED_EDGE ( 'NONE', *, *, #1734, .T. ) ;
#355 = CARTESIAN_POINT ( 'NONE',  ( 11.92500000000000071, 15.19245373558151790, 13.19999999999999929 ) ) ;
#356 = FACE_OUTER_BOUND ( 'NONE', #1445, .T. ) ;
#357 = ORIENTED_EDGE ( 'NONE', *, *, #757, .F. ) ;
#358 = CARTESIAN_POINT ( 'NONE',  ( -6.999999999999995559, 13.67499999999999893, 5.200000000000000178 ) ) ;
#359 = ORIENTED_EDGE ( 'NONE', *, *, #282, .T. ) ;
#360 = CARTESIAN_POINT ( 'NONE',  ( 1292.178065356358729, 686.5447650546107070, 843.9144794432610297 ) ) ;
#361 = VECTOR ( 'NONE', #1578, 1000.000000000000000 ) ;
#362 = VERTEX_POINT ( 'NONE', #479 ) ;
#363 = VECTOR ( 'NONE', #46, 1000.000000000000000 ) ;
#364 = STYLED_ITEM ( 'NONE', ( #1390 ), #1187 ) ;
#365 = LINE ( 'NONE', #1338, #634 ) ;
#366 = EDGE_LOOP ( 'NONE', ( #560, #1207, #738, #946, #339, #1656, #1360, #1788 ) ) ;
#367 = EDGE_CURVE ( 'NONE', #1550, #855, #1084, .T. ) ;
#368 = VECTOR ( 'NONE', #294, 1000.000000000000000 ) ;
#369 = LINE ( 'NONE', #1477, #462 ) ;
#370 = ORIENTED_EDGE ( 'NONE', *, *, #417, .T. ) ;
#371 = CARTESIAN_POINT ( 'NONE',  ( 0.000000000000000000, -15.19245373558151613, 13.19999999999999929 ) ) ;
#372 = PRODUCT_DEFINITION ( 'UNKNOWN', '', #428, #903 ) ;
#373 = ORIENTED_EDGE ( 'NONE', *, *, #628, .F. ) ;
#374 = EDGE_CURVE ( 'NONE', #653, #708, #1075, .T. ) ;
#375 = CIRCLE ( 'NONE', #1426, 2.000000000000000000 ) ;
#376 = DIRECTION ( 'NONE',  ( 0.008726535498373953759, -0.000000000000000000, -0.9999619230641713097 ) ) ;
#377 = LINE ( 'NONE', #959, #1568 ) ;
#378 = DIRECTION ( 'NONE',  ( 0.000000000000000000, 1.000000000000000000, 0.000000000000000000 ) ) ;
#379 = FILL_AREA_STYLE_COLOUR ( '', #797 ) ;
#380 = ORIENTED_EDGE ( 'NONE', *, *, #162, .F. ) ;
#381 = EDGE_CURVE ( 'NONE', #321, #1099, #1499, .T. ) ;
#382 = CARTESIAN_POINT ( 'NONE',  ( 10.92500000000000071, 13.67499999999999893, 11.19999999999999929 ) ) ;
#383 = DIRECTION ( 'NONE',  ( 0.000000000000000000, 0.000000000000000000, -1.000000000000000000 ) ) ;
#384 = UNCERTAINTY_MEASURE_WITH_UNIT (LENGTH_MEASURE( 1.000000000000000082E-05 ), #1433, 'distance_accuracy_value', 'NONE');
#385 = VERTEX_POINT ( 'NONE', #193 ) ;
#386 = CARTESIAN_POINT ( 'NONE',  ( -11.92500000000000071, -14.67499999999999893, 13.19999999999999929 ) ) ;
#387 = AXIS2_PLACEMENT_3D ( 'NONE', #221, #826, #1393 ) ;
#388 = ORIENTED_EDGE ( 'NONE', *, *, #581, .F. ) ;
#389 = CARTESIAN_POINT ( 'NONE',  ( 1297.103065356358911, 656.1947650546105706, 843.9144794432610297 ) ) ;
#390 = COLOUR_RGB ( '',0.7921568627450980005, 0.8196078431372548767, 0.9333333333333333481 ) ;
#391 = CIRCLE ( 'NONE', #1830, 0.5000000000000004441 ) ;
#392 = CLOSED_SHELL ( 'NONE', ( #1829, #8, #1787, #481, #200, #1464, #1761, #538, #558, #447, #1567, #858, #1058, #902, #51, #620, #402, #285, #1503, #399, #584, #1318, #1626, #1167, #1085, #1546, #1257, #121, #1421, #342, #1797, #1376, #349, #1347, #772, #1596, #966, #439, #1485, #97, #1661, #459 ) ) ;
#393 = DIRECTION ( 'NONE',  ( -1.000000000000000000, 0.000000000000000000, 0.000000000000000000 ) ) ;
#394 = VERTEX_POINT ( 'NONE', #1371 ) ;
#395 = FACE_OUTER_BOUND ( 'NONE', #933, .T. ) ;
#396 = PRODUCT ( 'RTC_Box', 'RTC_Box', '', ( #617 ) ) ;
#397 = VECTOR ( 'NONE', #1423, 1000.000000000000000 ) ;
#398 = ORIENTED_EDGE ( 'NONE', *, *, #1133, .T. ) ;
#399 = ADVANCED_FACE ( 'NONE', ( #57 ), #1189, .T. ) ;
#400 = ORIENTED_EDGE ( 'NONE', *, *, #1328, .F. ) ;
#401 = DIRECTION ( 'NONE',  ( -0.000000000000000000, -0.000000000000000000, 1.000000000000000000 ) ) ;
#402 = ADVANCED_FACE ( 'NONE', ( #203 ), #792, .F. ) ;
#403 = CARTESIAN_POINT ( 'NONE',  ( 1292.178065356358729, 688.0447650546107070, 885.1400450860915043 ) ) ;
#404 = VECTOR ( 'NONE', #683, 1000.000000000000000 ) ;
#405 = EDGE_CURVE ( 'NONE', #1476, #1010, #1796, .T. ) ;
#406 = ORIENTED_EDGE ( 'NONE', *, *, #697, .T. ) ;
#407 = DIRECTION ( 'NONE',  ( -1.000000000000000000, 0.000000000000000000, 0.000000000000000000 ) ) ;
#408 = ORIENTED_EDGE ( 'NONE', *, *, #945, .F. ) ;
#409 = EDGE_LOOP ( 'NONE', ( #450, #1192, #1323, #1777 ) ) ;
#410 = CARTESIAN_POINT ( 'NONE',  ( -11.92500000000000071, -15.17499999999999893, 11.19999999999999929 ) ) ;
#411 = DIRECTION ( 'NONE',  ( 0.000000000000000000, 0.000000000000000000, -1.000000000000000000 ) ) ;
#412 = CARTESIAN_POINT ( 'NONE',  ( 1273.253065356359002, 686.0447650546107070, 885.1400450860915043 ) ) ;
#413 = DIRECTION ( 'NONE',  ( 1.000000000000000000, 0.000000000000000000, 0.000000000000000000 ) ) ;
#414 = ORIENTED_EDGE ( 'NONE', *, *, #1821, .T. ) ;
#415 = VERTEX_POINT ( 'NONE', #911 ) ;
#416 = CARTESIAN_POINT ( 'NONE',  ( 7.325000000000001066, -10.07500000000000107, 0.000000000000000000 ) ) ;
#417 = EDGE_CURVE ( 'NONE', #632, #1031, #555, .T. ) ;
#418 = LINE ( 'NONE', #1164, #707 ) ;
#419 = EDGE_CURVE ( 'NONE', #1088, #1230, #369, .T. ) ;
#420 = LINE ( 'NONE', #457, #1259 ) ;
#421 = CARTESIAN_POINT ( 'NONE',  ( 1297.103065356358911, 656.6947650546106843, 885.1400450860915043 ) ) ;
#422 =( NAMED_UNIT ( * ) PLANE_ANGLE_UNIT ( ) SI_UNIT ( $, .RADIAN. ) );
#423 = ORIENTED_EDGE ( 'NONE', *, *, #367, .F. ) ;
#424 = AXIS2_PLACEMENT_3D ( 'NONE', #979, #861, #128 ) ;
#425 = ORIENTED_EDGE ( 'NONE', *, *, #1402, .T. ) ;
#426 = DIRECTION ( 'NONE',  ( 0.000000000000000000, 0.000000000000000000, -1.000000000000000000 ) ) ;
#427 = EDGE_CURVE ( 'NONE', #949, #996, #184, .T. ) ;
#428 = PRODUCT_DEFINITION_FORMATION_WITH_SPECIFIED_SOURCE ( 'ANY', '', #272, .NOT_KNOWN. ) ;
#429 = DIRECTION ( 'NONE',  ( -1.000000000000000000, 0.000000000000000000, 0.000000000000000000 ) ) ;
#430 = CARTESIAN_POINT ( 'NONE',  ( 1297.103065356358911, 686.5447650546107070, 883.1400450860915043 ) ) ;
#431 = DIRECTION ( 'NONE',  ( -1.000000000000000000, 0.000000000000000000, 0.000000000000000000 ) ) ;
#432 = ORIENTED_EDGE ( 'NONE', *, *, #1147, .T. ) ;
#433 = ORIENTED_EDGE ( 'NONE', *, *, #1602, .F. ) ;
#434 = FACE_OUTER_BOUND ( 'NONE', #1047, .T. ) ;
#435 = DIRECTION ( 'NONE',  ( -1.000000000000000000, 0.000000000000000000, 0.000000000000000000 ) ) ;
#436 = DIRECTION ( 'NONE',  ( 1.000000000000000000, 0.000000000000000000, 0.000000000000000000 ) ) ;
#437 = CARTESIAN_POINT ( 'NONE',  ( -12.44245373558151790, -14.67499999999999893, 13.19999999999999929 ) ) ;
#438 = LINE ( 'NONE', #1450, #646 ) ;
#439 = ADVANCED_FACE ( 'NONE', ( #1806 ), #250, .T. ) ;
#440 = ORIENTED_EDGE ( 'NONE', *, *, #456, .F. ) ;
#441 = ORIENTED_EDGE ( 'NONE', *, *, #32, .T. ) ;
#442 = DIRECTION ( 'NONE',  ( -1.445602896647339163E-16, 0.000000000000000000, -1.000000000000000000 ) ) ;
#443 = DIRECTION ( 'NONE',  ( 0.000000000000000000, -0.000000000000000000, -1.000000000000000000 ) ) ;
#444 = CARTESIAN_POINT ( 'NONE',  ( -11.92500000000000071, 15.17499999999999893, 11.19999999999999929 ) ) ;
#445 = CARTESIAN_POINT ( 'NONE',  ( 0.000000000000000000, 0.000000000000000000, 11.19999999999999929 ) ) ;
#446 = DIRECTION ( 'NONE',  ( 1.000000000000000000, 0.000000000000000000, -0.000000000000000000 ) ) ;
#447 = ADVANCED_FACE ( 'NONE', ( #828 ), #545, .T. ) ;
#448 = VECTOR ( 'NONE', #500, 1000.000000000000000 ) ;
#449 = VECTOR ( 'NONE', #1557, 1000.000000000000000 ) ;
#450 = ORIENTED_EDGE ( 'NONE', *, *, #692, .F. ) ;
#451 = EDGE_LOOP ( 'NONE', ( #483, #1633, #1068, #441, #794, #662 ) ) ;
#452 = CARTESIAN_POINT ( 'NONE',  ( 5.125000000000000888, -10.07500000000000107, 4.000000000000000000 ) ) ;
#453 = DIRECTION ( 'NONE',  ( 0.000000000000000000, 0.000000000000000000, 1.000000000000000000 ) ) ;
#454 = VECTOR ( 'NONE', #912, 1000.000000000000000 ) ;
#455 = FACE_OUTER_BOUND ( 'NONE', #189, .T. ) ;
#456 = EDGE_CURVE ( 'NONE', #1031, #528, #1676, .T. ) ;
#457 = CARTESIAN_POINT ( 'NONE',  ( 7.325000000000001066, -6.475000000000001421, 4.000000000000000000 ) ) ;
#458 = PLANE ( 'NONE',  #1271 ) ;
#459 = ADVANCED_FACE ( 'NONE', ( #232 ), #522, .F. ) ;
#460 = VECTOR ( 'NONE', #1326, 1000.000000000000000 ) ;
#461 = ORIENTED_EDGE ( 'NONE', *, *, #1454, .F. ) ;
#462 = VECTOR ( 'NONE', #1520, 1000.000000000000000 ) ;
#463 = EDGE_LOOP ( 'NONE', ( #754, #1077, #1334, #658, #813, #82, #192, #1730, #1688, #924 ) ) ;
#464 = DIRECTION ( 'NONE',  ( 1.000000000000000000, -0.000000000000000000, -0.000000000000000000 ) ) ;
#465 = CIRCLE ( 'NONE', #1527, 2.199999999999999734 ) ;
#466 = FACE_OUTER_BOUND ( 'NONE', #409, .T. ) ;
#467 = SURFACE_STYLE_USAGE ( .BOTH. , #325 ) ;
#468 = EDGE_LOOP ( 'NONE', ( #1242, #883, #1414, #329, #1795, #510, #270, #206 ) ) ;
#469 = CARTESIAN_POINT ( 'NONE',  ( -7.325000000000001066, -10.07500000000000107, 4.000000000000000000 ) ) ;
#470 = CYLINDRICAL_SURFACE ( 'NONE', #1150, 2.000000000000000000 ) ;
#471 = ORIENTED_EDGE ( 'NONE', *, *, #261, .F. ) ;
#472 = VERTEX_POINT ( 'NONE', #834 ) ;
#473 = CARTESIAN_POINT ( 'NONE',  ( 7.000000000000000000, 15.19245373558151790, 13.19999999999999929 ) ) ;
#474 = EDGE_CURVE ( 'NONE', #1322, #1019, #1395, .T. ) ;
#475 = DIRECTION ( 'NONE',  ( -0.000000000000000000, 1.000000000000000000, -0.000000000000000000 ) ) ;
#476 = AXIS2_PLACEMENT_3D ( 'NONE', #1256, #401, #965 ) ;
#477 = FILL_AREA_STYLE_COLOUR ( '', #390 ) ;
#478 = ORIENTED_EDGE ( 'NONE', *, *, #1314, .F. ) ;
#479 = CARTESIAN_POINT ( 'NONE',  ( 11.92500000000000071, 16.67499999999999716, 13.19999999999999929 ) ) ;
#480 = DIRECTION ( 'NONE',  ( 1.000000000000000000, 0.000000000000000000, -1.445602896647339163E-16 ) ) ;
#481 = ADVANCED_FACE ( 'NONE', ( #671 ), #1552, .T. ) ;
#482 = UNCERTAINTY_MEASURE_WITH_UNIT (LENGTH_MEASURE( 1.000000000000000082E-05 ), #759, 'distance_accuracy_value', 'NONE');
#483 = ORIENTED_EDGE ( 'NONE', *, *, #657, .T. ) ;
#484 = CIRCLE ( 'NONE', #1117, 2.199999999999999734 ) ;
#485 = AXIS2_PLACEMENT_3D ( 'NONE', #844, #244, #277 ) ;
#486 = LINE ( 'NONE', #1638, #211 ) ;
#487 = ORIENTED_EDGE ( 'NONE', *, *, #114, .F. ) ;
#488 = DIRECTION ( 'NONE',  ( 0.000000000000000000, 0.000000000000000000, 1.000000000000000000 ) ) ;
#489 = AXIS2_PLACEMENT_3D ( 'NONE', #295, #19, #586 ) ;
#490 = AXIS2_PLACEMENT_3D ( 'NONE', #1127, #987, #413 ) ;
#491 = DIRECTION ( 'NONE',  ( -0.000000000000000000, -1.000000000000000000, -0.000000000000000000 ) ) ;
#492 = ORIENTED_EDGE ( 'NONE', *, *, #945, .T. ) ;
#493 = CARTESIAN_POINT ( 'NONE',  ( 12.42500000000000071, -14.67499999999999893, 11.19999999999999929 ) ) ;
#494 = CARTESIAN_POINT ( 'NONE',  ( 3.724999999999998312, -13.67499999999999893, 0.000000000000000000 ) ) ;
#495 = ORIENTED_EDGE ( 'NONE', *, *, #1268, .T. ) ;
#496 = DIRECTION ( 'NONE',  ( -0.000000000000000000, -0.000000000000000000, -1.000000000000000000 ) ) ;
#497 = FACE_OUTER_BOUND ( 'NONE', #236, .T. ) ;
#498 = VERTEX_POINT ( 'NONE', #1108 ) ;
#499 = DIRECTION ( 'NONE',  ( -0.000000000000000000, -0.000000000000000000, 1.000000000000000000 ) ) ;
#500 = DIRECTION ( 'NONE',  ( 0.000000000000000000, -0.008726535498373953759, -0.9999619230641713097 ) ) ;
#501 = EDGE_LOOP ( 'NONE', ( #1129, #1266, #551, #614 ) ) ;
#502 = CARTESIAN_POINT ( 'NONE',  ( 11.92500000000000071, -16.67499999999999716, 11.19999999999999929 ) ) ;
#503 = EDGE_CURVE ( 'NONE', #3, #321, #1545, .T. ) ;
#504 = VERTEX_POINT ( 'NONE', #967 ) ;
#505 = EDGE_CURVE ( 'NONE', #260, #626, #101, .T. ) ;
#506 = CARTESIAN_POINT ( 'NONE',  ( -7.325000000000001066, -6.474999999999999645, 4.000000000000000000 ) ) ;
#507 = ORIENTED_EDGE ( 'NONE', *, *, #919, .F. ) ;
#508 = DIRECTION ( 'NONE',  ( -1.000000000000000000, 0.000000000000000000, 0.000000000000000000 ) ) ;
#509 = CYLINDRICAL_SURFACE ( 'NONE', #1658, 2.199999999999999734 ) ;
#510 = ORIENTED_EDGE ( 'NONE', *, *, #848, .T. ) ;
#511 = DIRECTION ( 'NONE',  ( -0.000000000000000000, -0.000000000000000000, 1.000000000000000000 ) ) ;
#512 = ORIENTED_EDGE ( 'NONE', *, *, #1630, .F. ) ;
#513 = DIRECTION ( 'NONE',  ( -0.000000000000000000, 1.000000000000000000, -0.000000000000000000 ) ) ;
#514 = EDGE_CURVE ( 'NONE', #321, #949, #1692, .T. ) ;
#515 = ORIENTED_EDGE ( 'NONE', *, *, #185, .F. ) ;
#516 = VECTOR ( 'NONE', #715, 1000.000000000000000 ) ;
#517 = MECHANICAL_DESIGN_GEOMETRIC_PRESENTATION_REPRESENTATION (  '', ( #364 ), #1119 ) ;
#518 = LINE ( 'NONE', #389, #1681 ) ;
#519 =( REPRESENTATION_RELATIONSHIP ('NONE','NONE', #1409, #1601 ) REPRESENTATION_RELATIONSHIP_WITH_TRANSFORMATION ( #1522 )SHAPE_REPRESENTATION_RELATIONSHIP( ) );
#520 = ORIENTED_EDGE ( 'NONE', *, *, #1078, .T. ) ;
#521 = VECTOR ( 'NONE', #1668, 1000.000000000000000 ) ;
#522 = PLANE ( 'NONE',  #1524 ) ;
#523 = VECTOR ( 'NONE', #443, 1000.000000000000000 ) ;
#524 = UNCERTAINTY_MEASURE_WITH_UNIT (LENGTH_MEASURE( 1.000000000000000082E-05 ), #943, 'distance_accuracy_value', 'NONE');
#525 = ORIENTED_EDGE ( 'NONE', *, *, #957, .F. ) ;
#526 = FACE_OUTER_BOUND ( 'NONE', #1284, .T. ) ;
#527 = ADVANCED_FACE ( 'NONE', ( #678 ), #241, .T. ) ;
#528 = VERTEX_POINT ( 'NONE', #1401 ) ;
#529 = DIRECTION ( 'NONE',  ( 0.000000000000000000, 0.000000000000000000, 1.000000000000000000 ) ) ;
#530 = DIRECTION ( 'NONE',  ( -1.000000000000000000, 0.000000000000000000, 0.000000000000000000 ) ) ;
#531 = ORIENTED_EDGE ( 'NONE', *, *, #602, .F. ) ;
#532 = PLANE ( 'NONE',  #424 ) ;
#533 = ORIENTED_EDGE ( 'NONE', *, *, #907, .F. ) ;
#534 = DIRECTION ( 'NONE',  ( 0.000000000000000000, 0.000000000000000000, -1.000000000000000000 ) ) ;
#535 = CARTESIAN_POINT ( 'NONE',  ( 13.92500000000000071, -13.67499999999999893, 11.19999999999999929 ) ) ;
#536 = CARTESIAN_POINT ( 'NONE',  ( 13.92500000000000071, 0.000000000000000000, 13.19999999999999929 ) ) ;
#537 = DIRECTION ( 'NONE',  ( 0.000000000000000000, 0.000000000000000000, 1.000000000000000000 ) ) ;
#538 = ADVANCED_FACE ( 'NONE', ( #257 ), #1101, .F. ) ;
#539 = CIRCLE ( 'NONE', #1585, 0.4999999999999449329 ) ;
#540 = ORIENTED_EDGE ( 'NONE', *, *, #1178, .F. ) ;
#541 = DIRECTION ( 'NONE',  ( 0.000000000000000000, 0.000000000000000000, 1.000000000000000000 ) ) ;
#542 = VECTOR ( 'NONE', #1648, 1000.000000000000000 ) ;
#543 = AXIS2_PLACEMENT_3D ( 'NONE', #421, #1110, #1412 ) ;
#544 = EDGE_CURVE ( 'NONE', #1721, #1666, #107, .T. ) ;
#545 = PLANE ( 'NONE',  #1222 ) ;
#546 = CARTESIAN_POINT ( 'NONE',  ( 6.999999999999999112, 13.67499999999999893, 5.200000000000000178 ) ) ;
#547 = DIRECTION ( 'NONE',  ( -1.000000000000000000, 0.000000000000000000, 0.000000000000000000 ) ) ;
#548 = PRODUCT_DEFINITION_SHAPE ( 'NONE', 'NONE',  #372 ) ;
#549 = AXIS2_PLACEMENT_3D ( 'NONE', #831, #694, #1404 ) ;
#550 = ORIENTED_EDGE ( 'NONE', *, *, #997, .T. ) ;
#551 = ORIENTED_EDGE ( 'NONE', *, *, #980, .T. ) ;
#552 = LINE ( 'NONE', #1518, #292 ) ;
#553 = CIRCLE ( 'NONE', #1606, 2.199999999999999734 ) ;
#554 = DIRECTION ( 'NONE',  ( 1.000000000000000000, 0.000000000000000000, 0.000000000000000000 ) ) ;
#555 = CIRCLE ( 'NONE', #1278, 2.000000000000000000 ) ;
#556 = CYLINDRICAL_SURFACE ( 'NONE', #1, 2.199999999999999734 ) ;
#557 = CARTESIAN_POINT ( 'NONE',  ( 11.92500000000000071, -14.67499999999999893, 11.19999999999999929 ) ) ;
#558 = ADVANCED_FACE ( 'NONE', ( #691 ), #1269, .T. ) ;
#559 = ORIENTED_EDGE ( 'NONE', *, *, #427, .T. ) ;
#560 = ORIENTED_EDGE ( 'NONE', *, *, #32, .F. ) ;
#561 = PLANE ( 'NONE',  #878 ) ;
#562 = EDGE_CURVE ( 'NONE', #1581, #1313, #264, .T. ) ;
#563 = DIRECTION ( 'NONE',  ( -0.000000000000000000, 0.008726535498373953759, -0.9999619230641713097 ) ) ;
#564 = LINE ( 'NONE', #1176, #1204 ) ;
#565 = FACE_OUTER_BOUND ( 'NONE', #229, .T. ) ;
#566 = EDGE_CURVE ( 'NONE', #394, #1555, #377, .T. ) ;
#567 = ORIENTED_EDGE ( 'NONE', *, *, #405, .F. ) ;
#568 = VECTOR ( 'NONE', #663, 1000.000000000000000 ) ;
#569 = ORIENTED_EDGE ( 'NONE', *, *, #139, .F. ) ;
#570 = DIRECTION ( 'NONE',  ( -1.000000000000000000, 0.000000000000000000, 0.000000000000000000 ) ) ;
#571 = LINE ( 'NONE', #1743, #1846 ) ;
#572 = AXIS2_PLACEMENT_3D ( 'NONE', #1087, #227, #1239 ) ;
#573 = DIRECTION ( 'NONE',  ( -0.000000000000000000, 1.000000000000000000, -0.000000000000000000 ) ) ;
#574 = CARTESIAN_POINT ( 'NONE',  ( 7.325000000000001066, -6.475000000000001421, 0.000000000000000000 ) ) ;
#575 = ORIENTED_EDGE ( 'NONE', *, *, #1838, .T. ) ;
#576 = VECTOR ( 'NONE', #1599, 1000.000000000000000 ) ;
#577 = EDGE_CURVE ( 'NONE', #1004, #1790, #702, .T. ) ;
#578 = AXIS2_PLACEMENT_3D ( 'NONE', #103, #854, #407 ) ;
#579 = PRODUCT_DEFINITION_SHAPE ( 'NONE', 'NONE',  #93 ) ;
#580 = VERTEX_POINT ( 'NONE', #888 ) ;
#581 = EDGE_CURVE ( 'NONE', #626, #1224, #1157, .T. ) ;
#582 = DIRECTION ( 'NONE',  ( 0.000000000000000000, 0.000000000000000000, 1.000000000000000000 ) ) ;
#583 = DIRECTION ( 'NONE',  ( -1.000000000000000000, 0.000000000000000000, 0.000000000000000000 ) ) ;
#584 = ADVANCED_FACE ( 'NONE', ( #315 ), #721, .F. ) ;
#585 = CARTESIAN_POINT ( 'NONE',  ( 7.000000000000000000, -16.67599999999999838, 13.19999999999999929 ) ) ;
#586 = DIRECTION ( 'NONE',  ( -1.000000000000000000, 0.000000000000000000, 0.000000000000000000 ) ) ;
#587 = LINE ( 'NONE', #27, #454 ) ;
#588 =( NAMED_UNIT ( * ) PLANE_ANGLE_UNIT ( ) SI_UNIT ( $, .RADIAN. ) );
#589 = ORIENTED_EDGE ( 'NONE', *, *, #231, .T. ) ;
#590 = ORIENTED_EDGE ( 'NONE', *, *, #1430, .T. ) ;
#591 = CARTESIAN_POINT ( 'NONE',  ( 0.000000000000000000, 16.67499999999999716, 13.19999999999999929 ) ) ;
#592 = CARTESIAN_POINT ( 'NONE',  ( 1278.178065356358957, 686.5447650546107070, 885.1400450860915043 ) ) ;
#593 = EDGE_CURVE ( 'NONE', #86, #1313, #852, .T. ) ;
#594 = CARTESIAN_POINT ( 'NONE',  ( 7.325000000000001066, -10.07500000000000107, 4.000000000000000000 ) ) ;
#595 = CARTESIAN_POINT ( 'NONE',  ( 11.92500000000000071, -16.67499999999999716, -3.000000000000000000 ) ) ;
#596 = PLANE ( 'NONE',  #977 ) ;
#597 = EDGE_LOOP ( 'NONE', ( #1264, #1705, #1493, #1843 ) ) ;
#598 = VERTEX_POINT ( 'NONE', #284 ) ;
#599 = CARTESIAN_POINT ( 'NONE',  ( -3.724999999999998312, -10.07500000000000107, 0.000000000000000000 ) ) ;
#600 = DIRECTION ( 'NONE',  ( -1.000000000000000000, 0.000000000000000000, 0.000000000000000000 ) ) ;
#601 = LINE ( 'NONE', #25, #1758 ) ;
#602 = EDGE_CURVE ( 'NONE', #1844, #248, #1026, .T. ) ;
#603 = LINE ( 'NONE', #723, #1170 ) ;
#604 = DIRECTION ( 'NONE',  ( -0.000000000000000000, -0.000000000000000000, -1.000000000000000000 ) ) ;
#605 = AXIS2_PLACEMENT_3D ( 'NONE', #55, #1062, #345 ) ;
#606 = VECTOR ( 'NONE', #785, 1000.000000000000000 ) ;
#607 = DIRECTION ( 'NONE',  ( 1.000000000000000000, 0.000000000000000000, 0.000000000000000000 ) ) ;
#608 = ORIENTED_EDGE ( 'NONE', *, *, #1102, .T. ) ;
#609 = AXIS2_PLACEMENT_3D ( 'NONE', #163, #275, #733 ) ;
#610 = ORIENTED_EDGE ( 'NONE', *, *, #882, .F. ) ;
#611 = CARTESIAN_POINT ( 'NONE',  ( 1297.603065356358911, 656.6947650546106843, 883.1400450860915043 ) ) ;
#612 = DIRECTION ( 'NONE',  ( 0.000000000000000000, 1.000000000000000000, 0.000000000000000000 ) ) ;
#613 = LINE ( 'NONE', #1339, #363 ) ;
#614 = ORIENTED_EDGE ( 'NONE', *, *, #68, .F. ) ;
#615 = CARTESIAN_POINT ( 'NONE',  ( 10.92500000000000071, -13.67499999999999893, 11.19999999999999929 ) ) ;
#616 = CARTESIAN_POINT ( 'NONE',  ( 6.999999999999999112, 13.67499999999999893, 5.200000000000000178 ) ) ;
#617 = PRODUCT_CONTEXT ( 'NONE', #947, 'mechanical' ) ;
#618 = VECTOR ( 'NONE', #633, 1000.000000000000000 ) ;
#619 = EDGE_LOOP ( 'NONE', ( #1680, #1671 ) ) ;
#620 = ADVANCED_FACE ( 'NONE', ( #455 ), #1716, .T. ) ;
#621 = EDGE_LOOP ( 'NONE', ( #1201, #177, #969, #763 ) ) ;
#622 = DIRECTION ( 'NONE',  ( -1.000000000000000000, 0.000000000000000000, 0.000000000000000000 ) ) ;
#623 = LINE ( 'NONE', #344, #1186 ) ;
#624 = EDGE_CURVE ( 'NONE', #1760, #675, #1598, .T. ) ;
#625 = LINE ( 'NONE', #1197, #516 ) ;
#626 = VERTEX_POINT ( 'NONE', #1139 ) ;
#627 = CARTESIAN_POINT ( 'NONE',  ( 12.42500000000000071, 14.67499999999999893, 11.19999999999999929 ) ) ;
#628 = EDGE_CURVE ( 'NONE', #1463, #1221, #304, .T. ) ;
#629 = DIRECTION ( 'NONE',  ( -1.445602896647339163E-16, 0.000000000000000000, -1.000000000000000000 ) ) ;
#630 = ORIENTED_EDGE ( 'NONE', *, *, #1262, .T. ) ;
#631 = EDGE_CURVE ( 'NONE', #1219, #1581, #465, .T. ) ;
#632 = VERTEX_POINT ( 'NONE', #1724 ) ;
#633 = DIRECTION ( 'NONE',  ( 0.000000000000000000, 0.000000000000000000, -1.000000000000000000 ) ) ;
#634 = VECTOR ( 'NONE', #1196, 1000.000000000000000 ) ;
#635 = ORIENTED_EDGE ( 'NONE', *, *, #87, .T. ) ;
#636 = DIRECTION ( 'NONE',  ( 1.000000000000000000, 0.000000000000000000, 0.000000000000000000 ) ) ;
#637 = DIRECTION ( 'NONE',  ( 0.000000000000000000, -0.008726535498373953759, -0.9999619230641713097 ) ) ;
#638 = ORIENTED_EDGE ( 'NONE', *, *, #1012, .F. ) ;
#639 = CARTESIAN_POINT ( 'NONE',  ( 7.000000000000000000, 16.67499999999999716, 13.19999999999999929 ) ) ;
#640 = AXIS2_PLACEMENT_3D ( 'NONE', #1184, #777, #34 ) ;
#641 = AXIS2_PLACEMENT_3D ( 'NONE', #1800, #661, #88 ) ;
#642 = VERTEX_POINT ( 'NONE', #1584 ) ;
#643 = CARTESIAN_POINT ( 'NONE',  ( 10.92500000000000071, -13.67499999999999893, 0.000000000000000000 ) ) ;
#644 = VECTOR ( 'NONE', #1693, 1000.000000000000000 ) ;
#645 = EDGE_CURVE ( 'NONE', #1556, #1010, #418, .T. ) ;
#646 = VECTOR ( 'NONE', #1177, 1000.000000000000000 ) ;
#647 = CARTESIAN_POINT ( 'NONE',  ( 10.92500000000000071, 16.67499999999999716, 11.19999999999999929 ) ) ;
#648 = ORIENTED_EDGE ( 'NONE', *, *, #712, .F. ) ;
#649 = CARTESIAN_POINT ( 'NONE',  ( -7.325000000000001066, -10.07500000000000107, 4.000000000000000000 ) ) ;
#650 = VERTEX_POINT ( 'NONE', #744 ) ;
#651 = LINE ( 'NONE', #674, #1805 ) ;
#652 = VECTOR ( 'NONE', #1618, 1000.000000000000000 ) ;
#653 = VERTEX_POINT ( 'NONE', #1007 ) ;
#654 = AXIS2_PLACEMENT_3D ( 'NONE', #215, #1778, #1199 ) ;
#655 = FACE_OUTER_BOUND ( 'NONE', #664, .T. ) ;
#656 = DIRECTION ( 'NONE',  ( 1.000000000000000000, 0.000000000000000000, 0.000000000000000000 ) ) ;
#657 = EDGE_CURVE ( 'NONE', #112, #1330, #601, .T. ) ;
#658 = ORIENTED_EDGE ( 'NONE', *, *, #645, .T. ) ;
#659 = CARTESIAN_POINT ( 'NONE',  ( -10.92499999999999893, -6.475000000000001421, 4.000000000000000000 ) ) ;
#660 = ORIENTED_EDGE ( 'NONE', *, *, #628, .T. ) ;
#661 = DIRECTION ( 'NONE',  ( 0.000000000000000000, 0.000000000000000000, 1.000000000000000000 ) ) ;
#662 = ORIENTED_EDGE ( 'NONE', *, *, #1100, .F. ) ;
#663 = DIRECTION ( 'NONE',  ( -0.000000000000000000, -0.008726535498373953759, -0.9999619230641713097 ) ) ;
#664 = EDGE_LOOP ( 'NONE', ( #1512, #1296, #1689, #716, #210, #357 ) ) ;
#665 = CARTESIAN_POINT ( 'NONE',  ( 9.525000000000000355, -10.07500000000000107, 4.000000000000000000 ) ) ;
#666 = EDGE_CURVE ( 'NONE', #728, #2, #1193, .T. ) ;
#667 = ORIENTED_EDGE ( 'NONE', *, *, #456, .T. ) ;
#668 = LINE ( 'NONE', #71, #690 ) ;
#669 = ORIENTED_EDGE ( 'NONE', *, *, #1147, .F. ) ;
#670 = CARTESIAN_POINT ( 'NONE',  ( 10.92500000000000071, -13.67499999999999893, 11.19999999999999929 ) ) ;
#671 = FACE_OUTER_BOUND ( 'NONE', #1519, .T. ) ;
#672 = AXIS2_PLACEMENT_3D ( 'NONE', #1432, #1818, #1397 ) ;
#673 = DIRECTION ( 'NONE',  ( -0.000000000000000000, -0.000000000000000000, -1.000000000000000000 ) ) ;
#674 = CARTESIAN_POINT ( 'NONE',  ( 3.724999999999998312, -10.07500000000000107, 4.000000000000000000 ) ) ;
#675 = VERTEX_POINT ( 'NONE', #1175 ) ;
#676 = CARTESIAN_POINT ( 'NONE',  ( -10.92499999999999893, -6.475000000000001421, 0.000000000000000000 ) ) ;
#677 = EDGE_CURVE ( 'NONE', #802, #196, #571, .T. ) ;
#678 = FACE_OUTER_BOUND ( 'NONE', #1005, .T. ) ;
#679 = DIRECTION ( 'NONE',  ( -1.000000000000000000, 0.000000000000000000, 0.000000000000000000 ) ) ;
#680 = CARTESIAN_POINT ( 'NONE',  ( 7.325000000000001066, -10.07500000000000107, 4.000000000000000000 ) ) ;
#681 = ORIENTED_EDGE ( 'NONE', *, *, #474, .T. ) ;
#682 = DIRECTION ( 'NONE',  ( 0.000000000000000000, 1.000000000000000000, -0.000000000000000000 ) ) ;
#683 = DIRECTION ( 'NONE',  ( 1.000000000000000000, 0.000000000000000000, 0.000000000000000000 ) ) ;
#684 = DIRECTION ( 'NONE',  ( 0.000000000000000000, 0.000000000000000000, 1.000000000000000000 ) ) ;
#685 = DIRECTION ( 'NONE',  ( -1.000000000000000000, 0.000000000000000000, 0.000000000000000000 ) ) ;
#686 = ORIENTED_EDGE ( 'NONE', *, *, #566, .F. ) ;
#687 = ORIENTED_EDGE ( 'NONE', *, *, #624, .T. ) ;
#688 = CARTESIAN_POINT ( 'NONE',  ( -10.92500000000000071, -13.67499999999999893, 11.19999999999999929 ) ) ;
#689 = CIRCLE ( 'NONE', #265, 2.000000000000000000 ) ;
#690 = VECTOR ( 'NONE', #496, 1000.000000000000000 ) ;
#691 = FACE_OUTER_BOUND ( 'NONE', #468, .T. ) ;
#692 = EDGE_CURVE ( 'NONE', #281, #258, #220, .T. ) ;
#693 = CARTESIAN_POINT ( 'NONE',  ( 5.125000000000000888, -10.07500000000000107, 0.000000000000000000 ) ) ;
#694 = DIRECTION ( 'NONE',  ( 0.000000000000000000, -0.9999619230641713097, 0.008726535498373953759 ) ) ;
#695 = AXIS2_PLACEMENT_3D ( 'NONE', #154, #714, #1291 ) ;
#696 = ORIENTED_EDGE ( 'NONE', *, *, #593, .T. ) ;
#697 = EDGE_CURVE ( 'NONE', #1086, #1760, #1840, .T. ) ;
#698 = ORIENTED_EDGE ( 'NONE', *, *, #704, .F. ) ;
#699 = DIRECTION ( 'NONE',  ( 0.000000000000000000, 0.000000000000000000, 1.000000000000000000 ) ) ;
#700 = PRODUCT_RELATED_PRODUCT_CATEGORY ( 'part', '', ( #1270 ) ) ;
#701 = VECTOR ( 'NONE', #1507, 1000.000000000000000 ) ;
#702 = LINE ( 'NONE', #1577, #1664 ) ;
#703 = VECTOR ( 'NONE', #1252, 1000.000000000000000 ) ;
#704 = EDGE_CURVE ( 'NONE', #1230, #1004, #1275, .T. ) ;
#705 = DIRECTION ( 'NONE',  ( 0.9999619230641713097, 0.000000000000000000, 0.008726535498373953759 ) ) ;
#706 = DIRECTION ( 'NONE',  ( -1.000000000000000000, 0.000000000000000000, 0.000000000000000000 ) ) ;
#707 = VECTOR ( 'NONE', #859, 1000.000000000000000 ) ;
#708 = VERTEX_POINT ( 'NONE', #141 ) ;
#709 = ORIENTED_EDGE ( 'NONE', *, *, #322, .F. ) ;
#710 = FACE_OUTER_BOUND ( 'NONE', #1064, .T. ) ;
#711 = DIRECTION ( 'NONE',  ( 0.000000000000000000, 0.000000000000000000, 1.000000000000000000 ) ) ;
#712 = EDGE_CURVE ( 'NONE', #1614, #1198, #7, .T. ) ;
#713 = LINE ( 'NONE', #1290, #350 ) ;
#714 = DIRECTION ( 'NONE',  ( -0.000000000000000000, -0.000000000000000000, 1.000000000000000000 ) ) ;
#715 = DIRECTION ( 'NONE',  ( 0.000000000000000000, -1.000000000000000000, 0.000000000000000000 ) ) ;
#716 = ORIENTED_EDGE ( 'NONE', *, *, #787, .T. ) ;
#717 = AXIS2_PLACEMENT_3D ( 'NONE', #1399, #682, #541 ) ;
#718 = ORIENTED_EDGE ( 'NONE', *, *, #311, .T. ) ;
#719 = PLANE ( 'NONE',  #850 ) ;
#720 = VECTOR ( 'NONE', #622, 1000.000000000000000 ) ;
#721 = PLANE ( 'NONE',  #609 ) ;
#722 = AXIS2_PLACEMENT_3D ( 'NONE', #970, #1548, #1709 ) ;
#723 = CARTESIAN_POINT ( 'NONE',  ( -3.724999999999998312, -10.07500000000000107, 4.000000000000000000 ) ) ;
#724 = LINE ( 'NONE', #574, #1783 ) ;
#725 = DIRECTION ( 'NONE',  ( 0.000000000000000000, 0.000000000000000000, 1.000000000000000000 ) ) ;
#726 =( GEOMETRIC_REPRESENTATION_CONTEXT ( 3 ) GLOBAL_UNCERTAINTY_ASSIGNED_CONTEXT ( ( #384 ) ) GLOBAL_UNIT_ASSIGNED_CONTEXT ( ( #1433, #869, #11 ) ) REPRESENTATION_CONTEXT ( 'NONE', 'WORKASPACE' ) );
#727 = ADVANCED_BREP_SHAPE_REPRESENTATION ( '', ( #1801, #1000 ), #914 ) ;
#728 = VERTEX_POINT ( 'NONE', #65 ) ;
#729 = AXIS2_PLACEMENT_3D ( 'NONE', #1539, #836, #1832 ) ;
#730 = ORIENTED_EDGE ( 'NONE', *, *, #988, .T. ) ;
#731 = FACE_OUTER_BOUND ( 'NONE', #845, .T. ) ;
#732 = DIRECTION ( 'NONE',  ( 1.000000000000000000, 0.000000000000000000, 0.000000000000000000 ) ) ;
#733 = DIRECTION ( 'NONE',  ( -0.000000000000000000, 0.000000000000000000, -1.000000000000000000 ) ) ;
#734 = EDGE_CURVE ( 'NONE', #855, #281, #179, .T. ) ;
#735 = DIRECTION ( 'NONE',  ( -0.000000000000000000, 0.008726535498373953759, -0.9999619230641713097 ) ) ;
#736 = CARTESIAN_POINT ( 'NONE',  ( 0.000000000000000000, 16.67499999999999716, 13.19999999999999929 ) ) ;
#737 = EDGE_CURVE ( 'NONE', #1550, #791, #75, .T. ) ;
#738 = ORIENTED_EDGE ( 'NONE', *, *, #253, .T. ) ;
#739 = DIRECTION ( 'NONE',  ( 1.000000000000000000, 0.000000000000000000, 0.000000000000000000 ) ) ;
#740 = ORIENTED_EDGE ( 'NONE', *, *, #322, .T. ) ;
#741 = EDGE_CURVE ( 'NONE', #1662, #122, #1346, .T. ) ;
#742 = CARTESIAN_POINT ( 'NONE',  ( 3.724999999999998312, -10.07500000000000107, 4.000000000000000000 ) ) ;
#743 = DIRECTION ( 'NONE',  ( -0.000000000000000000, 1.000000000000000000, 0.000000000000000000 ) ) ;
#744 = CARTESIAN_POINT ( 'NONE',  ( -12.42500000000000071, 14.67500000000000071, 11.19999999999999929 ) ) ;
#745 = DIRECTION ( 'NONE',  ( 0.000000000000000000, -1.000000000000000000, 0.000000000000000000 ) ) ;
#746 = CARTESIAN_POINT ( 'NONE',  ( 7.325000000000001066, -10.07500000000000107, 4.000000000000000000 ) ) ;
#747 =( NAMED_UNIT ( * ) SI_UNIT ( $, .STERADIAN. ) SOLID_ANGLE_UNIT ( ) );
#748 = PRODUCT_DEFINITION_CONTEXT ( 'detailed design', #1181, 'design' ) ;
#749 = EDGE_LOOP ( 'NONE', ( #1580, #1340, #927, #1093 ) ) ;
#750 = ORIENTED_EDGE ( 'NONE', *, *, #1234, .F. ) ;
#751 = LINE ( 'NONE', #302, #303 ) ;
#752 = CARTESIAN_POINT ( 'NONE',  ( -11.92500000000000071, -14.67499999999999893, -3.000000000000000888 ) ) ;
#753 = DIRECTION ( 'NONE',  ( 0.000000000000000000, -0.000000000000000000, -1.000000000000000000 ) ) ;
#754 = ORIENTED_EDGE ( 'NONE', *, *, #1479, .F. ) ;
#755 = CARTESIAN_POINT ( 'NONE',  ( -13.92500000000000071, 0.000000000000000000, -3.000000000000000000 ) ) ;
#756 = CARTESIAN_POINT ( 'NONE',  ( 1297.103065356358911, 686.5447650546107070, 843.9144794432610297 ) ) ;
#757 = EDGE_CURVE ( 'NONE', #1802, #580, #1061, .T. ) ;
#758 = CIRCLE ( 'NONE', #1208, 3.600000000000000977 ) ;
#759 =( LENGTH_UNIT ( ) NAMED_UNIT ( * ) SI_UNIT ( .MILLI., .METRE. ) );
#760 = EDGE_LOOP ( 'NONE', ( #336, #1315, #1792, #1532, #1194 ) ) ;
#761 = AXIS2_PLACEMENT_3D ( 'NONE', #881, #278, #288 ) ;
#762 = EDGE_CURVE ( 'NONE', #84, #1573, #918, .T. ) ;
#763 = ORIENTED_EDGE ( 'NONE', *, *, #1816, .F. ) ;
#764 = AXIS2_PLACEMENT_3D ( 'NONE', #557, #1562, #547 ) ;
#765 = LINE ( 'NONE', #1337, #720 ) ;
#766 = LINE ( 'NONE', #1753, #652 ) ;
#767 = AXIS2_PLACEMENT_3D ( 'NONE', #319, #1470, #862 ) ;
#768 = CARTESIAN_POINT ( 'NONE',  ( -7.325000000000001066, -10.07500000000000107, 0.000000000000000000 ) ) ;
#769 = ORIENTED_EDGE ( 'NONE', *, *, #1602, .T. ) ;
#770 = LINE ( 'NONE', #950, #18 ) ;
#771 = CARTESIAN_POINT ( 'NONE',  ( -12.42500000000000071, 0.000000000000000000, 11.19999999999999929 ) ) ;
#772 = ADVANCED_FACE ( 'NONE', ( #466 ), #1750, .F. ) ;
#773 = UNCERTAINTY_MEASURE_WITH_UNIT (LENGTH_MEASURE( 1.000000000000000082E-05 ), #1755, 'distance_accuracy_value', 'NONE');
#774 = ORIENTED_EDGE ( 'NONE', *, *, #787, .F. ) ;
#775 = LINE ( 'NONE', #341, #542 ) ;
#776 = ORIENTED_EDGE ( 'NONE', *, *, #741, .F. ) ;
#777 = DIRECTION ( 'NONE',  ( -0.000000000000000000, -0.000000000000000000, -1.000000000000000000 ) ) ;
#778 = CARTESIAN_POINT ( 'NONE',  ( -12.42500000000000071, -14.67499999999999893, 11.19999999999999929 ) ) ;
#779 = FILL_AREA_STYLE ('',( #477 ) ) ;
#780 = ORIENTED_EDGE ( 'NONE', *, *, #1216, .F. ) ;
#781 = CARTESIAN_POINT ( 'NONE',  ( 10.92500000000000071, 13.67499999999999893, 11.19999999999999929 ) ) ;
#782 = DIRECTION ( 'NONE',  ( 1.000000000000000000, 0.000000000000000000, 0.000000000000000000 ) ) ;
#783 = CONTEXT_DEPENDENT_SHAPE_REPRESENTATION ( #519, #838 ) ;
#784 = ORIENTED_EDGE ( 'NONE', *, *, #1729, .F. ) ;
#785 = DIRECTION ( 'NONE',  ( -0.000000000000000000, -0.000000000000000000, -1.000000000000000000 ) ) ;
#786 = ORIENTED_EDGE ( 'NONE', *, *, #1250, .F. ) ;
#787 = EDGE_CURVE ( 'NONE', #1019, #47, #623, .T. ) ;
#788 = CARTESIAN_POINT ( 'NONE',  ( 7.325000000000001066, -10.07500000000000107, 4.000000000000000000 ) ) ;
#789 = LINE ( 'NONE', #1651, #1095 ) ;
#790 = CIRCLE ( 'NONE', #1020, 0.5174537355815168604 ) ;
#791 = VERTEX_POINT ( 'NONE', #333 ) ;
#792 = PLANE ( 'NONE',  #310 ) ;
#793 = APPLICATION_PROTOCOL_DEFINITION ( 'draft international standard', 'automotive_design', 1998, #947 ) ;
#794 = ORIENTED_EDGE ( 'NONE', *, *, #1231, .F. ) ;
#795 = DIRECTION ( 'NONE',  ( -0.000000000000000000, -0.000000000000000000, -1.000000000000000000 ) ) ;
#796 = CIRCLE ( 'NONE', #1174, 2.199999999999999734 ) ;
#797 = COLOUR_RGB ( '',0.7921568627450980005, 0.8196078431372548767, 0.9333333333333333481 ) ;
#798 = ORIENTED_EDGE ( 'NONE', *, *, #581, .T. ) ;
#799 = EDGE_CURVE ( 'NONE', #346, #362, #375, .T. ) ;
#800 = DIRECTION ( 'NONE',  ( 0.000000000000000000, 1.000000000000000000, 0.000000000000000000 ) ) ;
#801 = VECTOR ( 'NONE', #16, 1000.000000000000000 ) ;
#802 = VERTEX_POINT ( 'NONE', #1185 ) ;
#803 = CARTESIAN_POINT ( 'NONE',  ( 1292.178065356358729, 702.1869006783414306, 883.1400450860915043 ) ) ;
#804 = CONTEXT_DEPENDENT_SHAPE_REPRESENTATION ( #160, #1122 ) ;
#805 = VERTEX_POINT ( 'NONE', #1474 ) ;
#806 = FACE_OUTER_BOUND ( 'NONE', #1590, .T. ) ;
#807 = VECTOR ( 'NONE', #475, 1000.000000000000000 ) ;
#808 = ORIENTED_EDGE ( 'NONE', *, *, #1380, .F. ) ;
#809 = VECTOR ( 'NONE', #1535, 1000.000000000000000 ) ;
#810 = EDGE_CURVE ( 'NONE', #791, #281, #766, .T. ) ;
#811 = CARTESIAN_POINT ( 'NONE',  ( -11.92500000000000071, -16.67499999999999716, 13.19999999999999929 ) ) ;
#812 = AXIS2_PLACEMENT_3D ( 'NONE', #1036, #152, #877 ) ;
#813 = ORIENTED_EDGE ( 'NONE', *, *, #896, .F. ) ;
#814 = DIRECTION ( 'NONE',  ( -0.000000000000000000, -0.000000000000000000, -1.000000000000000000 ) ) ;
#815 = ORIENTED_EDGE ( 'NONE', *, *, #562, .T. ) ;
#816 =( NAMED_UNIT ( * ) PLANE_ANGLE_UNIT ( ) SI_UNIT ( $, .RADIAN. ) );
#817 = ORIENTED_EDGE ( 'NONE', *, *, #1811, .F. ) ;
#818 = DIRECTION ( 'NONE',  ( 1.000000000000000000, 0.000000000000000000, -0.000000000000000000 ) ) ;
#819 = DIRECTION ( 'NONE',  ( 1.000000000000000000, 0.000000000000000000, 0.000000000000000000 ) ) ;
#820 = CONICAL_SURFACE ( 'NONE', #476, 0.5000000000000004441, 0.008726646259971666819 ) ;
#821 = DIRECTION ( 'NONE',  ( -0.000000000000000000, -0.000000000000000000, 1.000000000000000000 ) ) ;
#822 = EDGE_CURVE ( 'NONE', #129, #915, #938, .T. ) ;
#823 = ORIENTED_EDGE ( 'NONE', *, *, #737, .F. ) ;
#824 = VECTOR ( 'NONE', #513, 1000.000000000000000 ) ;
#825 = EDGE_CURVE ( 'NONE', #1549, #385, #1486, .T. ) ;
#826 = DIRECTION ( 'NONE',  ( 0.000000000000000000, 0.000000000000000000, 1.000000000000000000 ) ) ;
#827 = EDGE_CURVE ( 'NONE', #21, #13, #1785, .T. ) ;
#828 = FACE_OUTER_BOUND ( 'NONE', #940, .T. ) ;
#829 = AXIS2_PLACEMENT_3D ( 'NONE', #1708, #1301, #1158 ) ;
#830 = DIRECTION ( 'NONE',  ( 0.000000000000000000, 1.000000000000000000, 0.000000000000000000 ) ) ;
#831 = CARTESIAN_POINT ( 'NONE',  ( 0.000000000000000000, 15.17499999999999893, 11.19999999999999929 ) ) ;
#832 = VERTEX_POINT ( 'NONE', #1357 ) ;
#833 = CARTESIAN_POINT ( 'NONE',  ( -12.42500000000000249, -14.67499999999999893, 11.19999999999999929 ) ) ;
#834 = CARTESIAN_POINT ( 'NONE',  ( -3.724999999999998312, -13.67499999999999893, 4.000000000000000000 ) ) ;
#835 = PLANE ( 'NONE',  #976 ) ;
#836 = DIRECTION ( 'NONE',  ( 0.000000000000000000, -1.000000000000000000, 0.000000000000000000 ) ) ;
#837 = ORIENTED_EDGE ( 'NONE', *, *, #1541, .T. ) ;
#838 = PRODUCT_DEFINITION_SHAPE ( 'NONE', 'NONE',  #1860 ) ;
#839 = VERTEX_POINT ( 'NONE', #355 ) ;
#840 = DIRECTION ( 'NONE',  ( -1.000000000000000000, 0.000000000000000000, 0.000000000000000000 ) ) ;
#841 = EDGE_CURVE ( 'NONE', #1581, #1219, #553, .T. ) ;
#842 = CARTESIAN_POINT ( 'NONE',  ( 7.325000000000001066, -6.475000000000001421, 4.000000000000000000 ) ) ;
#843 = ORIENTED_EDGE ( 'NONE', *, *, #1814, .T. ) ;
#844 = CARTESIAN_POINT ( 'NONE',  ( 7.325000000000001066, -10.07500000000000107, 0.000000000000000000 ) ) ;
#845 = EDGE_LOOP ( 'NONE', ( #1711, #22, #1488, #380 ) ) ;
#846 = ORIENTED_EDGE ( 'NONE', *, *, #242, .F. ) ;
#847 = LINE ( 'NONE', #1172, #1327 ) ;
#848 = EDGE_CURVE ( 'NONE', #802, #498, #1669, .T. ) ;
#849 = AXIS2_PLACEMENT_3D ( 'NONE', #168, #1763, #583 ) ;
#850 = AXIS2_PLACEMENT_3D ( 'NONE', #1854, #426, #1446 ) ;
#851 = CARTESIAN_POINT ( 'NONE',  ( 1273.253065356359002, 656.6947650546106843, 843.9144794432610297 ) ) ;
#852 = CIRCLE ( 'NONE', #36, 2.199999999999999734 ) ;
#853 = CARTESIAN_POINT ( 'NONE',  ( 1273.253065356359002, 656.1947650546105706, 885.1400450860915043 ) ) ;
#854 = DIRECTION ( 'NONE',  ( -0.000000000000000000, -0.000000000000000000, 1.000000000000000000 ) ) ;
#855 = VERTEX_POINT ( 'NONE', #1049 ) ;
#856 = ORIENTED_EDGE ( 'NONE', *, *, #1729, .T. ) ;
#857 = DIRECTION ( 'NONE',  ( -1.000000000000000000, 0.000000000000000000, 0.000000000000000000 ) ) ;
#858 = ADVANCED_FACE ( 'NONE', ( #655 ), #170, .T. ) ;
#859 = DIRECTION ( 'NONE',  ( -0.000000000000000000, -1.000000000000000000, -0.000000000000000000 ) ) ;
#860 = CARTESIAN_POINT ( 'NONE',  ( 11.92500000000000071, 16.67499999999999716, 11.19999999999999929 ) ) ;
#861 = DIRECTION ( 'NONE',  ( 0.000000000000000000, -1.000000000000000000, 0.000000000000000000 ) ) ;
#862 = DIRECTION ( 'NONE',  ( 1.000000000000000000, 0.000000000000000000, 0.000000000000000000 ) ) ;
#863 = EDGE_LOOP ( 'NONE', ( #72, #815, #904, #158 ) ) ;
#864 = ORIENTED_EDGE ( 'NONE', *, *, #704, .T. ) ;
#865 = CARTESIAN_POINT ( 'NONE',  ( 10.92500000000000071, 13.67499999999999893, 11.19999999999999929 ) ) ;
#866 = CARTESIAN_POINT ( 'NONE',  ( 1273.253065356359002, 686.0447650546107070, 883.1400450860915043 ) ) ;
#867 = CARTESIAN_POINT ( 'NONE',  ( 11.92500000000000071, 15.17499999999999893, 11.19999999999999929 ) ) ;
#868 = DIRECTION ( 'NONE',  ( -1.000000000000000000, 0.000000000000000000, 0.000000000000000000 ) ) ;
#869 =( NAMED_UNIT ( * ) PLANE_ANGLE_UNIT ( ) SI_UNIT ( $, .RADIAN. ) );
#870 = VERTEX_POINT ( 'NONE', #1640 ) ;
#871 = VECTOR ( 'NONE', #1267, 1000.000000000000000 ) ;
#872 = ORIENTED_EDGE ( 'NONE', *, *, #1623, .F. ) ;
#873 = CARTESIAN_POINT ( 'NONE',  ( 1292.178065356358729, 686.5447650546107070, 883.1400450860915043 ) ) ;
#874 = EDGE_CURVE ( 'NONE', #832, #870, #1089, .T. ) ;
#875 = FACE_OUTER_BOUND ( 'NONE', #1564, .T. ) ;
#876 = AXIS2_PLACEMENT_3D ( 'NONE', #936, #1619, #1358 ) ;
#877 = DIRECTION ( 'NONE',  ( 1.000000000000000000, 0.000000000000000000, 0.000000000000000000 ) ) ;
#878 = AXIS2_PLACEMENT_3D ( 'NONE', #1138, #1663, #1494 ) ;
#879 = DIRECTION ( 'NONE',  ( -1.000000000000000000, 0.000000000000000000, 0.000000000000000000 ) ) ;
#880 = CYLINDRICAL_SURFACE ( 'NONE', #1637, 0.4999999999999449329 ) ;
#881 = CARTESIAN_POINT ( 'NONE',  ( 1285.178065356358957, 671.3697650546106388, 871.9400450860914589 ) ) ;
#882 = EDGE_CURVE ( 'NONE', #1407, #1224, #365, .T. ) ;
#883 = ORIENTED_EDGE ( 'NONE', *, *, #1816, .T. ) ;
#884 = VECTOR ( 'NONE', #1190, 1000.000000000000000 ) ;
#885 = ORIENTED_EDGE ( 'NONE', *, *, #1821, .F. ) ;
#886 = PLANE ( 'NONE',  #1265 ) ;
#887 = DIRECTION ( 'NONE',  ( -1.000000000000000000, 0.000000000000000000, -0.000000000000000000 ) ) ;
#888 = CARTESIAN_POINT ( 'NONE',  ( 10.92500000000000071, 13.67499999999999893, 0.000000000000000000 ) ) ;
#889 = VECTOR ( 'NONE', #1081, 1000.000000000000000 ) ;
#890 = CARTESIAN_POINT ( 'NONE',  ( 3.724999999999998312, -10.07500000000000107, 4.000000000000000000 ) ) ;
#891 = LINE ( 'NONE', #1461, #1303 ) ;
#892 = VECTOR ( 'NONE', #530, 1000.000000000000000 ) ;
#893 = ORIENTED_EDGE ( 'NONE', *, *, #280, .F. ) ;
#894 = ORIENTED_EDGE ( 'NONE', *, *, #1350, .T. ) ;
#895 = PLANE ( 'NONE',  #1836 ) ;
#896 = EDGE_CURVE ( 'NONE', #2, #1010, #1466, .T. ) ;
#897 = DIRECTION ( 'NONE',  ( 0.000000000000000000, 0.000000000000000000, 1.000000000000000000 ) ) ;
#898 = DIRECTION ( 'NONE',  ( 0.000000000000000000, -1.000000000000000000, 0.000000000000000000 ) ) ;
#899 = EDGE_LOOP ( 'NONE', ( #1233, #1249, #1365, #1659, #219, #370, #667, #1565, #1496, #1128, #175, #648, #1625, #1523, #823, #1471, #750, #1142, #52, #1620 ) ) ;
#900 = FACE_OUTER_BOUND ( 'NONE', #1090, .T. ) ;
#901 = CARTESIAN_POINT ( 'NONE',  ( -6.999999999999999112, 16.67499999999999716, 5.200000000000000178 ) ) ;
#902 = ADVANCED_FACE ( 'NONE', ( #983, #1551 ), #1107, .T. ) ;
#903 = PRODUCT_DEFINITION_CONTEXT ( 'detailed design', #1857, 'design' ) ;
#904 = ORIENTED_EDGE ( 'NONE', *, *, #593, .F. ) ;
#905 = ORIENTED_EDGE ( 'NONE', *, *, #1306, .F. ) ;
#906 = DIRECTION ( 'NONE',  ( -0.000000000000000000, -0.000000000000000000, 1.000000000000000000 ) ) ;
#907 = EDGE_CURVE ( 'NONE', #385, #1099, #1675, .T. ) ;
#908 = DIRECTION ( 'NONE',  ( -0.000000000000000000, -0.000000000000000000, 1.000000000000000000 ) ) ;
#909 = CARTESIAN_POINT ( 'NONE',  ( 11.92500000000000071, 14.67499999999999893, -3.000000000000000888 ) ) ;
#910 = ORIENTED_EDGE ( 'NONE', *, *, #1350, .F. ) ;
#911 = CARTESIAN_POINT ( 'NONE',  ( -3.724999999999999201, -13.67499999999999893, 0.000000000000000000 ) ) ;
#912 = DIRECTION ( 'NONE',  ( -0.000000000000000000, -0.000000000000000000, -1.000000000000000000 ) ) ;
#913 = ORIENTED_EDGE ( 'NONE', *, *, #1430, .F. ) ;
#914 =( GEOMETRIC_REPRESENTATION_CONTEXT ( 3 ) GLOBAL_UNCERTAINTY_ASSIGNED_CONTEXT ( ( #482 ) ) GLOBAL_UNIT_ASSIGNED_CONTEXT ( ( #759, #422, #1168 ) ) REPRESENTATION_CONTEXT ( 'NONE', 'WORKASPACE' ) );
#915 = VERTEX_POINT ( 'NONE', #833 ) ;
#916 = AXIS2_PLACEMENT_3D ( 'NONE', #680, #537, #685 ) ;
#917 = LINE ( 'NONE', #1173, #523 ) ;
#918 = LINE ( 'NONE', #1650, #460 ) ;
#919 = EDGE_CURVE ( 'NONE', #248, #989, #1355, .T. ) ;
#920 = PRESENTATION_STYLE_ASSIGNMENT (( #467 ) ) ;
#921 = VERTEX_POINT ( 'NONE', #1243 ) ;
#922 = CARTESIAN_POINT ( 'NONE',  ( -11.92500000000000071, 14.67500000000000071, 11.19999999999999929 ) ) ;
#923 = LINE ( 'NONE', #771, #6 ) ;
#924 = ORIENTED_EDGE ( 'NONE', *, *, #1078, .F. ) ;
#925 = DIRECTION ( 'NONE',  ( 0.000000000000000000, 0.000000000000000000, 1.000000000000000000 ) ) ;
#926 = DIRECTION ( 'NONE',  ( 0.000000000000000000, 0.000000000000000000, 1.000000000000000000 ) ) ;
#927 = ORIENTED_EDGE ( 'NONE', *, *, #762, .T. ) ;
#928 = CARTESIAN_POINT ( 'NONE',  ( -13.92500000000000071, 14.67500000000000071, 11.19999999999999929 ) ) ;
#929 = LINE ( 'NONE', #1369, #448 ) ;
#930 = ORIENTED_EDGE ( 'NONE', *, *, #209, .F. ) ;
#931 = FACE_OUTER_BOUND ( 'NONE', #1834, .T. ) ;
#932 = DIRECTION ( 'NONE',  ( 0.000000000000000000, 0.000000000000000000, 1.000000000000000000 ) ) ;
#933 = EDGE_LOOP ( 'NONE', ( #12, #1405, #1770, #359 ) ) ;
#934 = CARTESIAN_POINT ( 'NONE',  ( 1273.253065356359002, 686.5447650546107070, 883.1400450860915043 ) ) ;
#935 = ADVANCED_FACE ( 'NONE', ( #1379 ), #249, .F. ) ;
#936 = CARTESIAN_POINT ( 'NONE',  ( 10.92500000000000071, -16.67499999999999716, 11.19999999999999929 ) ) ;
#937 = EDGE_LOOP ( 'NONE', ( #478, #1442, #1384, #843 ) ) ;
#938 = LINE ( 'NONE', #778, #889 ) ;
#939 = DIRECTION ( 'NONE',  ( -1.000000000000000000, 0.000000000000000000, 0.000000000000000000 ) ) ;
#940 = EDGE_LOOP ( 'NONE', ( #913, #223, #1373, #1305, #769, #550 ) ) ;
#941 = DIRECTION ( 'NONE',  ( -0.000000000000000000, -1.000000000000000000, -0.000000000000000000 ) ) ;
#942 = ORIENTED_EDGE ( 'NONE', *, *, #1558, .F. ) ;
#943 =( LENGTH_UNIT ( ) NAMED_UNIT ( * ) SI_UNIT ( .MILLI., .METRE. ) );
#944 = PRESENTATION_LAYER_ASSIGNMENT (  '', '', ( #364 ) ) ;
#945 = EDGE_CURVE ( 'NONE', #47, #112, #1251, .T. ) ;
#946 = ORIENTED_EDGE ( 'NONE', *, *, #874, .T. ) ;
#947 = APPLICATION_CONTEXT ( 'automotive_design' ) ;
#948 = DIRECTION ( 'NONE',  ( 0.000000000000000000, 0.000000000000000000, 1.000000000000000000 ) ) ;
#949 = VERTEX_POINT ( 'NONE', #113 ) ;
#950 = CARTESIAN_POINT ( 'NONE',  ( 1278.178065356358957, 686.5447650546107070, 883.1400450860915043 ) ) ;
#951 = ORIENTED_EDGE ( 'NONE', *, *, #1454, .T. ) ;
#952 = CARTESIAN_POINT ( 'NONE',  ( -6.999999999999999112, -16.67599999999999838, 5.200000000000000178 ) ) ;
#953 = AXIS2_PLACEMENT_3D ( 'NONE', #1497, #908, #35 ) ;
#954 = ORIENTED_EDGE ( 'NONE', *, *, #28, .F. ) ;
#955 = VECTOR ( 'NONE', #1382, 1000.000000000000000 ) ;
#956 = CARTESIAN_POINT ( 'NONE',  ( -7.325000000000001066, -10.07500000000000107, 4.000000000000000000 ) ) ;
#957 = EDGE_CURVE ( 'NONE', #598, #111, #1438, .T. ) ;
#958 = VECTOR ( 'NONE', #125, 1000.000000000000000 ) ;
#959 = CARTESIAN_POINT ( 'NONE',  ( 3.724999999999998312, -13.67499999999999893, 4.000000000000000000 ) ) ;
#960 = CARTESIAN_POINT ( 'NONE',  ( -12.42500000000000071, 0.000000000000000000, 11.19999999999999929 ) ) ;
#961 = SURFACE_SIDE_STYLE ('',( #1232 ) ) ;
#962 = ADVANCED_FACE ( 'NONE', ( #1699 ), #230, .T. ) ;
#963 = VERTEX_POINT ( 'NONE', #1534 ) ;
#964 = EDGE_CURVE ( 'NONE', #839, #258, #1690, .T. ) ;
#965 = DIRECTION ( 'NONE',  ( -1.000000000000000000, 0.000000000000000000, 0.000000000000000000 ) ) ;
#966 = ADVANCED_FACE ( 'NONE', ( #974 ), #820, .F. ) ;
#967 = CARTESIAN_POINT ( 'NONE',  ( 13.92500000000000071, -14.67499999999999893, 13.19999999999999929 ) ) ;
#968 = AXIS2_PLACEMENT_3D ( 'NONE', #752, #1205, #1774 ) ;
#969 = ORIENTED_EDGE ( 'NONE', *, *, #106, .F. ) ;
#970 = CARTESIAN_POINT ( 'NONE',  ( 1278.178065356358957, 702.1869006783414306, 883.1400450860915043 ) ) ;
#971 =( GEOMETRIC_REPRESENTATION_CONTEXT ( 3 ) GLOBAL_UNCERTAINTY_ASSIGNED_CONTEXT ( ( #773 ) ) GLOBAL_UNIT_ASSIGNED_CONTEXT ( ( #1755, #1050, #1348 ) ) REPRESENTATION_CONTEXT ( 'NONE', 'WORKASPACE' ) );
#972 = ORIENTED_EDGE ( 'NONE', *, *, #106, .T. ) ;
#973 = CIRCLE ( 'NONE', #145, 0.5174537355815168604 ) ;
#974 = FACE_OUTER_BOUND ( 'NONE', #1171, .T. ) ;
#975 = DIRECTION ( 'NONE',  ( 0.000000000000000000, -0.008726535498373953759, 0.9999619230641713097 ) ) ;
#976 = AXIS2_PLACEMENT_3D ( 'NONE', #95, #679, #1253 ) ;
#977 = AXIS2_PLACEMENT_3D ( 'NONE', #10, #1736, #446 ) ;
#978 = CARTESIAN_POINT ( 'NONE',  ( -7.325000000000001066, -10.07500000000000107, 4.000000000000000000 ) ) ;
#979 = CARTESIAN_POINT ( 'NONE',  ( 7.325000000000001066, -6.475000000000001421, 4.000000000000000000 ) ) ;
#980 = EDGE_CURVE ( 'NONE', #598, #963, #518, .T. ) ;
#981 = ORIENTED_EDGE ( 'NONE', *, *, #1588, .T. ) ;
#982 = ORIENTED_EDGE ( 'NONE', *, *, #1819, .F. ) ;
#983 = FACE_OUTER_BOUND ( 'NONE', #1498, .T. ) ;
#984 = VECTOR ( 'NONE', #1756, 1000.000000000000000 ) ;
#985 = DIRECTION ( 'NONE',  ( 0.000000000000000000, 0.000000000000000000, 1.000000000000000000 ) ) ;
#986 = ORIENTED_EDGE ( 'NONE', *, *, #73, .T. ) ;
#987 = DIRECTION ( 'NONE',  ( 0.000000000000000000, 0.000000000000000000, 1.000000000000000000 ) ) ;
#988 = EDGE_CURVE ( 'NONE', #504, #1336, #237, .T. ) ;
#989 = VERTEX_POINT ( 'NONE', #1667 ) ;
#990 = ORIENTED_EDGE ( 'NONE', *, *, #1425, .T. ) ;
#991 = CARTESIAN_POINT ( 'NONE',  ( 6.999999999999999112, 16.67499999999999716, 5.200000000000000178 ) ) ;
#992 = DIRECTION ( 'NONE',  ( -1.000000000000000000, 0.000000000000000000, -0.000000000000000000 ) ) ;
#993 = EDGE_CURVE ( 'NONE', #1636, #650, #1120, .T. ) ;
#994 = LINE ( 'NONE', #1824, #92 ) ;
#995 = CARTESIAN_POINT ( 'NONE',  ( 7.000000000000000000, 15.17499999999999716, 11.19999999999999929 ) ) ;
#996 = VERTEX_POINT ( 'NONE', #1408 ) ;
#997 = EDGE_CURVE ( 'NONE', #1322, #1509, #91, .T. ) ;
#998 = ORIENTED_EDGE ( 'NONE', *, *, #882, .T. ) ;
#999 = FACE_OUTER_BOUND ( 'NONE', #463, .T. ) ;
#1000 = AXIS2_PLACEMENT_3D ( 'NONE', #1589, #1572, #1030 ) ;
#1001 = CARTESIAN_POINT ( 'NONE',  ( -7.325000000000001066, -10.07500000000000107, 4.000000000000000000 ) ) ;
#1002 = LINE ( 'NONE', #860, #1725 ) ;
#1003 = CARTESIAN_POINT ( 'NONE',  ( 0.000000000000000000, 15.17499999999999893, 11.19999999999999929 ) ) ;
#1004 = VERTEX_POINT ( 'NONE', #1682 ) ;
#1005 = EDGE_LOOP ( 'NONE', ( #531, #894, #981, #507 ) ) ;
#1006 = CARTESIAN_POINT ( 'NONE',  ( 3.724999999999998312, -10.07500000000000107, 0.000000000000000000 ) ) ;
#1007 = CARTESIAN_POINT ( 'NONE',  ( -6.999999999999999112, 13.67499999999999893, 11.19999999999999929 ) ) ;
#1008 = LINE ( 'NONE', #615, #361 ) ;
#1009 = CARTESIAN_POINT ( 'NONE',  ( 10.92500000000000604, -6.475000000000001421, 4.000000000000000000 ) ) ;
#1010 = VERTEX_POINT ( 'NONE', #1835 ) ;
#1011 = VECTOR ( 'NONE', #1511, 1000.000000000000000 ) ;
#1012 = EDGE_CURVE ( 'NONE', #870, #166, #552, .T. ) ;
#1013 = ORIENTED_EDGE ( 'NONE', *, *, #68, .T. ) ;
#1014 = DIRECTION ( 'NONE',  ( -0.000000000000000000, -0.000000000000000000, 1.000000000000000000 ) ) ;
#1015 = LINE ( 'NONE', #178, #1294 ) ;
#1016 = CARTESIAN_POINT ( 'NONE',  ( -9.525000000000000355, -10.07500000000000107, 4.000000000000000000 ) ) ;
#1017 = DIRECTION ( 'NONE',  ( -0.000000000000000000, -0.000000000000000000, 1.000000000000000000 ) ) ;
#1018 = CARTESIAN_POINT ( 'NONE',  ( -5.125000000000000888, -10.07500000000000107, 4.000000000000000000 ) ) ;
#1019 = VERTEX_POINT ( 'NONE', #670 ) ;
#1020 = AXIS2_PLACEMENT_3D ( 'NONE', #142, #1148, #879 ) ;
#1021 = CARTESIAN_POINT ( 'NONE',  ( 10.92500000000000604, -6.475000000000001421, 4.000000000000000000 ) ) ;
#1022 = ORIENTED_EDGE ( 'NONE', *, *, #848, .F. ) ;
#1023 = CARTESIAN_POINT ( 'NONE',  ( 1297.103065356358911, 686.0447650546107070, 843.9144794432610297 ) ) ;
#1024 = DIRECTION ( 'NONE',  ( -0.9999619230641713097, 0.000000000000000000, 0.008726535498373953759 ) ) ;
#1025 = AXIS2_PLACEMENT_3D ( 'NONE', #647, #1218, #753 ) ;
#1026 = LINE ( 'NONE', #1448, #958 ) ;
#1027 = AXIS2_PLACEMENT_3D ( 'NONE', #123, #1162, #570 ) ;
#1028 = CARTESIAN_POINT ( 'NONE',  ( -11.92500000000000071, -15.17499999999999893, 11.19999999999999929 ) ) ;
#1029 = CARTESIAN_POINT ( 'NONE',  ( -10.92500000000000071, -13.67499999999999893, 4.000000000000000000 ) ) ;
#1030 = DIRECTION ( 'NONE',  ( 1.000000000000000000, 0.000000000000000000, 0.000000000000000000 ) ) ;
#1031 = VERTEX_POINT ( 'NONE', #811 ) ;
#1032 = EDGE_CURVE ( 'NONE', #84, #155, #539, .T. ) ;
#1033 = AXIS2_PLACEMENT_3D ( 'NONE', #143, #1478, #1469 ) ;
#1034 = VERTEX_POINT ( 'NONE', #274 ) ;
#1035 = DIRECTION ( 'NONE',  ( -0.000000000000000000, -1.000000000000000000, -0.000000000000000000 ) ) ;
#1036 = CARTESIAN_POINT ( 'NONE',  ( -7.325000000000001066, -10.07500000000000107, 0.000000000000000000 ) ) ;
#1037 = ADVANCED_FACE ( 'NONE', ( #731 ), #886, .T. ) ;
#1038 = VECTOR ( 'NONE', #612, 1000.000000000000000 ) ;
#1039 = CARTESIAN_POINT ( 'NONE',  ( -11.92500000000000071, 16.67499999999999716, 13.19999999999999929 ) ) ;
#1040 = CARTESIAN_POINT ( 'NONE',  ( 1273.253065356359002, 686.0447650546107070, 843.9144794432610297 ) ) ;
#1041 = AXIS2_PLACEMENT_3D ( 'NONE', #922, #1789, #85 ) ;
#1042 = PRODUCT_RELATED_PRODUCT_CATEGORY ( 'part', '', ( #272 ) ) ;
#1043 = SHAPE_REPRESENTATION_RELATIONSHIP ( 'NONE' , 'NONE' ,  #1601, #727 ) ;
#1044 = EDGE_LOOP ( 'NONE', ( #331, #1453, #990, #1645 ) ) ;
#1045 = VECTOR ( 'NONE', #563, 1000.000000000000000 ) ;
#1046 = EDGE_CURVE ( 'NONE', #1224, #650, #391, .T. ) ;
#1047 = EDGE_LOOP ( 'NONE', ( #1276, #1594, #425, #808 ) ) ;
#1048 = CARTESIAN_POINT ( 'NONE',  ( -11.92500000000000071, 14.67500000000000071, 13.19999999999999929 ) ) ;
#1049 = CARTESIAN_POINT ( 'NONE',  ( 12.42500000000000071, -14.67499999999999893, 11.19999999999999929 ) ) ;
#1050 =( NAMED_UNIT ( * ) PLANE_ANGLE_UNIT ( ) SI_UNIT ( $, .RADIAN. ) );
#1051 = ORIENTED_EDGE ( 'NONE', *, *, #1106, .F. ) ;
#1052 = DIRECTION ( 'NONE',  ( 1.000000000000000000, 2.409338161078900167E-16, 0.000000000000000000 ) ) ;
#1053 = FACE_OUTER_BOUND ( 'NONE', #1435, .T. ) ;
#1054 = APPLICATION_PROTOCOL_DEFINITION ( 'draft international standard', 'automotive_design', 1998, #188 ) ;
#1055 = ORIENTED_EDGE ( 'NONE', *, *, #514, .F. ) ;
#1056 = AXIS2_PLACEMENT_3D ( 'NONE', #100, #1529, #1813 ) ;
#1057 = ORIENTED_EDGE ( 'NONE', *, *, #514, .T. ) ;
#1058 = ADVANCED_FACE ( 'NONE', ( #999 ), #1428, .F. ) ;
#1059 = FACE_OUTER_BOUND ( 'NONE', #1424, .T. ) ;
#1060 = EDGE_CURVE ( 'NONE', #120, #1555, #1436, .T. ) ;
#1061 = LINE ( 'NONE', #643, #701 ) ;
#1062 = DIRECTION ( 'NONE',  ( 0.000000000000000000, -0.000000000000000000, -1.000000000000000000 ) ) ;
#1063 = CIRCLE ( 'NONE', #1536, 0.5174537355815168604 ) ;
#1064 = EDGE_LOOP ( 'NONE', ( #696, #495 ) ) ;
#1065 = LINE ( 'NONE', #502, #955 ) ;
#1066 = CARTESIAN_POINT ( 'NONE',  ( 11.92500000000000071, -14.67499999999999893, 13.19999999999999929 ) ) ;
#1067 = SHAPE_DEFINITION_REPRESENTATION ( #108, #1749 ) ;
#1068 = ORIENTED_EDGE ( 'NONE', *, *, #712, .T. ) ;
#1069 = AXIS2_PLACEMENT_3D ( 'NONE', #1719, #1851, #607 ) ;
#1070 = ORIENTED_EDGE ( 'NONE', *, *, #1248, .F. ) ;
#1071 = VECTOR ( 'NONE', #1561, 1000.000000000000000 ) ;
#1072 = AXIS2_PLACEMENT_3D ( 'NONE', #338, #480, #629 ) ;
#1073 = DIRECTION ( 'NONE',  ( 0.000000000000000000, 0.000000000000000000, 1.000000000000000000 ) ) ;
#1074 = ORIENTED_EDGE ( 'NONE', *, *, #1615, .F. ) ;
#1075 = LINE ( 'NONE', #781, #984 ) ;
#1076 = DIRECTION ( 'NONE',  ( 0.000000000000000000, 1.000000000000000000, -0.000000000000000000 ) ) ;
#1077 = ORIENTED_EDGE ( 'NONE', *, *, #757, .T. ) ;
#1078 = EDGE_CURVE ( 'NONE', #805, #120, #758, .T. ) ;
#1079 = ORIENTED_EDGE ( 'NONE', *, *, #1630, .T. ) ;
#1080 = EDGE_CURVE ( 'NONE', #415, #728, #4, .T. ) ;
#1081 = DIRECTION ( 'NONE',  ( 0.008726535498373953759, 0.000000000000000000, -0.9999619230641713097 ) ) ;
#1082 = PLANE ( 'NONE',  #1025 ) ;
#1083 = ORIENTED_EDGE ( 'NONE', *, *, #427, .F. ) ;
#1084 = LINE ( 'NONE', #493, #1374 ) ;
#1085 = ADVANCED_FACE ( 'NONE', ( #710 ), #719, .F. ) ;
#1086 = VERTEX_POINT ( 'NONE', #148 ) ;
#1087 = CARTESIAN_POINT ( 'NONE',  ( -7.000000000000000000, -16.67599999999999838, 11.19999999999999929 ) ) ;
#1088 = VERTEX_POINT ( 'NONE', #1566 ) ;
#1089 = LINE ( 'NONE', #1764, #1769 ) ;
#1090 = EDGE_LOOP ( 'NONE', ( #1416, #398, #1070, #1540 ) ) ;
#1091 = CYLINDRICAL_SURFACE ( 'NONE', #1041, 2.000000000000000000 ) ;
#1092 = APPLICATION_PROTOCOL_DEFINITION ( 'draft international standard', 'automotive_design', 1998, #1181 ) ;
#1093 = ORIENTED_EDGE ( 'NONE', *, *, #41, .F. ) ;
#1094 = DIRECTION ( 'NONE',  ( 1.000000000000000000, 0.000000000000000000, 0.000000000000000000 ) ) ;
#1095 = VECTOR ( 'NONE', #898, 1000.000000000000000 ) ;
#1096 = VECTOR ( 'NONE', #442, 1000.000000000000000 ) ;
#1097 = VERTEX_POINT ( 'NONE', #1575 ) ;
#1098 = DIRECTION ( 'NONE',  ( -0.000000000000000000, -0.000000000000000000, 1.000000000000000000 ) ) ;
#1099 = VERTEX_POINT ( 'NONE', #873 ) ;
#1100 = EDGE_CURVE ( 'NONE', #112, #1480, #1845, .T. ) ;
#1101 = PLANE ( 'NONE',  #271 ) ;
#1102 = EDGE_CURVE ( 'NONE', #708, #1556, #159, .T. ) ;
#1103 = VERTEX_POINT ( 'NONE', #742 ) ;
#1104 = FACE_OUTER_BOUND ( 'NONE', #1152, .T. ) ;
#1105 = ORIENTED_EDGE ( 'NONE', *, *, #1211, .T. ) ;
#1106 = EDGE_CURVE ( 'NONE', #47, #580, #138, .T. ) ;
#1107 = PLANE ( 'NONE',  #1624 ) ;
#1108 = CARTESIAN_POINT ( 'NONE',  ( -13.92500000000000071, -14.67499999999999893, -3.000000000000000000 ) ) ;
#1109 = ORIENTED_EDGE ( 'NONE', *, *, #1306, .T. ) ;
#1110 = DIRECTION ( 'NONE',  ( 0.000000000000000000, 0.000000000000000000, 1.000000000000000000 ) ) ;
#1111 = ORIENTED_EDGE ( 'NONE', *, *, #1046, .T. ) ;
#1112 = CARTESIAN_POINT ( 'NONE',  ( -12.42500000000000071, 14.67500000000000071, 11.19999999999999929 ) ) ;
#1113 = CARTESIAN_POINT ( 'NONE',  ( 0.000000000000000000, -16.67499999999999716, 13.19999999999999929 ) ) ;
#1114 = EDGE_CURVE ( 'NONE', #1034, #166, #300, .T. ) ;
#1115 = ORIENTED_EDGE ( 'NONE', *, *, #810, .T. ) ;
#1116 = DIRECTION ( 'NONE',  ( -0.000000000000000000, -0.000000000000000000, 1.000000000000000000 ) ) ;
#1117 = AXIS2_PLACEMENT_3D ( 'NONE', #1742, #453, #732 ) ;
#1118 = EDGE_LOOP ( 'NONE', ( #1853, #1057, #1227, #1391 ) ) ;
#1119 =( GEOMETRIC_REPRESENTATION_CONTEXT ( 3 ) GLOBAL_UNCERTAINTY_ASSIGNED_CONTEXT ( ( #524 ) ) GLOBAL_UNIT_ASSIGNED_CONTEXT ( ( #943, #816, #1364 ) ) REPRESENTATION_CONTEXT ( 'NONE', 'WORKASPACE' ) );
#1120 = LINE ( 'NONE', #1112, #1855 ) ;
#1121 = CARTESIAN_POINT ( 'NONE',  ( 10.92500000000000071, -13.67499999999999893, 11.19999999999999929 ) ) ;
#1122 = PRODUCT_DEFINITION_SHAPE ( 'NONE', 'NONE',  #1859 ) ;
#1123 = AXIS2_PLACEMENT_3D ( 'NONE', #412, #684, #1422 ) ;
#1124 = AXIS2_PLACEMENT_3D ( 'NONE', #1200, #1076, #932 ) ;
#1125 = EDGE_CURVE ( 'NONE', #915, #1153, #1444, .T. ) ;
#1126 = LINE ( 'NONE', #853, #644 ) ;
#1127 = CARTESIAN_POINT ( 'NONE',  ( 1297.103065356358911, 686.0447650546107070, 885.1400450860915043 ) ) ;
#1128 = ORIENTED_EDGE ( 'NONE', *, *, #799, .T. ) ;
#1129 = ORIENTED_EDGE ( 'NONE', *, *, #1588, .F. ) ;
#1130 = DIRECTION ( 'NONE',  ( -1.000000000000000000, -2.409338161078900167E-16, -0.000000000000000000 ) ) ;
#1131 = VECTOR ( 'NONE', #1386, 1000.000000000000000 ) ;
#1132 = DIRECTION ( 'NONE',  ( 0.000000000000000000, 0.000000000000000000, 1.000000000000000000 ) ) ;
#1133 = EDGE_CURVE ( 'NONE', #1799, #1483, #1297, .T. ) ;
#1134 = CARTESIAN_POINT ( 'NONE',  ( 1278.178065356358957, 688.0447650546107070, 883.1400450860915043 ) ) ;
#1135 = CARTESIAN_POINT ( 'NONE',  ( 1278.178065356358957, 688.0447650546107070, 883.1400450860915043 ) ) ;
#1136 = ORIENTED_EDGE ( 'NONE', *, *, #367, .T. ) ;
#1137 = ORIENTED_EDGE ( 'NONE', *, *, #677, .T. ) ;
#1138 = CARTESIAN_POINT ( 'NONE',  ( 0.000000000000000000, 0.000000000000000000, 0.000000000000000000 ) ) ;
#1139 = CARTESIAN_POINT ( 'NONE',  ( -11.92500000000000071, 15.19245373558151790, 13.19999999999999929 ) ) ;
#1140 = ORIENTED_EDGE ( 'NONE', *, *, #1368, .F. ) ;
#1141 = CARTESIAN_POINT ( 'NONE',  ( 13.92500000000000071, -14.67499999999999893, -3.000000000000000000 ) ) ;
#1142 = ORIENTED_EDGE ( 'NONE', *, *, #1309, .F. ) ;
#1143 = ORIENTED_EDGE ( 'NONE', *, *, #185, .T. ) ;
#1144 = DIRECTION ( 'NONE',  ( -1.000000000000000000, 0.000000000000000000, 0.000000000000000000 ) ) ;
#1145 = VECTOR ( 'NONE', #830, 1000.000000000000000 ) ;
#1146 = DIRECTION ( 'NONE',  ( -0.000000000000000000, -0.000000000000000000, 1.000000000000000000 ) ) ;
#1147 = EDGE_CURVE ( 'NONE', #1255, #1476, #847, .T. ) ;
#1148 = DIRECTION ( 'NONE',  ( -0.000000000000000000, -0.000000000000000000, 1.000000000000000000 ) ) ;
#1149 = FACE_BOUND ( 'NONE', #147, .T. ) ;
#1150 = AXIS2_PLACEMENT_3D ( 'NONE', #1600, #1166, #431 ) ;
#1151 = ADVANCED_FACE ( 'NONE', ( #434 ), #1595, .T. ) ;
#1152 = EDGE_LOOP ( 'NONE', ( #533, #1352, #1771, #1398 ) ) ;
#1153 = VERTEX_POINT ( 'NONE', #410 ) ;
#1154 = DIRECTION ( 'NONE',  ( -1.000000000000000000, -2.409338161078900167E-16, -0.000000000000000000 ) ) ;
#1155 = ADVANCED_BREP_SHAPE_REPRESENTATION ( '', ( #1187, #1000 ), #1241 ) ;
#1156 = CARTESIAN_POINT ( 'NONE',  ( 12.42500000000000071, 0.000000000000000000, 11.19999999999999929 ) ) ;
#1157 = LINE ( 'NONE', #444, #368 ) ;
#1158 = DIRECTION ( 'NONE',  ( 0.000000000000000000, 0.000000000000000000, -1.000000000000000000 ) ) ;
#1159 = LINE ( 'NONE', #756, #884 ) ;
#1160 = ORIENTED_EDGE ( 'NONE', *, *, #1292, .F. ) ;
#1161 = EDGE_LOOP ( 'NONE', ( #1627, #998, #1111, #837, #217, #856, #1079, #146, #289, #279, #1377, #408, #774, #1574, #433, #1236 ) ) ;
#1162 = DIRECTION ( 'NONE',  ( -0.000000000000000000, -0.000000000000000000, 1.000000000000000000 ) ) ;
#1163 = LINE ( 'NONE', #1317, #1413 ) ;
#1164 = CARTESIAN_POINT ( 'NONE',  ( -10.92500000000000071, -13.67499999999999893, 0.000000000000000000 ) ) ;
#1165 = CARTESIAN_POINT ( 'NONE',  ( 1273.253065356359002, 686.5447650546107070, 885.1400450860915043 ) ) ;
#1166 = DIRECTION ( 'NONE',  ( 0.000000000000000000, 0.000000000000000000, -1.000000000000000000 ) ) ;
#1167 = ADVANCED_FACE ( 'NONE', ( #1277 ), #561, .F. ) ;
#1168 =( NAMED_UNIT ( * ) SI_UNIT ( $, .STERADIAN. ) SOLID_ANGLE_UNIT ( ) );
#1169 = ORIENTED_EDGE ( 'NONE', *, *, #666, .T. ) ;
#1170 = VECTOR ( 'NONE', #573, 1000.000000000000000 ) ;
#1171 = EDGE_LOOP ( 'NONE', ( #512, #373, #1766, #1136 ) ) ;
#1172 = CARTESIAN_POINT ( 'NONE',  ( -10.92499999999999893, -6.475000000000001421, 4.000000000000000000 ) ) ;
#1173 = CARTESIAN_POINT ( 'NONE',  ( -11.92500000000000071, -16.67499999999999716, 11.19999999999999929 ) ) ;
#1174 = AXIS2_PLACEMENT_3D ( 'NONE', #37, #1475, #335 ) ;
#1175 = CARTESIAN_POINT ( 'NONE',  ( -9.525000000000000355, -10.07500000000000107, 0.000000000000000000 ) ) ;
#1176 = CARTESIAN_POINT ( 'NONE',  ( 1278.178065356358957, 702.1869006783414306, 885.1400450860915043 ) ) ;
#1177 = DIRECTION ( 'NONE',  ( -2.409338161078899674E-16, -1.000000000000000000, 0.000000000000000000 ) ) ;
#1178 = EDGE_CURVE ( 'NONE', #472, #415, #668, .T. ) ;
#1179 = VECTOR ( 'NONE', #116, 1000.000000000000000 ) ;
#1180 = SHAPE_REPRESENTATION_RELATIONSHIP ( 'NONE' , 'NONE' ,  #1749, #1155 ) ;
#1181 = APPLICATION_CONTEXT ( 'automotive_design' ) ;
#1182 = EDGE_LOOP ( 'NONE', ( #1526, #38, #930, #1603 ) ) ;
#1183 = ORIENTED_EDGE ( 'NONE', *, *, #90, .T. ) ;
#1184 = CARTESIAN_POINT ( 'NONE',  ( 7.325000000000001066, -10.07500000000000107, 4.000000000000000000 ) ) ;
#1185 = CARTESIAN_POINT ( 'NONE',  ( -11.92500000000000071, -16.67499999999999716, -3.000000000000000000 ) ) ;
#1186 = VECTOR ( 'NONE', #54, 1000.000000000000000 ) ;
#1187 = MANIFOLD_SOLID_BREP ( 'Lip1', #392 ) ;
#1188 = ORIENTED_EDGE ( 'NONE', *, *, #741, .T. ) ;
#1189 = CYLINDRICAL_SURFACE ( 'NONE', #222, 3.600000000000000977 ) ;
#1190 = DIRECTION ( 'NONE',  ( 0.000000000000000000, 0.000000000000000000, 1.000000000000000000 ) ) ;
#1191 = ADVANCED_FACE ( 'NONE', ( #1104 ), #1513, .T. ) ;
#1192 = ORIENTED_EDGE ( 'NONE', *, *, #810, .F. ) ;
#1193 = CIRCLE ( 'NONE', #812, 3.600000000000001421 ) ;
#1194 = ORIENTED_EDGE ( 'NONE', *, *, #544, .T. ) ;
#1195 = CARTESIAN_POINT ( 'NONE',  ( 9.525000000000000355, -10.07500000000000107, 4.000000000000000000 ) ) ;
#1196 = DIRECTION ( 'NONE',  ( -1.000000000000000000, 0.000000000000000000, 0.000000000000000000 ) ) ;
#1197 = CARTESIAN_POINT ( 'NONE',  ( -12.44245373558151613, 0.000000000000000000, 13.19999999999999929 ) ) ;
#1198 = VERTEX_POINT ( 'NONE', #639 ) ;
#1199 = DIRECTION ( 'NONE',  ( 0.000000000000000000, 0.008726535498373953759, 0.9999619230641713097 ) ) ;
#1200 = CARTESIAN_POINT ( 'NONE',  ( 10.92500000000000071, -13.67499999999999893, 11.19999999999999929 ) ) ;
#1201 = ORIENTED_EDGE ( 'NONE', *, *, #253, .F. ) ;
#1202 = VECTOR ( 'NONE', #1130, 1000.000000000000000 ) ;
#1203 = ORIENTED_EDGE ( 'NONE', *, *, #139, .T. ) ;
#1204 = VECTOR ( 'NONE', #1744, 1000.000000000000000 ) ;
#1205 = DIRECTION ( 'NONE',  ( 0.000000000000000000, 0.000000000000000000, -1.000000000000000000 ) ) ;
#1206 = CIRCLE ( 'NONE', #1738, 2.199999999999999734 ) ;
#1207 = ORIENTED_EDGE ( 'NONE', *, *, #1491, .F. ) ;
#1208 = AXIS2_PLACEMENT_3D ( 'NONE', #416, #291, #1706 ) ;
#1209 = FACE_OUTER_BOUND ( 'NONE', #78, .T. ) ;
#1210 = PLANE ( 'NONE',  #1072 ) ;
#1211 = EDGE_CURVE ( 'NONE', #1293, #728, #1647, .T. ) ;
#1212 = EDGE_LOOP ( 'NONE', ( #520, #786, #1140, #1272 ) ) ;
#1213 = CARTESIAN_POINT ( 'NONE',  ( -7.000000000000000000, -16.67599999999999838, 13.19999999999999929 ) ) ;
#1214 = ORIENTED_EDGE ( 'NONE', *, *, #419, .F. ) ;
#1215 = CIRCLE ( 'NONE', #916, 3.600000000000000977 ) ;
#1216 = EDGE_CURVE ( 'NONE', #260, #1034, #1605, .T. ) ;
#1217 = DIRECTION ( 'NONE',  ( -1.000000000000000000, 0.000000000000000000, 0.000000000000000000 ) ) ;
#1218 = DIRECTION ( 'NONE',  ( 0.000000000000000000, -1.000000000000000000, 0.000000000000000000 ) ) ;
#1219 = VERTEX_POINT ( 'NONE', #452 ) ;
#1220 = CYLINDRICAL_SURFACE ( 'NONE', #225, 2.199999999999999734 ) ;
#1221 = VERTEX_POINT ( 'NONE', #352 ) ;
#1222 = AXIS2_PLACEMENT_3D ( 'NONE', #94, #554, #383 ) ;
#1223 = DIRECTION ( 'NONE',  ( -0.000000000000000000, 1.000000000000000000, -0.000000000000000000 ) ) ;
#1224 = VERTEX_POINT ( 'NONE', #1353 ) ;
#1225 = DIRECTION ( 'NONE',  ( -1.000000000000000000, 0.000000000000000000, 0.000000000000000000 ) ) ;
#1226 = FACE_OUTER_BOUND ( 'NONE', #863, .T. ) ;
#1227 = ORIENTED_EDGE ( 'NONE', *, *, #1819, .T. ) ;
#1228 = DIRECTION ( 'NONE',  ( 2.409338161078900167E-16, -1.000000000000000000, 0.000000000000000000 ) ) ;
#1229 = PRODUCT_CONTEXT ( 'NONE', #1674, 'mechanical' ) ;
#1230 = VERTEX_POINT ( 'NONE', #934 ) ;
#1231 = EDGE_CURVE ( 'NONE', #1480, #1799, #340, .T. ) ;
#1232 = SURFACE_STYLE_FILL_AREA ( #207 ) ;
#1233 = ORIENTED_EDGE ( 'NONE', *, *, #505, .F. ) ;
#1234 = EDGE_CURVE ( 'NONE', #1784, #1463, #218, .T. ) ;
#1235 = CARTESIAN_POINT ( 'NONE',  ( 1297.103065356358911, 686.0447650546107070, 883.1400450860915043 ) ) ;
#1236 = ORIENTED_EDGE ( 'NONE', *, *, #374, .F. ) ;
#1237 = DIRECTION ( 'NONE',  ( -1.000000000000000000, 0.000000000000000000, -0.000000000000000000 ) ) ;
#1238 = EDGE_LOOP ( 'NONE', ( #1203, #817, #1746, #202 ) ) ;
#1239 = DIRECTION ( 'NONE',  ( -1.445602896647339163E-16, 0.000000000000000000, 1.000000000000000000 ) ) ;
#1240 = ADVANCED_FACE ( 'NONE', ( #806 ), #234, .T. ) ;
#1241 =( GEOMETRIC_REPRESENTATION_CONTEXT ( 3 ) GLOBAL_UNCERTAINTY_ASSIGNED_CONTEXT ( ( #1670 ) ) GLOBAL_UNIT_ASSIGNED_CONTEXT ( ( #1452, #588, #747 ) ) REPRESENTATION_CONTEXT ( 'NONE', 'WORKASPACE' ) );
#1242 = ORIENTED_EDGE ( 'NONE', *, *, #874, .F. ) ;
#1243 = CARTESIAN_POINT ( 'NONE',  ( 1273.253065356359002, 656.1947650546106843, 883.1400450860915043 ) ) ;
#1244 = AXIS2_PLACEMENT_3D ( 'NONE', #746, #20, #868 ) ;
#1245 = CARTESIAN_POINT ( 'NONE',  ( 0.000000000000000000, 0.000000000000000000, 13.19999999999999929 ) ) ;
#1246 = CARTESIAN_POINT ( 'NONE',  ( 1297.603065356358911, 656.6947650546106843, 883.1400450860915043 ) ) ;
#1247 = DIRECTION ( 'NONE',  ( -1.000000000000000000, 0.000000000000000000, 0.000000000000000000 ) ) ;
#1248 = EDGE_CURVE ( 'NONE', #316, #1483, #1672, .T. ) ;
#1249 = ORIENTED_EDGE ( 'NONE', *, *, #1216, .T. ) ;
#1250 = EDGE_CURVE ( 'NONE', #1103, #120, #651, .T. ) ;
#1251 = LINE ( 'NONE', #382, #235 ) ;
#1252 = DIRECTION ( 'NONE',  ( 1.000000000000000000, -0.000000000000000000, -0.000000000000000000 ) ) ;
#1253 = DIRECTION ( 'NONE',  ( 0.000000000000000000, 0.000000000000000000, 1.000000000000000000 ) ) ;
#1254 = DIRECTION ( 'NONE',  ( -1.000000000000000000, 0.000000000000000000, 0.000000000000000000 ) ) ;
#1255 = VERTEX_POINT ( 'NONE', #506 ) ;
#1256 = CARTESIAN_POINT ( 'NONE',  ( 11.92500000000000071, -14.67499999999999893, 11.19999999999999929 ) ) ;
#1257 = ADVANCED_FACE ( 'NONE', ( #526 ), #1525, .F. ) ;
#1258 = CARTESIAN_POINT ( 'NONE',  ( 1278.178065356358957, 688.0447650546107070, 885.1400450860915043 ) ) ;
#1259 = VECTOR ( 'NONE', #1468, 1000.000000000000000 ) ;
#1260 = DIRECTION ( 'NONE',  ( -1.000000000000000000, 0.000000000000000000, 0.000000000000000000 ) ) ;
#1261 = CYLINDRICAL_SURFACE ( 'NONE', #764, 2.000000000000000000 ) ;
#1262 = EDGE_CURVE ( 'NONE', #1336, #1097, #1808, .T. ) ;
#1263 = VECTOR ( 'NONE', #197, 1000.000000000000000 ) ;
#1264 = ORIENTED_EDGE ( 'NONE', *, *, #1541, .F. ) ;
#1265 = AXIS2_PLACEMENT_3D ( 'NONE', #1456, #23, #582 ) ;
#1266 = ORIENTED_EDGE ( 'NONE', *, *, #1560, .T. ) ;
#1267 = DIRECTION ( 'NONE',  ( -0.000000000000000000, -0.000000000000000000, -1.000000000000000000 ) ) ;
#1268 = EDGE_CURVE ( 'NONE', #1313, #86, #1295, .T. ) ;
#1269 = PLANE ( 'NONE',  #1333 ) ;
#1270 = PRODUCT ( 'Assem1', 'Assem1', '', ( #1798 ) ) ;
#1271 = AXIS2_PLACEMENT_3D ( 'NONE', #1321, #40, #306 ) ;
#1272 = ORIENTED_EDGE ( 'NONE', *, *, #242, .T. ) ;
#1273 = LINE ( 'NONE', #1135, #397 ) ;
#1274 = ORIENTED_EDGE ( 'NONE', *, *, #624, .F. ) ;
#1275 = CIRCLE ( 'NONE', #127, 0.4999999999999449329 ) ;
#1276 = ORIENTED_EDGE ( 'NONE', *, *, #762, .F. ) ;
#1277 = FACE_OUTER_BOUND ( 'NONE', #1720, .T. ) ;
#1278 = AXIS2_PLACEMENT_3D ( 'NONE', #1634, #511, #1660 ) ;
#1279 = DIRECTION ( 'NONE',  ( -1.000000000000000000, 0.000000000000000000, 0.000000000000000000 ) ) ;
#1280 = VECTOR ( 'NONE', #1319, 1000.000000000000000 ) ;
#1281 = DIRECTION ( 'NONE',  ( -0.008726535498373953759, -0.000000000000000000, 0.9999619230641713097 ) ) ;
#1282 = DIRECTION ( 'NONE',  ( -1.000000000000000000, 0.000000000000000000, 0.000000000000000000 ) ) ;
#1283 = ADVANCED_FACE ( 'NONE', ( #395 ), #259, .F. ) ;
#1284 = EDGE_LOOP ( 'NONE', ( #183, #575, #780, #69, #893, #29 ) ) ;
#1285 = ORIENTED_EDGE ( 'NONE', *, *, #503, .T. ) ;
#1286 = DIRECTION ( 'NONE',  ( 0.000000000000000000, -1.000000000000000000, 0.000000000000000000 ) ) ;
#1287 = EDGE_CURVE ( 'NONE', #166, #21, #1685, .T. ) ;
#1288 = DIRECTION ( 'NONE',  ( -0.000000000000000000, -0.000000000000000000, -1.000000000000000000 ) ) ;
#1289 = AXIS2_PLACEMENT_3D ( 'NONE', #1827, #105, #840 ) ;
#1290 = CARTESIAN_POINT ( 'NONE',  ( 10.92500000000000071, -13.67499999999999893, 0.000000000000000000 ) ) ;
#1291 = DIRECTION ( 'NONE',  ( -1.000000000000000000, 0.000000000000000000, 0.000000000000000000 ) ) ;
#1292 = EDGE_CURVE ( 'NONE', #155, #1099, #1554, .T. ) ;
#1293 = VERTEX_POINT ( 'NONE', #135 ) ;
#1294 = VECTOR ( 'NONE', #1325, 1000.000000000000000 ) ;
#1295 = CIRCLE ( 'NONE', #485, 2.199999999999999734 ) ;
#1296 = ORIENTED_EDGE ( 'NONE', *, *, #1754, .F. ) ;
#1297 = LINE ( 'NONE', #991, #1739 ) ;
#1298 = DIRECTION ( 'NONE',  ( -1.000000000000000000, 0.000000000000000000, 0.000000000000000000 ) ) ;
#1299 = CARTESIAN_POINT ( 'NONE',  ( 1272.753065356359002, 686.0447650546107070, 885.1400450860915043 ) ) ;
#1300 = VECTOR ( 'NONE', #745, 1000.000000000000000 ) ;
#1301 = DIRECTION ( 'NONE',  ( 1.000000000000000000, 0.000000000000000000, 0.000000000000000000 ) ) ;
#1302 = FACE_OUTER_BOUND ( 'NONE', #1807, .T. ) ;
#1303 = VECTOR ( 'NONE', #637, 1000.000000000000000 ) ;
#1304 = EDGE_LOOP ( 'NONE', ( #1055, #1782, #1343, #1083 ) ) ;
#1305 = ORIENTED_EDGE ( 'NONE', *, *, #1102, .F. ) ;
#1306 = EDGE_CURVE ( 'NONE', #963, #642, #1361, .T. ) ;
#1307 = CARTESIAN_POINT ( 'NONE',  ( 7.000000000000000000, 13.67499999999999893, 11.19999999999999929 ) ) ;
#1308 = LINE ( 'NONE', #611, #1591 ) ;
#1309 = EDGE_CURVE ( 'NONE', #129, #1784, #973, .T. ) ;
#1310 = DIRECTION ( 'NONE',  ( -0.000000000000000000, -0.000000000000000000, -1.000000000000000000 ) ) ;
#1311 = PLANE ( 'NONE',  #115 ) ;
#1312 = DIRECTION ( 'NONE',  ( -1.000000000000000000, 0.000000000000000000, 0.000000000000000000 ) ) ;
#1313 = VERTEX_POINT ( 'NONE', #1695 ) ;
#1314 = EDGE_CURVE ( 'NONE', #258, #1330, #110, .T. ) ;
#1315 = ORIENTED_EDGE ( 'NONE', *, *, #114, .T. ) ;
#1316 = DIRECTION ( 'NONE',  ( -0.000000000000000000, -0.000000000000000000, -1.000000000000000000 ) ) ;
#1317 = CARTESIAN_POINT ( 'NONE',  ( -10.92500000000000071, -13.67499999999999893, 4.000000000000000000 ) ) ;
#1318 = ADVANCED_FACE ( 'NONE', ( #565 ), #532, .F. ) ;
#1319 = DIRECTION ( 'NONE',  ( -0.000000000000000000, -0.000000000000000000, -1.000000000000000000 ) ) ;
#1320 = FACE_OUTER_BOUND ( 'NONE', #1161, .T. ) ;
#1321 = CARTESIAN_POINT ( 'NONE',  ( -13.92500000000000071, -13.67499999999999893, 11.19999999999999929 ) ) ;
#1322 = VERTEX_POINT ( 'NONE', #252 ) ;
#1323 = ORIENTED_EDGE ( 'NONE', *, *, #169, .T. ) ;
#1324 = ADVANCED_FACE ( 'NONE', ( #1571 ), #1702, .F. ) ;
#1325 = DIRECTION ( 'NONE',  ( 0.000000000000000000, -1.000000000000000000, 0.000000000000000000 ) ) ;
#1326 = DIRECTION ( 'NONE',  ( 0.000000000000000000, 0.000000000000000000, 1.000000000000000000 ) ) ;
#1327 = VECTOR ( 'NONE', #1154, 1000.000000000000000 ) ;
#1328 = EDGE_CURVE ( 'NONE', #13, #870, #98, .T. ) ;
#1329 = CARTESIAN_POINT ( 'NONE',  ( 6.999999999999999112, 16.67499999999999716, 5.200000000000000178 ) ) ;
#1330 = VERTEX_POINT ( 'NONE', #995 ) ;
#1331 = DIRECTION ( 'NONE',  ( 0.000000000000000000, -1.000000000000000000, 0.000000000000000000 ) ) ;
#1332 = FACE_OUTER_BOUND ( 'NONE', #621, .T. ) ;
#1333 = AXIS2_PLACEMENT_3D ( 'NONE', #1837, #411, #992 ) ;
#1334 = ORIENTED_EDGE ( 'NONE', *, *, #14, .T. ) ;
#1335 = AXIS2_PLACEMENT_3D ( 'NONE', #1066, #1351, #58 ) ;
#1336 = VERTEX_POINT ( 'NONE', #1141 ) ;
#1337 = CARTESIAN_POINT ( 'NONE',  ( 0.000000000000000000, 15.19245373558151613, 13.19999999999999929 ) ) ;
#1338 = CARTESIAN_POINT ( 'NONE',  ( 0.000000000000000000, 15.17499999999999893, 11.19999999999999929 ) ) ;
#1339 = CARTESIAN_POINT ( 'NONE',  ( -7.000000000000000000, 16.67499999999999716, 11.19999999999999929 ) ) ;
#1340 = ORIENTED_EDGE ( 'NONE', *, *, #1696, .T. ) ;
#1341 = PLANE ( 'NONE',  #654 ) ;
#1342 = DIRECTION ( 'NONE',  ( 0.000000000000000000, -1.000000000000000000, 0.000000000000000000 ) ) ;
#1343 = ORIENTED_EDGE ( 'NONE', *, *, #1387, .F. ) ;
#1344 = CARTESIAN_POINT ( 'NONE',  ( -5.125000000000000888, -10.07500000000000107, 0.000000000000000000 ) ) ;
#1345 = ORIENTED_EDGE ( 'NONE', *, *, #1309, .T. ) ;
#1346 = LINE ( 'NONE', #1631, #1372 ) ;
#1347 = ADVANCED_FACE ( 'NONE', ( #1825 ), #1678, .T. ) ;
#1348 =( NAMED_UNIT ( * ) SI_UNIT ( $, .STERADIAN. ) SOLID_ANGLE_UNIT ( ) );
#1349 = DIRECTION ( 'NONE',  ( -0.008726535498373953759, -0.000000000000000000, -0.9999619230641713097 ) ) ;
#1350 = EDGE_CURVE ( 'NONE', #1844, #921, #1715, .T. ) ;
#1351 = DIRECTION ( 'NONE',  ( -0.000000000000000000, -0.000000000000000000, 1.000000000000000000 ) ) ;
#1352 = ORIENTED_EDGE ( 'NONE', *, *, #825, .F. ) ;
#1353 = CARTESIAN_POINT ( 'NONE',  ( -11.92500000000000071, 15.17500000000000071, 11.19999999999999929 ) ) ;
#1354 = LINE ( 'NONE', #1495, #1263 ) ;
#1355 = CIRCLE ( 'NONE', #387, 0.4999999999999449329 ) ;
#1356 = ORIENTED_EDGE ( 'NONE', *, *, #566, .T. ) ;
#1357 = CARTESIAN_POINT ( 'NONE',  ( 11.92500000000000071, 16.67499999999999716, -3.000000000000000000 ) ) ;
#1358 = DIRECTION ( 'NONE',  ( 0.000000000000000000, 0.000000000000000000, 1.000000000000000000 ) ) ;
#1359 = AXIS2_PLACEMENT_3D ( 'NONE', #323, #1751, #1447 ) ;
#1360 = ORIENTED_EDGE ( 'NONE', *, *, #1838, .F. ) ;
#1361 = CIRCLE ( 'NONE', #543, 0.4999999999999449329 ) ;
#1362 = DIRECTION ( 'NONE',  ( 0.000000000000000000, 0.000000000000000000, 1.000000000000000000 ) ) ;
#1363 = ORIENTED_EDGE ( 'NONE', *, *, #1046, .F. ) ;
#1364 =( NAMED_UNIT ( * ) SI_UNIT ( $, .STERADIAN. ) SOLID_ANGLE_UNIT ( ) );
#1365 = ORIENTED_EDGE ( 'NONE', *, *, #1114, .T. ) ;
#1366 = CIRCLE ( 'NONE', #181, 2.000000000000000000 ) ;
#1367 = DIRECTION ( 'NONE',  ( -1.000000000000000000, 0.000000000000000000, 0.000000000000000000 ) ) ;
#1368 = EDGE_CURVE ( 'NONE', #1666, #1103, #1215, .T. ) ;
#1369 = CARTESIAN_POINT ( 'NONE',  ( 7.000000000000000000, 15.17499999999999893, 11.19999999999999929 ) ) ;
#1370 = ORIENTED_EDGE ( 'NONE', *, *, #505, .T. ) ;
#1371 = CARTESIAN_POINT ( 'NONE',  ( 3.724999999999998312, -13.67499999999999893, 4.000000000000000000 ) ) ;
#1372 = VECTOR ( 'NONE', #1367, 1000.000000000000000 ) ;
#1373 = ORIENTED_EDGE ( 'NONE', *, *, #645, .F. ) ;
#1374 = VECTOR ( 'NONE', #1349, 1000.000000000000000 ) ;
#1375 = SURFACE_STYLE_USAGE ( .BOTH. , #961 ) ;
#1376 = ADVANCED_FACE ( 'NONE', ( #268 ), #1261, .T. ) ;
#1377 = ORIENTED_EDGE ( 'NONE', *, *, #657, .F. ) ;
#1378 = APPLICATION_CONTEXT ( 'automotive_design' ) ;
#1379 = FACE_OUTER_BOUND ( 'NONE', #1118, .T. ) ;
#1380 = EDGE_CURVE ( 'NONE', #1573, #1549, #1481, .T. ) ;
#1381 = ORIENTED_EDGE ( 'NONE', *, *, #180, .F. ) ;
#1382 = DIRECTION ( 'NONE',  ( -0.000000000000000000, 0.000000000000000000, 1.000000000000000000 ) ) ;
#1383 = EDGE_LOOP ( 'NONE', ( #1737, #951, #885, #1274 ) ) ;
#1384 = ORIENTED_EDGE ( 'NONE', *, *, #1712, .T. ) ;
#1385 = DIRECTION ( 'NONE',  ( 0.000000000000000000, 0.000000000000000000, -1.000000000000000000 ) ) ;
#1386 = DIRECTION ( 'NONE',  ( 1.000000000000000000, 0.000000000000000000, 0.000000000000000000 ) ) ;
#1387 = EDGE_CURVE ( 'NONE', #996, #3, #1273, .T. ) ;
#1388 = CARTESIAN_POINT ( 'NONE',  ( -13.92500000000000071, 14.67500000000000071, -3.000000000000000000 ) ) ;
#1389 = VECTOR ( 'NONE', #378, 1000.000000000000000 ) ;
#1390 = PRESENTATION_STYLE_ASSIGNMENT (( #1375 ) ) ;
#1391 = ORIENTED_EDGE ( 'NONE', *, *, #907, .T. ) ;
#1392 = VECTOR ( 'NONE', #821, 1000.000000000000000 ) ;
#1393 = DIRECTION ( 'NONE',  ( 1.000000000000000000, 0.000000000000000000, 0.000000000000000000 ) ) ;
#1394 = VECTOR ( 'NONE', #1247, 1000.000000000000000 ) ;
#1395 = LINE ( 'NONE', #1121, #703 ) ;
#1396 = CARTESIAN_POINT ( 'NONE',  ( 7.000000000000000000, 16.67499999999999716, 11.19999999999999929 ) ) ;
#1397 = DIRECTION ( 'NONE',  ( -1.000000000000000000, 0.000000000000000000, 0.000000000000000000 ) ) ;
#1398 = ORIENTED_EDGE ( 'NONE', *, *, #1292, .T. ) ;
#1399 = CARTESIAN_POINT ( 'NONE',  ( 1292.178065356358729, 686.5447650546107070, 843.9144794432610297 ) ) ;
#1400 = EDGE_CURVE ( 'NONE', #1721, #1802, #1612, .T. ) ;
#1401 = CARTESIAN_POINT ( 'NONE',  ( 11.92500000000000071, -16.67499999999999716, 13.19999999999999929 ) ) ;
#1402 = EDGE_CURVE ( 'NONE', #155, #1549, #1159, .T. ) ;
#1403 = CARTESIAN_POINT ( 'NONE',  ( -7.325000000000001066, -6.474999999999999645, 4.000000000000000000 ) ) ;
#1404 = DIRECTION ( 'NONE',  ( 0.000000000000000000, 0.008726535498373953759, 0.9999619230641713097 ) ) ;
#1405 = ORIENTED_EDGE ( 'NONE', *, *, #1387, .T. ) ;
#1406 = ADVANCED_FACE ( 'NONE', ( #328 ), #1718, .T. ) ;
#1407 = VERTEX_POINT ( 'NONE', #1727 ) ;
#1408 = CARTESIAN_POINT ( 'NONE',  ( 1278.178065356358957, 688.0447650546107070, 885.1400450860915043 ) ) ;
#1409 = SHAPE_REPRESENTATION ( 'Assem1', ( #1417, #761, #767 ), #726 ) ;
#1410 = CARTESIAN_POINT ( 'NONE',  ( 1292.178065356358729, 688.0447650546107070, 883.1400450860915043 ) ) ;
#1411 = DIRECTION ( 'NONE',  ( -1.445602896647339163E-16, 0.000000000000000000, -1.000000000000000000 ) ) ;
#1412 = DIRECTION ( 'NONE',  ( 1.000000000000000000, 0.000000000000000000, 0.000000000000000000 ) ) ;
#1413 = VECTOR ( 'NONE', #24, 1000.000000000000000 ) ;
#1414 = ORIENTED_EDGE ( 'NONE', *, *, #1262, .F. ) ;
#1415 = AXIS2_PLACEMENT_3D ( 'NONE', #360, #81, #925 ) ;
#1416 = ORIENTED_EDGE ( 'NONE', *, *, #1231, .T. ) ;
#1417 = AXIS2_PLACEMENT_3D ( 'NONE', #1710, #725, #205 ) ;
#1418 = CARTESIAN_POINT ( 'NONE',  ( -11.92500000000000071, 14.67500000000000071, 11.19999999999999929 ) ) ;
#1419 = AXIS2_PLACEMENT_3D ( 'NONE', #851, #1132, #819 ) ;
#1420 = DIRECTION ( 'NONE',  ( 0.000000000000000000, 0.000000000000000000, 1.000000000000000000 ) ) ;
#1421 = ADVANCED_FACE ( 'NONE', ( #1332 ), #470, .T. ) ;
#1422 = DIRECTION ( 'NONE',  ( 1.000000000000000000, 0.000000000000000000, 0.000000000000000000 ) ) ;
#1423 = DIRECTION ( 'NONE',  ( 0.000000000000000000, 0.000000000000000000, -1.000000000000000000 ) ) ;
#1424 = EDGE_LOOP ( 'NONE', ( #1363, #388, #1833, #1604 ) ) ;
#1425 = EDGE_CURVE ( 'NONE', #1219, #86, #587, .T. ) ;
#1426 = AXIS2_PLACEMENT_3D ( 'NONE', #45, #499, #1217 ) ;
#1427 = ORIENTED_EDGE ( 'NONE', *, *, #1517, .F. ) ;
#1428 = PLANE ( 'NONE',  #212 ) ;
#1429 = CARTESIAN_POINT ( 'NONE',  ( 11.92500000000000071, 14.67499999999999893, 11.19999999999999929 ) ) ;
#1430 = EDGE_CURVE ( 'NONE', #1476, #1509, #438, .T. ) ;
#1431 = PLANE ( 'NONE',  #829 ) ;
#1432 = CARTESIAN_POINT ( 'NONE',  ( -11.92500000000000071, 14.67500000000000071, -3.000000000000000888 ) ) ;
#1433 =( LENGTH_UNIT ( ) NAMED_UNIT ( * ) SI_UNIT ( .MILLI., .METRE. ) );
#1434 = ORIENTED_EDGE ( 'NONE', *, *, #1623, .T. ) ;
#1435 = EDGE_LOOP ( 'NONE', ( #273, #864, #1455, #136 ) ) ;
#1436 = LINE ( 'NONE', #1006, #64 ) ;
#1437 = CARTESIAN_POINT ( 'NONE',  ( -7.325000000000001066, -10.07500000000000107, 4.000000000000000000 ) ) ;
#1438 = CIRCLE ( 'NONE', #1289, 0.4999999999999449329 ) ;
#1439 = DIRECTION ( 'NONE',  ( 1.000000000000000000, -0.000000000000000000, -0.000000000000000000 ) ) ;
#1440 = LINE ( 'NONE', #1018, #334 ) ;
#1441 = VECTOR ( 'NONE', #1331, 1000.000000000000000 ) ;
#1442 = ORIENTED_EDGE ( 'NONE', *, *, #964, .F. ) ;
#1443 = MECHANICAL_DESIGN_GEOMETRIC_PRESENTATION_REPRESENTATION (  '', ( #1772 ), #971 ) ;
#1444 = CIRCLE ( 'NONE', #1027, 0.5000000000000004441 ) ;
#1445 = EDGE_LOOP ( 'NONE', ( #872, #56, #569, #1022 ) ) ;
#1446 = DIRECTION ( 'NONE',  ( -1.000000000000000000, 0.000000000000000000, -0.000000000000000000 ) ) ;
#1447 = DIRECTION ( 'NONE',  ( -1.000000000000000000, 0.000000000000000000, 0.000000000000000000 ) ) ;
#1448 = CARTESIAN_POINT ( 'NONE',  ( 1272.753065356359002, 656.6947650546106843, 843.9144794432610297 ) ) ;
#1449 = LINE ( 'NONE', #1735, #208 ) ;
#1450 = CARTESIAN_POINT ( 'NONE',  ( -10.92499999999999893, -6.475000000000001421, 4.000000000000000000 ) ) ;
#1451 = VECTOR ( 'NONE', #604, 1000.000000000000000 ) ;
#1452 =( LENGTH_UNIT ( ) NAMED_UNIT ( * ) SI_UNIT ( .MILLI., .METRE. ) );
#1453 = ORIENTED_EDGE ( 'NONE', *, *, #841, .T. ) ;
#1454 = EDGE_CURVE ( 'NONE', #1086, #1740, #1440, .T. ) ;
#1455 = ORIENTED_EDGE ( 'NONE', *, *, #577, .T. ) ;
#1456 = CARTESIAN_POINT ( 'NONE',  ( 1272.753065356359002, 686.0447650546107070, 843.9144794432610297 ) ) ;
#1457 = DIRECTION ( 'NONE',  ( -1.000000000000000000, 0.000000000000000000, 0.000000000000000000 ) ) ;
#1458 = VECTOR ( 'NONE', #985, 1000.000000000000000 ) ;
#1459 = CARTESIAN_POINT ( 'NONE',  ( 11.92500000000000071, -15.17499999999999893, 11.19999999999999929 ) ) ;
#1460 = CARTESIAN_POINT ( 'NONE',  ( -13.92500000000000071, -14.67499999999999893, 11.19999999999999929 ) ) ;
#1461 = CARTESIAN_POINT ( 'NONE',  ( -7.000000000000000000, 15.17499999999999893, 11.19999999999999929 ) ) ;
#1462 = ORIENTED_EDGE ( 'NONE', *, *, #1528, .T. ) ;
#1463 = VERTEX_POINT ( 'NONE', #1587 ) ;
#1464 = ADVANCED_FACE ( 'NONE', ( #1745 ), #458, .F. ) ;
#1465 = DIRECTION ( 'NONE',  ( 0.000000000000000000, 0.000000000000000000, -1.000000000000000000 ) ) ;
#1466 = LINE ( 'NONE', #676, #1202 ) ;
#1467 = ORIENTED_EDGE ( 'NONE', *, *, #1060, .T. ) ;
#1468 = DIRECTION ( 'NONE',  ( -0.000000000000000000, -0.000000000000000000, -1.000000000000000000 ) ) ;
#1469 = DIRECTION ( 'NONE',  ( 0.000000000000000000, -0.000000000000000000, -1.000000000000000000 ) ) ;
#1470 = DIRECTION ( 'NONE',  ( 0.000000000000000000, 0.000000000000000000, 1.000000000000000000 ) ) ;
#1471 = ORIENTED_EDGE ( 'NONE', *, *, #1646, .F. ) ;
#1472 = ORIENTED_EDGE ( 'NONE', *, *, #1775, .T. ) ;
#1473 = DIRECTION ( 'NONE',  ( 0.000000000000000000, 0.000000000000000000, -1.000000000000000000 ) ) ;
#1474 = CARTESIAN_POINT ( 'NONE',  ( 7.325000000000001066, -6.474999999999999645, 0.000000000000000000 ) ) ;
#1475 = DIRECTION ( 'NONE',  ( 0.000000000000000000, 0.000000000000000000, 1.000000000000000000 ) ) ;
#1476 = VERTEX_POINT ( 'NONE', #296 ) ;
#1477 = CARTESIAN_POINT ( 'NONE',  ( 1292.178065356358729, 686.5447650546107070, 883.1400450860915043 ) ) ;
#1478 = DIRECTION ( 'NONE',  ( 0.000000000000000000, -1.000000000000000000, 0.000000000000000000 ) ) ;
#1479 = EDGE_CURVE ( 'NONE', #1802, #805, #724, .T. ) ;
#1480 = VERTEX_POINT ( 'NONE', #616 ) ;
#1481 = CIRCLE ( 'NONE', #490, 0.4999999999999449329 ) ;
#1482 = ADVANCED_FACE ( 'NONE', ( #1053 ), #880, .T. ) ;
#1483 = VERTEX_POINT ( 'NONE', #901 ) ;
#1484 = DIRECTION ( 'NONE',  ( 0.008726535498373953759, 0.000000000000000000, 0.9999619230641713097 ) ) ;
#1485 = ADVANCED_FACE ( 'NONE', ( #1757 ), #1809, .F. ) ;
#1486 = LINE ( 'NONE', #191, #74 ) ;
#1487 = DIRECTION ( 'NONE',  ( -0.000000000000000000, -0.000000000000000000, -1.000000000000000000 ) ) ;
#1488 = ORIENTED_EDGE ( 'NONE', *, *, #602, .T. ) ;
#1489 = CARTESIAN_POINT ( 'NONE',  ( -10.92499999999999893, -6.475000000000001421, 4.000000000000000000 ) ) ;
#1490 = CARTESIAN_POINT ( 'NONE',  ( 1273.253065356359002, 656.1947650546105706, 883.1400450860915043 ) ) ;
#1491 = EDGE_CURVE ( 'NONE', #362, #1198, #287, .T. ) ;
#1492 = SHAPE_DEFINITION_REPRESENTATION ( #579, #1409 ) ;
#1493 = ORIENTED_EDGE ( 'NONE', *, *, #1848, .T. ) ;
#1494 = DIRECTION ( 'NONE',  ( -1.000000000000000000, 0.000000000000000000, -0.000000000000000000 ) ) ;
#1495 = CARTESIAN_POINT ( 'NONE',  ( 10.92500000000000604, -6.475000000000001421, 4.000000000000000000 ) ) ;
#1496 = ORIENTED_EDGE ( 'NONE', *, *, #28, .T. ) ;
#1497 = CARTESIAN_POINT ( 'NONE',  ( 11.92500000000000071, 14.67499999999999893, 11.19999999999999929 ) ) ;
#1498 = EDGE_LOOP ( 'NONE', ( #590, #1826, #226, #718, #432 ) ) ;
#1499 = LINE ( 'NONE', #803, #1842 ) ;
#1500 = LINE ( 'NONE', #1768, #70 ) ;
#1501 = ORIENTED_EDGE ( 'NONE', *, *, #1100, .T. ) ;
#1502 = CARTESIAN_POINT ( 'NONE',  ( 6.999999999999999112, -16.67599999999999838, 5.200000000000000178 ) ) ;
#1503 = ADVANCED_FACE ( 'NONE', ( #269, #1149 ), #165, .F. ) ;
#1504 = ORIENTED_EDGE ( 'NONE', *, *, #825, .T. ) ;
#1505 = ADVANCED_FACE ( 'NONE', ( #1302 ), #596, .T. ) ;
#1506 = VECTOR ( 'NONE', #735, 1000.000000000000000 ) ;
#1507 = DIRECTION ( 'NONE',  ( 0.000000000000000000, 1.000000000000000000, 0.000000000000000000 ) ) ;
#1508 = LINE ( 'NONE', #182, #238 ) ;
#1509 = VERTEX_POINT ( 'NONE', #1029 ) ;
#1510 = AXIS2_PLACEMENT_3D ( 'NONE', #1023, #699, #1731 ) ;
#1511 = DIRECTION ( 'NONE',  ( -0.000000000000000000, 1.000000000000000000, -0.000000000000000000 ) ) ;
#1512 = ORIENTED_EDGE ( 'NONE', *, *, #1400, .F. ) ;
#1513 = PLANE ( 'NONE',  #1415 ) ;
#1514 = PRODUCT_DEFINITION ( 'UNKNOWN', '', #1812, #308 ) ;
#1515 = ORIENTED_EDGE ( 'NONE', *, *, #419, .T. ) ;
#1516 = AXIS2_PLACEMENT_3D ( 'NONE', #1156, #1024, #1484 ) ;
#1517 = EDGE_CURVE ( 'NONE', #260, #1407, #891, .T. ) ;
#1518 = CARTESIAN_POINT ( 'NONE',  ( -11.92500000000000071, 16.67499999999999716, 11.19999999999999929 ) ) ;
#1519 = EDGE_LOOP ( 'NONE', ( #492, #1501, #1183, #1462, #343, #608, #43, #1051 ) ) ;
#1520 = DIRECTION ( 'NONE',  ( -1.000000000000000000, 0.000000000000000000, 0.000000000000000000 ) ) ;
#1521 = AXIS2_PLACEMENT_3D ( 'NONE', #1429, #133, #1298 ) ;
#1522 = ITEM_DEFINED_TRANSFORMATION ( 'NONE', 'NONE', #767,  #1000 ) ;
#1523 = ORIENTED_EDGE ( 'NONE', *, *, #169, .F. ) ;
#1524 = AXIS2_PLACEMENT_3D ( 'NONE', #1245, #1828, #1237 ) ;
#1525 = PLANE ( 'NONE',  #572 ) ;
#1526 = ORIENTED_EDGE ( 'NONE', *, *, #1080, .T. ) ;
#1527 = AXIS2_PLACEMENT_3D ( 'NONE', #594, #1707, #1609 ) ;
#1528 = EDGE_CURVE ( 'NONE', #316, #653, #1500, .T. ) ;
#1529 = DIRECTION ( 'NONE',  ( -1.000000000000000000, 0.000000000000000000, 0.000000000000000000 ) ) ;
#1530 = CARTESIAN_POINT ( 'NONE',  ( 0.000000000000000000, -15.17499999999999893, 11.19999999999999929 ) ) ;
#1531 = LINE ( 'NONE', #233, #1392 ) ;
#1532 = ORIENTED_EDGE ( 'NONE', *, *, #1754, .T. ) ;
#1533 = AXIS2_PLACEMENT_3D ( 'NONE', #1793, #508, #1073 ) ;
#1534 = CARTESIAN_POINT ( 'NONE',  ( 1297.103065356358911, 656.1947650546105706, 885.1400450860915043 ) ) ;
#1535 = DIRECTION ( 'NONE',  ( -1.000000000000000000, 0.000000000000000000, 0.000000000000000000 ) ) ;
#1536 = AXIS2_PLACEMENT_3D ( 'NONE', #1048, #906, #1457 ) ;
#1537 = VECTOR ( 'NONE', #15, 1000.000000000000000 ) ;
#1538 = FACE_OUTER_BOUND ( 'NONE', #1383, .T. ) ;
#1539 = CARTESIAN_POINT ( 'NONE',  ( 1296.103065356358911, 688.0447650546107070, 883.1400450860915043 ) ) ;
#1540 = ORIENTED_EDGE ( 'NONE', *, *, #90, .F. ) ;
#1541 = EDGE_CURVE ( 'NONE', #650, #915, #923, .T. ) ;
#1542 = VECTOR ( 'NONE', #109, 1000.000000000000000 ) ;
#1543 = CARTESIAN_POINT ( 'NONE',  ( 1292.178065356358729, 686.5447650546107070, 885.1400450860915043 ) ) ;
#1544 = VECTOR ( 'NONE', #782, 1000.000000000000000 ) ;
#1545 = LINE ( 'NONE', #1410, #404 ) ;
#1546 = ADVANCED_FACE ( 'NONE', ( #194 ), #1210, .F. ) ;
#1547 = LINE ( 'NONE', #1396, #330 ) ;
#1548 = DIRECTION ( 'NONE',  ( 1.000000000000000000, 0.000000000000000000, 0.000000000000000000 ) ) ;
#1549 = VERTEX_POINT ( 'NONE', #204 ) ;
#1550 = VERTEX_POINT ( 'NONE', #186 ) ;
#1551 = FACE_BOUND ( 'NONE', #619, .T. ) ;
#1552 = PLANE ( 'NONE',  #1608 ) ;
#1553 = DIRECTION ( 'NONE',  ( -1.000000000000000000, 0.000000000000000000, 0.000000000000000000 ) ) ;
#1554 = LINE ( 'NONE', #1850, #1593 ) ;
#1555 = VERTEX_POINT ( 'NONE', #494 ) ;
#1556 = VERTEX_POINT ( 'NONE', #1644 ) ;
#1557 = DIRECTION ( 'NONE',  ( -0.000000000000000000, 1.000000000000000000, -0.000000000000000000 ) ) ;
#1558 = EDGE_CURVE ( 'NONE', #528, #504, #247, .T. ) ;
#1559 = DIRECTION ( 'NONE',  ( -0.000000000000000000, 0.9999619230641713097, 0.008726535498373953759 ) ) ;
#1560 = EDGE_CURVE ( 'NONE', #921, #598, #348, .T. ) ;
#1561 = DIRECTION ( 'NONE',  ( -1.000000000000000000, 0.000000000000000000, 0.000000000000000000 ) ) ;
#1562 = DIRECTION ( 'NONE',  ( 0.000000000000000000, 0.000000000000000000, -1.000000000000000000 ) ) ;
#1563 = PRESENTATION_LAYER_ASSIGNMENT (  '', '', ( #1772 ) ) ;
#1564 = EDGE_LOOP ( 'NONE', ( #130, #89, #525, #1639, #910, #351, #698, #1214, #1381, #1285, #1649, #1160 ) ) ;
#1565 = ORIENTED_EDGE ( 'NONE', *, *, #1558, .T. ) ;
#1566 = CARTESIAN_POINT ( 'NONE',  ( 1278.178065356358957, 686.5447650546107070, 883.1400450860915043 ) ) ;
#1567 = ADVANCED_FACE ( 'NONE', ( #1635 ), #1779, .T. ) ;
#1568 = VECTOR ( 'NONE', #1310, 1000.000000000000000 ) ;
#1569 = DIRECTION ( 'NONE',  ( -0.000000000000000000, 1.000000000000000000, -0.000000000000000000 ) ) ;
#1570 = CARTESIAN_POINT ( 'NONE',  ( -7.000000000000000000, 15.19245373558151790, 13.19999999999999929 ) ) ;
#1571 = FACE_OUTER_BOUND ( 'NONE', #1304, .T. ) ;
#1572 = DIRECTION ( 'NONE',  ( 0.000000000000000000, 0.000000000000000000, 1.000000000000000000 ) ) ;
#1573 = VERTEX_POINT ( 'NONE', #1583 ) ;
#1574 = ORIENTED_EDGE ( 'NONE', *, *, #474, .F. ) ;
#1575 = CARTESIAN_POINT ( 'NONE',  ( 13.92500000000000071, 14.67499999999999893, -3.000000000000000000 ) ) ;
#1576 = EDGE_CURVE ( 'NONE', #394, #167, #44, .T. ) ;
#1577 = CARTESIAN_POINT ( 'NONE',  ( 1272.753065356359002, 686.0447650546107070, 843.9144794432610297 ) ) ;
#1578 = DIRECTION ( 'NONE',  ( -0.000000000000000000, -0.000000000000000000, -1.000000000000000000 ) ) ;
#1579 = DIRECTION ( 'NONE',  ( 1.000000000000000000, 0.000000000000000000, 0.000000000000000000 ) ) ;
#1580 = ORIENTED_EDGE ( 'NONE', *, *, #1734, .F. ) ;
#1581 = VERTEX_POINT ( 'NONE', #1195 ) ;
#1582 = DIRECTION ( 'NONE',  ( -1.000000000000000000, 0.000000000000000000, 0.000000000000000000 ) ) ;
#1583 = CARTESIAN_POINT ( 'NONE',  ( 1297.603065356358911, 686.0447650546107070, 885.1400450860915043 ) ) ;
#1584 = CARTESIAN_POINT ( 'NONE',  ( 1297.603065356358911, 656.6947650546106843, 885.1400450860915043 ) ) ;
#1585 = AXIS2_PLACEMENT_3D ( 'NONE', #1235, #1098, #1582 ) ;
#1586 = CARTESIAN_POINT ( 'NONE',  ( 10.92500000000000071, -13.67499999999999893, 4.000000000000000000 ) ) ;
#1587 = CARTESIAN_POINT ( 'NONE',  ( 11.92500000000000071, -15.19245373558151790, 13.19999999999999929 ) ) ;
#1588 = EDGE_CURVE ( 'NONE', #921, #989, #314, .T. ) ;
#1589 = CARTESIAN_POINT ( 'NONE',  ( 0.000000000000000000, 0.000000000000000000, 0.000000000000000000 ) ) ;
#1590 = EDGE_LOOP ( 'NONE', ( #99, #1704, #354, #905 ) ) ;
#1591 = VECTOR ( 'NONE', #743, 1000.000000000000000 ) ;
#1592 = LINE ( 'NONE', #157, #297 ) ;
#1593 = VECTOR ( 'NONE', #1282, 1000.000000000000000 ) ;
#1594 = ORIENTED_EDGE ( 'NONE', *, *, #1032, .T. ) ;
#1595 = CYLINDRICAL_SURFACE ( 'NONE', #1510, 0.4999999999999449329 ) ;
#1596 = ADVANCED_FACE ( 'NONE', ( #293 ), #332, .T. ) ;
#1597 = CARTESIAN_POINT ( 'NONE',  ( 11.92500000000000071, -14.67499999999999893, -3.000000000000000888 ) ) ;
#1598 = LINE ( 'NONE', #1016, #1280 ) ;
#1599 = DIRECTION ( 'NONE',  ( 0.000000000000000000, -1.000000000000000000, 0.000000000000000000 ) ) ;
#1600 = CARTESIAN_POINT ( 'NONE',  ( 11.92500000000000071, 14.67499999999999893, 11.19999999999999929 ) ) ;
#1601 = SHAPE_REPRESENTATION ( 'Part2^Assem1', ( #1000 ), #914 ) ;
#1602 = EDGE_CURVE ( 'NONE', #708, #1322, #751, .T. ) ;
#1603 = ORIENTED_EDGE ( 'NONE', *, *, #1178, .T. ) ;
#1604 = ORIENTED_EDGE ( 'NONE', *, *, #993, .T. ) ;
#1605 = LINE ( 'NONE', #1213, #31 ) ;
#1606 = AXIS2_PLACEMENT_3D ( 'NONE', #788, #488, #1225 ) ;
#1607 = CARTESIAN_POINT ( 'NONE',  ( 1273.253065356359002, 656.1947650546106843, 843.9144794432610297 ) ) ;
#1608 = AXIS2_PLACEMENT_3D ( 'NONE', #1700, #1683, #1815 ) ;
#1609 = DIRECTION ( 'NONE',  ( -1.000000000000000000, 0.000000000000000000, 0.000000000000000000 ) ) ;
#1610 = DIRECTION ( 'NONE',  ( -1.000000000000000000, 0.000000000000000000, 0.000000000000000000 ) ) ;
#1611 = DIRECTION ( 'NONE',  ( -1.000000000000000000, 0.000000000000000000, -0.000000000000000000 ) ) ;
#1612 = LINE ( 'NONE', #1009, #1451 ) ;
#1613 = ORIENTED_EDGE ( 'NONE', *, *, #1775, .F. ) ;
#1614 = VERTEX_POINT ( 'NONE', #473 ) ;
#1615 = EDGE_CURVE ( 'NONE', #1336, #196, #1366, .T. ) ;
#1616 = CARTESIAN_POINT ( 'NONE',  ( -11.92500000000000071, 14.67500000000000071, 11.19999999999999929 ) ) ;
#1617 = ADVANCED_FACE ( 'NONE', ( #875 ), #895, .T. ) ;
#1618 = DIRECTION ( 'NONE',  ( -0.008726535498373953759, 0.000000000000000000, -0.9999619230641713097 ) ) ;
#1619 = DIRECTION ( 'NONE',  ( 0.000000000000000000, 1.000000000000000000, -0.000000000000000000 ) ) ;
#1620 = ORIENTED_EDGE ( 'NONE', *, *, #1655, .F. ) ;
#1621 = CARTESIAN_POINT ( 'NONE',  ( 1292.178065356358729, 688.0447650546107070, 883.1400450860915043 ) ) ;
#1622 = DIRECTION ( 'NONE',  ( -0.000000000000000000, -0.000000000000000000, -1.000000000000000000 ) ) ;
#1623 = EDGE_CURVE ( 'NONE', #1031, #802, #917, .T. ) ;
#1624 = AXIS2_PLACEMENT_3D ( 'NONE', #956, #529, #818 ) ;
#1625 = ORIENTED_EDGE ( 'NONE', *, *, #1712, .F. ) ;
#1626 = ADVANCED_FACE ( 'NONE', ( #1732 ), #190, .F. ) ;
#1627 = ORIENTED_EDGE ( 'NONE', *, *, #280, .T. ) ;
#1628 = VECTOR ( 'NONE', #1722, 1000.000000000000000 ) ;
#1629 = CARTESIAN_POINT ( 'NONE',  ( 10.92500000000000071, -13.67499999999999893, 4.000000000000000000 ) ) ;
#1630 = EDGE_CURVE ( 'NONE', #1221, #855, #1684, .T. ) ;
#1631 = CARTESIAN_POINT ( 'NONE',  ( 1292.178065356358729, 686.5447650546107070, 885.1400450860915043 ) ) ;
#1632 = CARTESIAN_POINT ( 'NONE',  ( 1272.753065356359002, 656.6947650546106843, 883.1400450860915043 ) ) ;
#1633 = ORIENTED_EDGE ( 'NONE', *, *, #1814, .F. ) ;
#1634 = CARTESIAN_POINT ( 'NONE',  ( -11.92500000000000071, -14.67499999999999893, 13.19999999999999929 ) ) ;
#1635 = FACE_OUTER_BOUND ( 'NONE', #1697, .T. ) ;
#1636 = VERTEX_POINT ( 'NONE', #5 ) ;
#1637 = AXIS2_PLACEMENT_3D ( 'NONE', #1040, #318, #1579 ) ;
#1638 = CARTESIAN_POINT ( 'NONE',  ( 1273.253065356359002, 686.5447650546107070, 843.9144794432610297 ) ) ;
#1639 = ORIENTED_EDGE ( 'NONE', *, *, #1560, .F. ) ;
#1640 = CARTESIAN_POINT ( 'NONE',  ( -11.92500000000000071, 16.67499999999999716, -3.000000000000000000 ) ) ;
#1641 = SURFACE_STYLE_FILL_AREA ( #779 ) ;
#1642 = ORIENTED_EDGE ( 'NONE', *, *, #988, .F. ) ;
#1643 = DIRECTION ( 'NONE',  ( -0.000000000000000000, -0.000000000000000000, -1.000000000000000000 ) ) ;
#1644 = CARTESIAN_POINT ( 'NONE',  ( -10.92500000000000071, 13.67499999999999893, 0.000000000000000000 ) ) ;
#1645 = ORIENTED_EDGE ( 'NONE', *, *, #1268, .F. ) ;
#1646 = EDGE_CURVE ( 'NONE', #1463, #1550, #176, .T. ) ;
#1647 = LINE ( 'NONE', #96, #606 ) ;
#1648 = DIRECTION ( 'NONE',  ( 0.000000000000000000, 0.000000000000000000, 1.000000000000000000 ) ) ;
#1649 = ORIENTED_EDGE ( 'NONE', *, *, #381, .T. ) ;
#1650 = CARTESIAN_POINT ( 'NONE',  ( 1297.603065356358911, 686.0447650546107070, 843.9144794432610297 ) ) ;
#1651 = CARTESIAN_POINT ( 'NONE',  ( -13.92500000000000071, 0.000000000000000000, 13.19999999999999929 ) ) ;
#1652 = ORIENTED_EDGE ( 'NONE', *, *, #228, .T. ) ;
#1653 = FACE_OUTER_BOUND ( 'NONE', #214, .T. ) ;
#1654 = EDGE_LOOP ( 'NONE', ( #255, #298, #1345, #1143 ) ) ;
#1655 = EDGE_CURVE ( 'NONE', #626, #1636, #1063, .T. ) ;
#1656 = ORIENTED_EDGE ( 'NONE', *, *, #1114, .F. ) ;
#1657 = DIRECTION ( 'NONE',  ( -1.000000000000000000, 0.000000000000000000, 0.000000000000000000 ) ) ;
#1658 = AXIS2_PLACEMENT_3D ( 'NONE', #171, #1487, #1610 ) ;
#1659 = ORIENTED_EDGE ( 'NONE', *, *, #1287, .T. ) ;
#1660 = DIRECTION ( 'NONE',  ( -1.000000000000000000, 0.000000000000000000, 0.000000000000000000 ) ) ;
#1661 = ADVANCED_FACE ( 'NONE', ( #1059 ), #30, .F. ) ;
#1662 = VERTEX_POINT ( 'NONE', #592 ) ;
#1663 = DIRECTION ( 'NONE',  ( 0.000000000000000000, 0.000000000000000000, -1.000000000000000000 ) ) ;
#1664 = VECTOR ( 'NONE', #17, 1000.000000000000000 ) ;
#1665 = EDGE_CURVE ( 'NONE', #1004, #1844, #1015, .T. ) ;
#1666 = VERTEX_POINT ( 'NONE', #150 ) ;
#1667 = CARTESIAN_POINT ( 'NONE',  ( 1273.253065356359002, 656.1947650546106843, 885.1400450860915043 ) ) ;
#1668 = DIRECTION ( 'NONE',  ( -0.000000000000000000, -0.000000000000000000, -1.000000000000000000 ) ) ;
#1669 = CIRCLE ( 'NONE', #968, 2.000000000000000000 ) ;
#1670 = UNCERTAINTY_MEASURE_WITH_UNIT (LENGTH_MEASURE( 1.000000000000000082E-05 ), #1452, 'distance_accuracy_value', 'NONE');
#1671 = ORIENTED_EDGE ( 'NONE', *, *, #697, .F. ) ;
#1672 = LINE ( 'NONE', #952, #824 ) ;
#1673 = ORIENTED_EDGE ( 'NONE', *, *, #827, .F. ) ;
#1674 = APPLICATION_CONTEXT ( 'automotive_design' ) ;
#1675 = LINE ( 'NONE', #1543, #140 ) ;
#1676 = LINE ( 'NONE', #1113, #1131 ) ;
#1677 = LINE ( 'NONE', #1403, #1542 ) ;
#1678 = PLANE ( 'NONE',  #549 ) ;
#1679 = EDGE_CURVE ( 'NONE', #1760, #1086, #484, .T. ) ;
#1680 = ORIENTED_EDGE ( 'NONE', *, *, #1679, .F. ) ;
#1681 = VECTOR ( 'NONE', #948, 1000.000000000000000 ) ;
#1682 = CARTESIAN_POINT ( 'NONE',  ( 1272.753065356359002, 686.0447650546107070, 883.1400450860915043 ) ) ;
#1683 = DIRECTION ( 'NONE',  ( 0.000000000000000000, -1.000000000000000000, 0.000000000000000000 ) ) ;
#1684 = CIRCLE ( 'NONE', #1359, 0.5000000000000004441 ) ;
#1685 = CIRCLE ( 'NONE', #1773, 2.000000000000000000 ) ;
#1686 = EDGE_LOOP ( 'NONE', ( #784, #515, #33, #660 ) ) ;
#1687 = DIRECTION ( 'NONE',  ( -0.000000000000000000, -0.000000000000000000, 1.000000000000000000 ) ) ;
#1688 = ORIENTED_EDGE ( 'NONE', *, *, #1060, .F. ) ;
#1689 = ORIENTED_EDGE ( 'NONE', *, *, #228, .F. ) ;
#1690 = LINE ( 'NONE', #83, #568 ) ;
#1691 = VECTOR ( 'NONE', #1312, 1000.000000000000000 ) ;
#1692 = LINE ( 'NONE', #403, #1458 ) ;
#1693 = DIRECTION ( 'NONE',  ( 1.000000000000000000, 0.000000000000000000, 0.000000000000000000 ) ) ;
#1694 = VECTOR ( 'NONE', #800, 1000.000000000000000 ) ;
#1695 = CARTESIAN_POINT ( 'NONE',  ( 9.525000000000000355, -10.07500000000000107, 0.000000000000000000 ) ) ;
#1696 = EDGE_CURVE ( 'NONE', #111, #84, #1308, .T. ) ;
#1697 = EDGE_LOOP ( 'NONE', ( #63, #1356, #471, #540, #172, #299, #681, #1652 ) ) ;
#1698 = EDGE_LOOP ( 'NONE', ( #1642, #942, #709, #1074 ) ) ;
#1699 = FACE_OUTER_BOUND ( 'NONE', #1810, .T. ) ;
#1700 = CARTESIAN_POINT ( 'NONE',  ( 10.92500000000000071, 13.67499999999999893, 11.19999999999999929 ) ) ;
#1701 = LINE ( 'NONE', #536, #1145 ) ;
#1702 = PLANE ( 'NONE',  #729 ) ;
#1703 = EDGE_CURVE ( 'NONE', #1509, #472, #1163, .T. ) ;
#1704 = ORIENTED_EDGE ( 'NONE', *, *, #957, .T. ) ;
#1705 = ORIENTED_EDGE ( 'NONE', *, *, #993, .F. ) ;
#1706 = DIRECTION ( 'NONE',  ( -1.000000000000000000, 0.000000000000000000, 0.000000000000000000 ) ) ;
#1707 = DIRECTION ( 'NONE',  ( 0.000000000000000000, 0.000000000000000000, 1.000000000000000000 ) ) ;
#1708 = CARTESIAN_POINT ( 'NONE',  ( 1297.603065356358911, 656.6947650546106843, 843.9144794432610297 ) ) ;
#1709 = DIRECTION ( 'NONE',  ( 0.000000000000000000, 0.000000000000000000, -1.000000000000000000 ) ) ;
#1710 = CARTESIAN_POINT ( 'NONE',  ( 0.000000000000000000, 0.000000000000000000, 0.000000000000000000 ) ) ;
#1711 = ORIENTED_EDGE ( 'NONE', *, *, #577, .F. ) ;
#1712 = EDGE_CURVE ( 'NONE', #839, #1614, #765, .T. ) ;
#1713 = EDGE_LOOP ( 'NONE', ( #1467, #686, #487, #1748 ) ) ;
#1714 = CARTESIAN_POINT ( 'NONE',  ( 0.000000000000000000, 0.000000000000000000, 0.000000000000000000 ) ) ;
#1715 = CIRCLE ( 'NONE', #578, 0.4999999999999449329 ) ;
#1716 = CYLINDRICAL_SURFACE ( 'NONE', #132, 3.600000000000001421 ) ;
#1717 = CARTESIAN_POINT ( 'NONE',  ( 7.000000000000000000, 13.67499999999999893, 11.19999999999999929 ) ) ;
#1718 = PLANE ( 'NONE',  #1033 ) ;
#1719 = CARTESIAN_POINT ( 'NONE',  ( 0.000000000000000000, 0.000000000000000000, 0.000000000000000000 ) ) ;
#1720 = EDGE_LOOP ( 'NONE', ( #414, #1472 ) ) ;
#1721 = VERTEX_POINT ( 'NONE', #1021 ) ;
#1722 = DIRECTION ( 'NONE',  ( -1.000000000000000000, 0.000000000000000000, 0.000000000000000000 ) ) ;
#1723 = DIRECTION ( 'NONE',  ( -0.000000000000000000, -0.000000000000000000, 1.000000000000000000 ) ) ;
#1724 = CARTESIAN_POINT ( 'NONE',  ( -13.92500000000000071, -14.67499999999999893, 13.19999999999999929 ) ) ;
#1725 = VECTOR ( 'NONE', #134, 1000.000000000000000 ) ;
#1726 = CARTESIAN_POINT ( 'NONE',  ( 3.725000000000000089, -10.07500000000000107, 0.000000000000000000 ) ) ;
#1727 = CARTESIAN_POINT ( 'NONE',  ( -7.000000000000000000, 15.17499999999999716, 11.19999999999999929 ) ) ;
#1728 = EDGE_LOOP ( 'NONE', ( #42, #423, #1762, #1115 ) ) ;
#1729 = EDGE_CURVE ( 'NONE', #1153, #1221, #1592, .T. ) ;
#1730 = ORIENTED_EDGE ( 'NONE', *, *, #261, .T. ) ;
#1731 = DIRECTION ( 'NONE',  ( 1.000000000000000000, 0.000000000000000000, 0.000000000000000000 ) ) ;
#1732 = FACE_OUTER_BOUND ( 'NONE', #1044, .T. ) ;
#1733 = CARTESIAN_POINT ( 'NONE',  ( 7.325000000000001066, -10.07500000000000107, 0.000000000000000000 ) ) ;
#1734 = EDGE_CURVE ( 'NONE', #111, #642, #775, .T. ) ;
#1735 = CARTESIAN_POINT ( 'NONE',  ( 1278.178065356358957, 702.1869006783414306, 883.1400450860915043 ) ) ;
#1736 = DIRECTION ( 'NONE',  ( 0.000000000000000000, 0.000000000000000000, 1.000000000000000000 ) ) ;
#1737 = ORIENTED_EDGE ( 'NONE', *, *, #1679, .T. ) ;
#1738 = AXIS2_PLACEMENT_3D ( 'NONE', #768, #77, #656 ) ;
#1739 = VECTOR ( 'NONE', #1144, 1000.000000000000000 ) ;
#1740 = VERTEX_POINT ( 'NONE', #1344 ) ;
#1741 = CARTESIAN_POINT ( 'NONE',  ( 13.92500000000000071, 0.000000000000000000, -3.000000000000000000 ) ) ;
#1742 = CARTESIAN_POINT ( 'NONE',  ( -7.325000000000001066, -10.07500000000000107, 4.000000000000000000 ) ) ;
#1743 = CARTESIAN_POINT ( 'NONE',  ( 0.000000000000000000, -16.67499999999999716, -3.000000000000000000 ) ) ;
#1744 = DIRECTION ( 'NONE',  ( -0.000000000000000000, -1.000000000000000000, -0.000000000000000000 ) ) ;
#1745 = FACE_OUTER_BOUND ( 'NONE', #1238, .T. ) ;
#1746 = ORIENTED_EDGE ( 'NONE', *, *, #827, .T. ) ;
#1747 = EDGE_CURVE ( 'NONE', #1230, #122, #486, .T. ) ;
#1748 = ORIENTED_EDGE ( 'NONE', *, *, #1250, .T. ) ;
#1749 = SHAPE_REPRESENTATION ( 'RTC_Box', ( #1000 ), #1241 ) ;
#1750 = CONICAL_SURFACE ( 'NONE', #953, 0.5000000000000004441, 0.008726646259971666819 ) ;
#1751 = DIRECTION ( 'NONE',  ( -0.000000000000000000, -0.000000000000000000, 1.000000000000000000 ) ) ;
#1752 = AXIS2_PLACEMENT_3D ( 'NONE', #469, #337, #636 ) ;
#1753 = CARTESIAN_POINT ( 'NONE',  ( 12.42500000000000071, 14.67499999999999893, 11.19999999999999929 ) ) ;
#1754 = EDGE_CURVE ( 'NONE', #167, #1721, #1354, .T. ) ;
#1755 =( LENGTH_UNIT ( ) NAMED_UNIT ( * ) SI_UNIT ( .MILLI., .METRE. ) );
#1756 = DIRECTION ( 'NONE',  ( -1.000000000000000000, 0.000000000000000000, 0.000000000000000000 ) ) ;
#1757 = FACE_OUTER_BOUND ( 'NONE', #1654, .T. ) ;
#1758 = VECTOR ( 'NONE', #1569, 1000.000000000000000 ) ;
#1759 = PRODUCT_RELATED_PRODUCT_CATEGORY ( 'part', '', ( #396 ) ) ;
#1760 = VERTEX_POINT ( 'NONE', #62 ) ;
#1761 = ADVANCED_FACE ( 'NONE', ( #497 ), #353, .F. ) ;
#1762 = ORIENTED_EDGE ( 'NONE', *, *, #737, .T. ) ;
#1763 = DIRECTION ( 'NONE',  ( -0.000000000000000000, -0.000000000000000000, 1.000000000000000000 ) ) ;
#1764 = CARTESIAN_POINT ( 'NONE',  ( 0.000000000000000000, 16.67499999999999716, -3.000000000000000000 ) ) ;
#1765 = CYLINDRICAL_SURFACE ( 'NONE', #605, 2.000000000000000000 ) ;
#1766 = ORIENTED_EDGE ( 'NONE', *, *, #1646, .T. ) ;
#1767 = CARTESIAN_POINT ( 'NONE',  ( 13.92500000000000071, 14.67499999999999893, 13.19999999999999929 ) ) ;
#1768 = CARTESIAN_POINT ( 'NONE',  ( -7.000000000000000000, 13.67499999999999893, 11.19999999999999929 ) ) ;
#1769 = VECTOR ( 'NONE', #1657, 1000.000000000000000 ) ;
#1770 = ORIENTED_EDGE ( 'NONE', *, *, #180, .T. ) ;
#1771 = ORIENTED_EDGE ( 'NONE', *, *, #1402, .F. ) ;
#1772 = STYLED_ITEM ( 'NONE', ( #920 ), #1801 ) ;
#1773 = AXIS2_PLACEMENT_3D ( 'NONE', #1841, #1116, #706 ) ;
#1774 = DIRECTION ( 'NONE',  ( -1.000000000000000000, 0.000000000000000000, 0.000000000000000000 ) ) ;
#1775 = EDGE_CURVE ( 'NONE', #1740, #675, #796, .T. ) ;
#1776 = DIRECTION ( 'NONE',  ( 0.000000000000000000, 0.000000000000000000, -1.000000000000000000 ) ) ;
#1777 = ORIENTED_EDGE ( 'NONE', *, *, #964, .T. ) ;
#1778 = DIRECTION ( 'NONE',  ( 0.000000000000000000, -0.9999619230641713097, 0.008726535498373953759 ) ) ;
#1779 = PLANE ( 'NONE',  #1124 ) ;
#1780 = PRODUCT_DEFINITION_FORMATION_WITH_SPECIFIED_SOURCE ( 'ANY', '', #1270, .NOT_KNOWN. ) ;
#1781 = APPLICATION_PROTOCOL_DEFINITION ( 'draft international standard', 'automotive_design', 1998, #1674 ) ;
#1782 = ORIENTED_EDGE ( 'NONE', *, *, #503, .F. ) ;
#1783 = VECTOR ( 'NONE', #174, 1000.000000000000000 ) ;
#1784 = VERTEX_POINT ( 'NONE', #66 ) ;
#1785 = LINE ( 'NONE', #928, #618 ) ;
#1786 = CARTESIAN_POINT ( 'NONE',  ( 1272.753065356359002, 686.0447650546107070, 885.1400450860915043 ) ) ;
#1787 = ADVANCED_FACE ( 'NONE', ( #1794 ), #1082, .F. ) ;
#1788 = ORIENTED_EDGE ( 'NONE', *, *, #1133, .F. ) ;
#1789 = DIRECTION ( 'NONE',  ( 0.000000000000000000, 0.000000000000000000, -1.000000000000000000 ) ) ;
#1790 = VERTEX_POINT ( 'NONE', #1786 ) ;
#1791 = DIRECTION ( 'NONE',  ( -0.000000000000000000, 1.000000000000000000, -0.000000000000000000 ) ) ;
#1792 = ORIENTED_EDGE ( 'NONE', *, *, #1576, .T. ) ;
#1793 = CARTESIAN_POINT ( 'NONE',  ( 10.92500000000000071, -13.67499999999999893, 11.19999999999999929 ) ) ;
#1794 = FACE_OUTER_BOUND ( 'NONE', #366, .T. ) ;
#1795 = ORIENTED_EDGE ( 'NONE', *, *, #677, .F. ) ;
#1796 = LINE ( 'NONE', #1489, #156 ) ;
#1797 = ADVANCED_FACE ( 'NONE', ( #356 ), #1765, .T. ) ;
#1798 = PRODUCT_CONTEXT ( 'NONE', #188, 'mechanical' ) ;
#1799 = VERTEX_POINT ( 'NONE', #1329 ) ;
#1800 = CARTESIAN_POINT ( 'NONE',  ( 1297.103065356358911, 656.6947650546106843, 843.9144794432610297 ) ) ;
#1801 = MANIFOLD_SOLID_BREP ( 'Boss-Extrude2', #240 ) ;
#1802 = VERTEX_POINT ( 'NONE', #201 ) ;
#1803 = DIRECTION ( 'NONE',  ( -0.000000000000000000, -0.000000000000000000, 1.000000000000000000 ) ) ;
#1804 = ORIENTED_EDGE ( 'NONE', *, *, #73, .F. ) ;
#1805 = VECTOR ( 'NONE', #795, 1000.000000000000000 ) ;
#1806 = FACE_OUTER_BOUND ( 'NONE', #1686, .T. ) ;
#1807 = EDGE_LOOP ( 'NONE', ( #53, #1504, #982, #559, #589, #1188, #635, #309, #61, #1013, #1109, #320 ) ) ;
#1808 = LINE ( 'NONE', #1741, #1858 ) ;
#1809 = CONICAL_SURFACE ( 'NONE', #695, 0.5000000000000004441, 0.008726646259971666819 ) ;
#1810 = EDGE_LOOP ( 'NONE', ( #80, #1515, #326, #776 ) ) ;
#1811 = EDGE_CURVE ( 'NONE', #21, #632, #789, .T. ) ;
#1812 = PRODUCT_DEFINITION_FORMATION_WITH_SPECIFIED_SOURCE ( 'ANY', '', #396, .NOT_KNOWN. ) ;
#1813 = DIRECTION ( 'NONE',  ( 0.000000000000000000, 0.000000000000000000, 1.000000000000000000 ) ) ;
#1814 = EDGE_CURVE ( 'NONE', #1614, #1330, #929, .T. ) ;
#1815 = DIRECTION ( 'NONE',  ( 0.000000000000000000, -0.000000000000000000, -1.000000000000000000 ) ) ;
#1816 = EDGE_CURVE ( 'NONE', #832, #1097, #689, .T. ) ;
#1817 = CARTESIAN_POINT ( 'NONE',  ( 1297.603065356358911, 656.6947650546106843, 885.1400450860915043 ) ) ;
#1818 = DIRECTION ( 'NONE',  ( 0.000000000000000000, 0.000000000000000000, -1.000000000000000000 ) ) ;
#1819 = EDGE_CURVE ( 'NONE', #949, #385, #1508, .T. ) ;
#1820 = ORIENTED_EDGE ( 'NONE', *, *, #544, .F. ) ;
#1821 = EDGE_CURVE ( 'NONE', #675, #1740, #1206, .T. ) ;
#1822 = CARTESIAN_POINT ( 'NONE',  ( 13.92500000000000071, -14.67499999999999893, 11.19999999999999929 ) ) ;
#1823 = CARTESIAN_POINT ( 'NONE',  ( 0.000000000000000000, 15.19245373558151613, 13.19999999999999929 ) ) ;
#1824 = CARTESIAN_POINT ( 'NONE',  ( 10.92500000000000071, 13.67499999999999893, 0.000000000000000000 ) ) ;
#1825 = FACE_OUTER_BOUND ( 'NONE', #937, .T. ) ;
#1826 = ORIENTED_EDGE ( 'NONE', *, *, #1703, .T. ) ;
#1827 = CARTESIAN_POINT ( 'NONE',  ( 1297.103065356358911, 656.6947650546106843, 883.1400450860915043 ) ) ;
#1828 = DIRECTION ( 'NONE',  ( 0.000000000000000000, 0.000000000000000000, -1.000000000000000000 ) ) ;
#1829 = ADVANCED_FACE ( 'NONE', ( #1226 ), #509, .F. ) ;
#1830 = AXIS2_PLACEMENT_3D ( 'NONE', #1418, #1014, #857 ) ;
#1831 = LINE ( 'NONE', #546, #1071 ) ;
#1832 = DIRECTION ( 'NONE',  ( 0.000000000000000000, -0.000000000000000000, -1.000000000000000000 ) ) ;
#1833 = ORIENTED_EDGE ( 'NONE', *, *, #1655, .T. ) ;
#1834 = EDGE_LOOP ( 'NONE', ( #461, #406, #687, #1613 ) ) ;
#1835 = CARTESIAN_POINT ( 'NONE',  ( -10.92500000000000071, -6.475000000000000533, 0.000000000000000000 ) ) ;
#1836 = AXIS2_PLACEMENT_3D ( 'NONE', #161, #1465, #887 ) ;
#1837 = CARTESIAN_POINT ( 'NONE',  ( 0.000000000000000000, 0.000000000000000000, -3.000000000000000000 ) ) ;
#1838 = EDGE_CURVE ( 'NONE', #1483, #1034, #613, .T. ) ;
#1839 = CARTESIAN_POINT ( 'NONE',  ( -7.325000000000001066, -6.474999999999999645, 0.000000000000000000 ) ) ;
#1840 = CIRCLE ( 'NONE', #307, 2.199999999999999734 ) ;
#1841 = CARTESIAN_POINT ( 'NONE',  ( -11.92500000000000071, 14.67500000000000071, 13.19999999999999929 ) ) ;
#1842 = VECTOR ( 'NONE', #941, 1000.000000000000000 ) ;
#1843 = ORIENTED_EDGE ( 'NONE', *, *, #822, .T. ) ;
#1844 = VERTEX_POINT ( 'NONE', #1632 ) ;
#1845 = LINE ( 'NONE', #1307, #1096 ) ;
#1846 = VECTOR ( 'NONE', #436, 1000.000000000000000 ) ;
#1847 = DIRECTION ( 'NONE',  ( -1.000000000000000000, 0.000000000000000000, 0.000000000000000000 ) ) ;
#1848 = EDGE_CURVE ( 'NONE', #1636, #129, #625, .T. ) ;
#1849 = LINE ( 'NONE', #1817, #1389 ) ;
#1850 = CARTESIAN_POINT ( 'NONE',  ( 1292.178065356358729, 686.5447650546107070, 883.1400450860915043 ) ) ;
#1851 = DIRECTION ( 'NONE',  ( 0.000000000000000000, 0.000000000000000000, 1.000000000000000000 ) ) ;
#1852 = ORIENTED_EDGE ( 'NONE', *, *, #631, .F. ) ;
#1853 = ORIENTED_EDGE ( 'NONE', *, *, #381, .F. ) ;
#1854 = CARTESIAN_POINT ( 'NONE',  ( 0.000000000000000000, 0.000000000000000000, 0.000000000000000000 ) ) ;
#1855 = VECTOR ( 'NONE', #376, 1000.000000000000000 ) ;
#1856 = DIRECTION ( 'NONE',  ( 1.000000000000000000, 0.000000000000000000, 0.000000000000000000 ) ) ;
#1857 = APPLICATION_CONTEXT ( 'automotive_design' ) ;
#1858 = VECTOR ( 'NONE', #119, 1000.000000000000000 ) ;
#1859 = NEXT_ASSEMBLY_USAGE_OCCURRENCE ( 'NAUO1', ' ', ' ', #93, #1514, $ ) ;
#1860 = NEXT_ASSEMBLY_USAGE_OCCURRENCE ( 'NAUO2', ' ', ' ', #93, #372, $ ) ;
ENDSEC;
END-ISO-10303-21;
