ISO-10303-21;
HEADER;
FILE_DESCRIPTION (( 'STEP AP214' ),
    '1' );
FILE_NAME ('Assem2.STEP',
    '2026-02-09T10:01:25',
    ( '' ),
    ( '' ),
    'SwSTEP 2.0',
    'SolidWorks 2026',
    '' );
FILE_SCHEMA (( 'AUTOMOTIVE_DESIGN' ));
ENDSEC;

DATA;
#1 = CIRCLE ( 'NONE', #96, 2.999999999999999112 ) ;
#2 = DIRECTION ( 'NONE',  ( 0.000000000000000000, 0.000000000000000000, 1.000000000000000000 ) ) ;
#3 = ORIENTED_EDGE ( 'NONE', *, *, #2231, .F. ) ;
#4 = ADVANCED_FACE ( 'NONE', ( #165 ), #79, .T. ) ;
#5 = ORIENTED_EDGE ( 'NONE', *, *, #2037, .T. ) ;
#6 = ORIENTED_EDGE ( 'NONE', *, *, #2895, .F. ) ;
#7 = ORIENTED_EDGE ( 'NONE', *, *, #1058, .T. ) ;
#8 = CARTESIAN_POINT ( 'NONE',  ( -18.35000000000000142, 13.50000000000000533, 12.39999999999999858 ) ) ;
#9 = VECTOR ( 'NONE', #1458, 1000.000000000000000 ) ;
#10 = EDGE_CURVE ( 'NONE', #2889, #2126, #1236, .T. ) ;
#11 = VERTEX_POINT ( 'NONE', #149 ) ;
#12 = VERTEX_POINT ( 'NONE', #1808 ) ;
#13 = DIRECTION ( 'NONE',  ( -1.000000000000000000, 0.000000000000000000, 0.000000000000000000 ) ) ;
#14 = CARTESIAN_POINT ( 'NONE',  ( 1280.448144900298757, 682.9483637775821308, 874.8424773576143707 ) ) ;
#15 = FACE_OUTER_BOUND ( 'NONE', #494, .T. ) ;
#16 = DIRECTION ( 'NONE',  ( -1.000000000000000000, 0.000000000000000000, 0.000000000000000000 ) ) ;
#17 = AXIS2_PLACEMENT_3D ( 'NONE', #2666, #2874, #1076 ) ;
#18 = FACE_OUTER_BOUND ( 'NONE', #155, .T. ) ;
#19 = CIRCLE ( 'NONE', #1623, 4.599999999999937472 ) ;
#20 = EDGE_CURVE ( 'NONE', #2334, #804, #1251, .T. ) ;
#21 = VERTEX_POINT ( 'NONE', #658 ) ;
#22 = EDGE_CURVE ( 'NONE', #2590, #1438, #1780, .T. ) ;
#23 = ORIENTED_EDGE ( 'NONE', *, *, #972, .T. ) ;
#24 = CARTESIAN_POINT ( 'NONE',  ( 1290.348144900298848, 661.6483637775824036, 881.8185273323972524 ) ) ;
#25 = VERTEX_POINT ( 'NONE', #429 ) ;
#26 = EDGE_CURVE ( 'NONE', #688, #2182, #2294, .T. ) ;
#27 = CARTESIAN_POINT ( 'NONE',  ( 18.35000000000000142, 14.50000000000000533, 10.39999999999999858 ) ) ;
#28 = AXIS2_PLACEMENT_3D ( 'NONE', #408, #2020, #2401 ) ;
#29 = AXIS2_PLACEMENT_3D ( 'NONE', #2341, #233, #263 ) ;
#30 = ORIENTED_EDGE ( 'NONE', *, *, #434, .F. ) ;
#31 = DIRECTION ( 'NONE',  ( 0.000000000000000000, -1.000000000000000000, 0.000000000000000000 ) ) ;
#32 = DIRECTION ( 'NONE',  ( -1.000000000000000000, 0.000000000000000000, 0.000000000000000000 ) ) ;
#33 = DIRECTION ( 'NONE',  ( 0.000000000000000000, -0.000000000000000000, -1.000000000000000000 ) ) ;
#34 = CARTESIAN_POINT ( 'NONE',  ( 1296.648144900298576, 653.4483637775822444, 874.8424773576143707 ) ) ;
#35 = VECTOR ( 'NONE', #120, 1000.000000000000000 ) ;
#36 = CIRCLE ( 'NONE', #422, 3.599999999999999201 ) ;
#37 = DIRECTION ( 'NONE',  ( -1.000000000000000000, 0.000000000000000000, 0.000000000000000000 ) ) ;
#38 = ORIENTED_EDGE ( 'NONE', *, *, #69, .F. ) ;
#39 = CARTESIAN_POINT ( 'NONE',  ( 18.35000000000000142, 13.50000000000000533, 12.39999999999999858 ) ) ;
#40 = VERTEX_POINT ( 'NONE', #325 ) ;
#41 =( REPRESENTATION_RELATIONSHIP ('NONE','NONE', #2933, #355 ) REPRESENTATION_RELATIONSHIP_WITH_TRANSFORMATION ( #2075 )SHAPE_REPRESENTATION_RELATIONSHIP( ) );
#42 = VERTEX_POINT ( 'NONE', #1935 ) ;
#43 = DIRECTION ( 'NONE',  ( 0.000000000000000000, -0.000000000000000000, -1.000000000000000000 ) ) ;
#44 = CARTESIAN_POINT ( 'NONE',  ( 18.35000000000000142, -13.49999999999999467, 10.39999999999999858 ) ) ;
#45 = DIRECTION ( 'NONE',  ( -0.000000000000000000, -0.000000000000000000, -1.000000000000000000 ) ) ;
#46 = DIRECTION ( 'NONE',  ( -0.000000000000000000, 0.000000000000000000, 1.000000000000000000 ) ) ;
#47 = CARTESIAN_POINT ( 'NONE',  ( -14.75000000000000355, -9.900000000000005684, 1.800000000000000044 ) ) ;
#48 = ORIENTED_EDGE ( 'NONE', *, *, #231, .F. ) ;
#49 = AXIS2_PLACEMENT_3D ( 'NONE', #1522, #171, #622 ) ;
#50 = EDGE_CURVE ( 'NONE', #2816, #2295, #2171, .T. ) ;
#51 = ORIENTED_EDGE ( 'NONE', *, *, #2462, .T. ) ;
#52 = CARTESIAN_POINT ( 'NONE',  ( 1280.448144900298757, 682.9483637775821308, 880.8185273323972524 ) ) ;
#53 = ORIENTED_EDGE ( 'NONE', *, *, #1779, .T. ) ;
#54 = DIRECTION ( 'NONE',  ( -0.000000000000000000, -0.000000000000000000, -1.000000000000000000 ) ) ;
#55 = DIRECTION ( 'NONE',  ( -0.000000000000000000, -1.000000000000000000, -0.000000000000000000 ) ) ;
#56 = DIRECTION ( 'NONE',  ( -1.000000000000000000, -3.083952846180997262E-14, 0.000000000000000000 ) ) ;
#57 = CARTESIAN_POINT ( 'NONE',  ( 1303.848144900298621, 690.1483637775822899, 881.8185273323972524 ) ) ;
#58 = CYLINDRICAL_SURFACE ( 'NONE', #1556, 3.599999999999999201 ) ;
#59 = ORIENTED_EDGE ( 'NONE', *, *, #330, .T. ) ;
#60 = AXIS2_PLACEMENT_3D ( 'NONE', #683, #2519, #222 ) ;
#61 = VECTOR ( 'NONE', #2240, 1000.000000000000000 ) ;
#62 = ORIENTED_EDGE ( 'NONE', *, *, #644, .T. ) ;
#63 = SURFACE_STYLE_USAGE ( .BOTH. , #2139 ) ;
#64 = ADVANCED_FACE ( 'NONE', ( #2551 ), #1401, .F. ) ;
#65 = ORIENTED_EDGE ( 'NONE', *, *, #1796, .T. ) ;
#66 = DIRECTION ( 'NONE',  ( -1.000000000000000000, 0.000000000000000000, 0.000000000000000000 ) ) ;
#67 = AXIS2_PLACEMENT_3D ( 'NONE', #1145, #2798, #951 ) ;
#68 = LINE ( 'NONE', #1000, #1077 ) ;
#69 = EDGE_CURVE ( 'NONE', #1220, #2030, #2317, .T. ) ;
#70 = AXIS2_PLACEMENT_3D ( 'NONE', #2544, #1411, #2325 ) ;
#71 = EDGE_CURVE ( 'NONE', #2577, #2615, #1828, .T. ) ;
#72 = DIRECTION ( 'NONE',  ( 1.000000000000000000, 4.818676322157799347E-16, 0.000000000000000000 ) ) ;
#73 = CARTESIAN_POINT ( 'NONE',  ( 14.75000000000000355, 9.900000000000005684, 1.800000000000000044 ) ) ;
#74 = EDGE_CURVE ( 'NONE', #2313, #1579, #1124, .T. ) ;
#75 = ORIENTED_EDGE ( 'NONE', *, *, #1504, .T. ) ;
#76 = CARTESIAN_POINT ( 'NONE',  ( 1295.648144900298803, 686.5483637775822672, 880.8185273323972524 ) ) ;
#77 = EDGE_LOOP ( 'NONE', ( #2340, #376, #2904, #2430, #2977 ) ) ;
#78 = CARTESIAN_POINT ( 'NONE',  ( 1275.848144900302714, 7.719215184706302442E-12, 833.4585231967477057 ) ) ;
#79 = PLANE ( 'NONE',  #28 ) ;
#80 = CARTESIAN_POINT ( 'NONE',  ( 1295.473144900298848, 659.0483637775822672, 883.8185273323972524 ) ) ;
#81 = ORIENTED_EDGE ( 'NONE', *, *, #2346, .T. ) ;
#82 = DIRECTION ( 'NONE',  ( -1.000000000000000000, -1.541976423090522297E-14, 0.000000000000000000 ) ) ;
#83 = CARTESIAN_POINT ( 'NONE',  ( 21.35000000000000142, -6.500000000000000000, 9.000000000000000000 ) ) ;
#84 = CARTESIAN_POINT ( 'NONE',  ( 3.035766082959420304E-15, 6.300000000000014033, 0.000000000000000000 ) ) ;
#85 = EDGE_CURVE ( 'NONE', #1650, #293, #925, .T. ) ;
#86 = LINE ( 'NONE', #2841, #421 ) ;
#87 = CARTESIAN_POINT ( 'NONE',  ( -21.35000000000000142, -13.49999999999999467, -3.000000000000000000 ) ) ;
#88 = ORIENTED_EDGE ( 'NONE', *, *, #111, .F. ) ;
#89 = DIRECTION ( 'NONE',  ( 0.000000000000000000, 0.000000000000000000, 1.000000000000000000 ) ) ;
#90 = ORIENTED_EDGE ( 'NONE', *, *, #335, .T. ) ;
#91 = CARTESIAN_POINT ( 'NONE',  ( 1275.848144900298621, 690.1483637775821762, 881.8185273323972524 ) ) ;
#92 = DIRECTION ( 'NONE',  ( -3.083952846180997262E-14, 1.000000000000000000, 0.000000000000000000 ) ) ;
#93 = DIRECTION ( 'NONE',  ( 1.000000000000000000, -0.000000000000000000, 0.000000000000000000 ) ) ;
#94 = ORIENTED_EDGE ( 'NONE', *, *, #862, .T. ) ;
#95 = AXIS2_PLACEMENT_3D ( 'NONE', #2227, #125, #1753 ) ;
#96 = AXIS2_PLACEMENT_3D ( 'NONE', #1032, #2876, #1529 ) ;
#97 = VERTEX_POINT ( 'NONE', #2969 ) ;
#98 = LINE ( 'NONE', #1938, #885 ) ;
#99 = DIRECTION ( 'NONE',  ( 0.000000000000000000, 1.000000000000000000, 0.000000000000000000 ) ) ;
#100 = FACE_OUTER_BOUND ( 'NONE', #1114, .T. ) ;
#101 = CARTESIAN_POINT ( 'NONE',  ( 1284.048144900298666, 690.1483637775821762, 874.8424773576143707 ) ) ;
#102 = ADVANCED_FACE ( 'NONE', ( #311 ), #2632, .T. ) ;
#103 = VERTEX_POINT ( 'NONE', #1255 ) ;
#104 = VECTOR ( 'NONE', #157, 1000.000000000000000 ) ;
#105 = PRODUCT_DEFINITION_FORMATION_WITH_SPECIFIED_SOURCE ( 'ANY', '', #655, .NOT_KNOWN. ) ;
#106 = CARTESIAN_POINT ( 'NONE',  ( 11.15000000000000391, -9.900000000000005684, 0.000000000000000000 ) ) ;
#107 = VERTEX_POINT ( 'NONE', #539 ) ;
#108 = CARTESIAN_POINT ( 'NONE',  ( 1276.848144900298621, 690.1483637775821762, 881.8185273323972524 ) ) ;
#109 = ADVANCED_FACE ( 'NONE', ( #2363 ), #2140, .T. ) ;
#110 = DIRECTION ( 'NONE',  ( 0.000000000000000000, 0.000000000000000000, -1.000000000000000000 ) ) ;
#111 = EDGE_CURVE ( 'NONE', #507, #2799, #1332, .T. ) ;
#112 = AXIS2_PLACEMENT_3D ( 'NONE', #964, #2273, #2054 ) ;
#113 = EDGE_CURVE ( 'NONE', #572, #1697, #1960, .T. ) ;
#114 = EDGE_CURVE ( 'NONE', #2174, #1736, #2484, .T. ) ;
#115 = ORIENTED_EDGE ( 'NONE', *, *, #111, .T. ) ;
#116 = DIRECTION ( 'NONE',  ( -1.000000000000000000, -1.541976423090522297E-14, 0.000000000000000000 ) ) ;
#117 =( NAMED_UNIT ( * ) SI_UNIT ( $, .STERADIAN. ) SOLID_ANGLE_UNIT ( ) );
#118 = ORIENTED_EDGE ( 'NONE', *, *, #1475, .T. ) ;
#119 = DIRECTION ( 'NONE',  ( -1.000000000000000000, 4.818676322157799347E-16, 0.000000000000000000 ) ) ;
#120 = DIRECTION ( 'NONE',  ( -0.000000000000000000, -0.000000000000000000, -1.000000000000000000 ) ) ;
#121 = DIRECTION ( 'NONE',  ( -1.000000000000000000, 0.000000000000000000, -0.000000000000000000 ) ) ;
#122 = DIRECTION ( 'NONE',  ( -1.000000000000000000, 0.000000000000000000, -0.000000000000000000 ) ) ;
#123 = ORIENTED_EDGE ( 'NONE', *, *, #2147, .T. ) ;
#124 = CARTESIAN_POINT ( 'NONE',  ( -18.35000000000000142, -13.49999999999999467, 10.39999999999999858 ) ) ;
#125 = DIRECTION ( 'NONE',  ( 1.000000000000000000, -0.000000000000000000, 0.000000000000000000 ) ) ;
#126 = VECTOR ( 'NONE', #2204, 1000.000000000000000 ) ;
#127 = ADVANCED_FACE ( 'NONE', ( #2190 ), #2930, .F. ) ;
#128 = CARTESIAN_POINT ( 'NONE',  ( 14.75000000000000355, -9.900000000000005684, 1.800000000000000044 ) ) ;
#129 = ORIENTED_EDGE ( 'NONE', *, *, #1178, .T. ) ;
#130 = ORIENTED_EDGE ( 'NONE', *, *, #2849, .F. ) ;
#131 = CARTESIAN_POINT ( 'NONE',  ( -14.75000000000000355, -6.300000000000006928, 0.000000000000000000 ) ) ;
#132 = CARTESIAN_POINT ( 'NONE',  ( 19.36745373558152039, -13.49999999999999467, 12.39999999999999858 ) ) ;
#133 = PRODUCT_RELATED_PRODUCT_CATEGORY ( 'part', '', ( #621 ) ) ;
#134 = CARTESIAN_POINT ( 'NONE',  ( 1276.848144900298621, 681.9483637775821308, 880.8185273323972524 ) ) ;
#135 = ORIENTED_EDGE ( 'NONE', *, *, #198, .F. ) ;
#136 = CARTESIAN_POINT ( 'NONE',  ( -21.35000000000000142, 13.50000000000000533, 10.39999999999999858 ) ) ;
#137 = ADVANCED_FACE ( 'NONE', ( #2857 ), #2408, .F. ) ;
#138 = ORIENTED_EDGE ( 'NONE', *, *, #1597, .F. ) ;
#139 = ORIENTED_EDGE ( 'NONE', *, *, #2653, .T. ) ;
#140 = CARTESIAN_POINT ( 'NONE',  ( 1276.848144900298621, 682.9483637775821308, 880.8185273323972524 ) ) ;
#141 = AXIS2_PLACEMENT_3D ( 'NONE', #1142, #886, #2070 ) ;
#142 =( NAMED_UNIT ( * ) PLANE_ANGLE_UNIT ( ) SI_UNIT ( $, .RADIAN. ) );
#143 = VECTOR ( 'NONE', #2066, 1000.000000000000000 ) ;
#144 = EDGE_LOOP ( 'NONE', ( #1022, #2324, #710, #1088 ) ) ;
#145 = ORIENTED_EDGE ( 'NONE', *, *, #1499, .T. ) ;
#146 = DIRECTION ( 'NONE',  ( 1.000000000000000000, 0.000000000000000000, 0.000000000000000000 ) ) ;
#147 = DIRECTION ( 'NONE',  ( 1.000000000000000000, 0.000000000000000000, 0.000000000000000000 ) ) ;
#148 = EDGE_CURVE ( 'NONE', #2013, #584, #800, .T. ) ;
#149 = CARTESIAN_POINT ( 'NONE',  ( 1303.848144900298848, 653.4483637775822444, 874.8424773576143707 ) ) ;
#150 = CARTESIAN_POINT ( 'NONE',  ( 1303.848144900298848, 660.6483637775821762, 874.8424773576143707 ) ) ;
#151 = VERTEX_POINT ( 'NONE', #1710 ) ;
#152 = DIRECTION ( 'NONE',  ( 0.000000000000000000, 0.000000000000000000, -1.000000000000000000 ) ) ;
#153 = CIRCLE ( 'NONE', #2136, 0.9999999999998898659 ) ;
#154 = CARTESIAN_POINT ( 'NONE',  ( 1300.248144900298712, 661.6483637775821762, 881.8185273323972524 ) ) ;
#155 = EDGE_LOOP ( 'NONE', ( #253, #1517, #1336, #497 ) ) ;
#156 = ORIENTED_EDGE ( 'NONE', *, *, #2567, .T. ) ;
#157 = DIRECTION ( 'NONE',  ( 0.000000000000000000, 0.000000000000000000, 1.000000000000000000 ) ) ;
#158 = DIRECTION ( 'NONE',  ( 0.000000000000000000, 0.000000000000000000, 1.000000000000000000 ) ) ;
#159 = AXIS2_PLACEMENT_3D ( 'NONE', #686, #46, #286 ) ;
#160 = VERTEX_POINT ( 'NONE', #2247 ) ;
#161 = AXIS2_PLACEMENT_3D ( 'NONE', #720, #2553, #1422 ) ;
#162 = DIRECTION ( 'NONE',  ( -0.000000000000000000, 0.000000000000000000, 1.000000000000000000 ) ) ;
#163 = DIRECTION ( 'NONE',  ( -0.000000000000000000, -1.000000000000000000, -0.000000000000000000 ) ) ;
#164 = PRODUCT_DEFINITION_SHAPE ( 'NONE', 'NONE',  #955 ) ;
#165 = FACE_OUTER_BOUND ( 'NONE', #2143, .T. ) ;
#166 = CARTESIAN_POINT ( 'NONE',  ( 1300.248144900298712, 657.0483637775822672, 880.8185273323972524 ) ) ;
#167 = ORIENTED_EDGE ( 'NONE', *, *, #1600, .T. ) ;
#168 = LINE ( 'NONE', #124, #405 ) ;
#169 = VECTOR ( 'NONE', #709, 1000.000000000000000 ) ;
#170 = AXIS2_PLACEMENT_3D ( 'NONE', #1690, #110, #2598 ) ;
#171 = DIRECTION ( 'NONE',  ( -0.000000000000000000, -0.000000000000000000, 1.000000000000000000 ) ) ;
#172 = PLANE ( 'NONE',  #997 ) ;
#173 = ORIENTED_EDGE ( 'NONE', *, *, #1830, .F. ) ;
#174 = CARTESIAN_POINT ( 'NONE',  ( 1276.848144900298621, 661.6483637775819489, 880.8185273323972524 ) ) ;
#175 = VECTOR ( 'NONE', #146, 1000.000000000000000 ) ;
#176 = AXIS2_PLACEMENT_3D ( 'NONE', #1823, #2253, #2715 ) ;
#177 = VERTEX_POINT ( 'NONE', #1257 ) ;
#178 = DIRECTION ( 'NONE',  ( 1.000000000000000000, 0.000000000000000000, 0.000000000000000000 ) ) ;
#179 = DIRECTION ( 'NONE',  ( 0.000000000000000000, 0.008726535498373953759, 0.9999619230641713097 ) ) ;
#180 = ADVANCED_FACE ( 'NONE', ( #559 ), #813, .T. ) ;
#181 = CARTESIAN_POINT ( 'NONE',  ( 18.35000000000000142, -13.49999999999999467, 0.000000000000000000 ) ) ;
#182 = VERTEX_POINT ( 'NONE', #2724 ) ;
#183 = CARTESIAN_POINT ( 'NONE',  ( 0.000000000000000000, -16.49999999999999289, -3.000000000000000000 ) ) ;
#184 = PLANE ( 'NONE',  #95 ) ;
#185 = VERTEX_POINT ( 'NONE', #1013 ) ;
#186 = ADVANCED_FACE ( 'NONE', ( #1798 ), #1288, .F. ) ;
#187 = CARTESIAN_POINT ( 'NONE',  ( -18.35000000000000142, -13.49999999999999467, 1.799999999999999600 ) ) ;
#188 = VERTEX_POINT ( 'NONE', #871 ) ;
#189 = LINE ( 'NONE', #1788, #217 ) ;
#190 = ORIENTED_EDGE ( 'NONE', *, *, #69, .T. ) ;
#191 = ORIENTED_EDGE ( 'NONE', *, *, #751, .T. ) ;
#192 = CYLINDRICAL_SURFACE ( 'NONE', #2304, 1.000000000000000888 ) ;
#193 = CARTESIAN_POINT ( 'NONE',  ( 1285.048144900298666, 671.7983637775821535, 881.8185273323972524 ) ) ;
#194 = VECTOR ( 'NONE', #2321, 1000.000000000000000 ) ;
#195 = DIRECTION ( 'NONE',  ( 1.000000000000000000, -0.000000000000000000, -0.000000000000000000 ) ) ;
#196 = LINE ( 'NONE', #1167, #1778 ) ;
#197 = LINE ( 'NONE', #1155, #837 ) ;
#198 = EDGE_CURVE ( 'NONE', #847, #2772, #2958, .T. ) ;
#199 = CARTESIAN_POINT ( 'NONE',  ( 1296.648144900298576, 686.5483637775822672, 880.8185273323972524 ) ) ;
#200 = ADVANCED_FACE ( 'NONE', ( #2639 ), #172, .F. ) ;
#201 = CARTESIAN_POINT ( 'NONE',  ( -18.35000000000000142, -16.49999999999999289, 12.39999999999999858 ) ) ;
#202 = ORIENTED_EDGE ( 'NONE', *, *, #1370, .T. ) ;
#203 = PLANE ( 'NONE',  #1316 ) ;
#204 = PRODUCT_CONTEXT ( 'NONE', #2114, 'mechanical' ) ;
#205 = EDGE_CURVE ( 'NONE', #2714, #416, #1493, .T. ) ;
#206 = ORIENTED_EDGE ( 'NONE', *, *, #2047, .T. ) ;
#207 = DIRECTION ( 'NONE',  ( -1.000000000000000000, 0.000000000000000000, 0.000000000000000000 ) ) ;
#208 = DIRECTION ( 'NONE',  ( 1.000000000000000000, 0.000000000000000000, 0.000000000000000000 ) ) ;
#209 = CIRCLE ( 'NONE', #159, 1.000000000000111910 ) ;
#210 = PLANE ( 'NONE',  #517 ) ;
#211 = ORIENTED_EDGE ( 'NONE', *, *, #501, .F. ) ;
#212 = CARTESIAN_POINT ( 'NONE',  ( -19.34999999999999787, 13.50000000000000533, 10.39999999999999858 ) ) ;
#213 = DIRECTION ( 'NONE',  ( 0.000000000000000000, -1.000000000000000000, 0.000000000000000000 ) ) ;
#214 = ORIENTED_EDGE ( 'NONE', *, *, #816, .T. ) ;
#215 = VECTOR ( 'NONE', #1855, 1000.000000000000000 ) ;
#216 = LINE ( 'NONE', #24, #414 ) ;
#217 = VECTOR ( 'NONE', #889, 1000.000000000000000 ) ;
#218 = CARTESIAN_POINT ( 'NONE',  ( 1280.448144900298757, 681.9483637775821308, 881.8185273323972524 ) ) ;
#219 = ORIENTED_EDGE ( 'NONE', *, *, #1830, .T. ) ;
#220 = ORIENTED_EDGE ( 'NONE', *, *, #2787, .F. ) ;
#221 = LINE ( 'NONE', #470, #1925 ) ;
#222 = DIRECTION ( 'NONE',  ( 1.000000000000000000, 4.818676322157799347E-16, 0.000000000000000000 ) ) ;
#223 = AXIS2_PLACEMENT_3D ( 'NONE', #894, #1564, #13 ) ;
#224 = DIRECTION ( 'NONE',  ( 0.000000000000000000, -1.000000000000000000, 0.000000000000000000 ) ) ;
#225 = ORIENTED_EDGE ( 'NONE', *, *, #1184, .F. ) ;
#226 = CARTESIAN_POINT ( 'NONE',  ( 14.75000000000000355, 6.300000000000006928, 1.800000000000000044 ) ) ;
#227 = EDGE_CURVE ( 'NONE', #1038, #2062, #2710, .T. ) ;
#228 = CYLINDRICAL_SURFACE ( 'NONE', #141, 1.000000000000000888 ) ;
#229 = EDGE_CURVE ( 'NONE', #705, #2313, #1536, .T. ) ;
#230 = EDGE_CURVE ( 'NONE', #1105, #2816, #2840, .T. ) ;
#231 = EDGE_CURVE ( 'NONE', #2689, #2611, #399, .T. ) ;
#232 = ORIENTED_EDGE ( 'NONE', *, *, #1319, .F. ) ;
#233 = DIRECTION ( 'NONE',  ( -1.000000000000000000, -3.083952846180949299E-14, 0.000000000000000000 ) ) ;
#234 = DIRECTION ( 'NONE',  ( 1.000000000000000000, 0.000000000000000000, -0.000000000000000000 ) ) ;
#235 = ORIENTED_EDGE ( 'NONE', *, *, #1284, .F. ) ;
#236 = ORIENTED_EDGE ( 'NONE', *, *, #521, .T. ) ;
#237 = DIRECTION ( 'NONE',  ( 0.000000000000000000, 1.000000000000000000, 0.000000000000000000 ) ) ;
#238 = DIRECTION ( 'NONE',  ( 0.000000000000000000, 0.000000000000000000, 1.000000000000000000 ) ) ;
#239 = CARTESIAN_POINT ( 'NONE',  ( 1276.848144900299076, 653.4483637775821308, 881.8185273323972524 ) ) ;
#240 = ORIENTED_EDGE ( 'NONE', *, *, #2170, .F. ) ;
#241 = CARTESIAN_POINT ( 'NONE',  ( 1300.248144900298712, 657.0483637775822672, 881.8185273323972524 ) ) ;
#242 = EDGE_CURVE ( 'NONE', #804, #2489, #2266, .T. ) ;
#243 = AXIS2_PLACEMENT_3D ( 'NONE', #134, #817, #409 ) ;
#244 = DIRECTION ( 'NONE',  ( 0.000000000000000000, 0.000000000000000000, -1.000000000000000000 ) ) ;
#245 = ORIENTED_EDGE ( 'NONE', *, *, #2749, .F. ) ;
#246 = ORIENTED_EDGE ( 'NONE', *, *, #1258, .F. ) ;
#247 = VERTEX_POINT ( 'NONE', #187 ) ;
#248 = FACE_OUTER_BOUND ( 'NONE', #2074, .T. ) ;
#249 = ORIENTED_EDGE ( 'NONE', *, *, #874, .T. ) ;
#250 = LINE ( 'NONE', #324, #1141 ) ;
#251 = AXIS2_PLACEMENT_3D ( 'NONE', #2549, #2789, #270 ) ;
#252 = PRODUCT_DEFINITION_FORMATION_WITH_SPECIFIED_SOURCE ( 'ANY', '', #621, .NOT_KNOWN. ) ;
#253 = ORIENTED_EDGE ( 'NONE', *, *, #2601, .T. ) ;
#254 = PLANE ( 'NONE',  #251 ) ;
#255 = CARTESIAN_POINT ( 'NONE',  ( -21.35100000000000264, 6.499999999999999112, 2.999999999999999112 ) ) ;
#256 = CARTESIAN_POINT ( 'NONE',  ( 18.35000000000000142, -16.49999999999999289, 10.39999999999999858 ) ) ;
#257 = CARTESIAN_POINT ( 'NONE',  ( 11.15000000000000391, 0.000000000000000000, 1.800000000000000044 ) ) ;
#258 = FACE_OUTER_BOUND ( 'NONE', #2415, .T. ) ;
#259 = AXIS2_PLACEMENT_3D ( 'NONE', #2378, #302, #542 ) ;
#260 = DIRECTION ( 'NONE',  ( 1.000000000000000000, -0.000000000000000000, 0.000000000000000000 ) ) ;
#261 = AXIS2_PLACEMENT_3D ( 'NONE', #1080, #2705, #367 ) ;
#262 = ORIENTED_EDGE ( 'NONE', *, *, #1709, .T. ) ;
#263 = DIRECTION ( 'NONE',  ( 0.000000000000000000, -1.000000000000000000, 0.000000000000000000 ) ) ;
#264 = ORIENTED_EDGE ( 'NONE', *, *, #640, .F. ) ;
#265 = EDGE_CURVE ( 'NONE', #1442, #1911, #2860, .T. ) ;
#266 = CLOSED_SHELL ( 'NONE', ( #1645, #2370, #2562, #137, #2124, #1192, #563, #321, #906, #741, #2965, #2813, #1129, #2426, #2585, #2475, #1687, #1849, #2805, #1910, #2790, #2740, #109, #846, #2242, #2008, #1144, #1408, #200, #913, #921, #1419, #2457, #1497, #1424, #2132, #1732, #1056, #610, #1629, #2896, #2696, #929, #1904 ) ) ;
#267 = VECTOR ( 'NONE', #467, 1000.000000000000000 ) ;
#268 = STYLED_ITEM ( 'NONE', ( #310 ), #534 ) ;
#269 = ORIENTED_EDGE ( 'NONE', *, *, #1941, .T. ) ;
#270 = DIRECTION ( 'NONE',  ( -1.000000000000000000, 0.000000000000000000, -0.000000000000000000 ) ) ;
#271 = FACE_OUTER_BOUND ( 'NONE', #1111, .T. ) ;
#272 = CARTESIAN_POINT ( 'NONE',  ( -19.35000000000000142, 13.50000000000000533, 10.39999999999999858 ) ) ;
#273 = FACE_OUTER_BOUND ( 'NONE', #1534, .T. ) ;
#274 = VECTOR ( 'NONE', #33, 1000.000000000000000 ) ;
#275 = EDGE_CURVE ( 'NONE', #303, #2689, #604, .T. ) ;
#276 = CYLINDRICAL_SURFACE ( 'NONE', #1263, 1.000000000000000888 ) ;
#277 = ORIENTED_EDGE ( 'NONE', *, *, #198, .T. ) ;
#278 = ORIENTED_EDGE ( 'NONE', *, *, #294, .T. ) ;
#279 = LINE ( 'NONE', #1936, #663 ) ;
#280 = ORIENTED_EDGE ( 'NONE', *, *, #1269, .F. ) ;
#281 = EDGE_CURVE ( 'NONE', #107, #2613, #1834, .T. ) ;
#282 = VERTEX_POINT ( 'NONE', #201 ) ;
#283 = LINE ( 'NONE', #1199, #2464 ) ;
#284 = FACE_OUTER_BOUND ( 'NONE', #1992, .T. ) ;
#285 = DIRECTION ( 'NONE',  ( 1.000000000000000000, -0.000000000000000000, -0.000000000000000000 ) ) ;
#286 = DIRECTION ( 'NONE',  ( 1.000000000000000000, 0.000000000000000000, 0.000000000000000000 ) ) ;
#287 = CARTESIAN_POINT ( 'NONE',  ( -5.365653302554608936E-12, 652.4483637775714442, 881.8185273323972524 ) ) ;
#288 = ORIENTED_EDGE ( 'NONE', *, *, #2968, .T. ) ;
#289 = EDGE_CURVE ( 'NONE', #21, #2799, #902, .T. ) ;
#290 = APPLICATION_CONTEXT ( 'automotive_design' ) ;
#291 = ORIENTED_EDGE ( 'NONE', *, *, #1908, .F. ) ;
#292 = DIRECTION ( 'NONE',  ( 0.000000000000000000, 1.000000000000000000, -0.000000000000000000 ) ) ;
#293 = VERTEX_POINT ( 'NONE', #1665 ) ;
#294 = EDGE_CURVE ( 'NONE', #2353, #2489, #1604, .T. ) ;
#295 = ORIENTED_EDGE ( 'NONE', *, *, #2147, .F. ) ;
#296 = CARTESIAN_POINT ( 'NONE',  ( -19.34999999999999787, 0.000000000000000000, 10.39999999999999858 ) ) ;
#297 = EDGE_CURVE ( 'NONE', #2130, #25, #2072, .T. ) ;
#298 = DIRECTION ( 'NONE',  ( 1.000000000000000000, -0.000000000000000000, -0.000000000000000000 ) ) ;
#299 = AXIS2_PLACEMENT_3D ( 'NONE', #1724, #2452, #1302 ) ;
#300 = CARTESIAN_POINT ( 'NONE',  ( 21.35000000000000142, -6.500000000000000000, 9.000000000000000000 ) ) ;
#301 = ORIENTED_EDGE ( 'NONE', *, *, #1407, .F. ) ;
#302 = DIRECTION ( 'NONE',  ( -0.000000000000000000, -0.000000000000000000, 1.000000000000000000 ) ) ;
#303 = VERTEX_POINT ( 'NONE', #934 ) ;
#304 = CARTESIAN_POINT ( 'NONE',  ( 18.35000000000000142, 14.50000000000000533, 10.39999999999999858 ) ) ;
#305 = ORIENTED_EDGE ( 'NONE', *, *, #2356, .T. ) ;
#306 = CARTESIAN_POINT ( 'NONE',  ( 18.35000000000000142, -16.49999999999999289, 10.39999999999999858 ) ) ;
#307 = VECTOR ( 'NONE', #2052, 1000.000000000000000 ) ;
#308 = CIRCLE ( 'NONE', #992, 0.9999999999998898659 ) ;
#309 = ORIENTED_EDGE ( 'NONE', *, *, #724, .F. ) ;
#310 = PRESENTATION_STYLE_ASSIGNMENT (( #63 ) ) ;
#311 = FACE_OUTER_BOUND ( 'NONE', #1069, .T. ) ;
#312 = EDGE_CURVE ( 'NONE', #12, #1457, #1429, .T. ) ;
#313 = VERTEX_POINT ( 'NONE', #970 ) ;
#314 = CARTESIAN_POINT ( 'NONE',  ( -18.35000000000000142, 0.000000000000000000, 1.800000000000000044 ) ) ;
#315 = AXIS2_PLACEMENT_3D ( 'NONE', #2620, #1974, #575 ) ;
#316 = CARTESIAN_POINT ( 'NONE',  ( -18.35000000000000142, 13.50000000000000533, 10.39999999999999858 ) ) ;
#317 = AXIS2_PLACEMENT_3D ( 'NONE', #2850, #996, #2867 ) ;
#318 = LINE ( 'NONE', #1185, #2018 ) ;
#319 = CARTESIAN_POINT ( 'NONE',  ( -3.035766082959420304E-15, 6.300000000000014033, 1.800000000000000044 ) ) ;
#320 = ORIENTED_EDGE ( 'NONE', *, *, #597, .F. ) ;
#321 = ADVANCED_FACE ( 'NONE', ( #2973 ), #690, .T. ) ;
#322 = PLANE ( 'NONE',  #1694 ) ;
#323 = AXIS2_PLACEMENT_3D ( 'NONE', #1929, #1695, #2390 ) ;
#324 = CARTESIAN_POINT ( 'NONE',  ( 1303.848144900298848, 682.9483637775822444, 874.8424773576143707 ) ) ;
#325 = CARTESIAN_POINT ( 'NONE',  ( -11.15000000000000391, -9.900000000000005684, 0.000000000000000000 ) ) ;
#326 = LINE ( 'NONE', #80, #1335 ) ;
#327 = EDGE_CURVE ( 'NONE', #25, #682, #2150, .T. ) ;
#328 = ORIENTED_EDGE ( 'NONE', *, *, #2037, .F. ) ;
#329 = CARTESIAN_POINT ( 'NONE',  ( 18.35000000000000142, -13.49999999999999467, 10.39999999999999858 ) ) ;
#330 = EDGE_CURVE ( 'NONE', #2613, #293, #554, .T. ) ;
#331 = CARTESIAN_POINT ( 'NONE',  ( 1280.448144900298757, 682.9483637775821308, 874.8424773576143707 ) ) ;
#332 = CARTESIAN_POINT ( 'NONE',  ( 19.34999999999999787, 0.000000000000000000, 10.39999999999999858 ) ) ;
#333 = LINE ( 'NONE', #2135, #2851 ) ;
#334 = ORIENTED_EDGE ( 'NONE', *, *, #605, .T. ) ;
#335 = EDGE_CURVE ( 'NONE', #282, #2030, #2750, .T. ) ;
#336 = PLANE ( 'NONE',  #2458 ) ;
#337 = ORIENTED_EDGE ( 'NONE', *, *, #1053, .F. ) ;
#338 = CARTESIAN_POINT ( 'NONE',  ( 1280.448144900298757, 681.9483637775821308, 881.8185273323972524 ) ) ;
#339 = ADVANCED_FACE ( 'NONE', ( #248 ), #2276, .F. ) ;
#340 = EDGE_CURVE ( 'NONE', #2013, #2203, #2559, .T. ) ;
#341 = CARTESIAN_POINT ( 'NONE',  ( -11.15000000000000391, 13.50000000000000533, 1.800000000000000044 ) ) ;
#342 = VECTOR ( 'NONE', #1589, 1000.000000000000000 ) ;
#343 = ORIENTED_EDGE ( 'NONE', *, *, #945, .T. ) ;
#344 = CARTESIAN_POINT ( 'NONE',  ( 1295.473144900298848, 659.0483637775822672, 881.8185273323972524 ) ) ;
#345 = VERTEX_POINT ( 'NONE', #2784 ) ;
#346 = CARTESIAN_POINT ( 'NONE',  ( -5.683917236280489298E-12, 691.1483637775716034, 881.8185273323972524 ) ) ;
#347 = CARTESIAN_POINT ( 'NONE',  ( 18.35000000000000142, 13.50000000000000533, 10.39999999999999858 ) ) ;
#348 = PLANE ( 'NONE',  #2901 ) ;
#349 = AXIS2_PLACEMENT_3D ( 'NONE', #128, #1011, #1957 ) ;
#350 = DIRECTION ( 'NONE',  ( 0.000000000000000000, 0.000000000000000000, 1.000000000000000000 ) ) ;
#351 = EDGE_LOOP ( 'NONE', ( #908, #772, #1530, #1879 ) ) ;
#352 = DIRECTION ( 'NONE',  ( -0.000000000000000000, -0.000000000000000000, -1.000000000000000000 ) ) ;
#353 = FACE_OUTER_BOUND ( 'NONE', #920, .T. ) ;
#354 = CIRCLE ( 'NONE', #989, 1.000000000000000888 ) ;
#355 = SHAPE_REPRESENTATION ( 'BOX', ( #2609 ), #1318 ) ;
#356 = ORIENTED_EDGE ( 'NONE', *, *, #1682, .F. ) ;
#357 = CARTESIAN_POINT ( 'NONE',  ( 1276.848144900298848, 652.4483637775820171, 883.8185273323972524 ) ) ;
#358 = DIRECTION ( 'NONE',  ( 0.000000000000000000, 0.000000000000000000, 1.000000000000000000 ) ) ;
#359 = EDGE_LOOP ( 'NONE', ( #1523, #766, #838, #1714 ) ) ;
#360 = CARTESIAN_POINT ( 'NONE',  ( -21.35100000000000264, -6.500000000000000000, 9.000000000000000000 ) ) ;
#361 = DIRECTION ( 'NONE',  ( 1.000000000000000000, 0.000000000000000000, 0.000000000000000000 ) ) ;
#362 = ADVANCED_FACE ( 'NONE', ( #1158 ), #1895, .F. ) ;
#363 = AXIS2_PLACEMENT_3D ( 'NONE', #1115, #887, #1130 ) ;
#364 = AXIS2_PLACEMENT_3D ( 'NONE', #174, #2268, #2467 ) ;
#365 = FACE_OUTER_BOUND ( 'NONE', #811, .T. ) ;
#366 = EDGE_LOOP ( 'NONE', ( #2673, #1537, #2770, #2267 ) ) ;
#367 = DIRECTION ( 'NONE',  ( 1.000000000000000000, -4.818676322157799347E-16, 0.000000000000000000 ) ) ;
#368 = ADVANCED_FACE ( 'NONE', ( #2766 ), #2012, .F. ) ;
#369 = DIRECTION ( 'NONE',  ( -0.000000000000000000, 1.000000000000000000, -0.000000000000000000 ) ) ;
#370 = VERTEX_POINT ( 'NONE', #2099 ) ;
#371 = AXIS2_PLACEMENT_3D ( 'NONE', #859, #2234, #2191 ) ;
#372 = ORIENTED_EDGE ( 'NONE', *, *, #2071, .T. ) ;
#373 = CARTESIAN_POINT ( 'NONE',  ( -1.064192505379501866E-11, 690.1483637775621673, 874.8424773576143707 ) ) ;
#374 = DIRECTION ( 'NONE',  ( 1.000000000000000000, 0.000000000000000000, 0.000000000000000000 ) ) ;
#375 = EDGE_CURVE ( 'NONE', #2725, #1027, #216, .T. ) ;
#376 = ORIENTED_EDGE ( 'NONE', *, *, #2284, .F. ) ;
#377 = FACE_BOUND ( 'NONE', #2557, .T. ) ;
#378 = CARTESIAN_POINT ( 'NONE',  ( 1303.848144900298848, 661.6483637775821762, 881.8185273323972524 ) ) ;
#379 = FACE_OUTER_BOUND ( 'NONE', #351, .T. ) ;
#380 = ORIENTED_EDGE ( 'NONE', *, *, #2463, .F. ) ;
#381 = CARTESIAN_POINT ( 'NONE',  ( 11.15000000000000391, 9.900000000000005684, 0.000000000000000000 ) ) ;
#382 = EDGE_CURVE ( 'NONE', #1818, #510, #1652, .T. ) ;
#383 = LINE ( 'NONE', #2243, #1460 ) ;
#384 = ORIENTED_EDGE ( 'NONE', *, *, #432, .T. ) ;
#385 = ORIENTED_EDGE ( 'NONE', *, *, #22, .F. ) ;
#386 = DIRECTION ( 'NONE',  ( -0.000000000000000000, -0.000000000000000000, 1.000000000000000000 ) ) ;
#387 = AXIS2_PLACEMENT_3D ( 'NONE', #76, #505, #2352 ) ;
#388 = ORIENTED_EDGE ( 'NONE', *, *, #975, .T. ) ;
#389 = LINE ( 'NONE', #2432, #35 ) ;
#390 = DIRECTION ( 'NONE',  ( -0.000000000000000000, 0.000000000000000000, 1.000000000000000000 ) ) ;
#391 = PRODUCT_DEFINITION_SHAPE ( 'NONE', 'NONE',  #2982 ) ;
#392 = ORIENTED_EDGE ( 'NONE', *, *, #692, .T. ) ;
#393 = DIRECTION ( 'NONE',  ( 1.000000000000000000, -0.000000000000000000, -0.000000000000000000 ) ) ;
#394 = ORIENTED_EDGE ( 'NONE', *, *, #2463, .T. ) ;
#395 = CARTESIAN_POINT ( 'NONE',  ( 1303.848144900298848, 682.9483637775822444, 880.8185273323972524 ) ) ;
#396 = VECTOR ( 'NONE', #82, 1000.000000000000000 ) ;
#397 = AXIS2_PLACEMENT_3D ( 'NONE', #2678, #158, #1289 ) ;
#398 = DIRECTION ( 'NONE',  ( -1.000000000000000000, -1.541976423090522297E-14, 0.000000000000000000 ) ) ;
#399 = LINE ( 'NONE', #2162, #1089 ) ;
#400 = ORIENTED_EDGE ( 'NONE', *, *, #265, .T. ) ;
#401 = CARTESIAN_POINT ( 'NONE',  ( 18.35000000000000142, 13.50000000000000533, 1.799999999999999600 ) ) ;
#402 = VECTOR ( 'NONE', #2966, 1000.000000000000000 ) ;
#403 = EDGE_CURVE ( 'NONE', #1702, #1159, #2111, .T. ) ;
#404 = ORIENTED_EDGE ( 'NONE', *, *, #114, .T. ) ;
#405 = VECTOR ( 'NONE', #1980, 1000.000000000000000 ) ;
#406 = ORIENTED_EDGE ( 'NONE', *, *, #2827, .T. ) ;
#407 = DIRECTION ( 'NONE',  ( 1.000000000000000000, 0.000000000000000000, 0.000000000000000000 ) ) ;
#408 = CARTESIAN_POINT ( 'NONE',  ( 0.000000000000000000, 682.9483637775821308, 874.8424773576143707 ) ) ;
#409 = DIRECTION ( 'NONE',  ( 0.000000000000000000, 0.000000000000000000, 1.000000000000000000 ) ) ;
#410 = ORIENTED_EDGE ( 'NONE', *, *, #830, .F. ) ;
#411 = DIRECTION ( 'NONE',  ( -0.000000000000000000, -0.000000000000000000, -1.000000000000000000 ) ) ;
#412 = AXIS2_PLACEMENT_3D ( 'NONE', #1037, #512, #1210 ) ;
#413 = VECTOR ( 'NONE', #1502, 1000.000000000000000 ) ;
#414 = VECTOR ( 'NONE', #725, 1000.000000000000000 ) ;
#415 = DIRECTION ( 'NONE',  ( -1.000000000000000000, 0.000000000000000000, 0.000000000000000000 ) ) ;
#416 = VERTEX_POINT ( 'NONE', #52 ) ;
#417 = EDGE_CURVE ( 'NONE', #1094, #2856, #524, .T. ) ;
#418 = CARTESIAN_POINT ( 'NONE',  ( 1300.248144900298712, 686.5483637775822672, 880.8185273323972524 ) ) ;
#419 = ORIENTED_EDGE ( 'NONE', *, *, #1901, .T. ) ;
#420 = LINE ( 'NONE', #1117, #2395 ) ;
#421 = VECTOR ( 'NONE', #1916, 1000.000000000000000 ) ;
#422 = AXIS2_PLACEMENT_3D ( 'NONE', #2387, #43, #2362 ) ;
#423 = ORIENTED_EDGE ( 'NONE', *, *, #1514, .T. ) ;
#424 = ORIENTED_EDGE ( 'NONE', *, *, #85, .T. ) ;
#425 = EDGE_CURVE ( 'NONE', #303, #2498, #1967, .T. ) ;
#426 = FILL_AREA_STYLE ('',( #1135 ) ) ;
#427 = DIRECTION ( 'NONE',  ( 1.000000000000000000, 0.000000000000000000, 0.000000000000000000 ) ) ;
#428 = EDGE_CURVE ( 'NONE', #2837, #2207, #1486, .T. ) ;
#429 = CARTESIAN_POINT ( 'NONE',  ( 1300.248144900298712, 682.9483637775821308, 880.8185273323972524 ) ) ;
#430 = CARTESIAN_POINT ( 'NONE',  ( 1275.848144900302714, 7.719215184706302442E-12, 883.8185273323972524 ) ) ;
#431 = DIRECTION ( 'NONE',  ( -0.000000000000000000, -0.000000000000000000, 1.000000000000000000 ) ) ;
#432 = EDGE_CURVE ( 'NONE', #2529, #2800, #2487, .T. ) ;
#433 = DIRECTION ( 'NONE',  ( 0.000000000000000000, -1.000000000000000000, 0.000000000000000000 ) ) ;
#434 = EDGE_CURVE ( 'NONE', #1102, #2023, #2402, .T. ) ;
#435 = EDGE_CURVE ( 'NONE', #2062, #247, #279, .T. ) ;
#436 = CARTESIAN_POINT ( 'NONE',  ( 18.35000000000000142, 6.300000000000006040, 1.800000000000000044 ) ) ;
#437 = VERTEX_POINT ( 'NONE', #2576 ) ;
#438 = FACE_OUTER_BOUND ( 'NONE', #571, .T. ) ;
#439 = EDGE_LOOP ( 'NONE', ( #305, #2558, #2668, #2194, #1062 ) ) ;
#440 = ORIENTED_EDGE ( 'NONE', *, *, #2316, .T. ) ;
#441 = DIRECTION ( 'NONE',  ( -0.000000000000000000, -0.000000000000000000, 1.000000000000000000 ) ) ;
#442 = CARTESIAN_POINT ( 'NONE',  ( 0.000000000000000000, 660.6483637775821762, 874.8424773576143707 ) ) ;
#443 = VECTOR ( 'NONE', #369, 1000.000000000000000 ) ;
#444 = DIRECTION ( 'NONE',  ( -0.000000000000000000, 0.9999619230641713097, 0.008726535498373953759 ) ) ;
#445 = LINE ( 'NONE', #927, #2664 ) ;
#446 = FACE_OUTER_BOUND ( 'NONE', #1624, .T. ) ;
#447 = ORIENTED_EDGE ( 'NONE', *, *, #330, .F. ) ;
#448 = AXIS2_PLACEMENT_3D ( 'NONE', #2105, #1889, #32 ) ;
#449 = EDGE_CURVE ( 'NONE', #478, #1675, #1487, .T. ) ;
#450 = CARTESIAN_POINT ( 'NONE',  ( 18.35000000000000142, 13.50000000000000533, 10.39999999999999858 ) ) ;
#451 = CARTESIAN_POINT ( 'NONE',  ( 0.000000000000000000, 0.000000000000000000, 12.39999999999999858 ) ) ;
#452 = APPLICATION_PROTOCOL_DEFINITION ( 'draft international standard', 'automotive_design', 1998, #1868 ) ;
#453 = ORIENTED_EDGE ( 'NONE', *, *, #74, .F. ) ;
#454 = ORIENTED_EDGE ( 'NONE', *, *, #2019, .F. ) ;
#455 = SURFACE_STYLE_USAGE ( .BOTH. , #2964 ) ;
#456 = VECTOR ( 'NONE', #1928, 1000.000000000000000 ) ;
#457 = CARTESIAN_POINT ( 'NONE',  ( 1280.448144900298757, 686.5483637775821535, 874.8424773576143707 ) ) ;
#458 = VECTOR ( 'NONE', #593, 1000.000000000000000 ) ;
#459 = EDGE_CURVE ( 'NONE', #182, #930, #2912, .T. ) ;
#460 = LINE ( 'NONE', #2301, #1296 ) ;
#461 = DIRECTION ( 'NONE',  ( 1.000000000000000000, 0.000000000000000000, 0.000000000000000000 ) ) ;
#462 = LINE ( 'NONE', #2305, #194 ) ;
#463 = VECTOR ( 'NONE', #2513, 1000.000000000000000 ) ;
#464 = VERTEX_POINT ( 'NONE', #1238 ) ;
#465 = CARTESIAN_POINT ( 'NONE',  ( 1284.048144900298666, 0.000000000000000000, 874.8424773576143707 ) ) ;
#466 = ORIENTED_EDGE ( 'NONE', *, *, #1273, .F. ) ;
#467 = DIRECTION ( 'NONE',  ( -0.000000000000000000, -0.000000000000000000, 1.000000000000000000 ) ) ;
#468 = VERTEX_POINT ( 'NONE', #1678 ) ;
#469 = ORIENTED_EDGE ( 'NONE', *, *, #1521, .F. ) ;
#470 = CARTESIAN_POINT ( 'NONE',  ( -11.15000000000000391, 0.000000000000000000, 0.000000000000000000 ) ) ;
#471 = DIRECTION ( 'NONE',  ( -0.000000000000000000, 0.000000000000000000, 1.000000000000000000 ) ) ;
#472 = EDGE_CURVE ( 'NONE', #1410, #40, #2863, .T. ) ;
#473 = PRESENTATION_LAYER_ASSIGNMENT (  '', '', ( #717 ) ) ;
#474 = CARTESIAN_POINT ( 'NONE',  ( 0.000000000000000000, 653.4483637775822444, 874.8424773576143707 ) ) ;
#475 = ORIENTED_EDGE ( 'NONE', *, *, #1475, .F. ) ;
#476 = DIRECTION ( 'NONE',  ( 0.000000000000000000, 0.000000000000000000, -1.000000000000000000 ) ) ;
#477 = CARTESIAN_POINT ( 'NONE',  ( 21.35000000000000142, 0.000000000000000000, -3.000000000000000000 ) ) ;
#478 = VERTEX_POINT ( 'NONE', #1441 ) ;
#479 = ORIENTED_EDGE ( 'NONE', *, *, #1941, .F. ) ;
#480 = CARTESIAN_POINT ( 'NONE',  ( 1296.648144900298576, 657.0483637775822672, 874.8424773576143707 ) ) ;
#481 = EDGE_LOOP ( 'NONE', ( #2518, #2926, #967, #2599, #2680, #1331, #1882, #1706, #671, #118, #2359, #447, #2785, #567, #1727, #1376 ) ) ;
#482 = DIRECTION ( 'NONE',  ( 1.000000000000000000, 1.541976423090522297E-14, 0.000000000000000000 ) ) ;
#483 = VERTEX_POINT ( 'NONE', #2810 ) ;
#484 = EDGE_LOOP ( 'NONE', ( #1869, #1621, #695, #1635 ) ) ;
#485 = CARTESIAN_POINT ( 'NONE',  ( -11.15000000000000391, 9.900000000000005684, 1.800000000000000044 ) ) ;
#486 = PLANE ( 'NONE',  #1373 ) ;
#487 = CARTESIAN_POINT ( 'NONE',  ( -21.35100000000000264, 6.500000000000000000, 9.000000000000000000 ) ) ;
#488 = FACE_OUTER_BOUND ( 'NONE', #1917, .T. ) ;
#489 = CARTESIAN_POINT ( 'NONE',  ( 18.35000000000000142, -13.49999999999999467, 10.39999999999999858 ) ) ;
#490 = AXIS2_PLACEMENT_3D ( 'NONE', #928, #2748, #721 ) ;
#491 = VECTOR ( 'NONE', #2004, 1000.000000000000000 ) ;
#492 = LINE ( 'NONE', #1169, #2274 ) ;
#493 = ORIENTED_EDGE ( 'NONE', *, *, #2252, .F. ) ;
#494 = EDGE_LOOP ( 'NONE', ( #59, #1023, #328, #2098 ) ) ;
#495 = ORIENTED_EDGE ( 'NONE', *, *, #265, .F. ) ;
#496 = CARTESIAN_POINT ( 'NONE',  ( 1295.473144900298848, 678.9483637775822444, 881.8185273323972524 ) ) ;
#497 = ORIENTED_EDGE ( 'NONE', *, *, #1709, .F. ) ;
#498 = VECTOR ( 'NONE', #54, 1000.000000000000000 ) ;
#499 = ORIENTED_EDGE ( 'NONE', *, *, #434, .T. ) ;
#500 = CARTESIAN_POINT ( 'NONE',  ( 1303.848144900298848, 653.4483637775822444, 881.8185273323972524 ) ) ;
#501 = EDGE_CURVE ( 'NONE', #2861, #2517, #845, .T. ) ;
#502 = DIRECTION ( 'NONE',  ( -1.000000000000000000, 0.000000000000000000, 0.000000000000000000 ) ) ;
#503 = CARTESIAN_POINT ( 'NONE',  ( 3.035766082959420304E-15, -6.300000000000014033, 1.800000000000000044 ) ) ;
#504 = CARTESIAN_POINT ( 'NONE',  ( 21.35000000000000142, -6.500000000000000000, 9.000000000000000000 ) ) ;
#505 = DIRECTION ( 'NONE',  ( 0.000000000000000000, 1.000000000000000000, 0.000000000000000000 ) ) ;
#506 = EDGE_LOOP ( 'NONE', ( #1149, #2503, #38, #469 ) ) ;
#507 = VERTEX_POINT ( 'NONE', #2589 ) ;
#508 = CARTESIAN_POINT ( 'NONE',  ( 1285.048144900298666, 686.5483637775821535, 880.8185273323972524 ) ) ;
#509 = ORIENTED_EDGE ( 'NONE', *, *, #830, .T. ) ;
#510 = VERTEX_POINT ( 'NONE', #1252 ) ;
#511 = DIRECTION ( 'NONE',  ( -1.000000000000000000, 4.818676322157799347E-16, 0.000000000000000000 ) ) ;
#512 = DIRECTION ( 'NONE',  ( 0.000000000000000000, 0.000000000000000000, 1.000000000000000000 ) ) ;
#513 = FACE_OUTER_BOUND ( 'NONE', #1233, .T. ) ;
#514 = EDGE_CURVE ( 'NONE', #935, #584, #326, .T. ) ;
#515 = DIRECTION ( 'NONE',  ( 0.000000000000000000, 0.000000000000000000, 1.000000000000000000 ) ) ;
#516 = CARTESIAN_POINT ( 'NONE',  ( 1295.648144900298803, 653.4483637775822444, 881.8185273323972524 ) ) ;
#517 = AXIS2_PLACEMENT_3D ( 'NONE', #474, #224, #2758 ) ;
#518 = CARTESIAN_POINT ( 'NONE',  ( 1280.448144900298757, 660.6483637775821762, 874.8424773576143707 ) ) ;
#519 = EDGE_LOOP ( 'NONE', ( #636, #235, #1412, #404 ) ) ;
#520 = EDGE_CURVE ( 'NONE', #2902, #160, #536, .T. ) ;
#521 = EDGE_CURVE ( 'NONE', #2889, #2702, #1470, .T. ) ;
#522 = ADVANCED_FACE ( 'NONE', ( #2172 ), #2369, .F. ) ;
#523 = ORIENTED_EDGE ( 'NONE', *, *, #1954, .F. ) ;
#524 = LINE ( 'NONE', #341, #2397 ) ;
#525 = ORIENTED_EDGE ( 'NONE', *, *, #459, .T. ) ;
#526 = CARTESIAN_POINT ( 'NONE',  ( -5.365653302554608936E-12, 652.4483637775714442, 883.8185273323972524 ) ) ;
#527 = DIRECTION ( 'NONE',  ( -0.000000000000000000, -0.000000000000000000, 1.000000000000000000 ) ) ;
#528 = CARTESIAN_POINT ( 'NONE',  ( 1303.848144900298848, 652.4483637775822444, 833.4585231967477057 ) ) ;
#529 = CARTESIAN_POINT ( 'NONE',  ( 1276.848144900298394, 671.7983637775816987, 881.8185273323972524 ) ) ;
#530 = CARTESIAN_POINT ( 'NONE',  ( 18.35000000000000142, -13.49999999999999467, 10.39999999999999858 ) ) ;
#531 = CIRCLE ( 'NONE', #387, 1.000000000000000888 ) ;
#532 = ORIENTED_EDGE ( 'NONE', *, *, #1760, .T. ) ;
#533 = CARTESIAN_POINT ( 'NONE',  ( -21.35000000000000142, 13.50000000000000533, -3.000000000000000000 ) ) ;
#534 = MANIFOLD_SOLID_BREP ( 'Fillet1', #2531 ) ;
#535 = ORIENTED_EDGE ( 'NONE', *, *, #1172, .F. ) ;
#536 = LINE ( 'NONE', #2358, #1876 ) ;
#537 = ORIENTED_EDGE ( 'NONE', *, *, #2749, .T. ) ;
#538 = CARTESIAN_POINT ( 'NONE',  ( 1285.048144900298666, 686.5483637775821535, 881.8185273323972524 ) ) ;
#539 = CARTESIAN_POINT ( 'NONE',  ( -14.75000000000000355, 6.300000000000006928, 1.800000000000000044 ) ) ;
#540 = VECTOR ( 'NONE', #2853, 1000.000000000000000 ) ;
#541 = CARTESIAN_POINT ( 'NONE',  ( -18.35000000000000142, -13.49999999999999467, 12.39999999999999858 ) ) ;
#542 = DIRECTION ( 'NONE',  ( -1.000000000000000000, 0.000000000000000000, 0.000000000000000000 ) ) ;
#543 = ORIENTED_EDGE ( 'NONE', *, *, #834, .T. ) ;
#544 = ADVANCED_FACE ( 'NONE', ( #1795 ), #2383, .T. ) ;
#545 = CARTESIAN_POINT ( 'NONE',  ( -18.35000000000000142, -13.49999999999999467, 10.39999999999999858 ) ) ;
#546 = ORIENTED_EDGE ( 'NONE', *, *, #2196, .F. ) ;
#547 = CARTESIAN_POINT ( 'NONE',  ( 18.35000000000000142, -6.300000000000006040, 1.800000000000000044 ) ) ;
#548 = AXIS2_PLACEMENT_3D ( 'NONE', #2180, #2349, #1684 ) ;
#549 = VECTOR ( 'NONE', #2759, 1000.000000000000000 ) ;
#550 = DIRECTION ( 'NONE',  ( -1.000000000000000000, 0.000000000000000000, 0.000000000000000000 ) ) ;
#551 =( LENGTH_UNIT ( ) NAMED_UNIT ( * ) SI_UNIT ( .MILLI., .METRE. ) );
#552 = ORIENTED_EDGE ( 'NONE', *, *, #2471, .T. ) ;
#553 = DIRECTION ( 'NONE',  ( 0.000000000000000000, 1.000000000000000000, 0.000000000000000000 ) ) ;
#554 = CIRCLE ( 'NONE', #2245, 3.599999999999999201 ) ;
#555 = CARTESIAN_POINT ( 'NONE',  ( 3.035766082959420304E-15, 6.300000000000014033, 1.800000000000000044 ) ) ;
#556 = EDGE_CURVE ( 'NONE', #510, #1664, #1897, .T. ) ;
#557 = VECTOR ( 'NONE', #855, 1000.000000000000000 ) ;
#558 = AXIS2_PLACEMENT_3D ( 'NONE', #764, #570, #1021 ) ;
#559 = FACE_OUTER_BOUND ( 'NONE', #907, .T. ) ;
#560 = EDGE_CURVE ( 'NONE', #1675, #510, #2009, .T. ) ;
#561 = DIRECTION ( 'NONE',  ( 0.000000000000000000, 0.000000000000000000, 1.000000000000000000 ) ) ;
#562 = LINE ( 'NONE', #529, #1861 ) ;
#563 = ADVANCED_FACE ( 'NONE', ( #2438 ), #1994, .T. ) ;
#564 = ORIENTED_EDGE ( 'NONE', *, *, #2872, .F. ) ;
#565 = DIRECTION ( 'NONE',  ( 0.000000000000000000, 0.000000000000000000, -1.000000000000000000 ) ) ;
#566 = AXIS2_PLACEMENT_3D ( 'NONE', #360, #2621, #1074 ) ;
#567 = ORIENTED_EDGE ( 'NONE', *, *, #2676, .T. ) ;
#568 = DIRECTION ( 'NONE',  ( -1.000000000000000000, 0.000000000000000000, 0.000000000000000000 ) ) ;
#569 =( GEOMETRIC_REPRESENTATION_CONTEXT ( 3 ) GLOBAL_UNCERTAINTY_ASSIGNED_CONTEXT ( ( #1428 ) ) GLOBAL_UNIT_ASSIGNED_CONTEXT ( ( #1839, #1610, #2314 ) ) REPRESENTATION_CONTEXT ( 'NONE', 'WORKASPACE' ) );
#570 = DIRECTION ( 'NONE',  ( 0.000000000000000000, -0.000000000000000000, -1.000000000000000000 ) ) ;
#571 = EDGE_LOOP ( 'NONE', ( #680, #138, #2199, #75 ) ) ;
#572 = VERTEX_POINT ( 'NONE', #2893 ) ;
#573 = DIRECTION ( 'NONE',  ( -0.000000000000000000, 0.000000000000000000, 1.000000000000000000 ) ) ;
#574 = ORIENTED_EDGE ( 'NONE', *, *, #1824, .F. ) ;
#575 = DIRECTION ( 'NONE',  ( 3.083952846180997262E-14, -1.000000000000000000, 0.000000000000000000 ) ) ;
#576 = PLANE ( 'NONE',  #1726 ) ;
#577 = DIRECTION ( 'NONE',  ( 0.000000000000000000, 0.000000000000000000, -1.000000000000000000 ) ) ;
#578 = FACE_OUTER_BOUND ( 'NONE', #2014, .T. ) ;
#579 = EDGE_LOOP ( 'NONE', ( #249, #1783, #173, #762 ) ) ;
#580 = LINE ( 'NONE', #136, #942 ) ;
#581 = DIRECTION ( 'NONE',  ( 1.000000000000000000, 0.000000000000000000, 0.000000000000000000 ) ) ;
#582 = AXIS2_PLACEMENT_3D ( 'NONE', #2481, #415, #1342 ) ;
#583 = EDGE_CURVE ( 'NONE', #1677, #1348, #383, .T. ) ;
#584 = VERTEX_POINT ( 'NONE', #1533 ) ;
#585 = CARTESIAN_POINT ( 'NONE',  ( 1296.648144900298576, 653.4483637775822444, 874.8424773576143707 ) ) ;
#586 = ORIENTED_EDGE ( 'NONE', *, *, #1053, .T. ) ;
#587 = ADVANCED_FACE ( 'NONE', ( #1052 ), #184, .T. ) ;
#588 = LINE ( 'NONE', #1091, #175 ) ;
#589 = DIRECTION ( 'NONE',  ( 0.000000000000000000, 0.000000000000000000, -1.000000000000000000 ) ) ;
#590 = VECTOR ( 'NONE', #1243, 1000.000000000000000 ) ;
#591 = DIRECTION ( 'NONE',  ( -0.000000000000000000, -0.000000000000000000, 1.000000000000000000 ) ) ;
#592 = ORIENTED_EDGE ( 'NONE', *, *, #2246, .T. ) ;
#593 = DIRECTION ( 'NONE',  ( -0.000000000000000000, 1.445602896647339163E-16, 1.000000000000000000 ) ) ;
#594 = CARTESIAN_POINT ( 'NONE',  ( 1285.048144900298666, 690.1483637775821762, 881.8185273323972524 ) ) ;
#595 = AXIS2_PLACEMENT_3D ( 'NONE', #1806, #1825, #1582 ) ;
#596 = ORIENTED_EDGE ( 'NONE', *, *, #1669, .F. ) ;
#597 = EDGE_CURVE ( 'NONE', #2681, #1625, #2913, .T. ) ;
#598 = VECTOR ( 'NONE', #2937, 1000.000000000000000 ) ;
#599 = ORIENTED_EDGE ( 'NONE', *, *, #1283, .F. ) ;
#600 = CARTESIAN_POINT ( 'NONE',  ( 1290.348144900298848, 653.4483637775823581, 881.8185273323972524 ) ) ;
#601 = SHAPE_REPRESENTATION_RELATIONSHIP ( 'NONE' , 'NONE' ,  #2629, #2512 ) ;
#602 = FACE_BOUND ( 'NONE', #2103, .T. ) ;
#603 = CARTESIAN_POINT ( 'NONE',  ( 1284.048144900298666, 686.5483637775821535, 874.8424773576143707 ) ) ;
#604 = CIRCLE ( 'NONE', #67, 1.017453735581517416 ) ;
#605 = EDGE_CURVE ( 'NONE', #2704, #185, #2025, .T. ) ;
#606 = PLANE ( 'NONE',  #629 ) ;
#607 = ORIENTED_EDGE ( 'NONE', *, *, #71, .F. ) ;
#608 = CARTESIAN_POINT ( 'NONE',  ( 0.000000000000000000, 14.51745373558152075, 12.39999999999999858 ) ) ;
#609 = FACE_OUTER_BOUND ( 'NONE', #1031, .T. ) ;
#610 = ADVANCED_FACE ( 'NONE', ( #353 ), #2177, .F. ) ;
#611 = VECTOR ( 'NONE', #1333, 1000.000000000000000 ) ;
#612 = ADVANCED_FACE ( 'NONE', ( #609 ), #1981, .T. ) ;
#613 = ORIENTED_EDGE ( 'NONE', *, *, #1269, .T. ) ;
#614 = LINE ( 'NONE', #1548, #540 ) ;
#615 = CARTESIAN_POINT ( 'NONE',  ( 0.000000000000000000, 0.000000000000000000, 0.000000000000000000 ) ) ;
#616 = CARTESIAN_POINT ( 'NONE',  ( -18.35000000000000142, -14.49999999999999467, 10.39999999999999858 ) ) ;
#617 = LINE ( 'NONE', #2859, #2575 ) ;
#618 = FACE_OUTER_BOUND ( 'NONE', #1560, .T. ) ;
#619 = ORIENTED_EDGE ( 'NONE', *, *, #810, .T. ) ;
#620 = CARTESIAN_POINT ( 'NONE',  ( -18.35000000000000142, 6.300000000000006040, 1.800000000000000044 ) ) ;
#621 = PRODUCT ( 'Assem2', 'Assem2', '', ( #1491 ) ) ;
#622 = DIRECTION ( 'NONE',  ( -1.000000000000000000, 0.000000000000000000, 0.000000000000000000 ) ) ;
#623 = ADVANCED_FACE ( 'NONE', ( #1310 ), #642, .T. ) ;
#624 = ORIENTED_EDGE ( 'NONE', *, *, #2261, .F. ) ;
#625 = CARTESIAN_POINT ( 'NONE',  ( -21.35100000000000264, -6.500000000000000000, 9.000000000000000000 ) ) ;
#626 = ORIENTED_EDGE ( 'NONE', *, *, #1393, .F. ) ;
#627 = CARTESIAN_POINT ( 'NONE',  ( 1276.848144900298621, 660.6483637775820625, 874.8424773576143707 ) ) ;
#628 = VECTOR ( 'NONE', #1673, 1000.000000000000000 ) ;
#629 = AXIS2_PLACEMENT_3D ( 'NONE', #1061, #1990, #1735 ) ;
#630 = EDGE_LOOP ( 'NONE', ( #1381, #466, #1617, #2728 ) ) ;
#631 = CARTESIAN_POINT ( 'NONE',  ( 18.35000000000000142, 13.50000000000000533, 0.000000000000000000 ) ) ;
#632 = PLANE ( 'NONE',  #750 ) ;
#633 = PRODUCT_RELATED_PRODUCT_CATEGORY ( 'part', '', ( #1313 ) ) ;
#634 = EDGE_LOOP ( 'NONE', ( #1043, #1764, #1968, #1395 ) ) ;
#635 = DIRECTION ( 'NONE',  ( -1.000000000000000000, 0.000000000000000000, 0.000000000000000000 ) ) ;
#636 = ORIENTED_EDGE ( 'NONE', *, *, #1720, .T. ) ;
#637 = CARTESIAN_POINT ( 'NONE',  ( 11.15000000000000391, -9.900000000000005684, 1.800000000000000044 ) ) ;
#638 = VECTOR ( 'NONE', #2045, 1000.000000000000000 ) ;
#639 = TOROIDAL_SURFACE ( 'NONE', #448, 4.600000000000047606, 1.000000000000000000 ) ;
#640 = EDGE_CURVE ( 'NONE', #2450, #25, #2746, .T. ) ;
#641 = ADVANCED_FACE ( 'NONE', ( #2262 ), #1113, .F. ) ;
#642 = CYLINDRICAL_SURFACE ( 'NONE', #1018, 1.000000000000111910 ) ;
#643 = VERTEX_POINT ( 'NONE', #1282 ) ;
#644 = EDGE_CURVE ( 'NONE', #1094, #1650, #2879, .T. ) ;
#645 = DIRECTION ( 'NONE',  ( -0.000000000000000000, 0.000000000000000000, -1.000000000000000000 ) ) ;
#646 = ORIENTED_EDGE ( 'NONE', *, *, #1370, .F. ) ;
#647 = DIRECTION ( 'NONE',  ( -0.008726535498373953759, -0.000000000000000000, -0.9999619230641713097 ) ) ;
#648 = SHAPE_DEFINITION_REPRESENTATION ( #2226, #2629 ) ;
#649 = AXIS2_PLACEMENT_3D ( 'NONE', #73, #1495, #1002 ) ;
#650 = ORIENTED_EDGE ( 'NONE', *, *, #1915, .F. ) ;
#651 = EDGE_LOOP ( 'NONE', ( #2108, #334, #262, #1510 ) ) ;
#652 = CARTESIAN_POINT ( 'NONE',  ( 1280.448144900298757, 657.0483637775821535, 881.8185273323972524 ) ) ;
#653 = EDGE_CURVE ( 'NONE', #103, #21, #1516, .T. ) ;
#654 = CYLINDRICAL_SURFACE ( 'NONE', #595, 0.9999999999998898659 ) ;
#655 = PRODUCT ( 'Part4^Assem2', 'Part4^Assem2', '', ( #917 ) ) ;
#656 = ADVANCED_FACE ( 'NONE', ( #446 ), #228, .F. ) ;
#657 = EDGE_CURVE ( 'NONE', #691, #345, #1632, .T. ) ;
#658 = CARTESIAN_POINT ( 'NONE',  ( 1296.648144900298576, 657.0483637775822672, 874.8424773576143707 ) ) ;
#659 = FACE_OUTER_BOUND ( 'NONE', #2950, .T. ) ;
#660 = VERTEX_POINT ( 'NONE', #2972 ) ;
#661 = LINE ( 'NONE', #2320, #2617 ) ;
#662 = VECTOR ( 'NONE', #2065, 1000.000000000000000 ) ;
#663 = VECTOR ( 'NONE', #2185, 1000.000000000000000 ) ;
#664 = DIRECTION ( 'NONE',  ( -1.000000000000000000, 0.000000000000000000, 0.000000000000000000 ) ) ;
#665 = ORIENTED_EDGE ( 'NONE', *, *, #556, .F. ) ;
#666 = DIRECTION ( 'NONE',  ( -1.000000000000000000, 0.000000000000000000, 0.000000000000000000 ) ) ;
#667 = ORIENTED_EDGE ( 'NONE', *, *, #1682, .T. ) ;
#668 = FACE_OUTER_BOUND ( 'NONE', #1851, .T. ) ;
#669 = VECTOR ( 'NONE', #1337, 1000.000000000000000 ) ;
#670 = ORIENTED_EDGE ( 'NONE', *, *, #2128, .T. ) ;
#671 = ORIENTED_EDGE ( 'NONE', *, *, #428, .F. ) ;
#672 = CARTESIAN_POINT ( 'NONE',  ( 1295.648144900298803, 671.7983637775821535, 880.8185273323972524 ) ) ;
#673 = DIRECTION ( 'NONE',  ( -1.000000000000000000, 0.000000000000000000, 0.000000000000000000 ) ) ;
#674 = LINE ( 'NONE', #2508, #1848 ) ;
#675 = DIRECTION ( 'NONE',  ( 1.000000000000000000, 0.000000000000000000, 0.000000000000000000 ) ) ;
#676 = CARTESIAN_POINT ( 'NONE',  ( 1285.048144900298666, 653.4483637775822444, 881.8185273323972524 ) ) ;
#677 = EDGE_CURVE ( 'NONE', #2126, #25, #1156, .T. ) ;
#678 = DIRECTION ( 'NONE',  ( -1.000000000000000000, 0.000000000000000000, 0.000000000000000000 ) ) ;
#679 = CARTESIAN_POINT ( 'NONE',  ( 11.15000000000000391, 0.000000000000000000, 1.800000000000000044 ) ) ;
#680 = ORIENTED_EDGE ( 'NONE', *, *, #428, .T. ) ;
#681 = VECTOR ( 'NONE', #213, 1000.000000000000000 ) ;
#682 = VERTEX_POINT ( 'NONE', #199 ) ;
#683 = CARTESIAN_POINT ( 'NONE',  ( -3.035766082959420304E-15, 6.300000000000014033, 1.800000000000000044 ) ) ;
#684 = VECTOR ( 'NONE', #2, 1000.000000000000000 ) ;
#685 = CYLINDRICAL_SURFACE ( 'NONE', #1924, 3.599999999999999201 ) ;
#686 = CARTESIAN_POINT ( 'NONE',  ( 1276.848144900298848, 653.4483637775821308, 883.8185273323972524 ) ) ;
#687 = DIRECTION ( 'NONE',  ( 0.000000000000000000, 1.000000000000000000, 0.000000000000000000 ) ) ;
#688 = VERTEX_POINT ( 'NONE', #946 ) ;
#689 = VECTOR ( 'NONE', #1800, 1000.000000000000000 ) ;
#690 = PLANE ( 'NONE',  #2623 ) ;
#691 = VERTEX_POINT ( 'NONE', #2511 ) ;
#692 = EDGE_CURVE ( 'NONE', #2280, #1864, #1877, .T. ) ;
#693 = DIRECTION ( 'NONE',  ( -0.000000000000000000, 0.000000000000000000, -1.000000000000000000 ) ) ;
#694 = CONTEXT_DEPENDENT_SHAPE_REPRESENTATION ( #41, #1676 ) ;
#695 = ORIENTED_EDGE ( 'NONE', *, *, #514, .F. ) ;
#696 = ORIENTED_EDGE ( 'NONE', *, *, #1688, .F. ) ;
#697 = LINE ( 'NONE', #2050, #611 ) ;
#698 = DIRECTION ( 'NONE',  ( 0.000000000000000000, -0.9999619230641713097, 0.008726535498373953759 ) ) ;
#699 = CIRCLE ( 'NONE', #2388, 4.599999999999937472 ) ;
#700 = CARTESIAN_POINT ( 'NONE',  ( -18.35000000000000142, 13.50000000000000533, 10.39999999999999858 ) ) ;
#701 = CARTESIAN_POINT ( 'NONE',  ( 1284.048144900298666, 653.4483637775822444, 874.8424773576143707 ) ) ;
#702 = EDGE_CURVE ( 'NONE', #370, #2313, #1360, .T. ) ;
#703 = FACE_OUTER_BOUND ( 'NONE', #1837, .T. ) ;
#704 = VECTOR ( 'NONE', #2026, 1000.000000000000000 ) ;
#705 = VERTEX_POINT ( 'NONE', #914 ) ;
#706 = VECTOR ( 'NONE', #755, 1000.000000000000000 ) ;
#707 = ORIENTED_EDGE ( 'NONE', *, *, #2042, .T. ) ;
#708 = ORIENTED_EDGE ( 'NONE', *, *, #1164, .T. ) ;
#709 = DIRECTION ( 'NONE',  ( 0.000000000000000000, 0.000000000000000000, 1.000000000000000000 ) ) ;
#710 = ORIENTED_EDGE ( 'NONE', *, *, #227, .F. ) ;
#711 = LINE ( 'NONE', #1413, #413 ) ;
#712 = VERTEX_POINT ( 'NONE', #2095 ) ;
#713 = VECTOR ( 'NONE', #2093, 1000.000000000000000 ) ;
#714 = ORIENTED_EDGE ( 'NONE', *, *, #312, .T. ) ;
#715 = DIRECTION ( 'NONE',  ( -0.008726535498373953759, -0.000000000000000000, 0.9999619230641713097 ) ) ;
#716 = PLANE ( 'NONE',  #2663 ) ;
#717 = STYLED_ITEM ( 'NONE', ( #922 ), #1540 ) ;
#718 = CARTESIAN_POINT ( 'NONE',  ( 1285.048144900298666, 671.7983637775821535, 880.8185273323972524 ) ) ;
#719 = CARTESIAN_POINT ( 'NONE',  ( -14.75000000000000355, 9.900000000000005684, 1.800000000000000044 ) ) ;
#720 = CARTESIAN_POINT ( 'NONE',  ( 0.000000000000000000, 0.000000000000000000, 10.39999999999999858 ) ) ;
#721 = DIRECTION ( 'NONE',  ( 0.000000000000000000, 0.000000000000000000, 1.000000000000000000 ) ) ;
#722 = ORIENTED_EDGE ( 'NONE', *, *, #227, .T. ) ;
#723 = EDGE_LOOP ( 'NONE', ( #1297, #509, #384, #1485, #1591 ) ) ;
#724 = EDGE_CURVE ( 'NONE', #12, #765, #821, .T. ) ;
#725 = DIRECTION ( 'NONE',  ( -1.000000000000000000, -3.083952846180949299E-14, 0.000000000000000000 ) ) ;
#726 = DIRECTION ( 'NONE',  ( -0.000000000000000000, 0.000000000000000000, 1.000000000000000000 ) ) ;
#727 = ORIENTED_EDGE ( 'NONE', *, *, #435, .T. ) ;
#728 = CARTESIAN_POINT ( 'NONE',  ( 1290.348144900298394, 690.1483637775820625, 881.8185273323972524 ) ) ;
#729 = EDGE_LOOP ( 'NONE', ( #957, #2754, #1005, #191, #423, #2764, #1505, #2811 ) ) ;
#730 = PLANE ( 'NONE',  #1471 ) ;
#731 = LINE ( 'NONE', #2345, #2568 ) ;
#732 = AXIS2_PLACEMENT_3D ( 'NONE', #1034, #568, #1265 ) ;
#733 = DIRECTION ( 'NONE',  ( 1.000000000000000000, 8.223874256482668095E-15, 0.000000000000000000 ) ) ;
#734 = CARTESIAN_POINT ( 'NONE',  ( 18.35000000000000142, 6.300000000000006040, 0.000000000000000000 ) ) ;
#735 = ADVANCED_FACE ( 'NONE', ( #2525 ), #1405, .F. ) ;
#736 = DIRECTION ( 'NONE',  ( 0.000000000000000000, 0.000000000000000000, 1.000000000000000000 ) ) ;
#737 = ORIENTED_EDGE ( 'NONE', *, *, #113, .F. ) ;
#738 = EDGE_LOOP ( 'NONE', ( #1547, #2035, #1107, #2574 ) ) ;
#739 = CARTESIAN_POINT ( 'NONE',  ( -14.75000000000000355, 6.300000000000006928, 1.800000000000000044 ) ) ;
#740 = CARTESIAN_POINT ( 'NONE',  ( 0.000000000000000000, 0.000000000000000000, 1.800000000000000044 ) ) ;
#741 = ADVANCED_FACE ( 'NONE', ( #703 ), #2554, .T. ) ;
#742 = VECTOR ( 'NONE', #2429, 1000.000000000000000 ) ;
#743 = EDGE_CURVE ( 'NONE', #1569, #2772, #1616, .T. ) ;
#744 = VERTEX_POINT ( 'NONE', #676 ) ;
#745 = CARTESIAN_POINT ( 'NONE',  ( 1284.048144900298666, 690.1483637775821762, 880.8185273323972524 ) ) ;
#746 = LINE ( 'NONE', #1182, #590 ) ;
#747 = EDGE_CURVE ( 'NONE', #1815, #2498, #462, .T. ) ;
#748 = LINE ( 'NONE', #1213, #2633 ) ;
#749 = DIRECTION ( 'NONE',  ( -1.000000000000000000, 0.000000000000000000, 0.000000000000000000 ) ) ;
#750 = AXIS2_PLACEMENT_3D ( 'NONE', #1566, #1539, #407 ) ;
#751 = EDGE_CURVE ( 'NONE', #865, #1073, #492, .T. ) ;
#752 = LINE ( 'NONE', #287, #2701 ) ;
#753 = ORIENTED_EDGE ( 'NONE', *, *, #1982, .T. ) ;
#754 = ORIENTED_EDGE ( 'NONE', *, *, #1273, .T. ) ;
#755 = DIRECTION ( 'NONE',  ( -0.000000000000000000, 0.008726535498373953759, -0.9999619230641713097 ) ) ;
#756 = ORIENTED_EDGE ( 'NONE', *, *, #1258, .T. ) ;
#757 = FACE_OUTER_BOUND ( 'NONE', #481, .T. ) ;
#758 = CARTESIAN_POINT ( 'NONE',  ( -19.36745373558151684, -13.49999999999999467, 12.39999999999999858 ) ) ;
#759 = DIRECTION ( 'NONE',  ( -1.000000000000000000, 0.000000000000000000, 0.000000000000000000 ) ) ;
#760 = DIRECTION ( 'NONE',  ( 1.000000000000000000, 0.000000000000000000, -0.000000000000000000 ) ) ;
#761 = FACE_OUTER_BOUND ( 'NONE', #1750, .T. ) ;
#762 = ORIENTED_EDGE ( 'NONE', *, *, #724, .T. ) ;
#763 = ORIENTED_EDGE ( 'NONE', *, *, #1285, .F. ) ;
#764 = CARTESIAN_POINT ( 'NONE',  ( -14.75000000000000355, -9.900000000000005684, 0.000000000000000000 ) ) ;
#765 = VERTEX_POINT ( 'NONE', #1812 ) ;
#766 = ORIENTED_EDGE ( 'NONE', *, *, #2872, .T. ) ;
#767 = LINE ( 'NONE', #2144, #784 ) ;
#768 = CARTESIAN_POINT ( 'NONE',  ( 1276.848144900298621, 0.000000000000000000, 874.8424773576143707 ) ) ;
#769 = ADVANCED_FACE ( 'NONE', ( #18 ), #2734, .F. ) ;
#770 = DIRECTION ( 'NONE',  ( -0.000000000000000000, -0.000000000000000000, 1.000000000000000000 ) ) ;
#771 = FACE_OUTER_BOUND ( 'NONE', #2935, .T. ) ;
#772 = ORIENTED_EDGE ( 'NONE', *, *, #230, .T. ) ;
#773 = FACE_OUTER_BOUND ( 'NONE', #1963, .T. ) ;
#774 = AXIS2_PLACEMENT_3D ( 'NONE', #1437, #2625, #565 ) ;
#775 = EDGE_LOOP ( 'NONE', ( #2823, #1898, #343, #245 ) ) ;
#776 = LINE ( 'NONE', #2425, #1987 ) ;
#777 = PRODUCT_DEFINITION_CONTEXT ( 'detailed design', #290, 'design' ) ;
#778 = DIRECTION ( 'NONE',  ( 0.000000000000000000, 0.000000000000000000, 1.000000000000000000 ) ) ;
#779 = EDGE_LOOP ( 'NONE', ( #1999, #2090, #1399, #1686 ) ) ;
#780 = EDGE_CURVE ( 'NONE', #2280, #2864, #1187, .T. ) ;
#781 = ORIENTED_EDGE ( 'NONE', *, *, #1189, .F. ) ;
#782 = LINE ( 'NONE', #2881, #742 ) ;
#783 = DIRECTION ( 'NONE',  ( 1.000000000000000000, -4.818676322157799347E-16, 0.000000000000000000 ) ) ;
#784 = VECTOR ( 'NONE', #1692, 1000.000000000000000 ) ;
#785 = DIRECTION ( 'NONE',  ( 1.000000000000000000, -4.818676322157799347E-16, 0.000000000000000000 ) ) ;
#786 = LINE ( 'NONE', #2376, #274 ) ;
#787 = CARTESIAN_POINT ( 'NONE',  ( 0.000000000000000000, 16.50000000000000355, -3.000000000000000000 ) ) ;
#788 = ORIENTED_EDGE ( 'NONE', *, *, #2968, .F. ) ;
#789 = FACE_OUTER_BOUND ( 'NONE', #938, .T. ) ;
#790 = CARTESIAN_POINT ( 'NONE',  ( 1276.848144900298621, 690.1483637775821762, 874.8424773576143707 ) ) ;
#791 = AXIS2_PLACEMENT_3D ( 'NONE', #1350, #1165, #2297 ) ;
#792 = AXIS2_PLACEMENT_3D ( 'NONE', #1765, #1097, #2927 ) ;
#793 = CARTESIAN_POINT ( 'NONE',  ( 1296.648144900298576, 0.000000000000000000, 874.8424773576143707 ) ) ;
#794 = ORIENTED_EDGE ( 'NONE', *, *, #2567, .F. ) ;
#795 = CARTESIAN_POINT ( 'NONE',  ( 1303.848144900298848, 653.4483637775822444, 883.8185273323972524 ) ) ;
#796 = VECTOR ( 'NONE', #2419, 1000.000000000000000 ) ;
#797 =( NAMED_UNIT ( * ) SI_UNIT ( $, .STERADIAN. ) SOLID_ANGLE_UNIT ( ) );
#798 = AXIS2_PLACEMENT_3D ( 'NONE', #1019, #2399, #2768 ) ;
#799 = VECTOR ( 'NONE', #1503, 1000.000000000000000 ) ;
#800 = LINE ( 'NONE', #1245, #1040 ) ;
#801 = FACE_BOUND ( 'NONE', #2719, .T. ) ;
#802 = CARTESIAN_POINT ( 'NONE',  ( 1295.473144900298848, 659.0483637775822672, 874.8414773576142807 ) ) ;
#803 = EDGE_CURVE ( 'NONE', #313, #930, #1355, .T. ) ;
#804 = VERTEX_POINT ( 'NONE', #2055 ) ;
#805 = CARTESIAN_POINT ( 'NONE',  ( 1303.848144900298621, 691.1483637775824036, 833.4585231967477057 ) ) ;
#806 = ORIENTED_EDGE ( 'NONE', *, *, #2721, .F. ) ;
#807 = DIRECTION ( 'NONE',  ( 0.000000000000000000, 0.000000000000000000, 1.000000000000000000 ) ) ;
#808 = VECTOR ( 'NONE', #441, 1000.000000000000000 ) ;
#809 = CARTESIAN_POINT ( 'NONE',  ( 1295.648144900298803, 653.4483637775822444, 880.8185273323972524 ) ) ;
#810 = EDGE_CURVE ( 'NONE', #1862, #682, #531, .T. ) ;
#811 = EDGE_LOOP ( 'NONE', ( #707, #2091, #918, #454, #1983 ) ) ;
#812 = DIRECTION ( 'NONE',  ( 0.000000000000000000, -1.000000000000000000, 0.000000000000000000 ) ) ;
#813 = PLANE ( 'NONE',  #315 ) ;
#814 = CARTESIAN_POINT ( 'NONE',  ( 1303.848144900299076, 681.9483637775822444, 881.8185273323972524 ) ) ;
#815 = CARTESIAN_POINT ( 'NONE',  ( 21.35000000000000142, 6.500000000000000000, 9.000000000000000000 ) ) ;
#816 = EDGE_CURVE ( 'NONE', #1911, #483, #752, .T. ) ;
#817 = DIRECTION ( 'NONE',  ( 1.000000000000000000, -0.000000000000000000, -0.000000000000000000 ) ) ;
#818 = ORIENTED_EDGE ( 'NONE', *, *, #2887, .F. ) ;
#819 = LINE ( 'NONE', #1751, #2903 ) ;
#820 = CARTESIAN_POINT ( 'NONE',  ( 0.000000000000000000, 0.000000000000000000, -3.000000000000000000 ) ) ;
#821 = CIRCLE ( 'NONE', #2510, 3.600000000000047606 ) ;
#822 = ORIENTED_EDGE ( 'NONE', *, *, #2330, .T. ) ;
#823 = PLANE ( 'NONE',  #299 ) ;
#824 = ADVANCED_FACE ( 'NONE', ( #789 ), #276, .F. ) ;
#825 = ORIENTED_EDGE ( 'NONE', *, *, #1393, .T. ) ;
#826 = DIRECTION ( 'NONE',  ( 0.000000000000000000, 0.000000000000000000, -1.000000000000000000 ) ) ;
#827 = VECTOR ( 'NONE', #1055, 1000.000000000000000 ) ;
#828 = LINE ( 'NONE', #844, #2953 ) ;
#829 = AXIS2_PLACEMENT_3D ( 'NONE', #768, #502, #2580 ) ;
#830 = EDGE_CURVE ( 'NONE', #2059, #2529, #1004, .T. ) ;
#831 = CARTESIAN_POINT ( 'NONE',  ( -5.683917236280489298E-12, 691.1483637775716034, 833.4585231967477057 ) ) ;
#832 = ORIENTED_EDGE ( 'NONE', *, *, #1908, .T. ) ;
#833 = FACE_OUTER_BOUND ( 'NONE', #738, .T. ) ;
#834 = EDGE_CURVE ( 'NONE', #1148, #705, #993, .T. ) ;
#835 = DIRECTION ( 'NONE',  ( -1.000000000000000000, 0.000000000000000000, -0.000000000000000000 ) ) ;
#836 = CIRCLE ( 'NONE', #548, 2.999999999999999112 ) ;
#837 = VECTOR ( 'NONE', #476, 1000.000000000000000 ) ;
#838 = ORIENTED_EDGE ( 'NONE', *, *, #1216, .F. ) ;
#839 = CARTESIAN_POINT ( 'NONE',  ( 1303.848144900298848, 660.6483637775821762, 880.8185273323972524 ) ) ;
#840 =( NAMED_UNIT ( * ) SI_UNIT ( $, .STERADIAN. ) SOLID_ANGLE_UNIT ( ) );
#841 = VECTOR ( 'NONE', #2960, 1000.000000000000000 ) ;
#842 = ORIENTED_EDGE ( 'NONE', *, *, #653, .F. ) ;
#843 = CARTESIAN_POINT ( 'NONE',  ( 0.000000000000000000, 0.000000000000000000, 874.8424773576143707 ) ) ;
#844 = CARTESIAN_POINT ( 'NONE',  ( -0.000000000000000000, 682.9483637775821308, 874.8424773576143707 ) ) ;
#845 = CIRCLE ( 'NONE', #170, 2.999999999999999112 ) ;
#846 = ADVANCED_FACE ( 'NONE', ( #761 ), #58, .T. ) ;
#847 = VERTEX_POINT ( 'NONE', #1262 ) ;
#848 = DIRECTION ( 'NONE',  ( 0.000000000000000000, 0.000000000000000000, 1.000000000000000000 ) ) ;
#849 = ORIENTED_EDGE ( 'NONE', *, *, #1374, .T. ) ;
#850 = DIRECTION ( 'NONE',  ( -0.000000000000000000, -0.000000000000000000, -1.000000000000000000 ) ) ;
#851 = VECTOR ( 'NONE', #1246, 1000.000000000000000 ) ;
#852 = DIRECTION ( 'NONE',  ( -1.000000000000000000, -0.000000000000000000, -0.000000000000000000 ) ) ;
#853 = MECHANICAL_DESIGN_GEOMETRIC_PRESENTATION_REPRESENTATION (  '', ( #717 ), #569 ) ;
#854 = ORIENTED_EDGE ( 'NONE', *, *, #1085, .F. ) ;
#855 = DIRECTION ( 'NONE',  ( 0.000000000000000000, 0.000000000000000000, 1.000000000000000000 ) ) ;
#856 =( LENGTH_UNIT ( ) NAMED_UNIT ( * ) SI_UNIT ( .MILLI., .METRE. ) );
#857 = EDGE_LOOP ( 'NONE', ( #586, #2624, #206, #2488, #1311 ) ) ;
#858 = ORIENTED_EDGE ( 'NONE', *, *, #1151, .T. ) ;
#859 = CARTESIAN_POINT ( 'NONE',  ( 1290.348144900298621, 671.7983637775821535, 881.8185273323972524 ) ) ;
#860 = FACE_OUTER_BOUND ( 'NONE', #2424, .T. ) ;
#861 = ADVANCED_FACE ( 'NONE', ( #773 ), #1920, .F. ) ;
#862 = EDGE_CURVE ( 'NONE', #883, #2514, #2381, .T. ) ;
#863 = ORIENTED_EDGE ( 'NONE', *, *, #205, .F. ) ;
#864 = DIRECTION ( 'NONE',  ( -0.000000000000000000, 0.000000000000000000, -1.000000000000000000 ) ) ;
#865 = VERTEX_POINT ( 'NONE', #304 ) ;
#866 = CARTESIAN_POINT ( 'NONE',  ( 18.35000000000000142, 13.50000000000000533, 10.39999999999999858 ) ) ;
#867 = EDGE_CURVE ( 'NONE', #103, #2010, #1892, .T. ) ;
#868 = DIRECTION ( 'NONE',  ( 0.000000000000000000, 0.000000000000000000, 1.000000000000000000 ) ) ;
#869 = ORIENTED_EDGE ( 'NONE', *, *, #644, .F. ) ;
#870 = ADVANCED_FACE ( 'NONE', ( #965 ), #2819, .T. ) ;
#871 = CARTESIAN_POINT ( 'NONE',  ( 1276.848144900298621, 690.1483637775821762, 874.8424773576143707 ) ) ;
#872 = VERTEX_POINT ( 'NONE', #2153 ) ;
#873 = FACE_BOUND ( 'NONE', #2914, .T. ) ;
#874 = EDGE_CURVE ( 'NONE', #765, #705, #1932, .T. ) ;
#875 = EDGE_CURVE ( 'NONE', #11, #2059, #2610, .T. ) ;
#876 = TOROIDAL_SURFACE ( 'NONE', #2836, 4.599999999999992539, 1.000000000000000000 ) ;
#877 = ORIENTED_EDGE ( 'NONE', *, *, #2356, .F. ) ;
#878 = VERTEX_POINT ( 'NONE', #1234 ) ;
#879 = LINE ( 'NONE', #2282, #2404 ) ;
#880 = LINE ( 'NONE', #1109, #307 ) ;
#881 = DIRECTION ( 'NONE',  ( 1.000000000000000000, 0.000000000000000000, 0.000000000000000000 ) ) ;
#882 = DIRECTION ( 'NONE',  ( -1.000000000000000000, 0.000000000000000000, 0.000000000000000000 ) ) ;
#883 = VERTEX_POINT ( 'NONE', #545 ) ;
#884 = LINE ( 'NONE', #1993, #2145 ) ;
#885 = VECTOR ( 'NONE', #2443, 1000.000000000000000 ) ;
#886 = DIRECTION ( 'NONE',  ( 1.000000000000000000, 3.083952846180949299E-14, 0.000000000000000000 ) ) ;
#887 = DIRECTION ( 'NONE',  ( 0.000000000000000000, -0.000000000000000000, 1.000000000000000000 ) ) ;
#888 = EDGE_LOOP ( 'NONE', ( #236, #1526, #385, #1358, #1489 ) ) ;
#889 = DIRECTION ( 'NONE',  ( 1.000000000000000000, 3.083952846180949930E-14, 0.000000000000000000 ) ) ;
#890 = CIRCLE ( 'NONE', #259, 1.017453735581517416 ) ;
#891 = ORIENTED_EDGE ( 'NONE', *, *, #912, .F. ) ;
#892 = EDGE_CURVE ( 'NONE', #2611, #1857, #2396, .T. ) ;
#893 = ORIENTED_EDGE ( 'NONE', *, *, #449, .T. ) ;
#894 = CARTESIAN_POINT ( 'NONE',  ( -18.35000000000000142, 13.50000000000000533, 10.39999999999999858 ) ) ;
#895 = DIRECTION ( 'NONE',  ( -1.000000000000000000, 0.000000000000000000, 0.000000000000000000 ) ) ;
#896 = DIRECTION ( 'NONE',  ( 1.000000000000000000, -0.000000000000000000, -0.000000000000000000 ) ) ;
#897 = CARTESIAN_POINT ( 'NONE',  ( 1276.848144900298848, 653.4483637775821308, 833.4585231967477057 ) ) ;
#898 = AXIS2_PLACEMENT_3D ( 'NONE', #2587, #2084, #1819 ) ;
#899 = AXIS2_PLACEMENT_3D ( 'NONE', #2502, #1847, #2961 ) ;
#900 = DIRECTION ( 'NONE',  ( 1.000000000000000000, 0.000000000000000000, 0.000000000000000000 ) ) ;
#901 = EDGE_LOOP ( 'NONE', ( #2560, #543, #2638, #523 ) ) ;
#902 = LINE ( 'NONE', #480, #169 ) ;
#903 = CARTESIAN_POINT ( 'NONE',  ( 1276.848144900298848, 652.4483637775820171, 881.8185273323972524 ) ) ;
#904 = VECTOR ( 'NONE', #2905, 1000.000000000000000 ) ;
#905 = CONTEXT_DEPENDENT_SHAPE_REPRESENTATION ( #2016, #391 ) ;
#906 = ADVANCED_FACE ( 'NONE', ( #1716 ), #322, .T. ) ;
#907 = EDGE_LOOP ( 'NONE', ( #1361, #552, #1647, #650, #822 ) ) ;
#908 = ORIENTED_EDGE ( 'NONE', *, *, #966, .F. ) ;
#909 = CARTESIAN_POINT ( 'NONE',  ( 1296.648144900298576, 690.1483637775821762, 874.8424773576143707 ) ) ;
#910 = CARTESIAN_POINT ( 'NONE',  ( -11.15000000000000391, 13.50000000000000533, 1.800000000000000044 ) ) ;
#911 = DIRECTION ( 'NONE',  ( 0.000000000000000000, 0.000000000000000000, 1.000000000000000000 ) ) ;
#912 = EDGE_CURVE ( 'NONE', #1625, #2010, #2085, .T. ) ;
#913 = ADVANCED_FACE ( 'NONE', ( #2412 ), #336, .F. ) ;
#914 = CARTESIAN_POINT ( 'NONE',  ( 1280.448144900298757, 660.6483637775821762, 880.8185273323972524 ) ) ;
#915 = DIRECTION ( 'NONE',  ( 0.000000000000000000, -1.000000000000000000, 0.000000000000000000 ) ) ;
#916 = CARTESIAN_POINT ( 'NONE',  ( 1284.048144900298666, 657.0483637775821535, 874.8424773576143707 ) ) ;
#917 = PRODUCT_CONTEXT ( 'NONE', #1868, 'mechanical' ) ;
#918 = ORIENTED_EDGE ( 'NONE', *, *, #1184, .T. ) ;
#919 = VECTOR ( 'NONE', #1500, 1000.000000000000000 ) ;
#920 = EDGE_LOOP ( 'NONE', ( #624, #1320, #613, #825 ) ) ;
#921 = ADVANCED_FACE ( 'NONE', ( #618 ), #1553, .F. ) ;
#922 = PRESENTATION_STYLE_ASSIGNMENT (( #455 ) ) ;
#923 = DIRECTION ( 'NONE',  ( 0.000000000000000000, 1.000000000000000000, 0.000000000000000000 ) ) ;
#924 = AXIS2_PLACEMENT_3D ( 'NONE', #2459, #591, #635 ) ;
#925 = LINE ( 'NONE', #1365, #215 ) ;
#926 = CARTESIAN_POINT ( 'NONE',  ( 18.34999999999999787, -6.500000000000000000, 9.000000000000000000 ) ) ;
#927 = CARTESIAN_POINT ( 'NONE',  ( -18.35000000000000142, -6.300000000000006040, 1.800000000000000044 ) ) ;
#928 = CARTESIAN_POINT ( 'NONE',  ( 18.35000000000000142, -13.49999999999999467, 10.39999999999999858 ) ) ;
#929 = ADVANCED_FACE ( 'NONE', ( #578 ), #2223, .F. ) ;
#930 = VERTEX_POINT ( 'NONE', #106 ) ;
#931 = VECTOR ( 'NONE', #553, 1000.000000000000000 ) ;
#932 = VECTOR ( 'NONE', #2791, 1000.000000000000000 ) ;
#933 = ORIENTED_EDGE ( 'NONE', *, *, #1151, .F. ) ;
#934 = CARTESIAN_POINT ( 'NONE',  ( 18.35000000000000142, -14.51745373558151186, 12.39999999999999858 ) ) ;
#935 = VERTEX_POINT ( 'NONE', #2193 ) ;
#936 = LINE ( 'NONE', #27, #1292 ) ;
#937 = ORIENTED_EDGE ( 'NONE', *, *, #1982, .F. ) ;
#938 = EDGE_LOOP ( 'NONE', ( #1403, #2368, #115, #2478 ) ) ;
#939 = CARTESIAN_POINT ( 'NONE',  ( 0.000000000000000000, 660.6483637775821762, 874.8424773576143707 ) ) ;
#940 = AXIS2_PLACEMENT_3D ( 'NONE', #457, #471, #427 ) ;
#941 = CYLINDRICAL_SURFACE ( 'NONE', #1909, 3.599999999999999201 ) ;
#942 = VECTOR ( 'NONE', #2656, 1000.000000000000000 ) ;
#943 = CARTESIAN_POINT ( 'NONE',  ( -21.35100000000000264, -6.499999999999999112, 2.999999999999999112 ) ) ;
#944 = DIRECTION ( 'NONE',  ( -1.000000000000000000, 0.000000000000000000, 0.000000000000000000 ) ) ;
#945 = EDGE_CURVE ( 'NONE', #660, #872, #1964, .T. ) ;
#946 = CARTESIAN_POINT ( 'NONE',  ( 1296.648144900298576, 690.1483637775821762, 880.8185273323972524 ) ) ;
#947 = VECTOR ( 'NONE', #1078, 1000.000000000000000 ) ;
#948 = ORIENTED_EDGE ( 'NONE', *, *, #1196, .F. ) ;
#949 = AXIS2_PLACEMENT_3D ( 'NONE', #1703, #93, #1721 ) ;
#950 = ORIENTED_EDGE ( 'NONE', *, *, #1509, .F. ) ;
#951 = DIRECTION ( 'NONE',  ( -1.000000000000000000, 0.000000000000000000, 0.000000000000000000 ) ) ;
#952 = FACE_OUTER_BOUND ( 'NONE', #2824, .T. ) ;
#953 = AXIS2_PLACEMENT_3D ( 'NONE', #108, #2612, #1866 ) ;
#954 = ADVANCED_FACE ( 'NONE', ( #365 ), #1295, .T. ) ;
#955 = PRODUCT_DEFINITION ( 'UNKNOWN', '', #252, #1266 ) ;
#956 = VECTOR ( 'NONE', #2148, 1000.000000000000000 ) ;
#957 = ORIENTED_EDGE ( 'NONE', *, *, #2337, .T. ) ;
#958 = PLANE ( 'NONE',  #1805 ) ;
#959 = DIRECTION ( 'NONE',  ( -1.000000000000000000, 0.000000000000000000, 0.000000000000000000 ) ) ;
#960 = AXIS2_PLACEMENT_3D ( 'NONE', #843, #162, #2699 ) ;
#961 = ADVANCED_FACE ( 'NONE', ( #1515 ), #876, .F. ) ;
#962 = EDGE_CURVE ( 'NONE', #2174, #1608, #1278, .T. ) ;
#963 = CARTESIAN_POINT ( 'NONE',  ( 1276.848144900298621, 660.6483637775820625, 874.8424773576143707 ) ) ;
#964 = CARTESIAN_POINT ( 'NONE',  ( 1295.473144900298848, 659.0483637775822672, 874.8414773576142807 ) ) ;
#965 = FACE_OUTER_BOUND ( 'NONE', #2832, .T. ) ;
#966 = EDGE_CURVE ( 'NONE', #1105, #177, #2446, .T. ) ;
#967 = ORIENTED_EDGE ( 'NONE', *, *, #803, .T. ) ;
#968 = EDGE_CURVE ( 'NONE', #2030, #2563, #1, .T. ) ;
#969 = ORIENTED_EDGE ( 'NONE', *, *, #435, .F. ) ;
#970 = CARTESIAN_POINT ( 'NONE',  ( 11.15000000000000391, -13.49999999999999467, 0.000000000000000000 ) ) ;
#971 = ORIENTED_EDGE ( 'NONE', *, *, #294, .F. ) ;
#972 = EDGE_CURVE ( 'NONE', #160, #464, #1464, .T. ) ;
#973 = VERTEX_POINT ( 'NONE', #1781 ) ;
#974 = CARTESIAN_POINT ( 'NONE',  ( 1296.648144900298576, 657.0483637775822672, 880.8185273323972524 ) ) ;
#975 = EDGE_CURVE ( 'NONE', #345, #935, #1748, .T. ) ;
#976 = DIRECTION ( 'NONE',  ( -1.000000000000000000, 0.000000000000000000, 0.000000000000000000 ) ) ;
#977 = ADVANCED_FACE ( 'NONE', ( #2667 ), #606, .T. ) ;
#978 = LINE ( 'NONE', #272, #956 ) ;
#979 = ORIENTED_EDGE ( 'NONE', *, *, #1807, .T. ) ;
#980 = CARTESIAN_POINT ( 'NONE',  ( 1295.648144900298803, 671.7983637775821535, 881.8185273323972524 ) ) ;
#981 = CARTESIAN_POINT ( 'NONE',  ( 1284.048144900298666, 0.000000000000000000, 874.8424773576143707 ) ) ;
#982 = ORIENTED_EDGE ( 'NONE', *, *, #297, .F. ) ;
#983 = DIRECTION ( 'NONE',  ( -0.000000000000000000, -0.000000000000000000, -1.000000000000000000 ) ) ;
#984 =( GEOMETRIC_REPRESENTATION_CONTEXT ( 3 ) GLOBAL_UNCERTAINTY_ASSIGNED_CONTEXT ( ( #1718 ) ) GLOBAL_UNIT_ASSIGNED_CONTEXT ( ( #856, #2899, #840 ) ) REPRESENTATION_CONTEXT ( 'NONE', 'WORKASPACE' ) );
#985 = ORIENTED_EDGE ( 'NONE', *, *, #1509, .T. ) ;
#986 = DIRECTION ( 'NONE',  ( 0.000000000000000000, 1.000000000000000000, 0.000000000000000000 ) ) ;
#987 = CARTESIAN_POINT ( 'NONE',  ( 1276.848144900298621, 682.9483637775821308, 874.8424773576143707 ) ) ;
#988 = ADVANCED_FACE ( 'NONE', ( #379 ), #1306, .T. ) ;
#989 = AXIS2_PLACEMENT_3D ( 'NONE', #2002, #121, #589 ) ;
#990 = FACE_OUTER_BOUND ( 'NONE', #2237, .T. ) ;
#991 = DIRECTION ( 'NONE',  ( -0.000000000000000000, 0.000000000000000000, 1.000000000000000000 ) ) ;
#992 = AXIS2_PLACEMENT_3D ( 'NONE', #2208, #1063, #461 ) ;
#993 = LINE ( 'NONE', #2806, #1065 ) ;
#994 = EDGE_LOOP ( 'NONE', ( #2442, #5, #869, #129, #167 ) ) ;
#995 = ORIENTED_EDGE ( 'NONE', *, *, #2166, .F. ) ;
#996 = DIRECTION ( 'NONE',  ( -0.000000000000000000, 0.000000000000000000, 1.000000000000000000 ) ) ;
#997 = AXIS2_PLACEMENT_3D ( 'NONE', #625, #1559, #2465 ) ;
#998 = VERTEX_POINT ( 'NONE', #1763 ) ;
#999 = CARTESIAN_POINT ( 'NONE',  ( 1284.048144900298666, 653.4483637775822444, 880.8185273323972524 ) ) ;
#1000 = CARTESIAN_POINT ( 'NONE',  ( 18.34999999999999787, 6.500000000000000000, 9.000000000000000000 ) ) ;
#1001 = LINE ( 'NONE', #2163, #1391 ) ;
#1002 = DIRECTION ( 'NONE',  ( -1.000000000000000000, 0.000000000000000000, 0.000000000000000000 ) ) ;
#1003 = EDGE_LOOP ( 'NONE', ( #619, #1057, #264, #2141 ) ) ;
#1004 = LINE ( 'NONE', #1203, #2039 ) ;
#1005 = ORIENTED_EDGE ( 'NONE', *, *, #2727, .T. ) ;
#1006 = DIRECTION ( 'NONE',  ( -1.000000000000000000, -6.050261714578500093E-15, 0.000000000000000000 ) ) ;
#1007 = EDGE_CURVE ( 'NONE', #1906, #1739, #2222, .T. ) ;
#1008 = DIRECTION ( 'NONE',  ( 1.541976423090522297E-14, -1.000000000000000000, -0.000000000000000000 ) ) ;
#1009 = DIRECTION ( 'NONE',  ( 0.000000000000000000, 0.000000000000000000, 1.000000000000000000 ) ) ;
#1010 = ORIENTED_EDGE ( 'NONE', *, *, #1153, .F. ) ;
#1011 = DIRECTION ( 'NONE',  ( -0.000000000000000000, 0.000000000000000000, 1.000000000000000000 ) ) ;
#1012 = CARTESIAN_POINT ( 'NONE',  ( -18.35000000000000142, 13.50000000000000533, 10.39999999999999858 ) ) ;
#1013 = CARTESIAN_POINT ( 'NONE',  ( 1295.473144900298848, 659.0483637775822672, 881.8185273323972524 ) ) ;
#1014 = LINE ( 'NONE', #2793, #1048 ) ;
#1015 = CARTESIAN_POINT ( 'NONE',  ( -18.35000000000000142, -13.49999999999999467, 10.39999999999999858 ) ) ;
#1016 = ORIENTED_EDGE ( 'NONE', *, *, #281, .F. ) ;
#1017 = DIRECTION ( 'NONE',  ( 1.000000000000000000, 0.000000000000000000, 0.000000000000000000 ) ) ;
#1018 = AXIS2_PLACEMENT_3D ( 'NONE', #1571, #1785, #2688 ) ;
#1019 = CARTESIAN_POINT ( 'NONE',  ( -11.15000000000000391, 0.000000000000000000, 1.800000000000000044 ) ) ;
#1020 = CARTESIAN_POINT ( 'NONE',  ( 1276.848144900298621, 691.1483637775821762, 833.4585231967477057 ) ) ;
#1021 = DIRECTION ( 'NONE',  ( 1.000000000000000000, 0.000000000000000000, 0.000000000000000000 ) ) ;
#1022 = ORIENTED_EDGE ( 'NONE', *, *, #2218, .T. ) ;
#1023 = ORIENTED_EDGE ( 'NONE', *, *, #85, .F. ) ;
#1024 = DIRECTION ( 'NONE',  ( -0.000000000000000000, 0.000000000000000000, 1.000000000000000000 ) ) ;
#1025 = EDGE_CURVE ( 'NONE', #2563, #1702, #2021, .T. ) ;
#1026 = DIRECTION ( 'NONE',  ( 0.000000000000000000, 0.000000000000000000, 1.000000000000000000 ) ) ;
#1027 = VERTEX_POINT ( 'NONE', #2925 ) ;
#1028 = CARTESIAN_POINT ( 'NONE',  ( 18.34999999999999787, -6.499999999999999112, 2.999999999999999112 ) ) ;
#1029 = DIRECTION ( 'NONE',  ( 0.000000000000000000, 0.000000000000000000, -1.000000000000000000 ) ) ;
#1030 = CARTESIAN_POINT ( 'NONE',  ( 1303.848144900298621, 690.1483637775822899, 833.4585231967477057 ) ) ;
#1031 = EDGE_LOOP ( 'NONE', ( #2326, #2843, #863, #1860 ) ) ;
#1032 = CARTESIAN_POINT ( 'NONE',  ( 18.35000000000000142, -13.49999999999999467, 12.39999999999999858 ) ) ;
#1033 = ORIENTED_EDGE ( 'NONE', *, *, #2350, .F. ) ;
#1034 = CARTESIAN_POINT ( 'NONE',  ( 0.000000000000000000, 661.6483637775821762, 880.8185273323972524 ) ) ;
#1035 = EDGE_CURVE ( 'NONE', #2044, #437, #2908, .T. ) ;
#1036 = DIRECTION ( 'NONE',  ( -1.000000000000000000, 0.000000000000000000, 0.000000000000000000 ) ) ;
#1037 = CARTESIAN_POINT ( 'NONE',  ( 1300.248144900298712, 657.0483637775822672, 874.8424773576143707 ) ) ;
#1038 = VERTEX_POINT ( 'NONE', #2183 ) ;
#1039 = DIRECTION ( 'NONE',  ( 1.000000000000000000, 0.000000000000000000, 0.000000000000000000 ) ) ;
#1040 = VECTOR ( 'NONE', #1728, 1000.000000000000000 ) ;
#1041 = VECTOR ( 'NONE', #1377, 1000.000000000000000 ) ;
#1042 = MECHANICAL_DESIGN_GEOMETRIC_PRESENTATION_REPRESENTATION (  '', ( #268 ), #1239 ) ;
#1043 = ORIENTED_EDGE ( 'NONE', *, *, #1035, .F. ) ;
#1044 = DIRECTION ( 'NONE',  ( 0.000000000000000000, 0.000000000000000000, -1.000000000000000000 ) ) ;
#1045 = CARTESIAN_POINT ( 'NONE',  ( -18.35000000000000142, 16.50000000000000355, -3.000000000000000000 ) ) ;
#1046 = PLANE ( 'NONE',  #2287 ) ;
#1047 = CARTESIAN_POINT ( 'NONE',  ( 1303.848144900319767, 4.021006197453154794E-11, 874.8424773576143707 ) ) ;
#1048 = VECTOR ( 'NONE', #285, 1000.000000000000000 ) ;
#1049 = ORIENTED_EDGE ( 'NONE', *, *, #327, .T. ) ;
#1050 = PLANE ( 'NONE',  #792 ) ;
#1051 = EDGE_CURVE ( 'NONE', #2436, #2897, #2703, .T. ) ;
#1052 = FACE_OUTER_BOUND ( 'NONE', #2269, .T. ) ;
#1053 = EDGE_CURVE ( 'NONE', #2702, #688, #674, .T. ) ;
#1054 = ORIENTED_EDGE ( 'NONE', *, *, #2648, .T. ) ;
#1055 = DIRECTION ( 'NONE',  ( 0.000000000000000000, -0.008726535498373953759, -0.9999619230641713097 ) ) ;
#1056 = ADVANCED_FACE ( 'NONE', ( #1352 ), #2743, .T. ) ;
#1057 = ORIENTED_EDGE ( 'NONE', *, *, #327, .F. ) ;
#1058 = EDGE_CURVE ( 'NONE', #2864, #151, #1856, .T. ) ;
#1059 = CARTESIAN_POINT ( 'NONE',  ( -1.007601970652080082E-11, 653.4483637775624629, 874.8424773576143707 ) ) ;
#1060 = CARTESIAN_POINT ( 'NONE',  ( -19.35000000000000142, -13.49999999999999467, 10.39999999999999858 ) ) ;
#1061 = CARTESIAN_POINT ( 'NONE',  ( 0.000000000000000000, 690.1483637775821762, 874.8424773576143707 ) ) ;
#1062 = ORIENTED_EDGE ( 'NONE', *, *, #2943, .T. ) ;
#1063 = DIRECTION ( 'NONE',  ( -1.541976423090522297E-14, 1.000000000000000000, -0.000000000000000000 ) ) ;
#1064 = AXIS2_PLACEMENT_3D ( 'NONE', #1323, #1794, #2479 ) ;
#1065 = VECTOR ( 'NONE', #2123, 1000.000000000000000 ) ;
#1066 = DIRECTION ( 'NONE',  ( 0.000000000000000000, 1.000000000000000000, 0.000000000000000000 ) ) ;
#1067 = VERTEX_POINT ( 'NONE', #1367 ) ;
#1068 = VECTOR ( 'NONE', #350, 1000.000000000000000 ) ;
#1069 = EDGE_LOOP ( 'NONE', ( #1469, #2783, #2118, #1723 ) ) ;
#1070 = CARTESIAN_POINT ( 'NONE',  ( -19.36745373558152039, 0.000000000000000000, 12.39999999999999858 ) ) ;
#1071 = DIRECTION ( 'NONE',  ( 0.000000000000000000, 1.445602896647339163E-16, 1.000000000000000000 ) ) ;
#1072 = ORIENTED_EDGE ( 'NONE', *, *, #1172, .T. ) ;
#1073 = VERTEX_POINT ( 'NONE', #2493 ) ;
#1074 = DIRECTION ( 'NONE',  ( 1.000000000000000000, 0.000000000000000000, -0.000000000000000000 ) ) ;
#1075 = VECTOR ( 'NONE', #116, 1000.000000000000000 ) ;
#1076 = DIRECTION ( 'NONE',  ( 0.000000000000000000, 0.000000000000000000, -1.000000000000000000 ) ) ;
#1077 = VECTOR ( 'NONE', #1071, 1000.000000000000000 ) ;
#1078 = DIRECTION ( 'NONE',  ( -0.000000000000000000, -0.000000000000000000, -1.000000000000000000 ) ) ;
#1079 = ORIENTED_EDGE ( 'NONE', *, *, #2820, .T. ) ;
#1080 = CARTESIAN_POINT ( 'NONE',  ( -3.035766082959420304E-15, -6.300000000000014033, 1.800000000000000044 ) ) ;
#1081 = DIRECTION ( 'NONE',  ( 0.000000000000000000, 0.000000000000000000, 1.000000000000000000 ) ) ;
#1082 = CIRCLE ( 'NONE', #2808, 1.000000000000000888 ) ;
#1083 = ORIENTED_EDGE ( 'NONE', *, *, #1285, .T. ) ;
#1084 = AXIS2_PLACEMENT_3D ( 'NONE', #2745, #2777, #1631 ) ;
#1085 = EDGE_CURVE ( 'NONE', #643, #2642, #2492, .T. ) ;
#1086 = ORIENTED_EDGE ( 'NONE', *, *, #1955, .F. ) ;
#1087 = CARTESIAN_POINT ( 'NONE',  ( -21.35000000000000142, -13.49999999999999467, 12.39999999999999858 ) ) ;
#1088 = ORIENTED_EDGE ( 'NONE', *, *, #2166, .T. ) ;
#1089 = VECTOR ( 'NONE', #1328, 1000.000000000000000 ) ;
#1090 = ORIENTED_EDGE ( 'NONE', *, *, #2290, .F. ) ;
#1091 = CARTESIAN_POINT ( 'NONE',  ( 0.000000000000000000, -13.49999999999999467, 1.800000000000000044 ) ) ;
#1092 = FACE_OUTER_BOUND ( 'NONE', #1971, .T. ) ;
#1093 = AXIS2_PLACEMENT_3D ( 'NONE', #809, #2414, #2822 ) ;
#1094 = VERTEX_POINT ( 'NONE', #910 ) ;
#1095 = DIRECTION ( 'NONE',  ( -8.223874256482668095E-15, 1.000000000000000000, 0.000000000000000000 ) ) ;
#1096 = ORIENTED_EDGE ( 'NONE', *, *, #2522, .F. ) ;
#1097 = DIRECTION ( 'NONE',  ( 0.000000000000000000, 1.000000000000000000, 0.000000000000000000 ) ) ;
#1098 = AXIS2_PLACEMENT_3D ( 'NONE', #8, #2786, #2101 ) ;
#1099 = EDGE_CURVE ( 'NONE', #1736, #313, #2318, .T. ) ;
#1100 = CARTESIAN_POINT ( 'NONE',  ( 1285.048144900298666, 690.1483637775821762, 880.8185273323972524 ) ) ;
#1101 = ADVANCED_FACE ( 'NONE', ( #1385 ), #210, .T. ) ;
#1102 = VERTEX_POINT ( 'NONE', #2080 ) ;
#1103 = EDGE_CURVE ( 'NONE', #2044, #1442, #196, .T. ) ;
#1104 = CARTESIAN_POINT ( 'NONE',  ( -21.35000000000000142, -13.49999999999999467, 10.39999999999999858 ) ) ;
#1105 = VERTEX_POINT ( 'NONE', #2938 ) ;
#1106 = CARTESIAN_POINT ( 'NONE',  ( 1276.848144900298848, 653.4483637775821308, 874.8424773576143707 ) ) ;
#1107 = ORIENTED_EDGE ( 'NONE', *, *, #231, .T. ) ;
#1108 = DIRECTION ( 'NONE',  ( 0.000000000000000000, -0.000000000000000000, 1.000000000000000000 ) ) ;
#1109 = CARTESIAN_POINT ( 'NONE',  ( -2.106180550266373617E-11, 682.9483637775421130, 874.8424773576143707 ) ) ;
#1110 = CARTESIAN_POINT ( 'NONE',  ( 0.000000000000000000, -14.49999999999999467, 10.39999999999999858 ) ) ;
#1111 = EDGE_LOOP ( 'NONE', ( #1465, #30, #781, #1343, #392, #1248, #278, #2447 ) ) ;
#1112 = FACE_OUTER_BOUND ( 'NONE', #1218, .T. ) ;
#1113 = CYLINDRICAL_SURFACE ( 'NONE', #1118, 1.000000000000000888 ) ;
#1114 = EDGE_LOOP ( 'NONE', ( #1950, #495, #1481, #2495, #1134, #380, #1426, #2453 ) ) ;
#1115 = CARTESIAN_POINT ( 'NONE',  ( 1276.848144900298848, 653.4483637775821308, 881.8185273323972524 ) ) ;
#1116 = VERTEX_POINT ( 'NONE', #2970 ) ;
#1117 = CARTESIAN_POINT ( 'NONE',  ( 1296.648144900298576, 0.000000000000000000, 874.8424773576143707 ) ) ;
#1118 = AXIS2_PLACEMENT_3D ( 'NONE', #2040, #2942, #1738 ) ;
#1119 = ITEM_DEFINED_TRANSFORMATION ( 'NONE', 'NONE', #1366,  #2609 ) ;
#1120 = ORIENTED_EDGE ( 'NONE', *, *, #1802, .F. ) ;
#1121 = ORIENTED_EDGE ( 'NONE', *, *, #1488, .F. ) ;
#1122 = CARTESIAN_POINT ( 'NONE',  ( 1284.048144900298666, 653.4483637775822444, 874.8424773576143707 ) ) ;
#1123 = FACE_OUTER_BOUND ( 'NONE', #2454, .T. ) ;
#1124 = LINE ( 'NONE', #2507, #1140 ) ;
#1125 = LINE ( 'NONE', #1874, #669 ) ;
#1126 = PLANE ( 'NONE',  #1084 ) ;
#1127 = AXIS2_PLACEMENT_3D ( 'NONE', #329, #386, #1490 ) ;
#1128 = DIRECTION ( 'NONE',  ( 0.000000000000000000, 1.000000000000000000, -0.000000000000000000 ) ) ;
#1129 = ADVANCED_FACE ( 'NONE', ( #15 ), #685, .T. ) ;
#1130 = DIRECTION ( 'NONE',  ( -1.000000000000000000, 0.000000000000000000, 0.000000000000000000 ) ) ;
#1131 = ORIENTED_EDGE ( 'NONE', *, *, #1594, .T. ) ;
#1132 = PLANE ( 'NONE',  #2228 ) ;
#1133 = AXIS2_PLACEMENT_3D ( 'NONE', #2079, #698, #179 ) ;
#1134 = ORIENTED_EDGE ( 'NONE', *, *, #230, .F. ) ;
#1135 = FILL_AREA_STYLE_COLOUR ( '', #2635 ) ;
#1136 = FACE_OUTER_BOUND ( 'NONE', #2100, .T. ) ;
#1137 = DIRECTION ( 'NONE',  ( -1.000000000000000000, 0.000000000000000000, 0.000000000000000000 ) ) ;
#1138 = ORIENTED_EDGE ( 'NONE', *, *, #74, .T. ) ;
#1139 = DIRECTION ( 'NONE',  ( -0.000000000000000000, -0.000000000000000000, -1.000000000000000000 ) ) ;
#1140 = VECTOR ( 'NONE', #2979, 1000.000000000000000 ) ;
#1141 = VECTOR ( 'NONE', #1250, 1000.000000000000000 ) ;
#1142 = CARTESIAN_POINT ( 'NONE',  ( 1290.348144900298394, 681.9483637775817897, 880.8185273323972524 ) ) ;
#1143 = VECTOR ( 'NONE', #896, 1000.000000000000000 ) ;
#1144 = ADVANCED_FACE ( 'NONE', ( #659 ), #1646, .T. ) ;
#1145 = CARTESIAN_POINT ( 'NONE',  ( 18.35000000000000142, -13.49999999999999467, 12.39999999999999858 ) ) ;
#1146 = DIRECTION ( 'NONE',  ( 0.000000000000000000, -1.000000000000000000, 0.000000000000000000 ) ) ;
#1147 = AXIS2_PLACEMENT_3D ( 'NONE', #2803, #1435, #515 ) ;
#1148 = VERTEX_POINT ( 'NONE', #2053 ) ;
#1149 = ORIENTED_EDGE ( 'NONE', *, *, #2648, .F. ) ;
#1150 = FACE_OUTER_BOUND ( 'NONE', #2711, .T. ) ;
#1151 = EDGE_CURVE ( 'NONE', #2555, #2440, #460, .T. ) ;
#1152 = CARTESIAN_POINT ( 'NONE',  ( 1280.448144900298757, 661.6483637775821762, 881.8185273323972524 ) ) ;
#1153 = EDGE_CURVE ( 'NONE', #2466, #572, #2658, .T. ) ;
#1154 = DIRECTION ( 'NONE',  ( -0.000000000000000000, -0.000000000000000000, 1.000000000000000000 ) ) ;
#1155 = CARTESIAN_POINT ( 'NONE',  ( 18.35000000000000142, 16.50000000000000355, 10.39999999999999858 ) ) ;
#1156 = LINE ( 'NONE', #1389, #684 ) ;
#1157 = ORIENTED_EDGE ( 'NONE', *, *, #1177, .T. ) ;
#1158 = FACE_OUTER_BOUND ( 'NONE', #901, .T. ) ;
#1159 = VERTEX_POINT ( 'NONE', #2537 ) ;
#1160 = DIRECTION ( 'NONE',  ( 0.000000000000000000, 0.000000000000000000, 1.000000000000000000 ) ) ;
#1161 = EDGE_LOOP ( 'NONE', ( #2962, #1653, #2405, #1454, #2076, #51, #90, #1887 ) ) ;
#1162 = AXIS2_PLACEMENT_3D ( 'NONE', #2423, #2477, #2643 ) ;
#1163 = VERTEX_POINT ( 'NONE', #239 ) ;
#1164 = EDGE_CURVE ( 'NONE', #437, #2482, #2718, .T. ) ;
#1165 = DIRECTION ( 'NONE',  ( 0.000000000000000000, 0.000000000000000000, 1.000000000000000000 ) ) ;
#1166 = AXIS2_PLACEMENT_3D ( 'NONE', #1047, #2862, #2685 ) ;
#1167 = CARTESIAN_POINT ( 'NONE',  ( 1275.848144900302714, 7.719215184706302442E-12, 881.8185273323972524 ) ) ;
#1168 = DIRECTION ( 'NONE',  ( 0.008726535498373953759, 0.000000000000000000, -0.9999619230641713097 ) ) ;
#1169 = CARTESIAN_POINT ( 'NONE',  ( 0.000000000000000000, 14.50000000000000355, 10.39999999999999858 ) ) ;
#1170 = VECTOR ( 'NONE', #2838, 1000.000000000000000 ) ;
#1171 = AXIS2_PLACEMENT_3D ( 'NONE', #615, #1774, #1525 ) ;
#1172 = EDGE_CURVE ( 'NONE', #572, #1677, #2272, .T. ) ;
#1173 = ORIENTED_EDGE ( 'NONE', *, *, #2019, .T. ) ;
#1174 = ORIENTED_EDGE ( 'NONE', *, *, #1196, .T. ) ;
#1175 = DIRECTION ( 'NONE',  ( -0.000000000000000000, -0.000000000000000000, -1.000000000000000000 ) ) ;
#1176 = CARTESIAN_POINT ( 'NONE',  ( -14.75000000000000355, 9.900000000000005684, 1.800000000000000044 ) ) ;
#1177 = EDGE_CURVE ( 'NONE', #2353, #1864, #1125, .T. ) ;
#1178 = EDGE_CURVE ( 'NONE', #1094, #151, #2257, .T. ) ;
#1179 = ORIENTED_EDGE ( 'NONE', *, *, #449, .F. ) ;
#1180 = DIRECTION ( 'NONE',  ( 1.000000000000000000, 0.000000000000000000, 0.000000000000000000 ) ) ;
#1181 = CIRCLE ( 'NONE', #2892, 3.600000000000047606 ) ;
#1182 = CARTESIAN_POINT ( 'NONE',  ( -0.000000000000000000, 653.4483637775822444, 874.8424773576143707 ) ) ;
#1183 = VECTOR ( 'NONE', #1544, 1000.000000000000000 ) ;
#1184 = EDGE_CURVE ( 'NONE', #1322, #2130, #1244, .T. ) ;
#1185 = CARTESIAN_POINT ( 'NONE',  ( 3.035766082959420304E-15, -6.300000000000014033, 0.000000000000000000 ) ) ;
#1186 = DIRECTION ( 'NONE',  ( -1.000000000000000000, 0.000000000000000000, 0.000000000000000000 ) ) ;
#1187 = LINE ( 'NONE', #2113, #2600 ) ;
#1188 = VECTOR ( 'NONE', #785, 1000.000000000000000 ) ;
#1189 = EDGE_CURVE ( 'NONE', #2514, #1102, #1001, .T. ) ;
#1190 = CIRCLE ( 'NONE', #364, 1.000000000000000888 ) ;
#1191 = AXIS2_PLACEMENT_3D ( 'NONE', #508, #1907, #1009 ) ;
#1192 = ADVANCED_FACE ( 'NONE', ( #2605, #488 ), #1660, .F. ) ;
#1193 = ORIENTED_EDGE ( 'NONE', *, *, #2046, .T. ) ;
#1194 = CARTESIAN_POINT ( 'NONE',  ( 1290.348144900298621, 690.1483637775821762, 881.8185273323972524 ) ) ;
#1195 = ORIENTED_EDGE ( 'NONE', *, *, #2959, .T. ) ;
#1196 = EDGE_CURVE ( 'NONE', #468, #2023, #2569, .T. ) ;
#1197 = CIRCLE ( 'NONE', #2403, 2.999999999999999112 ) ;
#1198 = ORIENTED_EDGE ( 'NONE', *, *, #867, .T. ) ;
#1199 = CARTESIAN_POINT ( 'NONE',  ( 1275.848144900298848, 653.4483637775821308, 833.4585231967477057 ) ) ;
#1200 = CARTESIAN_POINT ( 'NONE',  ( -1.007601970652080082E-11, 653.4483637775624629, 874.8424773576143707 ) ) ;
#1201 = LINE ( 'NONE', #528, #1634 ) ;
#1202 = CARTESIAN_POINT ( 'NONE',  ( 0.000000000000000000, 0.000000000000000000, 874.8424773576143707 ) ) ;
#1203 = CARTESIAN_POINT ( 'NONE',  ( 1290.348144900298621, 653.4483637775822444, 881.8185273323972524 ) ) ;
#1204 = ORIENTED_EDGE ( 'NONE', *, *, #1216, .T. ) ;
#1205 = CARTESIAN_POINT ( 'NONE',  ( 11.15000000000000391, 0.000000000000000000, 0.000000000000000000 ) ) ;
#1206 = ORIENTED_EDGE ( 'NONE', *, *, #50, .F. ) ;
#1207 = EDGE_CURVE ( 'NONE', #1067, #2394, #2348, .T. ) ;
#1208 = EDGE_LOOP ( 'NONE', ( #525, #2949, #2807, #756 ) ) ;
#1209 = CARTESIAN_POINT ( 'NONE',  ( 18.34999999999999787, 6.499999999999999112, 2.999999999999999112 ) ) ;
#1210 = DIRECTION ( 'NONE',  ( 1.000000000000000000, 0.000000000000000000, 0.000000000000000000 ) ) ;
#1211 = DIRECTION ( 'NONE',  ( 0.000000000000000000, -1.000000000000000000, 0.000000000000000000 ) ) ;
#1212 = PRODUCT_DEFINITION ( 'UNKNOWN', '', #105, #777 ) ;
#1213 = CARTESIAN_POINT ( 'NONE',  ( 14.75000000000000355, -6.300000000000006928, 1.800000000000000044 ) ) ;
#1214 = DIRECTION ( 'NONE',  ( 0.000000000000000000, -1.000000000000000000, 0.000000000000000000 ) ) ;
#1215 = AXIS2_PLACEMENT_3D ( 'NONE', #2288, #1371, #2780 ) ;
#1216 = EDGE_CURVE ( 'NONE', #2466, #1307, #1014, .T. ) ;
#1217 = DIRECTION ( 'NONE',  ( 0.000000000000000000, 0.000000000000000000, -1.000000000000000000 ) ) ;
#1218 = EDGE_LOOP ( 'NONE', ( #1356, #1546, #1120, #1699 ) ) ;
#1219 = EDGE_CURVE ( 'NONE', #2877, #2411, #978, .T. ) ;
#1220 = VERTEX_POINT ( 'NONE', #1902 ) ;
#1221 = FILL_AREA_STYLE ('',( #2631 ) ) ;
#1222 = VECTOR ( 'NONE', #2060, 1000.000000000000000 ) ;
#1223 = LINE ( 'NONE', #1858, #549 ) ;
#1224 = ORIENTED_EDGE ( 'NONE', *, *, #1319, .T. ) ;
#1225 = LINE ( 'NONE', #344, #931 ) ;
#1226 = DIRECTION ( 'NONE',  ( 0.000000000000000000, 0.000000000000000000, 1.000000000000000000 ) ) ;
#1227 = VECTOR ( 'NONE', #55, 1000.000000000000000 ) ;
#1228 = AXIS2_PLACEMENT_3D ( 'NONE', #1030, #2235, #147 ) ;
#1229 = LINE ( 'NONE', #1671, #1492 ) ;
#1230 = CYLINDRICAL_SURFACE ( 'NONE', #649, 3.599999999999999201 ) ;
#1231 = EDGE_CURVE ( 'NONE', #483, #1279, #1201, .T. ) ;
#1232 = CIRCLE ( 'NONE', #1327, 3.599999999999999201 ) ;
#1233 = EDGE_LOOP ( 'NONE', ( #1754, #23, #1253, #1641, #753 ) ) ;
#1234 = CARTESIAN_POINT ( 'NONE',  ( 11.15000000000000391, -9.900000000000005684, 1.800000000000000044 ) ) ;
#1235 = PLANE ( 'NONE',  #2796 ) ;
#1236 = CIRCLE ( 'NONE', #2672, 3.600000000000047606 ) ;
#1237 = EDGE_LOOP ( 'NONE', ( #893, #1033, #950, #130 ) ) ;
#1238 = CARTESIAN_POINT ( 'NONE',  ( 1276.848144900298621, 681.9483637775821308, 881.8185273323972524 ) ) ;
#1239 =( GEOMETRIC_REPRESENTATION_CONTEXT ( 3 ) GLOBAL_UNCERTAINTY_ASSIGNED_CONTEXT ( ( #2556 ) ) GLOBAL_UNIT_ASSIGNED_CONTEXT ( ( #551, #2659, #2449 ) ) REPRESENTATION_CONTEXT ( 'NONE', 'WORKASPACE' ) );
#1240 = ADVANCED_FACE ( 'NONE', ( #2121 ), #2582, .T. ) ;
#1241 = ORIENTED_EDGE ( 'NONE', *, *, #417, .T. ) ;
#1242 = LINE ( 'NONE', #939, #2186 ) ;
#1243 = DIRECTION ( 'NONE',  ( 1.000000000000000000, 0.000000000000000000, 0.000000000000000000 ) ) ;
#1244 = CIRCLE ( 'NONE', #2355, 1.000000000000000888 ) ;
#1245 = CARTESIAN_POINT ( 'NONE',  ( 1295.473144900298848, 678.9483637775822444, 874.8414773576142807 ) ) ;
#1246 = DIRECTION ( 'NONE',  ( 0.000000000000000000, -1.000000000000000000, 0.000000000000000000 ) ) ;
#1247 = FACE_OUTER_BOUND ( 'NONE', #2319, .T. ) ;
#1248 = ORIENTED_EDGE ( 'NONE', *, *, #1177, .F. ) ;
#1249 = CARTESIAN_POINT ( 'NONE',  ( 1300.248144900298712, 660.6483637775821762, 874.8424773576143707 ) ) ;
#1250 = DIRECTION ( 'NONE',  ( 0.000000000000000000, 0.000000000000000000, 1.000000000000000000 ) ) ;
#1251 = LINE ( 'NONE', #2907, #947 ) ;
#1252 = CARTESIAN_POINT ( 'NONE',  ( 1285.048144900298666, 690.1483637775821762, 881.8185273323972524 ) ) ;
#1253 = ORIENTED_EDGE ( 'NONE', *, *, #1549, .T. ) ;
#1254 = CARTESIAN_POINT ( 'NONE',  ( 0.000000000000000000, 690.1483637775821762, 874.8424773576143707 ) ) ;
#1255 = CARTESIAN_POINT ( 'NONE',  ( 1300.248144900298712, 660.6483637775821762, 874.8424773576143707 ) ) ;
#1256 = SHAPE_DEFINITION_REPRESENTATION ( #164, #2933 ) ;
#1257 = CARTESIAN_POINT ( 'NONE',  ( 1303.848144900298621, 691.1483637775824036, 883.8185273323972524 ) ) ;
#1258 = EDGE_CURVE ( 'NONE', #468, #182, #748, .T. ) ;
#1259 = DIRECTION ( 'NONE',  ( -0.000000000000000000, 0.008726535498373953759, -0.9999619230641713097 ) ) ;
#1260 = LINE ( 'NONE', #504, #2339 ) ;
#1261 = VERTEX_POINT ( 'NONE', #963 ) ;
#1262 = CARTESIAN_POINT ( 'NONE',  ( 18.35000000000000142, 16.50000000000000355, -3.000000000000000000 ) ) ;
#1263 = AXIS2_PLACEMENT_3D ( 'NONE', #1466, #2795, #1217 ) ;
#1264 = EDGE_LOOP ( 'NONE', ( #1850, #277, #2739, #1846, #3, #1338, #2216, #1083 ) ) ;
#1265 = DIRECTION ( 'NONE',  ( 0.000000000000000000, 0.000000000000000000, 1.000000000000000000 ) ) ;
#1266 = PRODUCT_DEFINITION_CONTEXT ( 'detailed design', #1804, 'design' ) ;
#1267 = ORIENTED_EDGE ( 'NONE', *, *, #2038, .F. ) ;
#1268 = CARTESIAN_POINT ( 'NONE',  ( 18.35000000000000142, 0.000000000000000000, 1.800000000000000044 ) ) ;
#1269 = EDGE_CURVE ( 'NONE', #2955, #2931, #1341, .T. ) ;
#1270 = ORIENTED_EDGE ( 'NONE', *, *, #1514, .F. ) ;
#1271 = CARTESIAN_POINT ( 'NONE',  ( 1303.848144900298621, 690.1483637775822899, 883.8185273323972524 ) ) ;
#1272 = CIRCLE ( 'NONE', #349, 3.599999999999999201 ) ;
#1273 = EDGE_CURVE ( 'NONE', #682, #688, #1229, .T. ) ;
#1274 = DIRECTION ( 'NONE',  ( -1.000000000000000000, -8.223874256482668095E-15, 0.000000000000000000 ) ) ;
#1275 = PLANE ( 'NONE',  #371 ) ;
#1276 = CARTESIAN_POINT ( 'NONE',  ( 1285.048144900298666, 0.000000000000000000, 880.8185273323972524 ) ) ;
#1277 = ADVANCED_FACE ( 'NONE', ( #990 ), #1944, .F. ) ;
#1278 = LINE ( 'NONE', #1978, #1558 ) ;
#1279 = VERTEX_POINT ( 'NONE', #1890 ) ;
#1280 = LINE ( 'NONE', #2461, #1183 ) ;
#1281 = AXIS2_PLACEMENT_3D ( 'NONE', #1015, #2606, #2391 ) ;
#1282 = CARTESIAN_POINT ( 'NONE',  ( -18.35000000000000142, 16.50000000000000355, 12.39999999999999858 ) ) ;
#1283 = EDGE_CURVE ( 'NONE', #182, #973, #318, .T. ) ;
#1284 = EDGE_CURVE ( 'NONE', #1608, #40, #86, .T. ) ;
#1285 = EDGE_CURVE ( 'NONE', #1996, #1326, #1197, .T. ) ;
#1286 = VERTEX_POINT ( 'NONE', #2593 ) ;
#1287 = CARTESIAN_POINT ( 'NONE',  ( -18.35000000000000142, 14.50000000000000355, 10.39999999999999858 ) ) ;
#1288 = TOROIDAL_SURFACE ( 'NONE', #2483, 4.600000000000047606, 1.000000000000000000 ) ;
#1289 = DIRECTION ( 'NONE',  ( 1.000000000000000000, 0.000000000000000000, 0.000000000000000000 ) ) ;
#1290 = AXIS2_PLACEMENT_3D ( 'NONE', #1592, #2752, #1483 ) ;
#1291 = EDGE_LOOP ( 'NONE', ( #2940, #2868, #592, #1657 ) ) ;
#1292 = VECTOR ( 'NONE', #1717, 1000.000000000000000 ) ;
#1293 = LINE ( 'NONE', #1527, #1880 ) ;
#1294 = DIRECTION ( 'NONE',  ( 0.000000000000000000, 0.000000000000000000, 1.000000000000000000 ) ) ;
#1295 = PLANE ( 'NONE',  #1166 ) ;
#1296 = VECTOR ( 'NONE', #1809, 1000.000000000000000 ) ;
#1297 = ORIENTED_EDGE ( 'NONE', *, *, #875, .T. ) ;
#1298 = DIRECTION ( 'NONE',  ( 3.083952846180997262E-14, -1.000000000000000000, 0.000000000000000000 ) ) ;
#1299 = CARTESIAN_POINT ( 'NONE',  ( -1.064192505379501866E-11, 690.1483637775621673, 874.8424773576143707 ) ) ;
#1300 = EDGE_LOOP ( 'NONE', ( #696, #400, #2041, #2597 ) ) ;
#1301 = EDGE_LOOP ( 'NONE', ( #53, #2692, #2723, #2033 ) ) ;
#1302 = DIRECTION ( 'NONE',  ( 0.000000000000000000, 0.000000000000000000, 1.000000000000000000 ) ) ;
#1303 = EDGE_LOOP ( 'NONE', ( #948, #65, #1414, #1079, #499 ) ) ;
#1304 = LINE ( 'NONE', #1538, #2779 ) ;
#1305 = DIRECTION ( 'NONE',  ( 0.000000000000000000, -1.000000000000000000, 0.000000000000000000 ) ) ;
#1306 = PLANE ( 'NONE',  #1946 ) ;
#1307 = VERTEX_POINT ( 'NONE', #300 ) ;
#1308 = CARTESIAN_POINT ( 'NONE',  ( 1280.448144900298757, 661.6483637775821762, 880.8185273323972524 ) ) ;
#1309 = AXIS2_PLACEMENT_3D ( 'NONE', #981, #1453, #1698 ) ;
#1310 = FACE_OUTER_BOUND ( 'NONE', #1820, .T. ) ;
#1311 = ORIENTED_EDGE ( 'NONE', *, *, #1769, .T. ) ;
#1312 = CARTESIAN_POINT ( 'NONE',  ( -11.15000000000000391, -13.49999999999999467, 0.000000000000000000 ) ) ;
#1313 = PRODUCT ( 'BOX', 'BOX', '', ( #204 ) ) ;
#1314 = VERTEX_POINT ( 'NONE', #1683 ) ;
#1315 = CARTESIAN_POINT ( 'NONE',  ( 1275.848144900298848, 653.4483637775821308, 881.8185273323972524 ) ) ;
#1316 = AXIS2_PLACEMENT_3D ( 'NONE', #451, #2948, #1835 ) ;
#1317 = FACE_OUTER_BOUND ( 'NONE', #994, .T. ) ;
#1318 =( GEOMETRIC_REPRESENTATION_CONTEXT ( 3 ) GLOBAL_UNCERTAINTY_ASSIGNED_CONTEXT ( ( #1934 ) ) GLOBAL_UNIT_ASSIGNED_CONTEXT ( ( #2201, #142, #797 ) ) REPRESENTATION_CONTEXT ( 'NONE', 'WORKASPACE' ) );
#1319 = EDGE_CURVE ( 'NONE', #282, #2861, #786, .T. ) ;
#1320 = ORIENTED_EDGE ( 'NONE', *, *, #2360, .F. ) ;
#1321 = DIRECTION ( 'NONE',  ( -1.000000000000000000, -8.223874256482668095E-15, 0.000000000000000000 ) ) ;
#1322 = VERTEX_POINT ( 'NONE', #814 ) ;
#1323 = CARTESIAN_POINT ( 'NONE',  ( 19.34999999999999787, 0.000000000000000000, 10.39999999999999858 ) ) ;
#1324 = DIRECTION ( 'NONE',  ( -0.000000000000000000, -1.000000000000000000, 0.000000000000000000 ) ) ;
#1325 = AXIS2_PLACEMENT_3D ( 'NONE', #1479, #2164, #1436 ) ;
#1326 = VERTEX_POINT ( 'NONE', #1045 ) ;
#1327 = AXIS2_PLACEMENT_3D ( 'NONE', #2006, #2910, #2024 ) ;
#1328 = DIRECTION ( 'NONE',  ( 0.000000000000000000, 1.000000000000000000, 0.000000000000000000 ) ) ;
#1329 = ORIENTED_EDGE ( 'NONE', *, *, #2350, .T. ) ;
#1330 = LINE ( 'NONE', #627, #1041 ) ;
#1331 = ORIENTED_EDGE ( 'NONE', *, *, #1369, .T. ) ;
#1332 = CIRCLE ( 'NONE', #898, 1.000000000000000888 ) ;
#1333 = DIRECTION ( 'NONE',  ( -1.000000000000000000, 0.000000000000000000, 0.000000000000000000 ) ) ;
#1334 = DIRECTION ( 'NONE',  ( -0.000000000000000000, -0.000000000000000000, 1.000000000000000000 ) ) ;
#1335 = VECTOR ( 'NONE', #1455, 1000.000000000000000 ) ;
#1336 = ORIENTED_EDGE ( 'NONE', *, *, #148, .F. ) ;
#1337 = DIRECTION ( 'NONE',  ( 0.000000000000000000, 1.000000000000000000, -0.000000000000000000 ) ) ;
#1338 = ORIENTED_EDGE ( 'NONE', *, *, #501, .T. ) ;
#1339 = DIRECTION ( 'NONE',  ( -0.000000000000000000, -0.000000000000000000, -1.000000000000000000 ) ) ;
#1340 = VECTOR ( 'NONE', #234, 1000.000000000000000 ) ;
#1341 = CIRCLE ( 'NONE', #2731, 1.017453735581517416 ) ;
#1342 = DIRECTION ( 'NONE',  ( 0.000000000000000000, 0.000000000000000000, 1.000000000000000000 ) ) ;
#1343 = ORIENTED_EDGE ( 'NONE', *, *, #1519, .T. ) ;
#1344 = VECTOR ( 'NONE', #237, 1000.000000000000000 ) ;
#1345 = DIRECTION ( 'NONE',  ( -1.000000000000000000, 0.000000000000000000, 0.000000000000000000 ) ) ;
#1346 = ORIENTED_EDGE ( 'NONE', *, *, #2316, .F. ) ;
#1347 = LINE ( 'NONE', #2486, #2584 ) ;
#1348 = VERTEX_POINT ( 'NONE', #2001 ) ;
#1349 = DIRECTION ( 'NONE',  ( -1.000000000000000000, 0.000000000000000000, 0.000000000000000000 ) ) ;
#1350 = CARTESIAN_POINT ( 'NONE',  ( 1280.448144900298757, 657.0483637775821535, 874.8424773576143707 ) ) ;
#1351 = EDGE_CURVE ( 'NONE', #247, #2174, #588, .T. ) ;
#1352 = FACE_OUTER_BOUND ( 'NONE', #2697, .T. ) ;
#1353 = ORIENTED_EDGE ( 'NONE', *, *, #1007, .F. ) ;
#1354 = FACE_BOUND ( 'NONE', #366, .T. ) ;
#1355 = LINE ( 'NONE', #2275, #2221 ) ;
#1356 = ORIENTED_EDGE ( 'NONE', *, *, #148, .T. ) ;
#1357 = DIRECTION ( 'NONE',  ( -0.000000000000000000, 0.000000000000000000, 1.000000000000000000 ) ) ;
#1358 = ORIENTED_EDGE ( 'NONE', *, *, #2721, .T. ) ;
#1359 = LINE ( 'NONE', #2028, #1222 ) ;
#1360 = CIRCLE ( 'NONE', #2129, 1.000000000000000888 ) ;
#1361 = ORIENTED_EDGE ( 'NONE', *, *, #1865, .T. ) ;
#1362 = ORIENTED_EDGE ( 'NONE', *, *, #2474, .F. ) ;
#1363 = DIRECTION ( 'NONE',  ( 0.000000000000000000, 0.000000000000000000, -1.000000000000000000 ) ) ;
#1364 = CARTESIAN_POINT ( 'NONE',  ( 1296.648144900298576, 653.4483637775822444, 880.8185273323972524 ) ) ;
#1365 = CARTESIAN_POINT ( 'NONE',  ( -11.15000000000000391, 9.900000000000005684, 1.800000000000000044 ) ) ;
#1366 = AXIS2_PLACEMENT_3D ( 'NONE', #1759, #1026, #2882 ) ;
#1367 = CARTESIAN_POINT ( 'NONE',  ( 11.15000000000000391, 13.50000000000000533, 1.800000000000000044 ) ) ;
#1368 = CARTESIAN_POINT ( 'NONE',  ( 1280.448144900298757, 686.5483637775821535, 881.8185273323972524 ) ) ;
#1369 = EDGE_CURVE ( 'NONE', #973, #2489, #1293, .T. ) ;
#1370 = EDGE_CURVE ( 'NONE', #2704, #345, #1776, .T. ) ;
#1371 = DIRECTION ( 'NONE',  ( -3.083952846180949299E-14, 1.000000000000000000, 0.000000000000000000 ) ) ;
#1372 = ORIENTED_EDGE ( 'NONE', *, *, #747, .F. ) ;
#1373 = AXIS2_PLACEMENT_3D ( 'NONE', #2283, #1418, #208 ) ;
#1374 = EDGE_CURVE ( 'NONE', #2023, #973, #389, .T. ) ;
#1375 = DIRECTION ( 'NONE',  ( -0.000000000000000000, -0.000000000000000000, -1.000000000000000000 ) ) ;
#1376 = ORIENTED_EDGE ( 'NONE', *, *, #472, .T. ) ;
#1377 = DIRECTION ( 'NONE',  ( 0.000000000000000000, 0.000000000000000000, 1.000000000000000000 ) ) ;
#1378 = CIRCLE ( 'NONE', #1766, 1.000000000000000888 ) ;
#1379 = EDGE_CURVE ( 'NONE', #42, #1857, #1761, .T. ) ;
#1380 = ORIENTED_EDGE ( 'NONE', *, *, #1058, .F. ) ;
#1381 = ORIENTED_EDGE ( 'NONE', *, *, #26, .F. ) ;
#1382 = FACE_OUTER_BOUND ( 'NONE', #2428, .T. ) ;
#1383 = VECTOR ( 'NONE', #92, 1000.000000000000000 ) ;
#1384 = DIRECTION ( 'NONE',  ( 0.000000000000000000, 0.000000000000000000, 1.000000000000000000 ) ) ;
#1385 = FACE_OUTER_BOUND ( 'NONE', #723, .T. ) ;
#1386 = ORIENTED_EDGE ( 'NONE', *, *, #2038, .T. ) ;
#1387 = DIRECTION ( 'NONE',  ( 3.083952846180997262E-14, -1.000000000000000000, 0.000000000000000000 ) ) ;
#1388 = VECTOR ( 'NONE', #1375, 1000.000000000000000 ) ;
#1389 = CARTESIAN_POINT ( 'NONE',  ( 1300.248144900298712, 682.9483637775821308, 874.8424773576143707 ) ) ;
#1390 = ORIENTED_EDGE ( 'NONE', *, *, #875, .F. ) ;
#1391 = VECTOR ( 'NONE', #45, 1000.000000000000000 ) ;
#1392 = ORIENTED_EDGE ( 'NONE', *, *, #1207, .T. ) ;
#1393 = EDGE_CURVE ( 'NONE', #2931, #1815, #2682, .T. ) ;
#1394 = DIRECTION ( 'NONE',  ( -0.000000000000000000, 0.000000000000000000, -1.000000000000000000 ) ) ;
#1395 = ORIENTED_EDGE ( 'NONE', *, *, #1164, .F. ) ;
#1396 = CARTESIAN_POINT ( 'NONE',  ( 1300.248144900298712, 660.6483637775821762, 880.8185273323972524 ) ) ;
#1397 = APPLICATION_PROTOCOL_DEFINITION ( 'draft international standard', 'automotive_design', 1998, #290 ) ;
#1398 = EDGE_LOOP ( 'NONE', ( #2468, #971, #2694, #2578 ) ) ;
#1399 = ORIENTED_EDGE ( 'NONE', *, *, #275, .T. ) ;
#1400 = FACE_OUTER_BOUND ( 'NONE', #579, .T. ) ;
#1401 = CYLINDRICAL_SURFACE ( 'NONE', #1966, 1.000000000000000888 ) ;
#1402 = DIRECTION ( 'NONE',  ( -0.000000000000000000, -0.000000000000000000, -1.000000000000000000 ) ) ;
#1403 = ORIENTED_EDGE ( 'NONE', *, *, #432, .F. ) ;
#1404 = LINE ( 'NONE', #701, #1480 ) ;
#1405 = PLANE ( 'NONE',  #1215 ) ;
#1406 = ORIENTED_EDGE ( 'NONE', *, *, #2307, .T. ) ;
#1407 = EDGE_CURVE ( 'NONE', #1159, #643, #2455, .T. ) ;
#1408 = ADVANCED_FACE ( 'NONE', ( #2179 ), #1975, .F. ) ;
#1409 = ORIENTED_EDGE ( 'NONE', *, *, #520, .F. ) ;
#1410 = VERTEX_POINT ( 'NONE', #131 ) ;
#1411 = DIRECTION ( 'NONE',  ( -0.000000000000000000, 0.000000000000000000, -1.000000000000000000 ) ) ;
#1412 = ORIENTED_EDGE ( 'NONE', *, *, #962, .F. ) ;
#1413 = CARTESIAN_POINT ( 'NONE',  ( 1276.848144900298621, 0.000000000000000000, 874.8424773576143707 ) ) ;
#1414 = ORIENTED_EDGE ( 'NONE', *, *, #1814, .F. ) ;
#1415 = AXIS2_PLACEMENT_3D ( 'NONE', #1685, #2846, #2586 ) ;
#1416 = ORIENTED_EDGE ( 'NONE', *, *, #1729, .F. ) ;
#1417 = CARTESIAN_POINT ( 'NONE',  ( 1300.248144900298712, 661.6483637775821762, 881.8185273323972524 ) ) ;
#1418 = DIRECTION ( 'NONE',  ( -0.000000000000000000, 0.000000000000000000, 1.000000000000000000 ) ) ;
#1419 = ADVANCED_FACE ( 'NONE', ( #2873 ), #2015, .T. ) ;
#1420 = DIRECTION ( 'NONE',  ( 0.000000000000000000, 1.000000000000000000, 0.000000000000000000 ) ) ;
#1421 = ORIENTED_EDGE ( 'NONE', *, *, #205, .T. ) ;
#1422 = DIRECTION ( 'NONE',  ( -1.000000000000000000, 0.000000000000000000, -0.000000000000000000 ) ) ;
#1423 = ADVANCED_FACE ( 'NONE', ( #1961 ), #576, .T. ) ;
#1424 = ADVANCED_FACE ( 'NONE', ( #2922 ), #1494, .T. ) ;
#1425 = CARTESIAN_POINT ( 'NONE',  ( 1295.473144900298848, 659.0483637775822672, 874.8414773576142807 ) ) ;
#1426 = ORIENTED_EDGE ( 'NONE', *, *, #1701, .F. ) ;
#1427 = AXIS2_PLACEMENT_3D ( 'NONE', #2515, #2278, #2530 ) ;
#1428 = UNCERTAINTY_MEASURE_WITH_UNIT (LENGTH_MEASURE( 1.000000000000000082E-05 ), #1839, 'distance_accuracy_value', 'NONE');
#1429 = LINE ( 'NONE', #465, #2769 ) ;
#1430 = ORIENTED_EDGE ( 'NONE', *, *, #1755, .F. ) ;
#1431 = ORIENTED_EDGE ( 'NONE', *, *, #113, .T. ) ;
#1432 = DIRECTION ( 'NONE',  ( 0.000000000000000000, -0.000000000000000000, 1.000000000000000000 ) ) ;
#1433 = CIRCLE ( 'NONE', #1325, 4.599999999999937472 ) ;
#1434 = LINE ( 'NONE', #83, #1227 ) ;
#1435 = DIRECTION ( 'NONE',  ( -1.000000000000000000, 0.000000000000000000, 0.000000000000000000 ) ) ;
#1436 = DIRECTION ( 'NONE',  ( -1.000000000000000000, 0.000000000000000000, 0.000000000000000000 ) ) ;
#1437 = CARTESIAN_POINT ( 'NONE',  ( 1300.248144900298712, 661.6483637775821762, 880.8185273323972524 ) ) ;
#1438 = VERTEX_POINT ( 'NONE', #2858 ) ;
#1439 = ORIENTED_EDGE ( 'NONE', *, *, #966, .T. ) ;
#1440 = ORIENTED_EDGE ( 'NONE', *, *, #229, .F. ) ;
#1441 = CARTESIAN_POINT ( 'NONE',  ( 1284.048144900298666, 686.5483637775821535, 880.8185273323972524 ) ) ;
#1442 = VERTEX_POINT ( 'NONE', #1315 ) ;
#1443 = ADVANCED_FACE ( 'NONE', ( #2665, #602, #377, #100, #801, #2421 ), #1275, .T. ) ;
#1444 = VECTOR ( 'NONE', #1745, 1000.000000000000000 ) ;
#1445 = ORIENTED_EDGE ( 'NONE', *, *, #1747, .T. ) ;
#1446 = DIRECTION ( 'NONE',  ( 1.000000000000000000, 8.223874256482668095E-15, 0.000000000000000000 ) ) ;
#1447 = CARTESIAN_POINT ( 'NONE',  ( 1296.648144900298576, 686.5483637775822672, 874.8424773576143707 ) ) ;
#1448 = EDGE_CURVE ( 'NONE', #2555, #478, #1304, .T. ) ;
#1449 = ADVANCED_BREP_SHAPE_REPRESENTATION ( '', ( #1540, #2609 ), #1318 ) ;
#1450 = DIRECTION ( 'NONE',  ( -1.000000000000000000, 0.000000000000000000, 0.000000000000000000 ) ) ;
#1451 = FACE_OUTER_BOUND ( 'NONE', #2596, .T. ) ;
#1452 = ADVANCED_FACE ( 'NONE', ( #2444 ), #2219, .F. ) ;
#1453 = DIRECTION ( 'NONE',  ( -1.000000000000000000, 0.000000000000000000, 0.000000000000000000 ) ) ;
#1454 = ORIENTED_EDGE ( 'NONE', *, *, #1085, .T. ) ;
#1455 = DIRECTION ( 'NONE',  ( 0.000000000000000000, 1.000000000000000000, 0.000000000000000000 ) ) ;
#1456 = EDGE_CURVE ( 'NONE', #370, #2725, #2494, .T. ) ;
#1457 = VERTEX_POINT ( 'NONE', #1122 ) ;
#1458 = DIRECTION ( 'NONE',  ( 0.000000000000000000, -1.000000000000000000, 0.000000000000000000 ) ) ;
#1459 = CARTESIAN_POINT ( 'NONE',  ( 1284.048144900298666, 686.5483637775821535, 880.8185273323972524 ) ) ;
#1460 = VECTOR ( 'NONE', #1066, 1000.000000000000000 ) ;
#1461 = DIRECTION ( 'NONE',  ( 0.000000000000000000, 0.000000000000000000, 1.000000000000000000 ) ) ;
#1462 = ORIENTED_EDGE ( 'NONE', *, *, #2215, .T. ) ;
#1463 = DIRECTION ( 'NONE',  ( -0.000000000000000000, 0.000000000000000000, -1.000000000000000000 ) ) ;
#1464 = CIRCLE ( 'NONE', #243, 1.000000000000000888 ) ;
#1465 = ORIENTED_EDGE ( 'NONE', *, *, #1374, .F. ) ;
#1466 = CARTESIAN_POINT ( 'NONE',  ( 1295.648144900298803, 0.000000000000000000, 880.8185273323972524 ) ) ;
#1467 = ADVANCED_FACE ( 'NONE', ( #2031 ), #192, .F. ) ;
#1468 = DIRECTION ( 'NONE',  ( 1.000000000000000000, 0.000000000000000000, 0.000000000000000000 ) ) ;
#1469 = ORIENTED_EDGE ( 'NONE', *, *, #289, .T. ) ;
#1470 = LINE ( 'NONE', #793, #1583 ) ;
#1471 = AXIS2_PLACEMENT_3D ( 'NONE', #2564, #2344, #511 ) ;
#1472 = VECTOR ( 'NONE', #783, 1000.000000000000000 ) ;
#1473 = ORIENTED_EDGE ( 'NONE', *, *, #1284, .T. ) ;
#1474 = DIRECTION ( 'NONE',  ( -0.000000000000000000, 0.000000000000000000, 1.000000000000000000 ) ) ;
#1475 = EDGE_CURVE ( 'NONE', #2837, #2856, #2756, .T. ) ;
#1476 = LINE ( 'NONE', #255, #2187 ) ;
#1477 = AXIS2_PLACEMENT_3D ( 'NONE', #1202, #991, #1891 ) ;
#1478 = DIRECTION ( 'NONE',  ( -0.000000000000000000, -0.000000000000000000, -1.000000000000000000 ) ) ;
#1479 = CARTESIAN_POINT ( 'NONE',  ( 1300.248144900298712, 686.5483637775822672, 881.8185273323972524 ) ) ;
#1480 = VECTOR ( 'NONE', #911, 1000.000000000000000 ) ;
#1481 = ORIENTED_EDGE ( 'NONE', *, *, #1103, .F. ) ;
#1482 = CARTESIAN_POINT ( 'NONE',  ( 19.34999999999999787, 13.50000000000000533, 10.39999999999999858 ) ) ;
#1483 = DIRECTION ( 'NONE',  ( 1.000000000000000000, 0.000000000000000000, 0.000000000000000000 ) ) ;
#1484 = PRODUCT_DEFINITION_CONTEXT ( 'detailed design', #2619, 'design' ) ;
#1485 = ORIENTED_EDGE ( 'NONE', *, *, #1779, .F. ) ;
#1486 = LINE ( 'NONE', #1205, #799 ) ;
#1487 = CIRCLE ( 'NONE', #1191, 1.000000000000000888 ) ;
#1488 = EDGE_CURVE ( 'NONE', #2856, #293, #221, .T. ) ;
#1489 = ORIENTED_EDGE ( 'NONE', *, *, #10, .F. ) ;
#1490 = DIRECTION ( 'NONE',  ( -1.000000000000000000, 0.000000000000000000, 0.000000000000000000 ) ) ;
#1491 = PRODUCT_CONTEXT ( 'NONE', #2165, 'mechanical' ) ;
#1492 = VECTOR ( 'NONE', #2134, 1000.000000000000000 ) ;
#1493 = LINE ( 'NONE', #331, #796 ) ;
#1494 = CYLINDRICAL_SURFACE ( 'NONE', #2158, 2.999999999999999112 ) ;
#1495 = DIRECTION ( 'NONE',  ( -0.000000000000000000, -0.000000000000000000, -1.000000000000000000 ) ) ;
#1496 = CIRCLE ( 'NONE', #176, 1.000000000000000888 ) ;
#1497 = ADVANCED_FACE ( 'NONE', ( #1150 ), #2936, .T. ) ;
#1498 = ORIENTED_EDGE ( 'NONE', *, *, #1035, .T. ) ;
#1499 = EDGE_CURVE ( 'NONE', #1326, #643, #2741, .T. ) ;
#1500 = DIRECTION ( 'NONE',  ( -0.008726535498373953759, 0.000000000000000000, -0.9999619230641713097 ) ) ;
#1501 = EDGE_LOOP ( 'NONE', ( #665, #2451, #1179, #1705 ) ) ;
#1502 = DIRECTION ( 'NONE',  ( 0.000000000000000000, -1.000000000000000000, 0.000000000000000000 ) ) ;
#1503 = DIRECTION ( 'NONE',  ( 0.000000000000000000, -1.000000000000000000, 0.000000000000000000 ) ) ;
#1504 = EDGE_CURVE ( 'NONE', #1067, #2837, #879, .T. ) ;
#1505 = ORIENTED_EDGE ( 'NONE', *, *, #2261, .T. ) ;
#1506 = ORIENTED_EDGE ( 'NONE', *, *, #297, .T. ) ;
#1507 = DIRECTION ( 'NONE',  ( 0.000000000000000000, -1.000000000000000000, 0.000000000000000000 ) ) ;
#1508 = EDGE_CURVE ( 'NONE', #584, #691, #697, .T. ) ;
#1509 = EDGE_CURVE ( 'NONE', #416, #1947, #2679, .T. ) ;
#1510 = ORIENTED_EDGE ( 'NONE', *, *, #340, .T. ) ;
#1511 = CARTESIAN_POINT ( 'NONE',  ( -11.15000000000000391, -13.49999999999999467, 1.800000000000000044 ) ) ;
#1512 = CARTESIAN_POINT ( 'NONE',  ( 18.35000000000000142, -13.49999999999999467, 10.39999999999999858 ) ) ;
#1513 = CYLINDRICAL_SURFACE ( 'NONE', #1959, 1.000000000000000888 ) ;
#1514 = EDGE_CURVE ( 'NONE', #1073, #2411, #1496, .T. ) ;
#1515 = FACE_OUTER_BOUND ( 'NONE', #2277, .T. ) ;
#1516 = CIRCLE ( 'NONE', #1749, 3.600000000000047606 ) ;
#1517 = ORIENTED_EDGE ( 'NONE', *, *, #514, .T. ) ;
#1518 = LINE ( 'NONE', #620, #2526 ) ;
#1519 = EDGE_CURVE ( 'NONE', #2514, #2280, #1626, .T. ) ;
#1520 = EDGE_CURVE ( 'NONE', #507, #2529, #1595, .T. ) ;
#1521 = EDGE_CURVE ( 'NONE', #1569, #1220, #1782, .T. ) ;
#1522 = CARTESIAN_POINT ( 'NONE',  ( -18.35000000000000142, -13.49999999999999467, 10.39999999999999858 ) ) ;
#1523 = ORIENTED_EDGE ( 'NONE', *, *, #71, .T. ) ;
#1524 = DIRECTION ( 'NONE',  ( 0.000000000000000000, -1.000000000000000000, 0.000000000000000000 ) ) ;
#1525 = DIRECTION ( 'NONE',  ( 1.000000000000000000, 0.000000000000000000, 0.000000000000000000 ) ) ;
#1526 = ORIENTED_EDGE ( 'NONE', *, *, #1769, .F. ) ;
#1527 = CARTESIAN_POINT ( 'NONE',  ( 18.35000000000000142, -13.49999999999999467, 0.000000000000000000 ) ) ;
#1528 = LINE ( 'NONE', #2433, #2056 ) ;
#1529 = DIRECTION ( 'NONE',  ( -1.000000000000000000, 0.000000000000000000, 0.000000000000000000 ) ) ;
#1530 = ORIENTED_EDGE ( 'NONE', *, *, #50, .T. ) ;
#1531 = DIRECTION ( 'NONE',  ( 1.000000000000000000, 0.000000000000000000, -0.000000000000000000 ) ) ;
#1532 = AXIS2_PLACEMENT_3D ( 'NONE', #2536, #895, #238 ) ;
#1533 = CARTESIAN_POINT ( 'NONE',  ( 1295.473144900298848, 678.9483637775822444, 883.8185273323972524 ) ) ;
#1534 = EDGE_LOOP ( 'NONE', ( #2830, #937, #2636, #933, #2884 ) ) ;
#1535 = LINE ( 'NONE', #373, #396 ) ;
#1536 = CIRCLE ( 'NONE', #1921, 3.600000000000047606 ) ;
#1537 = ORIENTED_EDGE ( 'NONE', *, *, #1519, .F. ) ;
#1538 = CARTESIAN_POINT ( 'NONE',  ( 1284.048144900298666, 686.5483637775821535, 874.8424773576143707 ) ) ;
#1539 = DIRECTION ( 'NONE',  ( -0.000000000000000000, 0.000000000000000000, 1.000000000000000000 ) ) ;
#1540 = MANIFOLD_SOLID_BREP ( 'Lip2', #266 ) ;
#1541 = DIRECTION ( 'NONE',  ( 0.000000000000000000, 1.000000000000000000, 0.000000000000000000 ) ) ;
#1542 = VECTOR ( 'NONE', #1349, 1000.000000000000000 ) ;
#1543 = ORIENTED_EDGE ( 'NONE', *, *, #275, .F. ) ;
#1544 = DIRECTION ( 'NONE',  ( -1.000000000000000000, 4.818676322157799347E-16, 0.000000000000000000 ) ) ;
#1545 = CARTESIAN_POINT ( 'NONE',  ( 1280.448144900298757, 686.5483637775821535, 874.8424773576143707 ) ) ;
#1546 = ORIENTED_EDGE ( 'NONE', *, *, #1508, .T. ) ;
#1547 = ORIENTED_EDGE ( 'NONE', *, *, #1379, .F. ) ;
#1548 = CARTESIAN_POINT ( 'NONE',  ( 0.000000000000000000, 13.50000000000000533, 1.800000000000000044 ) ) ;
#1549 = EDGE_CURVE ( 'NONE', #464, #1818, #2078, .T. ) ;
#1550 = ORIENTED_EDGE ( 'NONE', *, *, #2298, .T. ) ;
#1551 = DIRECTION ( 'NONE',  ( -1.000000000000000000, 0.000000000000000000, 0.000000000000000000 ) ) ;
#1552 = CARTESIAN_POINT ( 'NONE',  ( 19.36745373558151684, 13.50000000000000533, 12.39999999999999858 ) ) ;
#1553 = PLANE ( 'NONE',  #1162 ) ;
#1554 = ORIENTED_EDGE ( 'NONE', *, *, #1953, .F. ) ;
#1555 = DIRECTION ( 'NONE',  ( -0.000000000000000000, -0.000000000000000000, 1.000000000000000000 ) ) ;
#1556 = AXIS2_PLACEMENT_3D ( 'NONE', #47, #2137, #37 ) ;
#1557 = ORIENTED_EDGE ( 'NONE', *, *, #1099, .F. ) ;
#1558 = VECTOR ( 'NONE', #2888, 1000.000000000000000 ) ;
#1559 = DIRECTION ( 'NONE',  ( 0.000000000000000000, -1.000000000000000000, -1.445602896647339163E-16 ) ) ;
#1560 = EDGE_LOOP ( 'NONE', ( #2342, #2173, #607, #788 ) ) ;
#1561 = CARTESIAN_POINT ( 'NONE',  ( -3.035766082959420304E-15, 6.300000000000014033, 0.000000000000000000 ) ) ;
#1562 = ORIENTED_EDGE ( 'NONE', *, *, #1893, .F. ) ;
#1563 = ORIENTED_EDGE ( 'NONE', *, *, #1520, .T. ) ;
#1564 = DIRECTION ( 'NONE',  ( 0.000000000000000000, 0.000000000000000000, -1.000000000000000000 ) ) ;
#1565 = VECTOR ( 'NONE', #1741, 1000.000000000000000 ) ;
#1566 = CARTESIAN_POINT ( 'NONE',  ( 0.000000000000000000, 0.000000000000000000, 1.800000000000000044 ) ) ;
#1567 =( GEOMETRIC_REPRESENTATION_CONTEXT ( 3 ) GLOBAL_UNCERTAINTY_ASSIGNED_CONTEXT ( ( #2169 ) ) GLOBAL_UNIT_ASSIGNED_CONTEXT ( ( #2176, #2662, #117 ) ) REPRESENTATION_CONTEXT ( 'NONE', 'WORKASPACE' ) );
#1568 = CARTESIAN_POINT ( 'NONE',  ( 1304.848144900298621, 690.1483637775822899, 833.4585231967477057 ) ) ;
#1569 = VERTEX_POINT ( 'NONE', #2119 ) ;
#1570 = CARTESIAN_POINT ( 'NONE',  ( 1295.648144900298803, 690.1483637775821762, 881.8185273323972524 ) ) ;
#1571 = CARTESIAN_POINT ( 'NONE',  ( 1276.848144900298621, 690.1483637775821762, 833.4585231967477057 ) ) ;
#1572 = AXIS2_PLACEMENT_3D ( 'NONE', #897, #2733, #675 ) ;
#1573 = ORIENTED_EDGE ( 'NONE', *, *, #2727, .F. ) ;
#1574 = AXIS2_PLACEMENT_3D ( 'NONE', #2941, #1555, #2687 ) ;
#1575 = DIRECTION ( 'NONE',  ( -1.000000000000000000, 0.000000000000000000, 0.000000000000000000 ) ) ;
#1576 = ORIENTED_EDGE ( 'NONE', *, *, #1178, .F. ) ;
#1577 = PLANE ( 'NONE',  #899 ) ;
#1578 = EDGE_CURVE ( 'NONE', #804, #2207, #36, .T. ) ;
#1579 = VERTEX_POINT ( 'NONE', #999 ) ;
#1580 = ORIENTED_EDGE ( 'NONE', *, *, #10, .T. ) ;
#1581 = CARTESIAN_POINT ( 'NONE',  ( 18.35000000000000142, -13.49999999999999467, -3.000000000000000888 ) ) ;
#1582 = DIRECTION ( 'NONE',  ( 1.000000000000000000, 0.000000000000000000, 0.000000000000000000 ) ) ;
#1583 = VECTOR ( 'NONE', #2127, 1000.000000000000000 ) ;
#1584 = CARTESIAN_POINT ( 'NONE',  ( 1295.648144900298803, 690.1483637775821762, 880.8185273323972524 ) ) ;
#1585 = DIRECTION ( 'NONE',  ( 1.000000000000000000, -0.000000000000000000, -0.000000000000000000 ) ) ;
#1586 = ORIENTED_EDGE ( 'NONE', *, *, #560, .T. ) ;
#1587 = CARTESIAN_POINT ( 'NONE',  ( 1276.848144900298621, 691.1483637775821762, 883.8185273323972524 ) ) ;
#1588 = EDGE_CURVE ( 'NONE', #2800, #2799, #2104, .T. ) ;
#1589 = DIRECTION ( 'NONE',  ( -0.000000000000000000, -0.000000000000000000, -1.000000000000000000 ) ) ;
#1590 = DIRECTION ( 'NONE',  ( 0.000000000000000000, 0.000000000000000000, -1.000000000000000000 ) ) ;
#1591 = ORIENTED_EDGE ( 'NONE', *, *, #2866, .T. ) ;
#1592 = CARTESIAN_POINT ( 'NONE',  ( 0.000000000000000000, 0.000000000000000000, 883.8185273323972524 ) ) ;
#1593 = ORIENTED_EDGE ( 'NONE', *, *, #780, .T. ) ;
#1594 = EDGE_CURVE ( 'NONE', #1822, #1279, #2825, .T. ) ;
#1595 = LINE ( 'NONE', #1803, #1886 ) ;
#1596 = CYLINDRICAL_SURFACE ( 'NONE', #791, 3.600000000000047606 ) ;
#1597 = EDGE_CURVE ( 'NONE', #2394, #2207, #2773, .T. ) ;
#1598 = DIRECTION ( 'NONE',  ( 6.050261714578499304E-15, -1.000000000000000000, 0.000000000000000000 ) ) ;
#1599 = CARTESIAN_POINT ( 'NONE',  ( 11.15000000000000391, -13.49999999999999467, 1.800000000000000044 ) ) ;
#1600 = EDGE_CURVE ( 'NONE', #151, #1116, #1899, .T. ) ;
#1601 = CARTESIAN_POINT ( 'NONE',  ( 1285.223144900298621, 659.0483637775822672, 883.8185273323972524 ) ) ;
#1602 = EDGE_CURVE ( 'NONE', #2411, #2660, #1643, .T. ) ;
#1603 = ORIENTED_EDGE ( 'NONE', *, *, #1824, .T. ) ;
#1604 = LINE ( 'NONE', #436, #1388 ) ;
#1605 = ORIENTED_EDGE ( 'NONE', *, *, #2690, .F. ) ;
#1606 = LINE ( 'NONE', #1561, #638 ) ;
#1607 = AXIS2_PLACEMENT_3D ( 'NONE', #1545, #868, #2928 ) ;
#1608 = VERTEX_POINT ( 'NONE', #1680 ) ;
#1609 = ORIENTED_EDGE ( 'NONE', *, *, #1351, .T. ) ;
#1610 =( NAMED_UNIT ( * ) PLANE_ANGLE_UNIT ( ) SI_UNIT ( $, .RADIAN. ) );
#1611 = LINE ( 'NONE', #2716, #598 ) ;
#1612 = DIRECTION ( 'NONE',  ( 0.000000000000000000, 1.000000000000000000, 0.000000000000000000 ) ) ;
#1613 = CARTESIAN_POINT ( 'NONE',  ( 0.000000000000000000, 0.000000000000000000, 1.800000000000000044 ) ) ;
#1614 = ORIENTED_EDGE ( 'NONE', *, *, #2671, .T. ) ;
#1615 = CARTESIAN_POINT ( 'NONE',  ( 1284.048144900298666, 657.0483637775821535, 880.8185273323972524 ) ) ;
#1616 = LINE ( 'NONE', #477, #1844 ) ;
#1617 = ORIENTED_EDGE ( 'NONE', *, *, #810, .F. ) ;
#1618 = EDGE_CURVE ( 'NONE', #483, #2436, #153, .T. ) ;
#1619 = VECTOR ( 'NONE', #1334, 1000.000000000000000 ) ;
#1620 = CARTESIAN_POINT ( 'NONE',  ( 0.000000000000000000, -16.49999999999999289, 12.39999999999999858 ) ) ;
#1621 = ORIENTED_EDGE ( 'NONE', *, *, #1508, .F. ) ;
#1622 = CARTESIAN_POINT ( 'NONE',  ( 19.35000000000000142, 13.50000000000000533, 10.39999999999999858 ) ) ;
#1623 = AXIS2_PLACEMENT_3D ( 'NONE', #241, #2067, #1648 ) ;
#1624 = EDGE_LOOP ( 'NONE', ( #1979, #982, #225, #2049 ) ) ;
#1625 = VERTEX_POINT ( 'NONE', #1417 ) ;
#1626 = LINE ( 'NONE', #2729, #1344 ) ;
#1627 = DIRECTION ( 'NONE',  ( -1.000000000000000000, 0.000000000000000000, 0.000000000000000000 ) ) ;
#1628 = VECTOR ( 'NONE', #99, 1000.000000000000000 ) ;
#1629 = ADVANCED_FACE ( 'NONE', ( #2801 ), #958, .T. ) ;
#1630 = DIRECTION ( 'NONE',  ( 6.050261714578500093E-15, -1.000000000000000000, 0.000000000000000000 ) ) ;
#1631 = DIRECTION ( 'NONE',  ( 0.000000000000000000, 0.000000000000000000, -1.000000000000000000 ) ) ;
#1632 = LINE ( 'NONE', #1601, #2322 ) ;
#1633 = VECTOR ( 'NONE', #482, 1000.000000000000000 ) ;
#1634 = VECTOR ( 'NONE', #1461, 1000.000000000000000 ) ;
#1635 = ORIENTED_EDGE ( 'NONE', *, *, #975, .F. ) ;
#1636 = ORIENTED_EDGE ( 'NONE', *, *, #1219, .T. ) ;
#1637 = DIRECTION ( 'NONE',  ( 3.083952846180949299E-14, -1.000000000000000000, 0.000000000000000000 ) ) ;
#1638 = LINE ( 'NONE', #338, #1340 ) ;
#1639 = AXIS2_PLACEMENT_3D ( 'NONE', #652, #1108, #1852 ) ;
#1640 = EDGE_CURVE ( 'NONE', #11, #1906, #767, .T. ) ;
#1641 = ORIENTED_EDGE ( 'NONE', *, *, #2046, .F. ) ;
#1642 = ORIENTED_EDGE ( 'NONE', *, *, #702, .T. ) ;
#1643 = LINE ( 'NONE', #1888, #2332 ) ;
#1644 = DIRECTION ( 'NONE',  ( -0.000000000000000000, -0.000000000000000000, -1.000000000000000000 ) ) ;
#1645 = ADVANCED_FACE ( 'NONE', ( #757 ), #254, .F. ) ;
#1646 = PLANE ( 'NONE',  #2157 ) ;
#1647 = ORIENTED_EDGE ( 'NONE', *, *, #1940, .T. ) ;
#1648 = DIRECTION ( 'NONE',  ( -1.000000000000000000, 0.000000000000000000, 0.000000000000000000 ) ) ;
#1649 = CARTESIAN_POINT ( 'NONE',  ( 1285.048144900298666, 657.0483637775821535, 880.8185273323972524 ) ) ;
#1650 = VERTEX_POINT ( 'NONE', #485 ) ;
#1651 = ORIENTED_EDGE ( 'NONE', *, *, #692, .F. ) ;
#1652 = LINE ( 'NONE', #1194, #1773 ) ;
#1653 = ORIENTED_EDGE ( 'NONE', *, *, #403, .T. ) ;
#1654 = CARTESIAN_POINT ( 'NONE',  ( -18.35000000000000142, -6.300000000000006040, 1.800000000000000044 ) ) ;
#1655 = AXIS2_PLACEMENT_3D ( 'NONE', #306, #2645, #1965 ) ;
#1656 = VECTOR ( 'NONE', #581, 1000.000000000000000 ) ;
#1657 = ORIENTED_EDGE ( 'NONE', *, *, #1715, .T. ) ;
#1658 = CARTESIAN_POINT ( 'NONE',  ( 11.15000000000000391, 9.900000000000005684, 1.800000000000000044 ) ) ;
#1659 = CARTESIAN_POINT ( 'NONE',  ( -18.35000000000000142, -16.49999999999999289, -3.000000000000000000 ) ) ;
#1660 = PLANE ( 'NONE',  #1147 ) ;
#1661 = CARTESIAN_POINT ( 'NONE',  ( 18.35000000000000142, -14.49999999999999467, 10.39999999999999858 ) ) ;
#1662 = CARTESIAN_POINT ( 'NONE',  ( -21.35100000000000264, -6.499999999999999112, 2.999999999999999112 ) ) ;
#1663 = CIRCLE ( 'NONE', #2891, 0.9999999999998898659 ) ;
#1664 = VERTEX_POINT ( 'NONE', #745 ) ;
#1665 = CARTESIAN_POINT ( 'NONE',  ( -11.15000000000000391, 9.900000000000005684, 0.000000000000000000 ) ) ;
#1666 = DIRECTION ( 'NONE',  ( 1.000000000000000000, 0.000000000000000000, 0.000000000000000000 ) ) ;
#1667 = ORIENTED_EDGE ( 'NONE', *, *, #1729, .T. ) ;
#1668 = DIRECTION ( 'NONE',  ( 0.000000000000000000, 1.000000000000000000, 0.000000000000000000 ) ) ;
#1669 = EDGE_CURVE ( 'NONE', #1906, #103, #1242, .T. ) ;
#1670 = CARTESIAN_POINT ( 'NONE',  ( 0.000000000000000000, -13.49999999999999467, 1.800000000000000044 ) ) ;
#1671 = CARTESIAN_POINT ( 'NONE',  ( 1296.648144900298576, 0.000000000000000000, 880.8185273323972524 ) ) ;
#1672 = CARTESIAN_POINT ( 'NONE',  ( -11.15000000000000391, 0.000000000000000000, 1.800000000000000044 ) ) ;
#1673 = DIRECTION ( 'NONE',  ( 0.000000000000000000, 0.000000000000000000, 1.000000000000000000 ) ) ;
#1674 = VECTOR ( 'NONE', #119, 1000.000000000000000 ) ;
#1675 = VERTEX_POINT ( 'NONE', #538 ) ;
#1676 = PRODUCT_DEFINITION_SHAPE ( 'NONE', 'NONE',  #2981 ) ;
#1677 = VERTEX_POINT ( 'NONE', #2160 ) ;
#1678 = CARTESIAN_POINT ( 'NONE',  ( 14.75000000000000355, -6.300000000000006928, 1.800000000000000044 ) ) ;
#1679 = ORIENTED_EDGE ( 'NONE', *, *, #382, .T. ) ;
#1680 = CARTESIAN_POINT ( 'NONE',  ( -11.15000000000000391, -9.900000000000005684, 1.800000000000000044 ) ) ;
#1681 = DIRECTION ( 'NONE',  ( -1.000000000000000000, -8.223874256482668095E-15, 0.000000000000000000 ) ) ;
#1682 = EDGE_CURVE ( 'NONE', #2295, #437, #2427, .T. ) ;
#1683 = CARTESIAN_POINT ( 'NONE',  ( -18.35000000000000142, -6.300000000000006040, 0.000000000000000000 ) ) ;
#1684 = DIRECTION ( 'NONE',  ( -1.000000000000000000, 0.000000000000000000, 0.000000000000000000 ) ) ;
#1685 = CARTESIAN_POINT ( 'NONE',  ( 1300.248144900298712, 686.5483637775822672, 874.8424773576143707 ) ) ;
#1686 = ORIENTED_EDGE ( 'NONE', *, *, #1919, .T. ) ;
#1687 = ADVANCED_FACE ( 'NONE', ( #2579 ), #730, .F. ) ;
#1688 = EDGE_CURVE ( 'NONE', #1442, #2482, #283, .T. ) ;
#1689 = ORIENTED_EDGE ( 'NONE', *, *, #2209, .T. ) ;
#1690 = CARTESIAN_POINT ( 'NONE',  ( -18.35000000000000142, -13.49999999999999467, -3.000000000000000888 ) ) ;
#1691 = ORIENTED_EDGE ( 'NONE', *, *, #375, .F. ) ;
#1692 = DIRECTION ( 'NONE',  ( 0.000000000000000000, 1.000000000000000000, -0.000000000000000000 ) ) ;
#1693 = LINE ( 'NONE', #1459, #2473 ) ;
#1694 = AXIS2_PLACEMENT_3D ( 'NONE', #2167, #1017, #1948 ) ;
#1695 = DIRECTION ( 'NONE',  ( -0.000000000000000000, 0.000000000000000000, 1.000000000000000000 ) ) ;
#1696 = LINE ( 'NONE', #980, #2097 ) ;
#1697 = VERTEX_POINT ( 'NONE', #1209 ) ;
#1698 = DIRECTION ( 'NONE',  ( 0.000000000000000000, 0.000000000000000000, 1.000000000000000000 ) ) ;
#1699 = ORIENTED_EDGE ( 'NONE', *, *, #340, .F. ) ;
#1700 = CARTESIAN_POINT ( 'NONE',  ( 18.35000000000000142, -16.49999999999999289, 12.39999999999999858 ) ) ;
#1701 = EDGE_CURVE ( 'NONE', #2436, #660, #2131, .T. ) ;
#1702 = VERTEX_POINT ( 'NONE', #2591 ) ;
#1703 = CARTESIAN_POINT ( 'NONE',  ( 1296.648144900298576, 0.000000000000000000, 874.8424773576143707 ) ) ;
#1704 = AXIS2_PLACEMENT_3D ( 'NONE', #1927, #1474, #1180 ) ;
#1705 = ORIENTED_EDGE ( 'NONE', *, *, #2827, .F. ) ;
#1706 = ORIENTED_EDGE ( 'NONE', *, *, #1578, .T. ) ;
#1707 = FACE_OUTER_BOUND ( 'NONE', #1301, .T. ) ;
#1708 = PLANE ( 'NONE',  #829 ) ;
#1709 = EDGE_CURVE ( 'NONE', #185, #2013, #1225, .T. ) ;
#1710 = CARTESIAN_POINT ( 'NONE',  ( -18.35000000000000142, 13.50000000000000533, 1.799999999999999600 ) ) ;
#1711 = DIRECTION ( 'NONE',  ( 8.223874256482668095E-15, -1.000000000000000000, 0.000000000000000000 ) ) ;
#1712 = CARTESIAN_POINT ( 'NONE',  ( 18.35000000000000142, -13.49999999999999467, 10.39999999999999858 ) ) ;
#1713 = VECTOR ( 'NONE', #2878, 1000.000000000000000 ) ;
#1714 = ORIENTED_EDGE ( 'NONE', *, *, #2571, .F. ) ;
#1715 = EDGE_CURVE ( 'NONE', #998, #1073, #2637, .T. ) ;
#1716 = FACE_OUTER_BOUND ( 'NONE', #1775, .T. ) ;
#1717 = DIRECTION ( 'NONE',  ( -0.000000000000000000, -0.008726535498373953759, -0.9999619230641713097 ) ) ;
#1718 = UNCERTAINTY_MEASURE_WITH_UNIT (LENGTH_MEASURE( 1.000000000000000082E-05 ), #856, 'distance_accuracy_value', 'NONE');
#1719 = AXIS2_PLACEMENT_3D ( 'NONE', #1584, #1008, #550 ) ;
#1720 = EDGE_CURVE ( 'NONE', #1736, #40, #98, .T. ) ;
#1721 = DIRECTION ( 'NONE',  ( 0.000000000000000000, 0.000000000000000000, -1.000000000000000000 ) ) ;
#1722 = VECTOR ( 'NONE', #678, 1000.000000000000000 ) ;
#1723 = ORIENTED_EDGE ( 'NONE', *, *, #653, .T. ) ;
#1724 = CARTESIAN_POINT ( 'NONE',  ( 1296.648144900298576, 0.000000000000000000, 874.8424773576143707 ) ) ;
#1725 = EDGE_CURVE ( 'NONE', #744, #1163, #2416, .T. ) ;
#1726 = AXIS2_PLACEMENT_3D ( 'NONE', #1059, #1986, #2885 ) ;
#1727 = ORIENTED_EDGE ( 'NONE', *, *, #2218, .F. ) ;
#1728 = DIRECTION ( 'NONE',  ( -0.000000000000000000, -0.000000000000000000, 1.000000000000000000 ) ) ;
#1729 = EDGE_CURVE ( 'NONE', #2877, #2955, #2869, .T. ) ;
#1730 = DIRECTION ( 'NONE',  ( 0.000000000000000000, 1.000000000000000000, 0.000000000000000000 ) ) ;
#1731 = LINE ( 'NONE', #2641, #2003 ) ;
#1732 = ADVANCED_FACE ( 'NONE', ( #2661 ), #2566, .F. ) ;
#1733 = AXIS2_PLACEMENT_3D ( 'NONE', #2490, #178, #2951 ) ;
#1734 = ORIENTED_EDGE ( 'NONE', *, *, #1954, .T. ) ;
#1735 = DIRECTION ( 'NONE',  ( 0.000000000000000000, 0.000000000000000000, 1.000000000000000000 ) ) ;
#1736 = VERTEX_POINT ( 'NONE', #1312 ) ;
#1737 = LINE ( 'NONE', #728, #1633 ) ;
#1738 = DIRECTION ( 'NONE',  ( 0.000000000000000000, 0.000000000000000000, -1.000000000000000000 ) ) ;
#1739 = VERTEX_POINT ( 'NONE', #839 ) ;
#1740 = ORIENTED_EDGE ( 'NONE', *, *, #2634, .F. ) ;
#1741 = DIRECTION ( 'NONE',  ( -0.000000000000000000, -0.000000000000000000, 1.000000000000000000 ) ) ;
#1742 = ORIENTED_EDGE ( 'NONE', *, *, #677, .F. ) ;
#1743 = CARTESIAN_POINT ( 'NONE',  ( 0.000000000000000000, 0.000000000000000000, 0.000000000000000000 ) ) ;
#1744 = DIRECTION ( 'NONE',  ( 1.000000000000000000, 0.000000000000000000, 0.000000000000000000 ) ) ;
#1745 = DIRECTION ( 'NONE',  ( -0.000000000000000000, -0.000000000000000000, 1.000000000000000000 ) ) ;
#1746 = CARTESIAN_POINT ( 'NONE',  ( 0.000000000000000000, 0.000000000000000000, 874.8424773576143707 ) ) ;
#1747 = EDGE_CURVE ( 'NONE', #872, #177, #2753, .T. ) ;
#1748 = LINE ( 'NONE', #2435, #1797 ) ;
#1749 = AXIS2_PLACEMENT_3D ( 'NONE', #2762, #2540, #900 ) ;
#1750 = EDGE_LOOP ( 'NONE', ( #2281, #995, #2251, #1473 ) ) ;
#1751 = CARTESIAN_POINT ( 'NONE',  ( 1303.848144900299303, 671.7983637775826082, 881.8185273323972524 ) ) ;
#1752 = PRODUCT_DEFINITION ( 'UNKNOWN', '', #2900, #1484 ) ;
#1753 = DIRECTION ( 'NONE',  ( 0.000000000000000000, 0.000000000000000000, -1.000000000000000000 ) ) ;
#1754 = ORIENTED_EDGE ( 'NONE', *, *, #520, .T. ) ;
#1755 = EDGE_CURVE ( 'NONE', #2642, #1922, #2200, .T. ) ;
#1756 = EDGE_LOOP ( 'NONE', ( #2259, #2343, #1431, #288 ) ) ;
#1757 = LINE ( 'NONE', #140, #1952 ) ;
#1758 = ORIENTED_EDGE ( 'NONE', *, *, #1802, .T. ) ;
#1759 = CARTESIAN_POINT ( 'NONE',  ( 0.000000000000000000, 0.000000000000000000, 0.000000000000000000 ) ) ;
#1760 = EDGE_CURVE ( 'NONE', #1279, #2897, #1663, .T. ) ;
#1761 = LINE ( 'NONE', #332, #126 ) ;
#1762 = DIRECTION ( 'NONE',  ( 0.000000000000000000, -0.000000000000000000, -1.000000000000000000 ) ) ;
#1763 = CARTESIAN_POINT ( 'NONE',  ( -18.35000000000000142, 14.51745373558152252, 12.39999999999999858 ) ) ;
#1764 = ORIENTED_EDGE ( 'NONE', *, *, #1103, .T. ) ;
#1765 = CARTESIAN_POINT ( 'NONE',  ( 1295.473144900298848, 678.9483637775822444, 874.8414773576142807 ) ) ;
#1766 = AXIS2_PLACEMENT_3D ( 'NONE', #489, #431, #16 ) ;
#1767 = CARTESIAN_POINT ( 'NONE',  ( 1295.473144900298848, 659.0483637775822672, 881.8185273323972524 ) ) ;
#1768 = ORIENTED_EDGE ( 'NONE', *, *, #1578, .F. ) ;
#1769 = EDGE_CURVE ( 'NONE', #1438, #2702, #1535, .T. ) ;
#1770 = VECTOR ( 'NONE', #1175, 1000.000000000000000 ) ;
#1771 = ORIENTED_EDGE ( 'NONE', *, *, #2307, .F. ) ;
#1772 = CARTESIAN_POINT ( 'NONE',  ( -18.35000000000000142, -14.49999999999999467, 10.39999999999999858 ) ) ;
#1773 = VECTOR ( 'NONE', #2116, 1000.000000000000000 ) ;
#1774 = DIRECTION ( 'NONE',  ( 0.000000000000000000, 0.000000000000000000, 1.000000000000000000 ) ) ;
#1775 = EDGE_LOOP ( 'NONE', ( #969, #2607, #2217, #240, #2974, #1380, #2545, #1406 ) ) ;
#1776 = LINE ( 'NONE', #2640, #1444 ) ;
#1777 = PLANE ( 'NONE',  #17 ) ;
#1778 = VECTOR ( 'NONE', #1630, 1000.000000000000000 ) ;
#1779 = EDGE_CURVE ( 'NONE', #2328, #2800, #2406, .T. ) ;
#1780 = LINE ( 'NONE', #2684, #1383 ) ;
#1781 = CARTESIAN_POINT ( 'NONE',  ( 18.35000000000000142, -6.300000000000006928, 0.000000000000000000 ) ) ;
#1782 = CIRCLE ( 'NONE', #2022, 2.999999999999999112 ) ;
#1783 = ORIENTED_EDGE ( 'NONE', *, *, #229, .T. ) ;
#1784 = PLANE ( 'NONE',  #261 ) ;
#1785 = DIRECTION ( 'NONE',  ( 0.000000000000000000, 0.000000000000000000, 1.000000000000000000 ) ) ;
#1786 = ORIENTED_EDGE ( 'NONE', *, *, #382, .F. ) ;
#1787 = EDGE_LOOP ( 'NONE', ( #1198, #1956, #1353, #2485 ) ) ;
#1788 = CARTESIAN_POINT ( 'NONE',  ( -2.037408401796540511E-11, 660.6483637775426132, 874.8424773576143707 ) ) ;
#1789 = EDGE_LOOP ( 'NONE', ( #220, #214, #2809, #2159 ) ) ;
#1790 = DIRECTION ( 'NONE',  ( 0.000000000000000000, -1.000000000000000000, 0.000000000000000000 ) ) ;
#1791 = LINE ( 'NONE', #2472, #1813 ) ;
#1792 = CARTESIAN_POINT ( 'NONE',  ( 1275.848144900298621, 690.1483637775821762, 833.4585231967477057 ) ) ;
#1793 = ORIENTED_EDGE ( 'NONE', *, *, #2471, .F. ) ;
#1794 = DIRECTION ( 'NONE',  ( -0.9999619230641713097, 0.000000000000000000, 0.008726535498373953759 ) ) ;
#1795 = FACE_OUTER_BOUND ( 'NONE', #857, .T. ) ;
#1796 = EDGE_CURVE ( 'NONE', #468, #878, #1272, .T. ) ;
#1797 = VECTOR ( 'NONE', #393, 1000.000000000000000 ) ;
#1798 = FACE_OUTER_BOUND ( 'NONE', #1003, .T. ) ;
#1799 = ORIENTED_EDGE ( 'NONE', *, *, #1597, .T. ) ;
#1800 = DIRECTION ( 'NONE',  ( 0.000000000000000000, 0.000000000000000000, 1.000000000000000000 ) ) ;
#1801 = ORIENTED_EDGE ( 'NONE', *, *, #892, .F. ) ;
#1802 = EDGE_CURVE ( 'NONE', #2203, #691, #1972, .T. ) ;
#1803 = CARTESIAN_POINT ( 'NONE',  ( 1295.648144900298803, 653.4483637775822444, 881.8185273323972524 ) ) ;
#1804 = APPLICATION_CONTEXT ( 'automotive_design' ) ;
#1805 = AXIS2_PLACEMENT_3D ( 'NONE', #296, #2329, #715 ) ;
#1806 = CARTESIAN_POINT ( 'NONE',  ( 1303.848144900298848, 653.4483637775822444, 833.4585231967477057 ) ) ;
#1807 = EDGE_CURVE ( 'NONE', #1996, #2517, #2647, .T. ) ;
#1808 = CARTESIAN_POINT ( 'NONE',  ( 1284.048144900298666, 657.0483637775821535, 874.8424773576143707 ) ) ;
#1809 = DIRECTION ( 'NONE',  ( 0.000000000000000000, 1.000000000000000000, -0.000000000000000000 ) ) ;
#1810 = ORIENTED_EDGE ( 'NONE', *, *, #2082, .T. ) ;
#1811 = LINE ( 'NONE', #183, #1713 ) ;
#1812 = CARTESIAN_POINT ( 'NONE',  ( 1280.448144900298757, 660.6483637775821762, 874.8424773576143707 ) ) ;
#1813 = VECTOR ( 'NONE', #1305, 1000.000000000000000 ) ;
#1814 = EDGE_CURVE ( 'NONE', #2312, #878, #782, .T. ) ;
#1815 = VERTEX_POINT ( 'NONE', #1772 ) ;
#1816 = ADVANCED_FACE ( 'NONE', ( #1707 ), #823, .T. ) ;
#1817 = CARTESIAN_POINT ( 'NONE',  ( 21.35000000000000142, 13.50000000000000533, 10.39999999999999858 ) ) ;
#1818 = VERTEX_POINT ( 'NONE', #2213 ) ;
#1819 = DIRECTION ( 'NONE',  ( 0.000000000000000000, 0.000000000000000000, 1.000000000000000000 ) ) ;
#1820 = EDGE_LOOP ( 'NONE', ( #1206, #372, #1498, #356 ) ) ;
#1821 = VECTOR ( 'NONE', #195, 1000.000000000000000 ) ;
#1822 = VERTEX_POINT ( 'NONE', #357 ) ;
#1823 = CARTESIAN_POINT ( 'NONE',  ( -18.35000000000000142, 13.50000000000000533, 10.39999999999999858 ) ) ;
#1824 = EDGE_CURVE ( 'NONE', #416, #160, #1757, .T. ) ;
#1825 = DIRECTION ( 'NONE',  ( 0.000000000000000000, 0.000000000000000000, 1.000000000000000000 ) ) ;
#1826 = EDGE_CURVE ( 'NONE', #2440, #188, #2675, .T. ) ;
#1827 = EDGE_CURVE ( 'NONE', #1864, #1067, #614, .T. ) ;
#1828 = LINE ( 'NONE', #487, #1821 ) ;
#1829 = DIRECTION ( 'NONE',  ( 0.000000000000000000, -0.008726535498373953759, 0.9999619230641713097 ) ) ;
#1830 = EDGE_CURVE ( 'NONE', #12, #2313, #2737, .T. ) ;
#1831 = DIRECTION ( 'NONE',  ( 0.000000000000000000, -0.000000000000000000, 1.000000000000000000 ) ) ;
#1832 = AXIS2_PLACEMENT_3D ( 'NONE', #2333, #1711, #733 ) ;
#1833 = DIRECTION ( 'NONE',  ( -1.000000000000000000, 0.000000000000000000, 0.000000000000000000 ) ) ;
#1834 = LINE ( 'NONE', #739, #1770 ) ;
#1835 = DIRECTION ( 'NONE',  ( -1.000000000000000000, 0.000000000000000000, -0.000000000000000000 ) ) ;
#1836 = EDGE_LOOP ( 'NONE', ( #1758, #2377, #646, #1740 ) ) ;
#1837 = EDGE_LOOP ( 'NONE', ( #1973, #2323, #1771, #94, #2602, #2460, #670, #1557 ) ) ;
#1838 = ORIENTED_EDGE ( 'NONE', *, *, #2522, .T. ) ;
#1839 =( LENGTH_UNIT ( ) NAMED_UNIT ( * ) SI_UNIT ( .MILLI., .METRE. ) );
#1840 = PLANE ( 'NONE',  #60 ) ;
#1841 = CARTESIAN_POINT ( 'NONE',  ( 1304.848144900298621, 653.4483637775822444, 833.4585231967477057 ) ) ;
#1842 = FACE_OUTER_BOUND ( 'NONE', #1300, .T. ) ;
#1843 = DIRECTION ( 'NONE',  ( -0.000000000000000000, -1.000000000000000000, -0.000000000000000000 ) ) ;
#1844 = VECTOR ( 'NONE', #687, 1000.000000000000000 ) ;
#1845 = CARTESIAN_POINT ( 'NONE',  ( -14.75000000000000355, 9.900000000000005684, 0.000000000000000000 ) ) ;
#1846 = ORIENTED_EDGE ( 'NONE', *, *, #1521, .T. ) ;
#1847 = DIRECTION ( 'NONE',  ( -4.818676322157799347E-16, 1.000000000000000000, 0.000000000000000000 ) ) ;
#1848 = VECTOR ( 'NONE', #2034, 1000.000000000000000 ) ;
#1849 = ADVANCED_FACE ( 'NONE', ( #438 ), #1132, .F. ) ;
#1850 = ORIENTED_EDGE ( 'NONE', *, *, #2527, .F. ) ;
#1851 = EDGE_LOOP ( 'NONE', ( #1131, #532, #537, #1445, #1195, #667, #708, #2156 ) ) ;
#1852 = DIRECTION ( 'NONE',  ( -1.000000000000000000, 0.000000000000000000, 0.000000000000000000 ) ) ;
#1853 = DIRECTION ( 'NONE',  ( 0.000000000000000000, 0.000000000000000000, 1.000000000000000000 ) ) ;
#1854 = VECTOR ( 'NONE', #1507, 1000.000000000000000 ) ;
#1855 = DIRECTION ( 'NONE',  ( -0.000000000000000000, -0.000000000000000000, -1.000000000000000000 ) ) ;
#1856 = LINE ( 'NONE', #700, #2778 ) ;
#1857 = VERTEX_POINT ( 'NONE', #1622 ) ;
#1858 = CARTESIAN_POINT ( 'NONE',  ( -18.35000000000000142, -13.49999999999999467, 10.39999999999999858 ) ) ;
#1859 = DIRECTION ( 'NONE',  ( -0.000000000000000000, 0.000000000000000000, 1.000000000000000000 ) ) ;
#1860 = ORIENTED_EDGE ( 'NONE', *, *, #2747, .T. ) ;
#1861 = VECTOR ( 'NONE', #2122, 1000.000000000000000 ) ;
#1862 = VERTEX_POINT ( 'NONE', #2932 ) ;
#1863 = DIRECTION ( 'NONE',  ( 0.000000000000000000, -1.000000000000000000, 0.000000000000000000 ) ) ;
#1864 = VERTEX_POINT ( 'NONE', #401 ) ;
#1865 = EDGE_CURVE ( 'NONE', #2909, #1163, #2249, .T. ) ;
#1866 = DIRECTION ( 'NONE',  ( -1.000000000000000000, 0.000000000000000000, 0.000000000000000000 ) ) ;
#1867 = CIRCLE ( 'NONE', #2289, 1.000000000000000888 ) ;
#1868 = APPLICATION_CONTEXT ( 'automotive_design' ) ;
#1869 = ORIENTED_EDGE ( 'NONE', *, *, #657, .F. ) ;
#1870 = ORIENTED_EDGE ( 'NONE', *, *, #1499, .F. ) ;
#1871 = DIRECTION ( 'NONE',  ( 0.000000000000000000, 0.000000000000000000, 1.000000000000000000 ) ) ;
#1872 = FACE_OUTER_BOUND ( 'NONE', #1291, .T. ) ;
#1873 = AXIS2_PLACEMENT_3D ( 'NONE', #2058, #1394, #2309 ) ;
#1874 = CARTESIAN_POINT ( 'NONE',  ( 18.35000000000000142, 0.000000000000000000, 1.800000000000000044 ) ) ;
#1875 = LINE ( 'NONE', #2094, #2480 ) ;
#1876 = VECTOR ( 'NONE', #778, 1000.000000000000000 ) ;
#1877 = LINE ( 'NONE', #2497, #342 ) ;
#1878 = CIRCLE ( 'NONE', #953, 1.000000000000111910 ) ;
#1879 = ORIENTED_EDGE ( 'NONE', *, *, #2959, .F. ) ;
#1880 = VECTOR ( 'NONE', #1730, 1000.000000000000000 ) ;
#1881 = ORIENTED_EDGE ( 'NONE', *, *, #1618, .T. ) ;
#1882 = ORIENTED_EDGE ( 'NONE', *, *, #242, .F. ) ;
#1883 = CARTESIAN_POINT ( 'NONE',  ( -2.106180550266373617E-11, 682.9483637775421130, 880.8185273323972524 ) ) ;
#1884 = ORIENTED_EDGE ( 'NONE', *, *, #605, .F. ) ;
#1885 = CYLINDRICAL_SURFACE ( 'NONE', #732, 1.000000000000000888 ) ;
#1886 = VECTOR ( 'NONE', #2504, 1000.000000000000000 ) ;
#1887 = ORIENTED_EDGE ( 'NONE', *, *, #968, .T. ) ;
#1888 = CARTESIAN_POINT ( 'NONE',  ( -19.34999999999999787, 0.000000000000000000, 10.39999999999999858 ) ) ;
#1889 = DIRECTION ( 'NONE',  ( -0.000000000000000000, 0.000000000000000000, -1.000000000000000000 ) ) ;
#1890 = CARTESIAN_POINT ( 'NONE',  ( 1303.848144900298848, 652.4483637775822444, 883.8185273323972524 ) ) ;
#1891 = DIRECTION ( 'NONE',  ( 1.000000000000000000, 0.000000000000000000, 0.000000000000000000 ) ) ;
#1892 = LINE ( 'NONE', #1249, #628 ) ;
#1893 = EDGE_CURVE ( 'NONE', #2613, #97, #1606, .T. ) ;
#1894 = ORIENTED_EDGE ( 'NONE', *, *, #2895, .T. ) ;
#1895 = PLANE ( 'NONE',  #1970 ) ;
#1896 = EDGE_LOOP ( 'NONE', ( #985, #2386, #2674, #574 ) ) ;
#1897 = CIRCLE ( 'NONE', #2980, 1.000000000000000888 ) ;
#1898 = ORIENTED_EDGE ( 'NONE', *, *, #1701, .T. ) ;
#1899 = LINE ( 'NONE', #314, #9 ) ;
#1900 = CARTESIAN_POINT ( 'NONE',  ( -19.36745373558152039, 13.50000000000000533, 12.39999999999999858 ) ) ;
#1901 = EDGE_CURVE ( 'NONE', #2931, #303, #1359, .T. ) ;
#1902 = CARTESIAN_POINT ( 'NONE',  ( 18.35000000000000142, -16.49999999999999289, -3.000000000000000000 ) ) ;
#1903 = CARTESIAN_POINT ( 'NONE',  ( 1300.248144900298712, 681.9483637775821308, 881.8185273323972524 ) ) ;
#1904 = ADVANCED_FACE ( 'NONE', ( #2693, #873 ), #203, .F. ) ;
#1905 = DIRECTION ( 'NONE',  ( 1.000000000000000000, 8.223874256482668095E-15, 0.000000000000000000 ) ) ;
#1906 = VERTEX_POINT ( 'NONE', #2712 ) ;
#1907 = DIRECTION ( 'NONE',  ( 0.000000000000000000, 1.000000000000000000, -0.000000000000000000 ) ) ;
#1908 = EDGE_CURVE ( 'NONE', #2334, #2394, #2708, .T. ) ;
#1909 = AXIS2_PLACEMENT_3D ( 'NONE', #2730, #1644, #673 ) ;
#1910 = ADVANCED_FACE ( 'NONE', ( #2011 ), #1577, .T. ) ;
#1911 = VERTEX_POINT ( 'NONE', #903 ) ;
#1912 = DIRECTION ( 'NONE',  ( -1.000000000000000000, 0.000000000000000000, 0.000000000000000000 ) ) ;
#1913 = AXIS2_PLACEMENT_3D ( 'NONE', #57, #2804, #2594 ) ;
#1914 = LINE ( 'NONE', #1670, #456 ) ;
#1915 = EDGE_CURVE ( 'NONE', #1261, #1148, #1330, .T. ) ;
#1916 = DIRECTION ( 'NONE',  ( -0.000000000000000000, -0.000000000000000000, -1.000000000000000000 ) ) ;
#1917 = EDGE_LOOP ( 'NONE', ( #2239, #2361, #2077, #1054 ) ) ;
#1918 = PLANE ( 'NONE',  #1477 ) ;
#1919 = EDGE_CURVE ( 'NONE', #2689, #42, #1347, .T. ) ;
#1920 = PLANE ( 'NONE',  #1309 ) ;
#1921 = AXIS2_PLACEMENT_3D ( 'NONE', #2043, #1943, #1575 ) ;
#1922 = VERTEX_POINT ( 'NONE', #1087 ) ;
#1923 = CARTESIAN_POINT ( 'NONE',  ( 18.35000000000000142, -14.49999999999999467, 10.39999999999999858 ) ) ;
#1924 = AXIS2_PLACEMENT_3D ( 'NONE', #719, #1402, #882 ) ;
#1925 = VECTOR ( 'NONE', #2270, 1000.000000000000000 ) ;
#1926 = EDGE_LOOP ( 'NONE', ( #2086, #1614, #156, #1390, #2264 ) ) ;
#1927 = CARTESIAN_POINT ( 'NONE',  ( 1276.848144900298621, 690.1483637775821762, 883.8185273323972524 ) ) ;
#1928 = DIRECTION ( 'NONE',  ( 1.000000000000000000, 0.000000000000000000, 0.000000000000000000 ) ) ;
#1929 = CARTESIAN_POINT ( 'NONE',  ( 0.000000000000000000, 0.000000000000000000, 874.8424773576143707 ) ) ;
#1930 = CARTESIAN_POINT ( 'NONE',  ( 1275.848144900298848, 653.4483637775821308, 883.8185273323972524 ) ) ;
#1931 = ORIENTED_EDGE ( 'NONE', *, *, #2298, .F. ) ;
#1932 = LINE ( 'NONE', #518, #2649 ) ;
#1933 = DIRECTION ( 'NONE',  ( 6.050261714578500093E-15, -1.000000000000000000, 0.000000000000000000 ) ) ;
#1934 = UNCERTAINTY_MEASURE_WITH_UNIT (LENGTH_MEASURE( 1.000000000000000082E-05 ), #2201, 'distance_accuracy_value', 'NONE');
#1935 = CARTESIAN_POINT ( 'NONE',  ( 19.35000000000000142, -13.49999999999999467, 10.39999999999999858 ) ) ;
#1936 = CARTESIAN_POINT ( 'NONE',  ( -18.35000000000000142, 0.000000000000000000, 1.800000000000000044 ) ) ;
#1937 = ORIENTED_EDGE ( 'NONE', *, *, #1504, .F. ) ;
#1938 = CARTESIAN_POINT ( 'NONE',  ( -11.15000000000000391, 0.000000000000000000, 0.000000000000000000 ) ) ;
#1939 = CARTESIAN_POINT ( 'NONE',  ( 1304.848144900298621, 653.4483637775822444, 883.8185273323972524 ) ) ;
#1940 = EDGE_CURVE ( 'NONE', #1027, #1148, #1190, .T. ) ;
#1941 = EDGE_CURVE ( 'NONE', #2440, #1664, #2918, .T. ) ;
#1942 = AXIS2_PLACEMENT_3D ( 'NONE', #820, #2210, #835 ) ;
#1943 = DIRECTION ( 'NONE',  ( -0.000000000000000000, 0.000000000000000000, -1.000000000000000000 ) ) ;
#1944 = PLANE ( 'NONE',  #323 ) ;
#1945 = DIRECTION ( 'NONE',  ( 0.000000000000000000, 1.445602896647339163E-16, -1.000000000000000000 ) ) ;
#1946 = AXIS2_PLACEMENT_3D ( 'NONE', #831, #1095, #1321 ) ;
#1947 = VERTEX_POINT ( 'NONE', #218 ) ;
#1948 = DIRECTION ( 'NONE',  ( 0.000000000000000000, 0.000000000000000000, -1.000000000000000000 ) ) ;
#1949 = LINE ( 'NONE', #790, #2916 ) ;
#1950 = ORIENTED_EDGE ( 'NONE', *, *, #816, .F. ) ;
#1951 = DIRECTION ( 'NONE',  ( -0.000000000000000000, -0.000000000000000000, 1.000000000000000000 ) ) ;
#1952 = VECTOR ( 'NONE', #2898, 1000.000000000000000 ) ;
#1953 = EDGE_CURVE ( 'NONE', #21, #2328, #420, .T. ) ;
#1954 = EDGE_CURVE ( 'NONE', #1261, #765, #189, .T. ) ;
#1955 = EDGE_CURVE ( 'NONE', #2772, #1702, #2073, .T. ) ;
#1956 = ORIENTED_EDGE ( 'NONE', *, *, #2441, .T. ) ;
#1957 = DIRECTION ( 'NONE',  ( 1.000000000000000000, 0.000000000000000000, 0.000000000000000000 ) ) ;
#1958 = ORIENTED_EDGE ( 'NONE', *, *, #556, .T. ) ;
#1959 = AXIS2_PLACEMENT_3D ( 'NONE', #1276, #2192, #1294 ) ;
#1960 = LINE ( 'NONE', #1028, #1628 ) ;
#1961 = FACE_OUTER_BOUND ( 'NONE', #439, .T. ) ;
#1962 = CARTESIAN_POINT ( 'NONE',  ( -14.75000000000000355, 6.300000000000006928, 0.000000000000000000 ) ) ;
#1963 = EDGE_LOOP ( 'NONE', ( #219, #1138, #877, #2776 ) ) ;
#1964 = LINE ( 'NONE', #1568, #2835 ) ;
#1965 = DIRECTION ( 'NONE',  ( 0.000000000000000000, 0.000000000000000000, 1.000000000000000000 ) ) ;
#1966 = AXIS2_PLACEMENT_3D ( 'NONE', #718, #1612, #1384 ) ;
#1967 = LINE ( 'NONE', #1923, #706 ) ;
#1968 = ORIENTED_EDGE ( 'NONE', *, *, #1688, .T. ) ;
#1969 = CIRCLE ( 'NONE', #2818, 3.599999999999999201 ) ;
#1970 = AXIS2_PLACEMENT_3D ( 'NONE', #2291, #1637, #2087 ) ;
#1971 = EDGE_LOOP ( 'NONE', ( #145, #301, #81, #2212 ) ) ;
#1972 = LINE ( 'NONE', #2616, #1565 ) ;
#1973 = ORIENTED_EDGE ( 'NONE', *, *, #114, .F. ) ;
#1974 = DIRECTION ( 'NONE',  ( -1.000000000000000000, -3.083952846180997262E-14, 0.000000000000000000 ) ) ;
#1975 = PLANE ( 'NONE',  #566 ) ;
#1976 = LINE ( 'NONE', #802, #1619 ) ;
#1977 = ADVANCED_FACE ( 'NONE', ( #2726, #668 ), #2975, .T. ) ;
#1978 = CARTESIAN_POINT ( 'NONE',  ( -11.15000000000000391, 0.000000000000000000, 1.800000000000000044 ) ) ;
#1979 = ORIENTED_EDGE ( 'NONE', *, *, #640, .T. ) ;
#1980 = DIRECTION ( 'NONE',  ( -0.000000000000000000, -1.000000000000000000, -0.000000000000000000 ) ) ;
#1981 = CYLINDRICAL_SURFACE ( 'NONE', #1607, 3.600000000000047606 ) ;
#1982 = EDGE_CURVE ( 'NONE', #188, #2902, #711, .T. ) ;
#1983 = ORIENTED_EDGE ( 'NONE', *, *, #22, .T. ) ;
#1984 = CARTESIAN_POINT ( 'NONE',  ( -21.35000000000000142, 0.000000000000000000, 12.39999999999999858 ) ) ;
#1985 = CARTESIAN_POINT ( 'NONE',  ( 1290.348144900298621, 671.7983637775821535, 871.4185273323972751 ) ) ;
#1986 = DIRECTION ( 'NONE',  ( 1.541976423090522297E-14, -1.000000000000000000, 0.000000000000000000 ) ) ;
#1987 = VECTOR ( 'NONE', #411, 1000.000000000000000 ) ;
#1988 = FACE_OUTER_BOUND ( 'NONE', #1926, .T. ) ;
#1989 = VECTOR ( 'NONE', #89, 1000.000000000000000 ) ;
#1990 = DIRECTION ( 'NONE',  ( 0.000000000000000000, 1.000000000000000000, -0.000000000000000000 ) ) ;
#1991 = VECTOR ( 'NONE', #852, 1000.000000000000000 ) ;
#1992 = EDGE_LOOP ( 'NONE', ( #1270, #2048, #1386, #1636 ) ) ;
#1993 = CARTESIAN_POINT ( 'NONE',  ( -14.75000000000000355, -6.300000000000006928, 1.800000000000000044 ) ) ;
#1994 = PLANE ( 'NONE',  #1942 ) ;
#1995 = VECTOR ( 'NONE', #1668, 1000.000000000000000 ) ;
#1996 = VERTEX_POINT ( 'NONE', #533 ) ;
#1997 = CARTESIAN_POINT ( 'NONE',  ( -21.35000000000000142, 0.000000000000000000, -3.000000000000000000 ) ) ;
#1998 = EDGE_CURVE ( 'NONE', #2450, #1322, #2089, .T. ) ;
#1999 = ORIENTED_EDGE ( 'NONE', *, *, #2337, .F. ) ;
#2000 = ORIENTED_EDGE ( 'NONE', *, *, #2330, .F. ) ;
#2001 = CARTESIAN_POINT ( 'NONE',  ( 21.35000000000000142, 6.499999999999998224, 2.999999999999999112 ) ) ;
#2002 = CARTESIAN_POINT ( 'NONE',  ( 1303.848144900298848, 661.6483637775821762, 880.8185273323972524 ) ) ;
#2003 = VECTOR ( 'NONE', #2220, 1000.000000000000000 ) ;
#2004 = DIRECTION ( 'NONE',  ( 0.000000000000000000, 0.000000000000000000, 1.000000000000000000 ) ) ;
#2005 = ORIENTED_EDGE ( 'NONE', *, *, #2915, .T. ) ;
#2006 = CARTESIAN_POINT ( 'NONE',  ( -14.75000000000000355, -9.900000000000005684, 1.800000000000000044 ) ) ;
#2007 = CIRCLE ( 'NONE', #2241, 3.600000000000047606 ) ;
#2008 = ADVANCED_FACE ( 'NONE', ( #2184 ), #2154, .F. ) ;
#2009 = LINE ( 'NONE', #594, #443 ) ;
#2010 = VERTEX_POINT ( 'NONE', #1396 ) ;
#2011 = FACE_OUTER_BOUND ( 'NONE', #2198, .T. ) ;
#2012 = TOROIDAL_SURFACE ( 'NONE', #70, 4.599999999999992539, 1.000000000000000000 ) ;
#2013 = VERTEX_POINT ( 'NONE', #2628 ) ;
#2014 = EDGE_LOOP ( 'NONE', ( #1573, #1801, #2155, #2117 ) ) ;
#2015 = CYLINDRICAL_SURFACE ( 'NONE', #2967, 2.999999999999999112 ) ;
#2016 =( REPRESENTATION_RELATIONSHIP ('NONE','NONE', #2933, #2629 ) REPRESENTATION_RELATIONSHIP_WITH_TRANSFORMATION ( #1119 )SHAPE_REPRESENTATION_RELATIONSHIP( ) );
#2017 = CARTESIAN_POINT ( 'NONE',  ( 18.35000000000000142, 16.50000000000000355, 10.39999999999999858 ) ) ;
#2018 = VECTOR ( 'NONE', #2828, 1000.000000000000000 ) ;
#2019 = EDGE_CURVE ( 'NONE', #2590, #2130, #250, .T. ) ;
#2020 = DIRECTION ( 'NONE',  ( 0.000000000000000000, -1.000000000000000000, 0.000000000000000000 ) ) ;
#2021 = LINE ( 'NONE', #2238, #2181 ) ;
#2022 = AXIS2_PLACEMENT_3D ( 'NONE', #1581, #1363, #207 ) ;
#2023 = VERTEX_POINT ( 'NONE', #547 ) ;
#2024 = DIRECTION ( 'NONE',  ( 1.000000000000000000, 0.000000000000000000, 0.000000000000000000 ) ) ;
#2025 = LINE ( 'NONE', #1767, #1656 ) ;
#2026 = DIRECTION ( 'NONE',  ( -0.000000000000000000, -0.000000000000000000, -1.000000000000000000 ) ) ;
#2027 = ORIENTED_EDGE ( 'NONE', *, *, #1826, .T. ) ;
#2028 = CARTESIAN_POINT ( 'NONE',  ( 0.000000000000000000, -14.51745373558151009, 12.39999999999999858 ) ) ;
#2029 = EDGE_LOOP ( 'NONE', ( #1894, #754, #337, #2847 ) ) ;
#2030 = VERTEX_POINT ( 'NONE', #1700 ) ;
#2031 = FACE_OUTER_BOUND ( 'NONE', #630, .T. ) ;
#2032 = PLANE ( 'NONE',  #1532 ) ;
#2033 = ORIENTED_EDGE ( 'NONE', *, *, #1953, .T. ) ;
#2034 = DIRECTION ( 'NONE',  ( 0.000000000000000000, 0.000000000000000000, 1.000000000000000000 ) ) ;
#2035 = ORIENTED_EDGE ( 'NONE', *, *, #1919, .F. ) ;
#2036 = PLANE ( 'NONE',  #1064 ) ;
#2037 = EDGE_CURVE ( 'NONE', #107, #1650, #1969, .T. ) ;
#2038 = EDGE_CURVE ( 'NONE', #998, #2877, #2400, .T. ) ;
#2039 = VECTOR ( 'NONE', #2831, 1000.000000000000000 ) ;
#2040 = CARTESIAN_POINT ( 'NONE',  ( 0.000000000000000000, 681.9483637775821308, 880.8185273323972524 ) ) ;
#2041 = ORIENTED_EDGE ( 'NONE', *, *, #2787, .T. ) ;
#2042 = EDGE_CURVE ( 'NONE', #1438, #1286, #2865, .T. ) ;
#2043 = CARTESIAN_POINT ( 'NONE',  ( 1280.448144900298757, 657.0483637775821535, 880.8185273323972524 ) ) ;
#2044 = VERTEX_POINT ( 'NONE', #91 ) ;
#2045 = DIRECTION ( 'NONE',  ( -1.000000000000000000, -4.818676322157799347E-16, 0.000000000000000000 ) ) ;
#2046 = EDGE_CURVE ( 'NONE', #188, #1818, #1949, .T. ) ;
#2047 = EDGE_CURVE ( 'NONE', #2182, #1286, #1737, .T. ) ;
#2048 = ORIENTED_EDGE ( 'NONE', *, *, #1715, .F. ) ;
#2049 = ORIENTED_EDGE ( 'NONE', *, *, #1998, .F. ) ;
#2050 = CARTESIAN_POINT ( 'NONE',  ( 1295.473144900298848, 678.9483637775822444, 883.8185273323972524 ) ) ;
#2051 = VECTOR ( 'NONE', #1524, 1000.000000000000000 ) ;
#2052 = DIRECTION ( 'NONE',  ( -1.000000000000000000, -3.083952846180949930E-14, 0.000000000000000000 ) ) ;
#2053 = CARTESIAN_POINT ( 'NONE',  ( 1276.848144900298621, 660.6483637775820625, 880.8185273323972524 ) ) ;
#2054 = DIRECTION ( 'NONE',  ( 0.000000000000000000, 0.000000000000000000, -1.000000000000000000 ) ) ;
#2055 = CARTESIAN_POINT ( 'NONE',  ( 14.75000000000000355, 6.300000000000006928, 0.000000000000000000 ) ) ;
#2056 = VECTOR ( 'NONE', #163, 1000.000000000000000 ) ;
#2057 = ORIENTED_EDGE ( 'NONE', *, *, #1549, .F. ) ;
#2058 = CARTESIAN_POINT ( 'NONE',  ( 1300.248144900298712, 686.5483637775822672, 880.8185273323972524 ) ) ;
#2059 = VERTEX_POINT ( 'NONE', #2848 ) ;
#2060 = DIRECTION ( 'NONE',  ( 1.000000000000000000, 0.000000000000000000, 0.000000000000000000 ) ) ;
#2061 = ORIENTED_EDGE ( 'NONE', *, *, #1602, .F. ) ;
#2062 = VERTEX_POINT ( 'NONE', #1654 ) ;
#2063 = CARTESIAN_POINT ( 'NONE',  ( -18.35000000000000142, 16.50000000000000355, 10.39999999999999858 ) ) ;
#2064 = CARTESIAN_POINT ( 'NONE',  ( 18.35000000000000142, 13.50000000000000533, 10.39999999999999858 ) ) ;
#2065 = DIRECTION ( 'NONE',  ( -0.000000000000000000, 0.000000000000000000, 1.000000000000000000 ) ) ;
#2066 = DIRECTION ( 'NONE',  ( 0.000000000000000000, 0.000000000000000000, 1.000000000000000000 ) ) ;
#2067 = DIRECTION ( 'NONE',  ( 0.000000000000000000, -0.000000000000000000, 1.000000000000000000 ) ) ;
#2068 = EDGE_CURVE ( 'NONE', #712, #865, #936, .T. ) ;
#2069 = VECTOR ( 'NONE', #1585, 1000.000000000000000 ) ;
#2070 = DIRECTION ( 'NONE',  ( 0.000000000000000000, 1.000000000000000000, 0.000000000000000000 ) ) ;
#2071 = EDGE_CURVE ( 'NONE', #2816, #2044, #1878, .T. ) ;
#2072 = LINE ( 'NONE', #1883, #463 ) ;
#2073 = LINE ( 'NONE', #1817, #267 ) ;
#2074 = EDGE_LOOP ( 'NONE', ( #1689, #2744, #2782, #1691 ) ) ;
#2075 = ITEM_DEFINED_TRANSFORMATION ( 'NONE', 'NONE', #2845,  #2609 ) ;
#2076 = ORIENTED_EDGE ( 'NONE', *, *, #1755, .T. ) ;
#2077 = ORIENTED_EDGE ( 'NONE', *, *, #1025, .F. ) ;
#2078 = LINE ( 'NONE', #2603, #2258 ) ;
#2079 = CARTESIAN_POINT ( 'NONE',  ( 0.000000000000000000, 14.50000000000000355, 10.39999999999999858 ) ) ;
#2080 = CARTESIAN_POINT ( 'NONE',  ( 18.35000000000000142, -13.49999999999999467, 1.799999999999999600 ) ) ;
#2081 = CARTESIAN_POINT ( 'NONE',  ( 18.35000000000000142, 6.300000000000006040, 1.800000000000000044 ) ) ;
#2082 = EDGE_CURVE ( 'NONE', #464, #1947, #1638, .T. ) ;
#2083 = DIRECTION ( 'NONE',  ( 1.000000000000000000, 0.000000000000000000, 0.000000000000000000 ) ) ;
#2084 = DIRECTION ( 'NONE',  ( 0.000000000000000000, 1.000000000000000000, 0.000000000000000000 ) ) ;
#2085 = CIRCLE ( 'NONE', #774, 1.000000000000000888 ) ;
#2086 = ORIENTED_EDGE ( 'NONE', *, *, #1007, .T. ) ;
#2087 = DIRECTION ( 'NONE',  ( 1.000000000000000000, 3.083952846180949299E-14, 0.000000000000000000 ) ) ;
#2088 = ORIENTED_EDGE ( 'NONE', *, *, #803, .F. ) ;
#2089 = LINE ( 'NONE', #2327, #2110 ) ;
#2090 = ORIENTED_EDGE ( 'NONE', *, *, #425, .F. ) ;
#2091 = ORIENTED_EDGE ( 'NONE', *, *, #2284, .T. ) ;
#2092 = FACE_OUTER_BOUND ( 'NONE', #2372, .T. ) ;
#2093 = DIRECTION ( 'NONE',  ( 0.000000000000000000, 1.445602896647339163E-16, -1.000000000000000000 ) ) ;
#2094 = CARTESIAN_POINT ( 'NONE',  ( 1276.848144900319085, 3.937739470606265468E-11, 874.8424773576143707 ) ) ;
#2095 = CARTESIAN_POINT ( 'NONE',  ( 18.35000000000000142, 14.51745373558152430, 12.39999999999999858 ) ) ;
#2096 = EDGE_LOOP ( 'NONE', ( #1090, #453, #2224, #1605 ) ) ;
#2097 = VECTOR ( 'NONE', #1214, 1000.000000000000000 ) ;
#2098 = ORIENTED_EDGE ( 'NONE', *, *, #281, .T. ) ;
#2099 = CARTESIAN_POINT ( 'NONE',  ( 1285.048144900298666, 657.0483637775821535, 881.8185273323972524 ) ) ;
#2100 = EDGE_LOOP ( 'NONE', ( #1562, #1016, #2738, #2920 ) ) ;
#2101 = DIRECTION ( 'NONE',  ( -1.000000000000000000, 0.000000000000000000, 0.000000000000000000 ) ) ;
#2102 = VECTOR ( 'NONE', #2303, 1000.000000000000000 ) ;
#2103 = EDGE_LOOP ( 'NONE', ( #1563, #410, #794, #2698, #440 ) ) ;
#2104 = LINE ( 'NONE', #974, #1995 ) ;
#2105 = CARTESIAN_POINT ( 'NONE',  ( 1280.448144900298757, 657.0483637775821535, 880.8185273323972524 ) ) ;
#2106 = AXIS2_PLACEMENT_3D ( 'NONE', #2871, #1345, #2178 ) ;
#2107 = DIRECTION ( 'NONE',  ( 0.000000000000000000, 0.000000000000000000, -1.000000000000000000 ) ) ;
#2108 = ORIENTED_EDGE ( 'NONE', *, *, #2634, .T. ) ;
#2109 = FACE_OUTER_BOUND ( 'NONE', #775, .T. ) ;
#2110 = VECTOR ( 'NONE', #2546, 1000.000000000000000 ) ;
#2111 = CIRCLE ( 'NONE', #2250, 2.999999999999999112 ) ;
#2112 = ADVANCED_FACE ( 'NONE', ( #952 ), #1885, .F. ) ;
#2113 = CARTESIAN_POINT ( 'NONE',  ( 18.35000000000000142, 13.50000000000000533, 10.39999999999999858 ) ) ;
#2114 = APPLICATION_CONTEXT ( 'automotive_design' ) ;
#2115 = ORIENTED_EDGE ( 'NONE', *, *, #583, .F. ) ;
#2116 = DIRECTION ( 'NONE',  ( 1.000000000000000000, -0.000000000000000000, 0.000000000000000000 ) ) ;
#2117 = ORIENTED_EDGE ( 'NONE', *, *, #2068, .T. ) ;
#2118 = ORIENTED_EDGE ( 'NONE', *, *, #867, .F. ) ;
#2119 = CARTESIAN_POINT ( 'NONE',  ( 21.35000000000000142, -13.49999999999999467, -3.000000000000000000 ) ) ;
#2120 = PLANE ( 'NONE',  #2384 ) ;
#2121 = FACE_OUTER_BOUND ( 'NONE', #1789, .T. ) ;
#2122 = DIRECTION ( 'NONE',  ( -3.083952846180997262E-14, 1.000000000000000000, 0.000000000000000000 ) ) ;
#2123 = DIRECTION ( 'NONE',  ( 1.000000000000000000, 3.083952846180949299E-14, -0.000000000000000000 ) ) ;
#2124 = ADVANCED_FACE ( 'NONE', ( #2413 ), #2382, .F. ) ;
#2125 = ADVANCED_FACE ( 'NONE', ( #2310 ), #1235, .T. ) ;
#2126 = VERTEX_POINT ( 'NONE', #2833 ) ;
#2127 = DIRECTION ( 'NONE',  ( 0.000000000000000000, 1.000000000000000000, -0.000000000000000000 ) ) ;
#2128 = EDGE_CURVE ( 'NONE', #2312, #313, #776, .T. ) ;
#2129 = AXIS2_PLACEMENT_3D ( 'NONE', #1649, #433, #244 ) ;
#2130 = VERTEX_POINT ( 'NONE', #395 ) ;
#2131 = LINE ( 'NONE', #2373, #2379 ) ;
#2132 = ADVANCED_FACE ( 'NONE', ( #833 ), #2036, .T. ) ;
#2133 = FACE_OUTER_BOUND ( 'NONE', #2963, .T. ) ;
#2134 = DIRECTION ( 'NONE',  ( 0.000000000000000000, 1.000000000000000000, -0.000000000000000000 ) ) ;
#2135 = CARTESIAN_POINT ( 'NONE',  ( 1303.848144900298848, 660.6483637775821762, 880.8185273323972524 ) ) ;
#2136 = AXIS2_PLACEMENT_3D ( 'NONE', #500, #1432, #1912 ) ;
#2137 = DIRECTION ( 'NONE',  ( -0.000000000000000000, -0.000000000000000000, -1.000000000000000000 ) ) ;
#2138 = ORIENTED_EDGE ( 'NONE', *, *, #20, .F. ) ;
#2139 = SURFACE_SIDE_STYLE ('',( #2614 ) ) ;
#2140 = PLANE ( 'NONE',  #2197 ) ;
#2141 = ORIENTED_EDGE ( 'NONE', *, *, #2506, .F. ) ;
#2142 = AXIS2_PLACEMENT_3D ( 'NONE', #1672, #760, #1463 ) ;
#2143 = EDGE_LOOP ( 'NONE', ( #1421, #1603, #1409, #139 ) ) ;
#2144 = CARTESIAN_POINT ( 'NONE',  ( 1303.848144900298848, 0.000000000000000000, 874.8424773576143707 ) ) ;
#2145 = VECTOR ( 'NONE', #352, 1000.000000000000000 ) ;
#2146 = FACE_BOUND ( 'NONE', #1756, .T. ) ;
#2147 = EDGE_CURVE ( 'NONE', #2642, #1996, #580, .T. ) ;
#2148 = DIRECTION ( 'NONE',  ( 0.008726535498373953759, -0.000000000000000000, -0.9999619230641713097 ) ) ;
#2149 = DIRECTION ( 'NONE',  ( 1.000000000000000000, -0.000000000000000000, 0.000000000000000000 ) ) ;
#2150 = CIRCLE ( 'NONE', #1873, 3.600000000000047606 ) ;
#2151 = ORIENTED_EDGE ( 'NONE', *, *, #677, .T. ) ;
#2152 = PRODUCT_RELATED_PRODUCT_CATEGORY ( 'part', '', ( #655 ) ) ;
#2153 = CARTESIAN_POINT ( 'NONE',  ( 1304.848144900298621, 690.1483637775822899, 883.8185273323972524 ) ) ;
#2154 = PLANE ( 'NONE',  #798 ) ;
#2155 = ORIENTED_EDGE ( 'NONE', *, *, #2474, .T. ) ;
#2156 = ORIENTED_EDGE ( 'NONE', *, *, #2420, .T. ) ;
#2157 = AXIS2_PLACEMENT_3D ( 'NONE', #1613, #2520, #2552 ) ;
#2158 = AXIS2_PLACEMENT_3D ( 'NONE', #1512, #826, #1551 ) ;
#2159 = ORIENTED_EDGE ( 'NONE', *, *, #1594, .F. ) ;
#2160 = CARTESIAN_POINT ( 'NONE',  ( 21.35000000000000142, -6.499999999999999112, 2.999999999999999112 ) ) ;
#2161 = CARTESIAN_POINT ( 'NONE',  ( 1280.448144900298757, 686.5483637775821535, 880.8185273323972524 ) ) ;
#2162 = CARTESIAN_POINT ( 'NONE',  ( 19.36745373558152039, 0.000000000000000000, 12.39999999999999858 ) ) ;
#2163 = CARTESIAN_POINT ( 'NONE',  ( 18.35000000000000142, -13.49999999999999467, 10.39999999999999858 ) ) ;
#2164 = DIRECTION ( 'NONE',  ( 0.000000000000000000, -0.000000000000000000, 1.000000000000000000 ) ) ;
#2165 = APPLICATION_CONTEXT ( 'automotive_design' ) ;
#2166 = EDGE_CURVE ( 'NONE', #1038, #1410, #884, .T. ) ;
#2167 = CARTESIAN_POINT ( 'NONE',  ( -18.35000000000000142, -13.49999999999999467, 10.39999999999999858 ) ) ;
#2168 = DIRECTION ( 'NONE',  ( -0.000000000000000000, 0.000000000000000000, 1.000000000000000000 ) ) ;
#2169 = UNCERTAINTY_MEASURE_WITH_UNIT (LENGTH_MEASURE( 1.000000000000000082E-05 ), #2176, 'distance_accuracy_value', 'NONE');
#2170 = EDGE_CURVE ( 'NONE', #1116, #97, #1518, .T. ) ;
#2171 = LINE ( 'NONE', #1020, #2911 ) ;
#2172 = FACE_OUTER_BOUND ( 'NONE', #2029, .T. ) ;
#2173 = ORIENTED_EDGE ( 'NONE', *, *, #2196, .T. ) ;
#2174 = VERTEX_POINT ( 'NONE', #2890 ) ;
#2175 = DIRECTION ( 'NONE',  ( -1.000000000000000000, 0.000000000000000000, 0.000000000000000000 ) ) ;
#2176 =( LENGTH_UNIT ( ) NAMED_UNIT ( * ) SI_UNIT ( .MILLI., .METRE. ) );
#2177 = CONICAL_SURFACE ( 'NONE', #49, 1.000000000000000888, 0.008726646259971666819 ) ;
#2178 = DIRECTION ( 'NONE',  ( 0.000000000000000000, 0.000000000000000000, 1.000000000000000000 ) ) ;
#2179 = FACE_OUTER_BOUND ( 'NONE', #359, .T. ) ;
#2180 = CARTESIAN_POINT ( 'NONE',  ( -18.35000000000000142, -13.49999999999999467, 12.39999999999999858 ) ) ;
#2181 = VECTOR ( 'NONE', #1541, 1000.000000000000000 ) ;
#2182 = VERTEX_POINT ( 'NONE', #1570 ) ;
#2183 = CARTESIAN_POINT ( 'NONE',  ( -14.75000000000000355, -6.300000000000006928, 1.800000000000000044 ) ) ;
#2184 = FACE_OUTER_BOUND ( 'NONE', #519, .T. ) ;
#2185 = DIRECTION ( 'NONE',  ( 0.000000000000000000, -1.000000000000000000, 0.000000000000000000 ) ) ;
#2186 = VECTOR ( 'NONE', #66, 1000.000000000000000 ) ;
#2187 = VECTOR ( 'NONE', #298, 1000.000000000000000 ) ;
#2188 = EDGE_LOOP ( 'NONE', ( #979, #1550, #1430, #123 ) ) ;
#2189 = DIRECTION ( 'NONE',  ( 1.000000000000000000, 0.000000000000000000, 0.000000000000000000 ) ) ;
#2190 = FACE_OUTER_BOUND ( 'NONE', #1836, .T. ) ;
#2191 = DIRECTION ( 'NONE',  ( 3.491481338843133355E-15, -1.000000000000000000, 0.000000000000000000 ) ) ;
#2192 = DIRECTION ( 'NONE',  ( 0.000000000000000000, 1.000000000000000000, 0.000000000000000000 ) ) ;
#2193 = CARTESIAN_POINT ( 'NONE',  ( 1295.473144900298848, 659.0483637775822672, 883.8185273323972524 ) ) ;
#2194 = ORIENTED_EDGE ( 'NONE', *, *, #1865, .F. ) ;
#2195 = LINE ( 'NONE', #608, #61 ) ;
#2196 = EDGE_CURVE ( 'NONE', #1348, #2615, #2225, .T. ) ;
#2197 = AXIS2_PLACEMENT_3D ( 'NONE', #740, #726, #1666 ) ;
#2198 = EDGE_LOOP ( 'NONE', ( #599, #246, #1174, #849 ) ) ;
#2199 = ORIENTED_EDGE ( 'NONE', *, *, #1207, .F. ) ;
#2200 = LINE ( 'NONE', #1984, #1854 ) ;
#2201 =( LENGTH_UNIT ( ) NAMED_UNIT ( * ) SI_UNIT ( .MILLI., .METRE. ) );
#2202 = VECTOR ( 'NONE', #1259, 1000.000000000000000 ) ;
#2203 = VERTEX_POINT ( 'NONE', #2437 ) ;
#2204 = DIRECTION ( 'NONE',  ( 0.000000000000000000, 1.000000000000000000, 0.000000000000000000 ) ) ;
#2205 = FACE_OUTER_BOUND ( 'NONE', #1501, .T. ) ;
#2206 = DIRECTION ( 'NONE',  ( -1.000000000000000000, 0.000000000000000000, 0.000000000000000000 ) ) ;
#2207 = VERTEX_POINT ( 'NONE', #381 ) ;
#2208 = CARTESIAN_POINT ( 'NONE',  ( 1285.048144900298666, 653.4483637775822444, 880.8185273323972524 ) ) ;
#2209 = EDGE_CURVE ( 'NONE', #2725, #705, #1867, .T. ) ;
#2210 = DIRECTION ( 'NONE',  ( 0.000000000000000000, 0.000000000000000000, -1.000000000000000000 ) ) ;
#2211 = ORIENTED_EDGE ( 'NONE', *, *, #2601, .F. ) ;
#2212 = ORIENTED_EDGE ( 'NONE', *, *, #2527, .T. ) ;
#2213 = CARTESIAN_POINT ( 'NONE',  ( 1276.848144900298621, 690.1483637775821762, 881.8185273323972524 ) ) ;
#2214 = DIRECTION ( 'NONE',  ( 0.000000000000000000, 0.000000000000000000, 1.000000000000000000 ) ) ;
#2215 = EDGE_CURVE ( 'NONE', #878, #930, #2260, .T. ) ;
#2216 = ORIENTED_EDGE ( 'NONE', *, *, #1807, .F. ) ;
#2217 = ORIENTED_EDGE ( 'NONE', *, *, #2676, .F. ) ;
#2218 = EDGE_CURVE ( 'NONE', #1410, #1314, #1280, .T. ) ;
#2219 = PLANE ( 'NONE',  #960 ) ;
#2220 = DIRECTION ( 'NONE',  ( 0.000000000000000000, -1.000000000000000000, 0.000000000000000000 ) ) ;
#2221 = VECTOR ( 'NONE', #1128, 1000.000000000000000 ) ;
#2222 = LINE ( 'NONE', #150, #491 ) ;
#2223 = CONICAL_SURFACE ( 'NONE', #924, 1.000000000000000888, 0.008726646259971666819 ) ;
#2224 = ORIENTED_EDGE ( 'NONE', *, *, #702, .F. ) ;
#2225 = LINE ( 'NONE', #2448, #458 ) ;
#2226 = PRODUCT_DEFINITION_SHAPE ( 'NONE', 'NONE',  #1212 ) ;
#2227 = CARTESIAN_POINT ( 'NONE',  ( 1284.048144900298666, 0.000000000000000000, 874.8424773576143707 ) ) ;
#2228 = AXIS2_PLACEMENT_3D ( 'NONE', #679, #2230, #693 ) ;
#2229 = ORIENTED_EDGE ( 'NONE', *, *, #417, .F. ) ;
#2230 = DIRECTION ( 'NONE',  ( 1.000000000000000000, 0.000000000000000000, -0.000000000000000000 ) ) ;
#2231 = EDGE_CURVE ( 'NONE', #2861, #1220, #1811, .T. ) ;
#2232 = ORIENTED_EDGE ( 'NONE', *, *, #1051, .T. ) ;
#2233 = EDGE_LOOP ( 'NONE', ( #232, #2834, #1931, #211 ) ) ;
#2234 = DIRECTION ( 'NONE',  ( 0.000000000000000000, -0.000000000000000000, -1.000000000000000000 ) ) ;
#2235 = DIRECTION ( 'NONE',  ( 0.000000000000000000, 0.000000000000000000, 1.000000000000000000 ) ) ;
#2236 = VECTOR ( 'NONE', #2570, 1000.000000000000000 ) ;
#2237 = EDGE_LOOP ( 'NONE', ( #596, #2476, #2934, #1554, #842 ) ) ;
#2238 = CARTESIAN_POINT ( 'NONE',  ( 21.35000000000000142, 0.000000000000000000, 12.39999999999999858 ) ) ;
#2239 = ORIENTED_EDGE ( 'NONE', *, *, #743, .T. ) ;
#2240 = DIRECTION ( 'NONE',  ( -1.000000000000000000, 0.000000000000000000, 0.000000000000000000 ) ) ;
#2241 = AXIS2_PLACEMENT_3D ( 'NONE', #2971, #2720, #944 ) ;
#2242 = ADVANCED_FACE ( 'NONE', ( #2669 ), #1784, .F. ) ;
#2243 = CARTESIAN_POINT ( 'NONE',  ( 21.35000000000000142, -6.499999999999999112, 2.999999999999999112 ) ) ;
#2244 = ORIENTED_EDGE ( 'NONE', *, *, #2338, .F. ) ;
#2245 = AXIS2_PLACEMENT_3D ( 'NONE', #1845, #1357, #2735 ) ;
#2246 = EDGE_CURVE ( 'NONE', #712, #998, #2195, .T. ) ;
#2247 = CARTESIAN_POINT ( 'NONE',  ( 1276.848144900298621, 682.9483637775821308, 880.8185273323972524 ) ) ;
#2248 = EDGE_LOOP ( 'NONE', ( #1193, #1679, #1958, #479, #2027 ) ) ;
#2249 = LINE ( 'NONE', #1106, #104 ) ;
#2250 = AXIS2_PLACEMENT_3D ( 'NONE', #39, #1951, #1036 ) ;
#2251 = ORIENTED_EDGE ( 'NONE', *, *, #2252, .T. ) ;
#2252 = EDGE_CURVE ( 'NONE', #1038, #1608, #1232, .T. ) ;
#2253 = DIRECTION ( 'NONE',  ( -0.000000000000000000, -0.000000000000000000, 1.000000000000000000 ) ) ;
#2254 = CARTESIAN_POINT ( 'NONE',  ( 21.35000000000000142, -13.49999999999999467, 12.39999999999999858 ) ) ;
#2255 = AXIS2_PLACEMENT_3D ( 'NONE', #1110, #444, #1829 ) ;
#2256 = DIRECTION ( 'NONE',  ( -0.000000000000000000, 0.000000000000000000, 1.000000000000000000 ) ) ;
#2257 = LINE ( 'NONE', #2954, #2821 ) ;
#2258 = VECTOR ( 'NONE', #2812, 1000.000000000000000 ) ;
#2259 = ORIENTED_EDGE ( 'NONE', *, *, #2571, .T. ) ;
#2260 = LINE ( 'NONE', #637, #2763 ) ;
#2261 = EDGE_CURVE ( 'NONE', #2660, #1815, #2854, .T. ) ;
#2262 = FACE_OUTER_BOUND ( 'NONE', #1896, .T. ) ;
#2263 = EDGE_CURVE ( 'NONE', #2864, #883, #168, .T. ) ;
#2264 = ORIENTED_EDGE ( 'NONE', *, *, #1640, .T. ) ;
#2265 = ADVANCED_FACE ( 'NONE', ( #1112 ), #1050, .F. ) ;
#2266 = LINE ( 'NONE', #84, #1188 ) ;
#2267 = ORIENTED_EDGE ( 'NONE', *, *, #2263, .F. ) ;
#2268 = DIRECTION ( 'NONE',  ( 1.000000000000000000, 3.083952846180997262E-14, -0.000000000000000000 ) ) ;
#2269 = EDGE_LOOP ( 'NONE', ( #269, #406, #2894, #858 ) ) ;
#2270 = DIRECTION ( 'NONE',  ( 0.000000000000000000, -1.000000000000000000, 0.000000000000000000 ) ) ;
#2271 = FACE_OUTER_BOUND ( 'NONE', #1208, .T. ) ;
#2272 = LINE ( 'NONE', #943, #2069 ) ;
#2273 = DIRECTION ( 'NONE',  ( 0.000000000000000000, -1.000000000000000000, -0.000000000000000000 ) ) ;
#2274 = VECTOR ( 'NONE', #1833, 1000.000000000000000 ) ;
#2275 = CARTESIAN_POINT ( 'NONE',  ( 11.15000000000000391, 0.000000000000000000, 0.000000000000000000 ) ) ;
#2276 = CYLINDRICAL_SURFACE ( 'NONE', #29, 1.000000000000000888 ) ;
#2277 = EDGE_LOOP ( 'NONE', ( #2501, #2244, #88, #1346 ) ) ;
#2278 = DIRECTION ( 'NONE',  ( 0.000000000000000000, -0.000000000000000000, -1.000000000000000000 ) ) ;
#2279 = APPLICATION_PROTOCOL_DEFINITION ( 'draft international standard', 'automotive_design', 1998, #2114 ) ;
#2280 = VERTEX_POINT ( 'NONE', #866 ) ;
#2281 = ORIENTED_EDGE ( 'NONE', *, *, #472, .F. ) ;
#2282 = CARTESIAN_POINT ( 'NONE',  ( 11.15000000000000391, 13.50000000000000533, 1.800000000000000044 ) ) ;
#2283 = CARTESIAN_POINT ( 'NONE',  ( 0.000000000000000000, 0.000000000000000000, 1.800000000000000044 ) ) ;
#2284 = EDGE_CURVE ( 'NONE', #1286, #1322, #819, .T. ) ;
#2285 = CARTESIAN_POINT ( 'NONE',  ( -18.35000000000000142, 13.50000000000000533, 12.39999999999999858 ) ) ;
#2286 = CARTESIAN_POINT ( 'NONE',  ( 11.15000000000000391, 9.900000000000005684, 1.800000000000000044 ) ) ;
#2287 = AXIS2_PLACEMENT_3D ( 'NONE', #1746, #390, #361 ) ;
#2288 = CARTESIAN_POINT ( 'NONE',  ( -2.106180550266373617E-11, 682.9483637775421130, 874.8424773576143707 ) ) ;
#2289 = AXIS2_PLACEMENT_3D ( 'NONE', #1308, #1531, #152 ) ;
#2290 = EDGE_CURVE ( 'NONE', #1579, #744, #308, .T. ) ;
#2291 = CARTESIAN_POINT ( 'NONE',  ( -2.037408401796540511E-11, 660.6483637775426132, 874.8424773576143707 ) ) ;
#2292 = CARTESIAN_POINT ( 'NONE',  ( 1284.048144900298666, 690.1483637775821762, 874.8424773576143707 ) ) ;
#2293 = ORIENTED_EDGE ( 'NONE', *, *, #1760, .F. ) ;
#2294 = CIRCLE ( 'NONE', #1719, 0.9999999999998898659 ) ;
#2295 = VERTEX_POINT ( 'NONE', #1587 ) ;
#2296 = DIRECTION ( 'NONE',  ( 0.000000000000000000, 0.000000000000000000, -1.000000000000000000 ) ) ;
#2297 = DIRECTION ( 'NONE',  ( 1.000000000000000000, 0.000000000000000000, 0.000000000000000000 ) ) ;
#2298 = EDGE_CURVE ( 'NONE', #2517, #1922, #2521, .T. ) ;
#2299 = EDGE_CURVE ( 'NONE', #2062, #1314, #445, .T. ) ;
#2300 = VECTOR ( 'NONE', #1160, 1000.000000000000000 ) ;
#2301 = CARTESIAN_POINT ( 'NONE',  ( 1284.048144900298666, 0.000000000000000000, 874.8424773576143707 ) ) ;
#2302 = ORIENTED_EDGE ( 'NONE', *, *, #2671, .F. ) ;
#2303 = DIRECTION ( 'NONE',  ( -0.000000000000000000, -0.000000000000000000, 1.000000000000000000 ) ) ;
#2304 = AXIS2_PLACEMENT_3D ( 'NONE', #672, #1790, #2296 ) ;
#2305 = CARTESIAN_POINT ( 'NONE',  ( 0.000000000000000000, -14.49999999999999467, 10.39999999999999858 ) ) ;
#2306 = ORIENTED_EDGE ( 'NONE', *, *, #583, .T. ) ;
#2307 = EDGE_CURVE ( 'NONE', #883, #247, #1223, .T. ) ;
#2308 = EDGE_LOOP ( 'NONE', ( #2061, #2548, #1667, #2929 ) ) ;
#2309 = DIRECTION ( 'NONE',  ( -1.000000000000000000, 0.000000000000000000, 0.000000000000000000 ) ) ;
#2310 = FACE_OUTER_BOUND ( 'NONE', #634, .T. ) ;
#2311 = SHAPE_DEFINITION_REPRESENTATION ( #2347, #355 ) ;
#2312 = VERTEX_POINT ( 'NONE', #1599 ) ;
#2313 = VERTEX_POINT ( 'NONE', #1615 ) ;
#2314 =( NAMED_UNIT ( * ) SI_UNIT ( $, .STERADIAN. ) SOLID_ANGLE_UNIT ( ) );
#2315 = PLANE ( 'NONE',  #1133 ) ;
#2316 = EDGE_CURVE ( 'NONE', #1625, #507, #19, .T. ) ;
#2317 = LINE ( 'NONE', #256, #662 ) ;
#2318 = LINE ( 'NONE', #181, #1143 ) ;
#2319 = EDGE_LOOP ( 'NONE', ( #1768, #2138, #832, #1799 ) ) ;
#2320 = CARTESIAN_POINT ( 'NONE',  ( -19.34999999999999787, -13.49999999999999467, 10.39999999999999858 ) ) ;
#2321 = DIRECTION ( 'NONE',  ( 1.000000000000000000, 0.000000000000000000, 0.000000000000000000 ) ) ;
#2322 = VECTOR ( 'NONE', #1843, 1000.000000000000000 ) ;
#2323 = ORIENTED_EDGE ( 'NONE', *, *, #1351, .F. ) ;
#2324 = ORIENTED_EDGE ( 'NONE', *, *, #2299, .F. ) ;
#2325 = DIRECTION ( 'NONE',  ( -1.000000000000000000, 0.000000000000000000, 0.000000000000000000 ) ) ;
#2326 = ORIENTED_EDGE ( 'NONE', *, *, #1448, .T. ) ;
#2327 = CARTESIAN_POINT ( 'NONE',  ( 1290.348144900298394, 681.9483637775817897, 881.8185273323972524 ) ) ;
#2328 = VERTEX_POINT ( 'NONE', #34 ) ;
#2329 = DIRECTION ( 'NONE',  ( 0.9999619230641713097, 0.000000000000000000, 0.008726535498373953759 ) ) ;
#2330 = EDGE_CURVE ( 'NONE', #1261, #2909, #1875, .T. ) ;
#2331 = CARTESIAN_POINT ( 'NONE',  ( 11.15000000000000391, 13.50000000000000533, 0.000000000000000000 ) ) ;
#2332 = VECTOR ( 'NONE', #31, 1000.000000000000000 ) ;
#2333 = CARTESIAN_POINT ( 'NONE',  ( -5.365653302554608936E-12, 652.4483637775714442, 833.4585231967477057 ) ) ;
#2334 = VERTEX_POINT ( 'NONE', #226 ) ;
#2335 = PLANE ( 'NONE',  #112 ) ;
#2336 = CARTESIAN_POINT ( 'NONE',  ( 1280.448144900298757, 657.0483637775821535, 874.8424773576143707 ) ) ;
#2337 = EDGE_CURVE ( 'NONE', #2498, #42, #1378, .T. ) ;
#2338 = EDGE_CURVE ( 'NONE', #2799, #2010, #2007, .T. ) ;
#2339 = VECTOR ( 'NONE', #1945, 1000.000000000000000 ) ;
#2340 = ORIENTED_EDGE ( 'NONE', *, *, #1998, .T. ) ;
#2341 = CARTESIAN_POINT ( 'NONE',  ( 1290.348144900298848, 661.6483637775824036, 880.8185273323972524 ) ) ;
#2342 = ORIENTED_EDGE ( 'NONE', *, *, #2887, .T. ) ;
#2343 = ORIENTED_EDGE ( 'NONE', *, *, #1153, .T. ) ;
#2344 = DIRECTION ( 'NONE',  ( 4.818676322157799347E-16, 1.000000000000000000, -0.000000000000000000 ) ) ;
#2345 = CARTESIAN_POINT ( 'NONE',  ( -5.683917236280489298E-12, 691.1483637775716034, 883.8185273323972524 ) ) ;
#2346 = EDGE_CURVE ( 'NONE', #1159, #847, #197, .T. ) ;
#2347 = PRODUCT_DEFINITION_SHAPE ( 'NONE', 'NONE',  #1752 ) ;
#2348 = LINE ( 'NONE', #257, #851 ) ;
#2349 = DIRECTION ( 'NONE',  ( -0.000000000000000000, -0.000000000000000000, 1.000000000000000000 ) ) ;
#2350 = EDGE_CURVE ( 'NONE', #1947, #1675, #699, .T. ) ;
#2351 = PRESENTATION_LAYER_ASSIGNMENT (  '', '', ( #268 ) ) ;
#2352 = DIRECTION ( 'NONE',  ( 0.000000000000000000, 0.000000000000000000, 1.000000000000000000 ) ) ;
#2353 = VERTEX_POINT ( 'NONE', #2081 ) ;
#2354 = ADVANCED_FACE ( 'NONE', ( #2109 ), #1126, .T. ) ;
#2355 = AXIS2_PLACEMENT_3D ( 'NONE', #2365, #56, #1420 ) ;
#2356 = EDGE_CURVE ( 'NONE', #1457, #1579, #1404, .T. ) ;
#2357 = EDGE_LOOP ( 'NONE', ( #1096, #564, #546, #2115 ) ) ;
#2358 = CARTESIAN_POINT ( 'NONE',  ( 1276.848144900298621, 682.9483637775821308, 874.8424773576143707 ) ) ;
#2359 = ORIENTED_EDGE ( 'NONE', *, *, #1488, .T. ) ;
#2360 = EDGE_CURVE ( 'NONE', #2955, #2660, #661, .T. ) ;
#2361 = ORIENTED_EDGE ( 'NONE', *, *, #1955, .T. ) ;
#2362 = DIRECTION ( 'NONE',  ( 1.000000000000000000, 0.000000000000000000, 0.000000000000000000 ) ) ;
#2363 = FACE_OUTER_BOUND ( 'NONE', #1303, .T. ) ;
#2364 = CARTESIAN_POINT ( 'NONE',  ( 1296.648144900298576, 686.5483637775822672, 874.8424773576143707 ) ) ;
#2365 = CARTESIAN_POINT ( 'NONE',  ( 1303.848144900298848, 681.9483637775822444, 880.8185273323972524 ) ) ;
#2366 = CYLINDRICAL_SURFACE ( 'NONE', #1228, 1.000000000000111910 ) ;
#2367 = DIRECTION ( 'NONE',  ( 1.000000000000000000, -0.000000000000000000, -0.000000000000000000 ) ) ;
#2368 = ORIENTED_EDGE ( 'NONE', *, *, #1520, .F. ) ;
#2369 = PLANE ( 'NONE',  #949 ) ;
#2370 = ADVANCED_FACE ( 'NONE', ( #2496, #1354 ), #2509, .F. ) ;
#2371 = AXIS2_PLACEMENT_3D ( 'NONE', #1299, #2706, #398 ) ;
#2372 = EDGE_LOOP ( 'NONE', ( #2088, #2534, #2947, #1462 ) ) ;
#2373 = CARTESIAN_POINT ( 'NONE',  ( 1304.848144900298621, 0.000000000000000000, 881.8185273323972524 ) ) ;
#2374 = LINE ( 'NONE', #2364, #2523 ) ;
#2375 = ADVANCED_FACE ( 'NONE', ( #258 ), #2335, .F. ) ;
#2376 = CARTESIAN_POINT ( 'NONE',  ( -18.35000000000000142, -16.49999999999999289, 10.39999999999999858 ) ) ;
#2377 = ORIENTED_EDGE ( 'NONE', *, *, #657, .T. ) ;
#2378 = CARTESIAN_POINT ( 'NONE',  ( 18.35000000000000142, 13.50000000000000533, 12.39999999999999858 ) ) ;
#2379 = VECTOR ( 'NONE', #986, 1000.000000000000000 ) ;
#2380 = AXIS2_PLACEMENT_3D ( 'NONE', #1012, #527, #959 ) ;
#2381 = LINE ( 'NONE', #530, #2883 ) ;
#2382 = PLANE ( 'NONE',  #1655 ) ;
#2383 = PLANE ( 'NONE',  #2371 ) ;
#2384 = AXIS2_PLACEMENT_3D ( 'NONE', #44, #976, #2802 ) ;
#2385 = VECTOR ( 'NONE', #577, 1000.000000000000000 ) ;
#2386 = ORIENTED_EDGE ( 'NONE', *, *, #2082, .F. ) ;
#2387 = CARTESIAN_POINT ( 'NONE',  ( 14.75000000000000355, 9.900000000000005684, 0.000000000000000000 ) ) ;
#2388 = AXIS2_PLACEMENT_3D ( 'NONE', #1368, #1831, #1186 ) ;
#2389 = CARTESIAN_POINT ( 'NONE',  ( 1276.848144900298621, 691.1483637775821762, 881.8185273323972524 ) ) ;
#2390 = DIRECTION ( 'NONE',  ( 1.000000000000000000, 0.000000000000000000, 0.000000000000000000 ) ) ;
#2391 = DIRECTION ( 'NONE',  ( -1.000000000000000000, 0.000000000000000000, 0.000000000000000000 ) ) ;
#2392 = ADVANCED_FACE ( 'NONE', ( #1842 ), #2956, .T. ) ;
#2393 = AXIS2_PLACEMENT_3D ( 'NONE', #2691, #1044, #2500 ) ;
#2394 = VERTEX_POINT ( 'NONE', #2286 ) ;
#2395 = VECTOR ( 'NONE', #1146, 1000.000000000000000 ) ;
#2396 = LINE ( 'NONE', #1482, #919 ) ;
#2397 = VECTOR ( 'NONE', #983, 1000.000000000000000 ) ;
#2398 = EDGE_LOOP ( 'NONE', ( #190, #2627, #1224, #2646 ) ) ;
#2399 = DIRECTION ( 'NONE',  ( -1.000000000000000000, 0.000000000000000000, 0.000000000000000000 ) ) ;
#2400 = CIRCLE ( 'NONE', #1098, 1.017453735581517416 ) ;
#2401 = DIRECTION ( 'NONE',  ( 0.000000000000000000, -0.000000000000000000, -1.000000000000000000 ) ) ;
#2402 = LINE ( 'NONE', #1268, #2771 ) ;
#2403 = AXIS2_PLACEMENT_3D ( 'NONE', #2815, #2107, #759 ) ;
#2404 = VECTOR ( 'NONE', #2470, 1000.000000000000000 ) ;
#2405 = ORIENTED_EDGE ( 'NONE', *, *, #1407, .T. ) ;
#2406 = LINE ( 'NONE', #585, #1170 ) ;
#2407 = APPLICATION_PROTOCOL_DEFINITION ( 'draft international standard', 'automotive_design', 1998, #1804 ) ;
#2408 = PLANE ( 'NONE',  #2581 ) ;
#2409 = CARTESIAN_POINT ( 'NONE',  ( 0.000000000000000000, 16.50000000000000355, 12.39999999999999858 ) ) ;
#2410 = PLANE ( 'NONE',  #2142 ) ;
#2411 = VERTEX_POINT ( 'NONE', #212 ) ;
#2412 = FACE_OUTER_BOUND ( 'NONE', #2736, .T. ) ;
#2413 = FACE_OUTER_BOUND ( 'NONE', #2398, .T. ) ;
#2414 = DIRECTION ( 'NONE',  ( -0.000000000000000000, 1.000000000000000000, -0.000000000000000000 ) ) ;
#2415 = EDGE_LOOP ( 'NONE', ( #202, #388, #2211, #1884 ) ) ;
#2416 = LINE ( 'NONE', #600, #1075 ) ;
#2417 = SHAPE_REPRESENTATION_RELATIONSHIP ( 'NONE' , 'NONE' ,  #355, #1449 ) ;
#2418 = AXIS2_PLACEMENT_3D ( 'NONE', #1425, #260, #2722 ) ;
#2419 = DIRECTION ( 'NONE',  ( 0.000000000000000000, 0.000000000000000000, 1.000000000000000000 ) ) ;
#2420 = EDGE_CURVE ( 'NONE', #2482, #1822, #209, .T. ) ;
#2421 = FACE_BOUND ( 'NONE', #77, .T. ) ;
#2422 = DIRECTION ( 'NONE',  ( 0.000000000000000000, -1.000000000000000000, 0.000000000000000000 ) ) ;
#2423 = CARTESIAN_POINT ( 'NONE',  ( -21.35100000000000264, 6.500000000000000000, 9.000000000000000000 ) ) ;
#2424 = EDGE_LOOP ( 'NONE', ( #714, #2469, #2000, #1734, #309 ) ) ;
#2425 = CARTESIAN_POINT ( 'NONE',  ( 11.15000000000000391, -13.49999999999999467, 1.800000000000000044 ) ) ;
#2426 = ADVANCED_FACE ( 'NONE', ( #771 ), #2410, .T. ) ;
#2427 = CIRCLE ( 'NONE', #1704, 1.000000000000111910 ) ;
#2428 = EDGE_LOOP ( 'NONE', ( #291, #2005, #1157, #2921, #1392 ) ) ;
#2429 = DIRECTION ( 'NONE',  ( 0.000000000000000000, 1.000000000000000000, -0.000000000000000000 ) ) ;
#2430 = ORIENTED_EDGE ( 'NONE', *, *, #2434, .T. ) ;
#2431 = VECTOR ( 'NONE', #923, 1000.000000000000000 ) ;
#2432 = CARTESIAN_POINT ( 'NONE',  ( 18.35000000000000142, -6.300000000000006040, 1.800000000000000044 ) ) ;
#2433 = CARTESIAN_POINT ( 'NONE',  ( -18.35000000000000142, -13.49999999999999467, 0.000000000000000000 ) ) ;
#2434 = EDGE_CURVE ( 'NONE', #2182, #1862, #1696, .T. ) ;
#2435 = CARTESIAN_POINT ( 'NONE',  ( 1295.473144900298848, 659.0483637775822672, 883.8185273323972524 ) ) ;
#2436 = VERTEX_POINT ( 'NONE', #2583 ) ;
#2437 = CARTESIAN_POINT ( 'NONE',  ( 1285.223144900298621, 678.9483637775822444, 881.8185273323972524 ) ) ;
#2438 = FACE_OUTER_BOUND ( 'NONE', #1264, .T. ) ;
#2439 = ADVANCED_FACE ( 'NONE', ( #273 ), #1918, .F. ) ;
#2440 = VERTEX_POINT ( 'NONE', #101 ) ;
#2441 = EDGE_CURVE ( 'NONE', #2010, #1739, #333, .T. ) ;
#2442 = ORIENTED_EDGE ( 'NONE', *, *, #2499, .F. ) ;
#2443 = DIRECTION ( 'NONE',  ( 0.000000000000000000, 1.000000000000000000, -0.000000000000000000 ) ) ;
#2444 = FACE_OUTER_BOUND ( 'NONE', #888, .T. ) ;
#2445 = DIRECTION ( 'NONE',  ( 1.000000000000000000, 0.000000000000000000, 0.000000000000000000 ) ) ;
#2446 = LINE ( 'NONE', #805, #1068 ) ;
#2447 = ORIENTED_EDGE ( 'NONE', *, *, #1369, .F. ) ;
#2448 = CARTESIAN_POINT ( 'NONE',  ( 21.35000000000000142, 6.500000000000000000, 9.000000000000000000 ) ) ;
#2449 =( NAMED_UNIT ( * ) SI_UNIT ( $, .STERADIAN. ) SOLID_ANGLE_UNIT ( ) );
#2450 = VERTEX_POINT ( 'NONE', #1903 ) ;
#2451 = ORIENTED_EDGE ( 'NONE', *, *, #560, .F. ) ;
#2452 = DIRECTION ( 'NONE',  ( -1.000000000000000000, 0.000000000000000000, 0.000000000000000000 ) ) ;
#2453 = ORIENTED_EDGE ( 'NONE', *, *, #1618, .F. ) ;
#2454 = EDGE_LOOP ( 'NONE', ( #2588, #1881, #2232, #2293 ) ) ;
#2455 = LINE ( 'NONE', #2409, #904 ) ;
#2456 = CARTESIAN_POINT ( 'NONE',  ( 21.35000000000000142, -13.49999999999999467, 10.39999999999999858 ) ) ;
#2457 = ADVANCED_FACE ( 'NONE', ( #2622 ), #2817, .T. ) ;
#2458 = AXIS2_PLACEMENT_3D ( 'NONE', #1662, #2573, #122 ) ;
#2459 = CARTESIAN_POINT ( 'NONE',  ( 18.35000000000000142, 13.50000000000000533, 10.39999999999999858 ) ) ;
#2460 = ORIENTED_EDGE ( 'NONE', *, *, #2820, .F. ) ;
#2461 = CARTESIAN_POINT ( 'NONE',  ( -3.035766082959420304E-15, -6.300000000000014033, 0.000000000000000000 ) ) ;
#2462 = EDGE_CURVE ( 'NONE', #1922, #282, #836, .T. ) ;
#2463 = EDGE_CURVE ( 'NONE', #660, #1105, #2524, .T. ) ;
#2464 = VECTOR ( 'NONE', #1871, 1000.000000000000000 ) ;
#2465 = DIRECTION ( 'NONE',  ( 0.000000000000000000, 1.445602896647339163E-16, -1.000000000000000000 ) ) ;
#2466 = VERTEX_POINT ( 'NONE', #2794 ) ;
#2467 = DIRECTION ( 'NONE',  ( 0.000000000000000000, -1.000000000000000000, 0.000000000000000000 ) ) ;
#2468 = ORIENTED_EDGE ( 'NONE', *, *, #242, .T. ) ;
#2469 = ORIENTED_EDGE ( 'NONE', *, *, #2943, .F. ) ;
#2470 = DIRECTION ( 'NONE',  ( -0.000000000000000000, -0.000000000000000000, -1.000000000000000000 ) ) ;
#2471 = EDGE_CURVE ( 'NONE', #1163, #1027, #562, .T. ) ;
#2472 = CARTESIAN_POINT ( 'NONE',  ( 1303.848144900298848, 671.7983637775821535, 881.8185273323972524 ) ) ;
#2473 = VECTOR ( 'NONE', #1211, 1000.000000000000000 ) ;
#2474 = EDGE_CURVE ( 'NONE', #2611, #712, #890, .T. ) ;
#2475 = ADVANCED_FACE ( 'NONE', ( #1247 ), #1230, .T. ) ;
#2476 = ORIENTED_EDGE ( 'NONE', *, *, #1640, .F. ) ;
#2477 = DIRECTION ( 'NONE',  ( 0.000000000000000000, 1.000000000000000000, -1.445602896647339163E-16 ) ) ;
#2478 = ORIENTED_EDGE ( 'NONE', *, *, #1588, .F. ) ;
#2479 = DIRECTION ( 'NONE',  ( 0.008726535498373953759, 0.000000000000000000, 0.9999619230641713097 ) ) ;
#2480 = VECTOR ( 'NONE', #1387, 1000.000000000000000 ) ;
#2481 = CARTESIAN_POINT ( 'NONE',  ( 1300.248144900298712, 681.9483637775821308, 880.8185273323972524 ) ) ;
#2482 = VERTEX_POINT ( 'NONE', #1930 ) ;
#2483 = AXIS2_PLACEMENT_3D ( 'NONE', #418, #645, #666 ) ;
#2484 = LINE ( 'NONE', #1511, #704 ) ;
#2485 = ORIENTED_EDGE ( 'NONE', *, *, #1669, .T. ) ;
#2486 = CARTESIAN_POINT ( 'NONE',  ( 19.35000000000000142, -13.49999999999999467, 10.39999999999999858 ) ) ;
#2487 = CIRCLE ( 'NONE', #1093, 1.000000000000000888 ) ;
#2488 = ORIENTED_EDGE ( 'NONE', *, *, #2042, .F. ) ;
#2489 = VERTEX_POINT ( 'NONE', #734 ) ;
#2490 = CARTESIAN_POINT ( 'NONE',  ( 1280.448144900298757, 681.9483637775821308, 880.8185273323972524 ) ) ;
#2491 = CARTESIAN_POINT ( 'NONE',  ( 21.35000000000000142, 13.50000000000000533, -3.000000000000000000 ) ) ;
#2492 = CIRCLE ( 'NONE', #2539, 2.999999999999999112 ) ;
#2493 = CARTESIAN_POINT ( 'NONE',  ( -18.35000000000000142, 14.50000000000000533, 10.39999999999999858 ) ) ;
#2494 = CIRCLE ( 'NONE', #1639, 4.599999999999937472 ) ;
#2495 = ORIENTED_EDGE ( 'NONE', *, *, #2071, .F. ) ;
#2496 = FACE_OUTER_BOUND ( 'NONE', #729, .T. ) ;
#2497 = CARTESIAN_POINT ( 'NONE',  ( 18.35000000000000142, 13.50000000000000533, 10.39999999999999858 ) ) ;
#2498 = VERTEX_POINT ( 'NONE', #1661 ) ;
#2499 = EDGE_CURVE ( 'NONE', #107, #1116, #2829, .T. ) ;
#2500 = DIRECTION ( 'NONE',  ( -1.000000000000000000, 0.000000000000000000, 0.000000000000000000 ) ) ;
#2501 = ORIENTED_EDGE ( 'NONE', *, *, #912, .T. ) ;
#2502 = CARTESIAN_POINT ( 'NONE',  ( 3.035766082959420304E-15, -6.300000000000014033, 1.800000000000000044 ) ) ;
#2503 = ORIENTED_EDGE ( 'NONE', *, *, #968, .F. ) ;
#2504 = DIRECTION ( 'NONE',  ( -0.000000000000000000, -1.000000000000000000, -0.000000000000000000 ) ) ;
#2505 = LINE ( 'NONE', #2774, #402 ) ;
#2506 = EDGE_CURVE ( 'NONE', #1862, #2450, #1433, .T. ) ;
#2507 = CARTESIAN_POINT ( 'NONE',  ( 1284.048144900298666, 0.000000000000000000, 880.8185273323972524 ) ) ;
#2508 = CARTESIAN_POINT ( 'NONE',  ( 1296.648144900298576, 690.1483637775821762, 874.8424773576143707 ) ) ;
#2509 = PLANE ( 'NONE',  #161 ) ;
#2510 = AXIS2_PLACEMENT_3D ( 'NONE', #2336, #1859, #2083 ) ;
#2511 = CARTESIAN_POINT ( 'NONE',  ( 1285.223144900298621, 678.9483637775822444, 883.8185273323972524 ) ) ;
#2512 = ADVANCED_BREP_SHAPE_REPRESENTATION ( '', ( #534, #2609 ), #1567 ) ;
#2513 = DIRECTION ( 'NONE',  ( -1.000000000000000000, -3.083952846180949299E-14, -0.000000000000000000 ) ) ;
#2514 = VERTEX_POINT ( 'NONE', #1712 ) ;
#2515 = CARTESIAN_POINT ( 'NONE',  ( 14.75000000000000355, 9.900000000000005684, 1.800000000000000044 ) ) ;
#2516 = AXIS2_PLACEMENT_3D ( 'NONE', #1271, #1024, #1039 ) ;
#2517 = VERTEX_POINT ( 'NONE', #87 ) ;
#2518 = ORIENTED_EDGE ( 'NONE', *, *, #1720, .F. ) ;
#2519 = DIRECTION ( 'NONE',  ( 4.818676322157799347E-16, -1.000000000000000000, 0.000000000000000000 ) ) ;
#2520 = DIRECTION ( 'NONE',  ( -0.000000000000000000, 0.000000000000000000, 1.000000000000000000 ) ) ;
#2521 = LINE ( 'NONE', #2538, #2102 ) ;
#2522 = EDGE_CURVE ( 'NONE', #1307, #1677, #1260, .T. ) ;
#2523 = VECTOR ( 'NONE', #1226, 1000.000000000000000 ) ;
#2524 = CIRCLE ( 'NONE', #1913, 1.000000000000111910 ) ;
#2525 = FACE_OUTER_BOUND ( 'NONE', #2650, .T. ) ;
#2526 = VECTOR ( 'NONE', #1339, 1000.000000000000000 ) ;
#2527 = EDGE_CURVE ( 'NONE', #847, #1326, #2842, .T. ) ;
#2528 = DIRECTION ( 'NONE',  ( 0.000000000000000000, -0.000000000000000000, -1.000000000000000000 ) ) ;
#2529 = VERTEX_POINT ( 'NONE', #516 ) ;
#2530 = DIRECTION ( 'NONE',  ( 1.000000000000000000, 0.000000000000000000, 0.000000000000000000 ) ) ;
#2531 = CLOSED_SHELL ( 'NONE', ( #1443, #1977, #2761, #2354, #2532, #988, #623, #2125, #2392, #1240, #4, #2870, #977, #587, #612, #2439, #2792, #2542, #1101, #1816, #102, #1277, #861, #1423, #180, #362, #2781, #2572, #522, #544, #954, #735, #870, #1452, #127, #2265, #769, #2375, #2112, #961, #824, #64, #2875, #339, #2657, #368, #641, #1467, #186, #656 ) ) ;
#2532 = ADVANCED_FACE ( 'NONE', ( #1451 ), #2366, .T. ) ;
#2533 = ORIENTED_EDGE ( 'NONE', *, *, #375, .T. ) ;
#2534 = ORIENTED_EDGE ( 'NONE', *, *, #2128, .F. ) ;
#2535 = SURFACE_STYLE_FILL_AREA ( #426 ) ;
#2536 = CARTESIAN_POINT ( 'NONE',  ( 11.15000000000000391, 0.000000000000000000, 1.800000000000000044 ) ) ;
#2537 = CARTESIAN_POINT ( 'NONE',  ( 18.35000000000000142, 16.50000000000000355, 12.39999999999999858 ) ) ;
#2538 = CARTESIAN_POINT ( 'NONE',  ( -21.35000000000000142, -13.49999999999999467, 10.39999999999999858 ) ) ;
#2539 = AXIS2_PLACEMENT_3D ( 'NONE', #2285, #1154, #1137 ) ;
#2540 = DIRECTION ( 'NONE',  ( -0.000000000000000000, 0.000000000000000000, 1.000000000000000000 ) ) ;
#2541 = EDGE_LOOP ( 'NONE', ( #1937, #2755, #1651, #1593, #7, #1576, #1241, #475 ) ) ;
#2542 = ADVANCED_FACE ( 'NONE', ( #1988 ), #1777, .T. ) ;
#2543 = ORIENTED_EDGE ( 'NONE', *, *, #2246, .F. ) ;
#2544 = CARTESIAN_POINT ( 'NONE',  ( 1280.448144900298757, 686.5483637775821535, 880.8185273323972524 ) ) ;
#2545 = ORIENTED_EDGE ( 'NONE', *, *, #2263, .T. ) ;
#2546 = DIRECTION ( 'NONE',  ( 1.000000000000000000, 3.083952846180949299E-14, 0.000000000000000000 ) ) ;
#2547 = ORIENTED_EDGE ( 'NONE', *, *, #2209, .F. ) ;
#2548 = ORIENTED_EDGE ( 'NONE', *, *, #1219, .F. ) ;
#2549 = CARTESIAN_POINT ( 'NONE',  ( 0.000000000000000000, 0.000000000000000000, 0.000000000000000000 ) ) ;
#2550 = DIRECTION ( 'NONE',  ( 0.000000000000000000, 1.000000000000000000, -0.000000000000000000 ) ) ;
#2551 = FACE_OUTER_BOUND ( 'NONE', #2096, .T. ) ;
#2552 = DIRECTION ( 'NONE',  ( 1.000000000000000000, 0.000000000000000000, 0.000000000000000000 ) ) ;
#2553 = DIRECTION ( 'NONE',  ( 0.000000000000000000, 0.000000000000000000, -1.000000000000000000 ) ) ;
#2554 = PLANE ( 'NONE',  #490 ) ;
#2555 = VERTEX_POINT ( 'NONE', #603 ) ;
#2556 = UNCERTAINTY_MEASURE_WITH_UNIT (LENGTH_MEASURE( 1.000000000000000082E-05 ), #551, 'distance_accuracy_value', 'NONE');
#2557 = EDGE_LOOP ( 'NONE', ( #2057, #1810, #1329, #1586, #1786 ) ) ;
#2558 = ORIENTED_EDGE ( 'NONE', *, *, #2290, .T. ) ;
#2559 = LINE ( 'NONE', #496, #1722 ) ;
#2560 = ORIENTED_EDGE ( 'NONE', *, *, #1915, .T. ) ;
#2561 = CARTESIAN_POINT ( 'NONE',  ( 1303.848144900298621, 690.1483637775822899, 874.8424773576143707 ) ) ;
#2562 = ADVANCED_FACE ( 'NONE', ( #1092 ), #348, .F. ) ;
#2563 = VERTEX_POINT ( 'NONE', #2254 ) ;
#2564 = CARTESIAN_POINT ( 'NONE',  ( 3.035766082959420304E-15, 6.300000000000014033, 1.800000000000000044 ) ) ;
#2565 = CARTESIAN_POINT ( 'NONE',  ( 1276.848144900298848, 653.4483637775821308, 874.8424773576143707 ) ) ;
#2566 = CONICAL_SURFACE ( 'NONE', #1127, 1.000000000000000888, 0.008726646259971666819 ) ;
#2567 = EDGE_CURVE ( 'NONE', #2681, #2059, #1791, .T. ) ;
#2568 = VECTOR ( 'NONE', #1681, 1000.000000000000000 ) ;
#2569 = LINE ( 'NONE', #503, #2919 ) ;
#2570 = DIRECTION ( 'NONE',  ( -1.000000000000000000, -4.818676322157799347E-16, 0.000000000000000000 ) ) ;
#2571 = EDGE_CURVE ( 'NONE', #2577, #2466, #617, .T. ) ;
#2572 = ADVANCED_FACE ( 'NONE', ( #860 ), #1046, .F. ) ;
#2573 = DIRECTION ( 'NONE',  ( 0.000000000000000000, 0.000000000000000000, -1.000000000000000000 ) ) ;
#2574 = ORIENTED_EDGE ( 'NONE', *, *, #892, .T. ) ;
#2575 = VECTOR ( 'NONE', #2422, 1000.000000000000000 ) ;
#2576 = CARTESIAN_POINT ( 'NONE',  ( 1275.848144900298621, 690.1483637775821762, 883.8185273323972524 ) ) ;
#2577 = VERTEX_POINT ( 'NONE', #2700 ) ;
#2578 = ORIENTED_EDGE ( 'NONE', *, *, #20, .T. ) ;
#2579 = FACE_OUTER_BOUND ( 'NONE', #1398, .T. ) ;
#2580 = DIRECTION ( 'NONE',  ( 0.000000000000000000, 0.000000000000000000, 1.000000000000000000 ) ) ;
#2581 = AXIS2_PLACEMENT_3D ( 'NONE', #1104, #1744, #1590 ) ;
#2582 = PLANE ( 'NONE',  #1832 ) ;
#2583 = CARTESIAN_POINT ( 'NONE',  ( 1304.848144900298621, 653.4483637775822444, 881.8185273323972524 ) ) ;
#2584 = VECTOR ( 'NONE', #647, 1000.000000000000000 ) ;
#2585 = ADVANCED_FACE ( 'NONE', ( #1317 ), #632, .T. ) ;
#2586 = DIRECTION ( 'NONE',  ( 1.000000000000000000, 0.000000000000000000, 0.000000000000000000 ) ) ;
#2587 = CARTESIAN_POINT ( 'NONE',  ( 1295.648144900298803, 657.0483637775822672, 880.8185273323972524 ) ) ;
#2588 = ORIENTED_EDGE ( 'NONE', *, *, #1231, .F. ) ;
#2589 = CARTESIAN_POINT ( 'NONE',  ( 1295.648144900298803, 657.0483637775822672, 881.8185273323972524 ) ) ;
#2590 = VERTEX_POINT ( 'NONE', #2652 ) ;
#2591 = CARTESIAN_POINT ( 'NONE',  ( 21.35000000000000142, 13.50000000000000533, 12.39999999999999858 ) ) ;
#2592 = DIRECTION ( 'NONE',  ( -1.000000000000000000, 0.000000000000000000, 0.000000000000000000 ) ) ;
#2593 = CARTESIAN_POINT ( 'NONE',  ( 1303.848144900298621, 690.1483637775822899, 881.8185273323972524 ) ) ;
#2594 = DIRECTION ( 'NONE',  ( -1.000000000000000000, 0.000000000000000000, 0.000000000000000000 ) ) ;
#2595 = CARTESIAN_POINT ( 'NONE',  ( 1303.848144900298848, 653.4483637775822444, 874.8424773576143707 ) ) ;
#2596 = EDGE_LOOP ( 'NONE', ( #2767, #394, #1439, #2655 ) ) ;
#2597 = ORIENTED_EDGE ( 'NONE', *, *, #2420, .F. ) ;
#2598 = DIRECTION ( 'NONE',  ( -1.000000000000000000, 0.000000000000000000, 0.000000000000000000 ) ) ;
#2599 = ORIENTED_EDGE ( 'NONE', *, *, #459, .F. ) ;
#2600 = VECTOR ( 'NONE', #664, 1000.000000000000000 ) ;
#2601 = EDGE_CURVE ( 'NONE', #185, #935, #1976, .T. ) ;
#2602 = ORIENTED_EDGE ( 'NONE', *, *, #1189, .T. ) ;
#2603 = CARTESIAN_POINT ( 'NONE',  ( 1276.848144900298621, 671.7983637775821535, 881.8185273323972524 ) ) ;
#2604 = CARTESIAN_POINT ( 'NONE',  ( -11.15000000000000391, 13.50000000000000533, 0.000000000000000000 ) ) ;
#2605 = FACE_BOUND ( 'NONE', #2357, .T. ) ;
#2606 = DIRECTION ( 'NONE',  ( 0.000000000000000000, -0.000000000000000000, -1.000000000000000000 ) ) ;
#2607 = ORIENTED_EDGE ( 'NONE', *, *, #2299, .T. ) ;
#2608 = VECTOR ( 'NONE', #2175, 1000.000000000000000 ) ;
#2609 = AXIS2_PLACEMENT_3D ( 'NONE', #1743, #358, #374 ) ;
#2610 = LINE ( 'NONE', #2595, #1989 ) ;
#2611 = VERTEX_POINT ( 'NONE', #1552 ) ;
#2612 = DIRECTION ( 'NONE',  ( 0.000000000000000000, -0.000000000000000000, 1.000000000000000000 ) ) ;
#2613 = VERTEX_POINT ( 'NONE', #1962 ) ;
#2614 = SURFACE_STYLE_FILL_AREA ( #1221 ) ;
#2615 = VERTEX_POINT ( 'NONE', #815 ) ;
#2616 = CARTESIAN_POINT ( 'NONE',  ( 1285.223144900298621, 678.9483637775822444, 874.8414773576142807 ) ) ;
#2617 = VECTOR ( 'NONE', #1168, 1000.000000000000000 ) ;
#2618 = CARTESIAN_POINT ( 'NONE',  ( -18.35000000000000142, -14.51745373558151364, 12.39999999999999858 ) ) ;
#2619 = APPLICATION_CONTEXT ( 'automotive_design' ) ;
#2620 = CARTESIAN_POINT ( 'NONE',  ( 1276.848144900319085, 3.937739470606265468E-11, 874.8424773576143707 ) ) ;
#2621 = DIRECTION ( 'NONE',  ( 0.000000000000000000, -0.000000000000000000, 1.000000000000000000 ) ) ;
#2622 = FACE_OUTER_BOUND ( 'NONE', #2233, .T. ) ;
#2623 = AXIS2_PLACEMENT_3D ( 'NONE', #450, #915, #2528 ) ;
#2624 = ORIENTED_EDGE ( 'NONE', *, *, #26, .T. ) ;
#2625 = DIRECTION ( 'NONE',  ( 1.000000000000000000, 0.000000000000000000, -0.000000000000000000 ) ) ;
#2626 = COLOUR_RGB ( '',0.7921568627450980005, 0.8196078431372548767, 0.9333333333333333481 ) ;
#2627 = ORIENTED_EDGE ( 'NONE', *, *, #335, .F. ) ;
#2628 = CARTESIAN_POINT ( 'NONE',  ( 1295.473144900298848, 678.9483637775822444, 881.8185273323972524 ) ) ;
#2629 = SHAPE_REPRESENTATION ( 'Part4^Assem2', ( #2609 ), #1567 ) ;
#2630 = DIRECTION ( 'NONE',  ( 0.000000000000000000, 0.000000000000000000, 1.000000000000000000 ) ) ;
#2631 = FILL_AREA_STYLE_COLOUR ( '', #2626 ) ;
#2632 = CYLINDRICAL_SURFACE ( 'NONE', #412, 3.600000000000047606 ) ;
#2633 = VECTOR ( 'NONE', #1478, 1000.000000000000000 ) ;
#2634 = EDGE_CURVE ( 'NONE', #2203, #2704, #1731, .T. ) ;
#2635 = COLOUR_RGB ( '',0.7921568627450980005, 0.8196078431372548767, 0.9333333333333333481 ) ;
#2636 = ORIENTED_EDGE ( 'NONE', *, *, #1826, .F. ) ;
#2637 = LINE ( 'NONE', #1287, #827 ) ;
#2638 = ORIENTED_EDGE ( 'NONE', *, *, #874, .F. ) ;
#2639 = FACE_OUTER_BOUND ( 'NONE', #2976, .T. ) ;
#2640 = CARTESIAN_POINT ( 'NONE',  ( 1285.223144900298621, 659.0483637775822672, 874.8414773576142807 ) ) ;
#2641 = CARTESIAN_POINT ( 'NONE',  ( 1285.223144900298621, 659.0483637775822672, 881.8185273323972524 ) ) ;
#2642 = VERTEX_POINT ( 'NONE', #2886 ) ;
#2643 = DIRECTION ( 'NONE',  ( 0.000000000000000000, 1.445602896647339163E-16, 1.000000000000000000 ) ) ;
#2644 = ORIENTED_EDGE ( 'NONE', *, *, #1456, .F. ) ;
#2645 = DIRECTION ( 'NONE',  ( 0.000000000000000000, 1.000000000000000000, -0.000000000000000000 ) ) ;
#2646 = ORIENTED_EDGE ( 'NONE', *, *, #2231, .T. ) ;
#2647 = LINE ( 'NONE', #1997, #2051 ) ;
#2648 = EDGE_CURVE ( 'NONE', #2563, #1569, #2683, .T. ) ;
#2649 = VECTOR ( 'NONE', #736, 1000.000000000000000 ) ;
#2650 = EDGE_LOOP ( 'NONE', ( #1173, #1506, #1742, #806 ) ) ;
#2651 = DIRECTION ( 'NONE',  ( -1.000000000000000000, 0.000000000000000000, 0.000000000000000000 ) ) ;
#2652 = CARTESIAN_POINT ( 'NONE',  ( 1303.848144900298848, 682.9483637775822444, 874.8424773576143707 ) ) ;
#2653 = EDGE_CURVE ( 'NONE', #2902, #2714, #828, .T. ) ;
#2654 = DIRECTION ( 'NONE',  ( 0.000000000000000000, 0.000000000000000000, 1.000000000000000000 ) ) ;
#2655 = ORIENTED_EDGE ( 'NONE', *, *, #1747, .F. ) ;
#2656 = DIRECTION ( 'NONE',  ( 0.000000000000000000, 0.000000000000000000, -1.000000000000000000 ) ) ;
#2657 = ADVANCED_FACE ( 'NONE', ( #2205 ), #1513, .F. ) ;
#2658 = LINE ( 'NONE', #926, #713 ) ;
#2659 =( NAMED_UNIT ( * ) PLANE_ANGLE_UNIT ( ) SI_UNIT ( $, .RADIAN. ) );
#2660 = VERTEX_POINT ( 'NONE', #1060 ) ;
#2661 = FACE_OUTER_BOUND ( 'NONE', #779, .T. ) ;
#2662 =( NAMED_UNIT ( * ) PLANE_ANGLE_UNIT ( ) SI_UNIT ( $, .RADIAN. ) );
#2663 = AXIS2_PLACEMENT_3D ( 'NONE', #442, #2550, #1853 ) ;
#2664 = VECTOR ( 'NONE', #1139, 1000.000000000000000 ) ;
#2665 = FACE_BOUND ( 'NONE', #651, .T. ) ;
#2666 = CARTESIAN_POINT ( 'NONE',  ( 1303.848144900298848, 0.000000000000000000, 874.8424773576143707 ) ) ;
#2667 = FACE_OUTER_BOUND ( 'NONE', #2248, .T. ) ;
#2668 = ORIENTED_EDGE ( 'NONE', *, *, #1725, .T. ) ;
#2669 = FACE_OUTER_BOUND ( 'NONE', #144, .T. ) ;
#2670 = VECTOR ( 'NONE', #1274, 1000.000000000000000 ) ;
#2671 = EDGE_CURVE ( 'NONE', #1739, #2681, #354, .T. ) ;
#2672 = AXIS2_PLACEMENT_3D ( 'NONE', #2924, #2256, #881 ) ;
#2673 = ORIENTED_EDGE ( 'NONE', *, *, #780, .F. ) ;
#2674 = ORIENTED_EDGE ( 'NONE', *, *, #972, .F. ) ;
#2675 = LINE ( 'NONE', #1254, #2608 ) ;
#2676 = EDGE_CURVE ( 'NONE', #97, #1314, #1528, .T. ) ;
#2677 = VECTOR ( 'NONE', #1598, 1000.000000000000000 ) ;
#2678 = CARTESIAN_POINT ( 'NONE',  ( 0.000000000000000000, 0.000000000000000000, 0.000000000000000000 ) ) ;
#2679 = CIRCLE ( 'NONE', #1733, 1.000000000000000888 ) ;
#2680 = ORIENTED_EDGE ( 'NONE', *, *, #1283, .T. ) ;
#2681 = VERTEX_POINT ( 'NONE', #378 ) ;
#2682 = LINE ( 'NONE', #616, #2202 ) ;
#2683 = LINE ( 'NONE', #2456, #2385 ) ;
#2684 = CARTESIAN_POINT ( 'NONE',  ( 1303.848144900319767, 4.021006197453154794E-11, 874.8424773576143707 ) ) ;
#2685 = DIRECTION ( 'NONE',  ( -3.083952846180997262E-14, 1.000000000000000000, 0.000000000000000000 ) ) ;
#2686 = ORIENTED_EDGE ( 'NONE', *, *, #1456, .T. ) ;
#2687 = DIRECTION ( 'NONE',  ( -1.000000000000000000, 0.000000000000000000, 0.000000000000000000 ) ) ;
#2688 = DIRECTION ( 'NONE',  ( 1.000000000000000000, 0.000000000000000000, 0.000000000000000000 ) ) ;
#2689 = VERTEX_POINT ( 'NONE', #132 ) ;
#2690 = EDGE_CURVE ( 'NONE', #744, #370, #2906, .T. ) ;
#2691 = CARTESIAN_POINT ( 'NONE',  ( 18.35000000000000142, 13.50000000000000533, -3.000000000000000888 ) ) ;
#2692 = ORIENTED_EDGE ( 'NONE', *, *, #1588, .T. ) ;
#2693 = FACE_OUTER_BOUND ( 'NONE', #1161, .T. ) ;
#2694 = ORIENTED_EDGE ( 'NONE', *, *, #2915, .F. ) ;
#2695 = APPLICATION_PROTOCOL_DEFINITION ( 'draft international standard', 'automotive_design', 1998, #2165 ) ;
#2696 = ADVANCED_FACE ( 'NONE', ( #1872 ), #2315, .T. ) ;
#2697 = EDGE_LOOP ( 'NONE', ( #1372, #626, #419, #2917 ) ) ;
#2698 = ORIENTED_EDGE ( 'NONE', *, *, #597, .T. ) ;
#2699 = DIRECTION ( 'NONE',  ( 1.000000000000000000, 0.000000000000000000, 0.000000000000000000 ) ) ;
#2700 = CARTESIAN_POINT ( 'NONE',  ( 18.35000000000000142, 6.499999999999999112, 9.000000000000000000 ) ) ;
#2701 = VECTOR ( 'NONE', #1905, 1000.000000000000000 ) ;
#2702 = VERTEX_POINT ( 'NONE', #909 ) ;
#2703 = LINE ( 'NONE', #1841, #143 ) ;
#2704 = VERTEX_POINT ( 'NONE', #2952 ) ;
#2705 = DIRECTION ( 'NONE',  ( -4.818676322157799347E-16, -1.000000000000000000, 0.000000000000000000 ) ) ;
#2706 = DIRECTION ( 'NONE',  ( -1.541976423090522297E-14, 1.000000000000000000, 0.000000000000000000 ) ) ;
#2707 = ORIENTED_EDGE ( 'NONE', *, *, #962, .T. ) ;
#2708 = CIRCLE ( 'NONE', #1427, 3.599999999999999201 ) ;
#2709 = CONICAL_SURFACE ( 'NONE', #2380, 1.000000000000000888, 0.008726646259971666819 ) ;
#2710 = LINE ( 'NONE', #2946, #1674 ) ;
#2711 = EDGE_LOOP ( 'NONE', ( #295, #854, #1870, #763 ) ) ;
#2712 = CARTESIAN_POINT ( 'NONE',  ( 1303.848144900298848, 660.6483637775821762, 874.8424773576143707 ) ) ;
#2713 = APPLICATION_PROTOCOL_DEFINITION ( 'draft international standard', 'automotive_design', 1998, #2619 ) ;
#2714 = VERTEX_POINT ( 'NONE', #14 ) ;
#2715 = DIRECTION ( 'NONE',  ( -1.000000000000000000, 0.000000000000000000, 0.000000000000000000 ) ) ;
#2716 = CARTESIAN_POINT ( 'NONE',  ( 1304.848144900298621, 0.000000000000000000, 883.8185273323972524 ) ) ;
#2717 = VECTOR ( 'NONE', #749, 1000.000000000000000 ) ;
#2718 = LINE ( 'NONE', #430, #2677 ) ;
#2719 = EDGE_LOOP ( 'NONE', ( #2533, #1793, #2765, #2797, #2686 ) ) ;
#2720 = DIRECTION ( 'NONE',  ( -0.000000000000000000, 0.000000000000000000, -1.000000000000000000 ) ) ;
#2721 = EDGE_CURVE ( 'NONE', #2590, #2126, #880, .T. ) ;
#2722 = DIRECTION ( 'NONE',  ( 0.000000000000000000, 0.000000000000000000, -1.000000000000000000 ) ) ;
#2723 = ORIENTED_EDGE ( 'NONE', *, *, #289, .F. ) ;
#2724 = CARTESIAN_POINT ( 'NONE',  ( 14.75000000000000355, -6.300000000000006928, 0.000000000000000000 ) ) ;
#2725 = VERTEX_POINT ( 'NONE', #1152 ) ;
#2726 = FACE_BOUND ( 'NONE', #484, .T. ) ;
#2727 = EDGE_CURVE ( 'NONE', #1857, #865, #1082, .T. ) ;
#2728 = ORIENTED_EDGE ( 'NONE', *, *, #2434, .F. ) ;
#2729 = CARTESIAN_POINT ( 'NONE',  ( 18.35000000000000142, -13.49999999999999467, 10.39999999999999858 ) ) ;
#2730 = CARTESIAN_POINT ( 'NONE',  ( 14.75000000000000355, -9.900000000000005684, 1.800000000000000044 ) ) ;
#2731 = AXIS2_PLACEMENT_3D ( 'NONE', #541, #770, #1450 ) ;
#2732 = DIRECTION ( 'NONE',  ( -1.000000000000000000, 0.000000000000000000, 0.000000000000000000 ) ) ;
#2733 = DIRECTION ( 'NONE',  ( 0.000000000000000000, 0.000000000000000000, 1.000000000000000000 ) ) ;
#2734 = PLANE ( 'NONE',  #2418 ) ;
#2735 = DIRECTION ( 'NONE',  ( 1.000000000000000000, 0.000000000000000000, 0.000000000000000000 ) ) ;
#2736 = EDGE_LOOP ( 'NONE', ( #1072, #2306, #818, #737 ) ) ;
#2737 = LINE ( 'NONE', #916, #689 ) ;
#2738 = ORIENTED_EDGE ( 'NONE', *, *, #2499, .T. ) ;
#2739 = ORIENTED_EDGE ( 'NONE', *, *, #743, .F. ) ;
#2740 = ADVANCED_FACE ( 'NONE', ( #2092 ), #2032, .T. ) ;
#2741 = LINE ( 'NONE', #2063, #808 ) ;
#2742 = DIRECTION ( 'NONE',  ( -0.000000000000000000, -0.000000000000000000, 1.000000000000000000 ) ) ;
#2743 = PLANE ( 'NONE',  #2255 ) ;
#2744 = ORIENTED_EDGE ( 'NONE', *, *, #834, .F. ) ;
#2745 = CARTESIAN_POINT ( 'NONE',  ( 1304.848144900298621, 0.000000000000000000, 833.4585231967477057 ) ) ;
#2746 = CIRCLE ( 'NONE', #582, 1.000000000000000888 ) ;
#2747 = EDGE_CURVE ( 'NONE', #2714, #2555, #2760, .T. ) ;
#2748 = DIRECTION ( 'NONE',  ( 0.000000000000000000, 1.000000000000000000, -0.000000000000000000 ) ) ;
#2749 = EDGE_CURVE ( 'NONE', #2897, #872, #1611, .T. ) ;
#2750 = LINE ( 'NONE', #1620, #841 ) ;
#2751 = ORIENTED_EDGE ( 'NONE', *, *, #2346, .F. ) ;
#2752 = DIRECTION ( 'NONE',  ( -0.000000000000000000, 0.000000000000000000, 1.000000000000000000 ) ) ;
#2753 = CIRCLE ( 'NONE', #2516, 1.000000000000111910 ) ;
#2754 = ORIENTED_EDGE ( 'NONE', *, *, #1379, .T. ) ;
#2755 = ORIENTED_EDGE ( 'NONE', *, *, #1827, .F. ) ;
#2756 = LINE ( 'NONE', #631, #1542 ) ;
#2757 = CARTESIAN_POINT ( 'NONE',  ( 1296.648144900298576, 657.0483637775822672, 880.8185273323972524 ) ) ;
#2758 = DIRECTION ( 'NONE',  ( 0.000000000000000000, -0.000000000000000000, -1.000000000000000000 ) ) ;
#2759 = DIRECTION ( 'NONE',  ( -0.000000000000000000, -0.000000000000000000, -1.000000000000000000 ) ) ;
#2760 = CIRCLE ( 'NONE', #940, 3.600000000000047606 ) ;
#2761 = ADVANCED_FACE ( 'NONE', ( #1123 ), #654, .T. ) ;
#2762 = CARTESIAN_POINT ( 'NONE',  ( 1300.248144900298712, 657.0483637775822672, 874.8424773576143707 ) ) ;
#2763 = VECTOR ( 'NONE', #850, 1000.000000000000000 ) ;
#2764 = ORIENTED_EDGE ( 'NONE', *, *, #1602, .T. ) ;
#2765 = ORIENTED_EDGE ( 'NONE', *, *, #1725, .F. ) ;
#2766 = FACE_OUTER_BOUND ( 'NONE', #1237, .T. ) ;
#2767 = ORIENTED_EDGE ( 'NONE', *, *, #945, .F. ) ;
#2768 = DIRECTION ( 'NONE',  ( 0.000000000000000000, 0.000000000000000000, 1.000000000000000000 ) ) ;
#2769 = VECTOR ( 'NONE', #1863, 1000.000000000000000 ) ;
#2770 = ORIENTED_EDGE ( 'NONE', *, *, #862, .F. ) ;
#2771 = VECTOR ( 'NONE', #292, 1000.000000000000000 ) ;
#2772 = VERTEX_POINT ( 'NONE', #2491 ) ;
#2773 = LINE ( 'NONE', #1658, #498 ) ;
#2774 = CARTESIAN_POINT ( 'NONE',  ( 1276.848144900298848, 652.4483637775820171, 833.4585231967477057 ) ) ;
#2775 = DIRECTION ( 'NONE',  ( -0.000000000000000000, -0.000000000000000000, -1.000000000000000000 ) ) ;
#2776 = ORIENTED_EDGE ( 'NONE', *, *, #312, .F. ) ;
#2777 = DIRECTION ( 'NONE',  ( 1.000000000000000000, -0.000000000000000000, 0.000000000000000000 ) ) ;
#2778 = VECTOR ( 'NONE', #2775, 1000.000000000000000 ) ;
#2779 = VECTOR ( 'NONE', #561, 1000.000000000000000 ) ;
#2780 = DIRECTION ( 'NONE',  ( -1.000000000000000000, -3.083952846180949299E-14, 0.000000000000000000 ) ) ;
#2781 = ADVANCED_FACE ( 'NONE', ( #1400 ), #1596, .T. ) ;
#2782 = ORIENTED_EDGE ( 'NONE', *, *, #1940, .F. ) ;
#2783 = ORIENTED_EDGE ( 'NONE', *, *, #2338, .T. ) ;
#2784 = CARTESIAN_POINT ( 'NONE',  ( 1285.223144900298621, 659.0483637775822672, 883.8185273323972524 ) ) ;
#2785 = ORIENTED_EDGE ( 'NONE', *, *, #1893, .T. ) ;
#2786 = DIRECTION ( 'NONE',  ( -0.000000000000000000, -0.000000000000000000, 1.000000000000000000 ) ) ;
#2787 = EDGE_CURVE ( 'NONE', #1911, #1822, #2505, .T. ) ;
#2788 = ORIENTED_EDGE ( 'NONE', *, *, #403, .F. ) ;
#2789 = DIRECTION ( 'NONE',  ( 0.000000000000000000, 0.000000000000000000, -1.000000000000000000 ) ) ;
#2790 = ADVANCED_FACE ( 'NONE', ( #2271 ), #941, .T. ) ;
#2791 = DIRECTION ( 'NONE',  ( 1.000000000000000000, 1.541976423090522297E-14, 0.000000000000000000 ) ) ;
#2792 = ADVANCED_FACE ( 'NONE', ( #2978 ), #716, .T. ) ;
#2793 = CARTESIAN_POINT ( 'NONE',  ( -21.35100000000000264, -6.500000000000000000, 9.000000000000000000 ) ) ;
#2794 = CARTESIAN_POINT ( 'NONE',  ( 18.34999999999999787, -6.500000000000000000, 9.000000000000000000 ) ) ;
#2795 = DIRECTION ( 'NONE',  ( 0.000000000000000000, -1.000000000000000000, 0.000000000000000000 ) ) ;
#2796 = AXIS2_PLACEMENT_3D ( 'NONE', #78, #1006, #1933 ) ;
#2797 = ORIENTED_EDGE ( 'NONE', *, *, #2690, .T. ) ;
#2798 = DIRECTION ( 'NONE',  ( -0.000000000000000000, -0.000000000000000000, 1.000000000000000000 ) ) ;
#2799 = VERTEX_POINT ( 'NONE', #2757 ) ;
#2800 = VERTEX_POINT ( 'NONE', #1364 ) ;
#2801 = FACE_OUTER_BOUND ( 'NONE', #2308, .T. ) ;
#2802 = DIRECTION ( 'NONE',  ( 0.000000000000000000, 0.000000000000000000, 1.000000000000000000 ) ) ;
#2803 = CARTESIAN_POINT ( 'NONE',  ( 21.35000000000000142, -13.49999999999999467, 10.39999999999999858 ) ) ;
#2804 = DIRECTION ( 'NONE',  ( 0.000000000000000000, -0.000000000000000000, 1.000000000000000000 ) ) ;
#2805 = ADVANCED_FACE ( 'NONE', ( #1382 ), #486, .T. ) ;
#2806 = CARTESIAN_POINT ( 'NONE',  ( -2.037408401796540511E-11, 660.6483637775426132, 880.8185273323972524 ) ) ;
#2807 = ORIENTED_EDGE ( 'NONE', *, *, #1796, .F. ) ;
#2808 = AXIS2_PLACEMENT_3D ( 'NONE', #2064, #2742, #1627 ) ;
#2809 = ORIENTED_EDGE ( 'NONE', *, *, #1231, .T. ) ;
#2810 = CARTESIAN_POINT ( 'NONE',  ( 1303.848144900298848, 652.4483637775822444, 881.8185273323972524 ) ) ;
#2811 = ORIENTED_EDGE ( 'NONE', *, *, #747, .T. ) ;
#2812 = DIRECTION ( 'NONE',  ( 0.000000000000000000, 1.000000000000000000, 0.000000000000000000 ) ) ;
#2813 = ADVANCED_FACE ( 'NONE', ( #1136 ), #1840, .T. ) ;
#2814 = LINE ( 'NONE', #1200, #932 ) ;
#2815 = CARTESIAN_POINT ( 'NONE',  ( -18.35000000000000142, 13.50000000000000533, -3.000000000000000888 ) ) ;
#2816 = VERTEX_POINT ( 'NONE', #2389 ) ;
#2817 = CYLINDRICAL_SURFACE ( 'NONE', #1281, 2.999999999999999112 ) ;
#2818 = AXIS2_PLACEMENT_3D ( 'NONE', #1176, #2168, #1468 ) ;
#2819 = CYLINDRICAL_SURFACE ( 'NONE', #1415, 3.600000000000047606 ) ;
#2820 = EDGE_CURVE ( 'NONE', #2312, #1102, #1914, .T. ) ;
#2821 = VECTOR ( 'NONE', #2732, 1000.000000000000000 ) ;
#2822 = DIRECTION ( 'NONE',  ( 0.000000000000000000, 0.000000000000000000, -1.000000000000000000 ) ) ;
#2823 = ORIENTED_EDGE ( 'NONE', *, *, #1051, .F. ) ;
#2824 = EDGE_LOOP ( 'NONE', ( #2302, #2944, #891, #320 ) ) ;
#2825 = LINE ( 'NONE', #526, #2844 ) ;
#2826 = DIRECTION ( 'NONE',  ( -0.000000000000000000, 0.000000000000000000, -1.000000000000000000 ) ) ;
#2827 = EDGE_CURVE ( 'NONE', #1664, #478, #1693, .T. ) ;
#2828 = DIRECTION ( 'NONE',  ( 1.000000000000000000, 4.818676322157799347E-16, 0.000000000000000000 ) ) ;
#2829 = LINE ( 'NONE', #319, #2236 ) ;
#2830 = ORIENTED_EDGE ( 'NONE', *, *, #2653, .F. ) ;
#2831 = DIRECTION ( 'NONE',  ( -1.000000000000000000, 0.000000000000000000, 0.000000000000000000 ) ) ;
#2832 = EDGE_LOOP ( 'NONE', ( #2151, #1049, #6, #1580 ) ) ;
#2833 = CARTESIAN_POINT ( 'NONE',  ( 1300.248144900298712, 682.9483637775821308, 874.8424773576143707 ) ) ;
#2834 = ORIENTED_EDGE ( 'NONE', *, *, #2462, .F. ) ;
#2835 = VECTOR ( 'NONE', #2654, 1000.000000000000000 ) ;
#2836 = AXIS2_PLACEMENT_3D ( 'NONE', #166, #864, #2206 ) ;
#2837 = VERTEX_POINT ( 'NONE', #2331 ) ;
#2838 = DIRECTION ( 'NONE',  ( 0.000000000000000000, 0.000000000000000000, 1.000000000000000000 ) ) ;
#2839 = LINE ( 'NONE', #555, #1472 ) ;
#2840 = LINE ( 'NONE', #346, #2670 ) ;
#2841 = CARTESIAN_POINT ( 'NONE',  ( -11.15000000000000391, -9.900000000000005684, 1.800000000000000044 ) ) ;
#2842 = LINE ( 'NONE', #787, #2717 ) ;
#2843 = ORIENTED_EDGE ( 'NONE', *, *, #2849, .T. ) ;
#2844 = VECTOR ( 'NONE', #1446, 1000.000000000000000 ) ;
#2845 = AXIS2_PLACEMENT_3D ( 'NONE', #1985, #2214, #2855 ) ;
#2846 = DIRECTION ( 'NONE',  ( 0.000000000000000000, 0.000000000000000000, 1.000000000000000000 ) ) ;
#2847 = ORIENTED_EDGE ( 'NONE', *, *, #521, .F. ) ;
#2848 = CARTESIAN_POINT ( 'NONE',  ( 1303.848144900298848, 653.4483637775822444, 881.8185273323972524 ) ) ;
#2849 = EDGE_CURVE ( 'NONE', #478, #416, #1181, .T. ) ;
#2850 = CARTESIAN_POINT ( 'NONE',  ( 14.75000000000000355, -9.900000000000005684, 0.000000000000000000 ) ) ;
#2851 = VECTOR ( 'NONE', #2149, 1000.000000000000000 ) ;
#2852 = EDGE_LOOP ( 'NONE', ( #2751, #2788, #1086, #135 ) ) ;
#2853 = DIRECTION ( 'NONE',  ( -1.000000000000000000, 0.000000000000000000, 0.000000000000000000 ) ) ;
#2854 = CIRCLE ( 'NONE', #1574, 1.000000000000000888 ) ;
#2855 = DIRECTION ( 'NONE',  ( -3.491481338843133355E-15, 1.000000000000000000, 0.000000000000000000 ) ) ;
#2856 = VERTEX_POINT ( 'NONE', #2604 ) ;
#2857 = FACE_OUTER_BOUND ( 'NONE', #2188, .T. ) ;
#2858 = CARTESIAN_POINT ( 'NONE',  ( 1303.848144900298621, 690.1483637775822899, 874.8424773576143707 ) ) ;
#2859 = CARTESIAN_POINT ( 'NONE',  ( 18.34999999999999787, -6.500000000000000000, 9.000000000000000000 ) ) ;
#2860 = CIRCLE ( 'NONE', #363, 1.000000000000111910 ) ;
#2861 = VERTEX_POINT ( 'NONE', #1659 ) ;
#2862 = DIRECTION ( 'NONE',  ( 1.000000000000000000, 3.083952846180997262E-14, -0.000000000000000000 ) ) ;
#2863 = CIRCLE ( 'NONE', #558, 3.599999999999999201 ) ;
#2864 = VERTEX_POINT ( 'NONE', #316 ) ;
#2865 = LINE ( 'NONE', #2561, #2300 ) ;
#2866 = EDGE_CURVE ( 'NONE', #2328, #11, #746, .T. ) ;
#2867 = DIRECTION ( 'NONE',  ( 1.000000000000000000, 0.000000000000000000, 0.000000000000000000 ) ) ;
#2868 = ORIENTED_EDGE ( 'NONE', *, *, #2068, .F. ) ;
#2869 = LINE ( 'NONE', #1070, #2945 ) ;
#2870 = ADVANCED_FACE ( 'NONE', ( #513 ), #1708, .T. ) ;
#2871 = CARTESIAN_POINT ( 'NONE',  ( 1285.223144900298621, 659.0483637775822672, 874.8414773576142807 ) ) ;
#2872 = EDGE_CURVE ( 'NONE', #2615, #1307, #1434, .T. ) ;
#2873 = FACE_OUTER_BOUND ( 'NONE', #2852, .T. ) ;
#2874 = DIRECTION ( 'NONE',  ( 1.000000000000000000, -0.000000000000000000, 0.000000000000000000 ) ) ;
#2875 = ADVANCED_FACE ( 'NONE', ( #2133 ), #639, .F. ) ;
#2876 = DIRECTION ( 'NONE',  ( -0.000000000000000000, -0.000000000000000000, 1.000000000000000000 ) ) ;
#2877 = VERTEX_POINT ( 'NONE', #1900 ) ;
#2878 = DIRECTION ( 'NONE',  ( 1.000000000000000000, 0.000000000000000000, 0.000000000000000000 ) ) ;
#2879 = LINE ( 'NONE', #2957, #681 ) ;
#2880 = ORIENTED_EDGE ( 'NONE', *, *, #1901, .F. ) ;
#2881 = CARTESIAN_POINT ( 'NONE',  ( 11.15000000000000391, 0.000000000000000000, 1.800000000000000044 ) ) ;
#2882 = DIRECTION ( 'NONE',  ( 1.000000000000000000, 0.000000000000000000, 0.000000000000000000 ) ) ;
#2883 = VECTOR ( 'NONE', #2367, 1000.000000000000000 ) ;
#2884 = ORIENTED_EDGE ( 'NONE', *, *, #2747, .F. ) ;
#2885 = DIRECTION ( 'NONE',  ( 1.000000000000000000, 1.541976423090522297E-14, 0.000000000000000000 ) ) ;
#2886 = CARTESIAN_POINT ( 'NONE',  ( -21.35000000000000142, 13.50000000000000533, 12.39999999999999858 ) ) ;
#2887 = EDGE_CURVE ( 'NONE', #1697, #1348, #1476, .T. ) ;
#2888 = DIRECTION ( 'NONE',  ( 0.000000000000000000, 1.000000000000000000, -0.000000000000000000 ) ) ;
#2889 = VERTEX_POINT ( 'NONE', #1447 ) ;
#2890 = CARTESIAN_POINT ( 'NONE',  ( -11.15000000000000391, -13.49999999999999467, 1.800000000000000044 ) ) ;
#2891 = AXIS2_PLACEMENT_3D ( 'NONE', #795, #573, #2189 ) ;
#2892 = AXIS2_PLACEMENT_3D ( 'NONE', #2161, #2826, #2592 ) ;
#2893 = CARTESIAN_POINT ( 'NONE',  ( 18.34999999999999787, -6.499999999999999112, 2.999999999999999112 ) ) ;
#2894 = ORIENTED_EDGE ( 'NONE', *, *, #1448, .F. ) ;
#2895 = EDGE_CURVE ( 'NONE', #2889, #682, #2374, .T. ) ;
#2896 = ADVANCED_FACE ( 'NONE', ( #284 ), #2709, .F. ) ;
#2897 = VERTEX_POINT ( 'NONE', #1939 ) ;
#2898 = DIRECTION ( 'NONE',  ( -1.000000000000000000, 0.000000000000000000, 0.000000000000000000 ) ) ;
#2899 =( NAMED_UNIT ( * ) PLANE_ANGLE_UNIT ( ) SI_UNIT ( $, .RADIAN. ) );
#2900 = PRODUCT_DEFINITION_FORMATION_WITH_SPECIFIED_SOURCE ( 'ANY', '', #1313, .NOT_KNOWN. ) ;
#2901 = AXIS2_PLACEMENT_3D ( 'NONE', #2017, #2923, #1762 ) ;
#2902 = VERTEX_POINT ( 'NONE', #987 ) ;
#2903 = VECTOR ( 'NONE', #1298, 1000.000000000000000 ) ;
#2904 = ORIENTED_EDGE ( 'NONE', *, *, #2047, .F. ) ;
#2905 = DIRECTION ( 'NONE',  ( -1.000000000000000000, 0.000000000000000000, 0.000000000000000000 ) ) ;
#2906 = LINE ( 'NONE', #193, #2431 ) ;
#2907 = CARTESIAN_POINT ( 'NONE',  ( 14.75000000000000355, 6.300000000000006928, 1.800000000000000044 ) ) ;
#2908 = LINE ( 'NONE', #1792, #2939 ) ;
#2909 = VERTEX_POINT ( 'NONE', #2565 ) ;
#2910 = DIRECTION ( 'NONE',  ( 0.000000000000000000, -0.000000000000000000, -1.000000000000000000 ) ) ;
#2911 = VECTOR ( 'NONE', #2630, 1000.000000000000000 ) ;
#2912 = CIRCLE ( 'NONE', #317, 3.599999999999999201 ) ;
#2913 = LINE ( 'NONE', #154, #1991 ) ;
#2914 = EDGE_LOOP ( 'NONE', ( #48, #1543, #2880, #280, #1416, #1267, #2543, #1362 ) ) ;
#2915 = EDGE_CURVE ( 'NONE', #2334, #2353, #2839, .T. ) ;
#2916 = VECTOR ( 'NONE', #807, 1000.000000000000000 ) ;
#2917 = ORIENTED_EDGE ( 'NONE', *, *, #425, .T. ) ;
#2918 = LINE ( 'NONE', #2292, #557 ) ;
#2919 = VECTOR ( 'NONE', #72, 1000.000000000000000 ) ;
#2920 = ORIENTED_EDGE ( 'NONE', *, *, #2170, .T. ) ;
#2921 = ORIENTED_EDGE ( 'NONE', *, *, #1827, .T. ) ;
#2922 = FACE_OUTER_BOUND ( 'NONE', #506, .T. ) ;
#2923 = DIRECTION ( 'NONE',  ( 0.000000000000000000, -1.000000000000000000, 0.000000000000000000 ) ) ;
#2924 = CARTESIAN_POINT ( 'NONE',  ( 1300.248144900298712, 686.5483637775822672, 874.8424773576143707 ) ) ;
#2925 = CARTESIAN_POINT ( 'NONE',  ( 1276.848144900298621, 661.6483637775819489, 881.8185273323972524 ) ) ;
#2926 = ORIENTED_EDGE ( 'NONE', *, *, #1099, .T. ) ;
#2927 = DIRECTION ( 'NONE',  ( 0.000000000000000000, -0.000000000000000000, 1.000000000000000000 ) ) ;
#2928 = DIRECTION ( 'NONE',  ( 1.000000000000000000, 0.000000000000000000, 0.000000000000000000 ) ) ;
#2929 = ORIENTED_EDGE ( 'NONE', *, *, #2360, .T. ) ;
#2930 = PLANE ( 'NONE',  #2106 ) ;
#2931 = VERTEX_POINT ( 'NONE', #2618 ) ;
#2932 = CARTESIAN_POINT ( 'NONE',  ( 1295.648144900298803, 686.5483637775822672, 881.8185273323972524 ) ) ;
#2933 = SHAPE_REPRESENTATION ( 'Assem2', ( #397, #2845, #1366 ), #984 ) ;
#2934 = ORIENTED_EDGE ( 'NONE', *, *, #2866, .F. ) ;
#2935 = EDGE_LOOP ( 'NONE', ( #1121, #2229, #62, #424 ) ) ;
#2936 = CYLINDRICAL_SURFACE ( 'NONE', #223, 2.999999999999999112 ) ;
#2937 = DIRECTION ( 'NONE',  ( 0.000000000000000000, 1.000000000000000000, -0.000000000000000000 ) ) ;
#2938 = CARTESIAN_POINT ( 'NONE',  ( 1303.848144900298621, 691.1483637775824036, 881.8185273323972524 ) ) ;
#2939 = VECTOR ( 'NONE', #848, 1000.000000000000000 ) ;
#2940 = ORIENTED_EDGE ( 'NONE', *, *, #751, .F. ) ;
#2941 = CARTESIAN_POINT ( 'NONE',  ( -18.35000000000000142, -13.49999999999999467, 10.39999999999999858 ) ) ;
#2942 = DIRECTION ( 'NONE',  ( 1.000000000000000000, 0.000000000000000000, 0.000000000000000000 ) ) ;
#2943 = EDGE_CURVE ( 'NONE', #2909, #1457, #2814, .T. ) ;
#2944 = ORIENTED_EDGE ( 'NONE', *, *, #2441, .F. ) ;
#2945 = VECTOR ( 'NONE', #812, 1000.000000000000000 ) ;
#2946 = CARTESIAN_POINT ( 'NONE',  ( -3.035766082959420304E-15, -6.300000000000014033, 1.800000000000000044 ) ) ;
#2947 = ORIENTED_EDGE ( 'NONE', *, *, #1814, .T. ) ;
#2948 = DIRECTION ( 'NONE',  ( 0.000000000000000000, 0.000000000000000000, -1.000000000000000000 ) ) ;
#2949 = ORIENTED_EDGE ( 'NONE', *, *, #2215, .F. ) ;
#2950 = EDGE_LOOP ( 'NONE', ( #493, #722, #727, #1609, #2707 ) ) ;
#2951 = DIRECTION ( 'NONE',  ( 0.000000000000000000, 0.000000000000000000, -1.000000000000000000 ) ) ;
#2952 = CARTESIAN_POINT ( 'NONE',  ( 1285.223144900298621, 659.0483637775822672, 881.8185273323972524 ) ) ;
#2953 = VECTOR ( 'NONE', #2445, 1000.000000000000000 ) ;
#2954 = CARTESIAN_POINT ( 'NONE',  ( 0.000000000000000000, 13.50000000000000533, 1.800000000000000044 ) ) ;
#2955 = VERTEX_POINT ( 'NONE', #758 ) ;
#2956 = CYLINDRICAL_SURFACE ( 'NONE', #1572, 1.000000000000111910 ) ;
#2957 = CARTESIAN_POINT ( 'NONE',  ( -11.15000000000000391, 0.000000000000000000, 1.800000000000000044 ) ) ;
#2958 = CIRCLE ( 'NONE', #2393, 2.999999999999999112 ) ;
#2959 = EDGE_CURVE ( 'NONE', #177, #2295, #731, .T. ) ;
#2960 = DIRECTION ( 'NONE',  ( 1.000000000000000000, 0.000000000000000000, 0.000000000000000000 ) ) ;
#2961 = DIRECTION ( 'NONE',  ( -1.000000000000000000, -4.818676322157799347E-16, 0.000000000000000000 ) ) ;
#2962 = ORIENTED_EDGE ( 'NONE', *, *, #1025, .T. ) ;
#2963 = EDGE_LOOP ( 'NONE', ( #1642, #1440, #2547, #2644 ) ) ;
#2964 = SURFACE_SIDE_STYLE ('',( #2535 ) ) ;
#2965 = ADVANCED_FACE ( 'NONE', ( #2146, #271 ), #2120, .T. ) ;
#2966 = DIRECTION ( 'NONE',  ( 0.000000000000000000, 0.000000000000000000, 1.000000000000000000 ) ) ;
#2967 = AXIS2_PLACEMENT_3D ( 'NONE', #347, #1029, #2651 ) ;
#2968 = EDGE_CURVE ( 'NONE', #1697, #2577, #68, .T. ) ;
#2969 = CARTESIAN_POINT ( 'NONE',  ( -18.35000000000000142, 6.300000000000006928, 0.000000000000000000 ) ) ;
#2970 = CARTESIAN_POINT ( 'NONE',  ( -18.35000000000000142, 6.300000000000006040, 1.800000000000000044 ) ) ;
#2971 = CARTESIAN_POINT ( 'NONE',  ( 1300.248144900298712, 657.0483637775822672, 880.8185273323972524 ) ) ;
#2972 = CARTESIAN_POINT ( 'NONE',  ( 1304.848144900298621, 690.1483637775822899, 881.8185273323972524 ) ) ;
#2973 = FACE_OUTER_BOUND ( 'NONE', #2541, .T. ) ;
#2974 = ORIENTED_EDGE ( 'NONE', *, *, #1600, .F. ) ;
#2975 = PLANE ( 'NONE',  #1290 ) ;
#2976 = EDGE_LOOP ( 'NONE', ( #1204, #1838, #535, #1010 ) ) ;
#2977 = ORIENTED_EDGE ( 'NONE', *, *, #2506, .T. ) ;
#2978 = FACE_OUTER_BOUND ( 'NONE', #1787, .T. ) ;
#2979 = DIRECTION ( 'NONE',  ( -0.000000000000000000, -1.000000000000000000, -0.000000000000000000 ) ) ;
#2980 = AXIS2_PLACEMENT_3D ( 'NONE', #1100, #1324, #1081 ) ;
#2981 = NEXT_ASSEMBLY_USAGE_OCCURRENCE ( 'NAUO1', ' ', ' ', #955, #1752, $ ) ;
#2982 = NEXT_ASSEMBLY_USAGE_OCCURRENCE ( 'NAUO2', ' ', ' ', #955, #1212, $ ) ;
ENDSEC;
END-ISO-10303-21;
