ISO-10303-21;
HEADER;
FILE_DESCRIPTION (( 'STEP AP214' ),
    '1' );
FILE_NAME ('Assem1.STEP',
    '2026-02-06T09:46:17',
    ( '' ),
    ( '' ),
    'SwSTEP 2.0',
    'SolidWorks 2026',
    '' );
FILE_SCHEMA (( 'AUTOMOTIVE_DESIGN' ));
ENDSEC;

DATA;
#1 = EDGE_CURVE ( 'NONE', #5566, #4285, #7521, .T. ) ;
#2 = ORIENTED_EDGE ( 'NONE', *, *, #530, .F. ) ;
#3 = DIRECTION ( 'NONE',  ( 1.000000000000000000, 0.000000000000000000, -0.000000000000000000 ) ) ;
#4 = CARTESIAN_POINT ( 'NONE',  ( -14.09999999999993570, 17.08448482981283334, 28.59999999999999787 ) ) ;
#5 = CARTESIAN_POINT ( 'NONE',  ( -20.08137278453379082, -42.08137278453381924, -1.230809411779240969 ) ) ;
#6 = CARTESIAN_POINT ( 'NONE',  ( 18.10000000000000142, 34.46026316928587363, 0.000000000000000000 ) ) ;
#7 = CARTESIAN_POINT ( 'NONE',  ( -38.88000000000005230, 15.49999999999987033, 3.696770567850254707 ) ) ;
#8 = DIRECTION ( 'NONE',  ( -0.000000000000000000, -0.000000000000000000, 1.000000000000000000 ) ) ;
#9 = CARTESIAN_POINT ( 'NONE',  ( -43.01938072535872948, -19.84601726415422007, 9.600000000000111555 ) ) ;
#10 = CARTESIAN_POINT ( 'NONE',  ( 17.53583960580073864, -42.03165125944693870, -2.750004470092490383 ) ) ;
#11 = LINE ( 'NONE', #4545, #2773 ) ;
#12 = CARTESIAN_POINT ( 'NONE',  ( 41.94750221178748717, -19.69895721866363658, 7.570000000000098872 ) ) ;
#13 = EDGE_CURVE ( 'NONE', #347, #5718, #5957, .T. ) ;
#14 = ORIENTED_EDGE ( 'NONE', *, *, #1215, .F. ) ;
#15 = CARTESIAN_POINT ( 'NONE',  ( -21.10000000000000142, 39.09999999999832454, 2.000000000000000000 ) ) ;
#16 = ORIENTED_EDGE ( 'NONE', *, *, #6504, .T. ) ;
#17 = CARTESIAN_POINT ( 'NONE',  ( 12.04111586979625059, -36.96509760345961126, -2.957831373953969667 ) ) ;
#18 = CARTESIAN_POINT ( 'NONE',  ( -40.97130812349839601, -20.08242835690423433, 7.599999999999999645 ) ) ;
#19 = DIRECTION ( 'NONE',  ( -0.000000000000000000, -0.000000000000000000, -1.000000000000000000 ) ) ;
#20 = LINE ( 'NONE', #1550, #325 ) ;
#21 = CARTESIAN_POINT ( 'NONE',  ( -16.85089012585973123, -42.94989004568012803, -1.740728184059580963 ) ) ;
#22 = CARTESIAN_POINT ( 'NONE',  ( -15.21695088847228128, 21.09999999999995168, 13.70269441629642060 ) ) ;
#23 = CARTESIAN_POINT ( 'NONE',  ( 42.09570381197872990, 17.36874638911220003, 7.569999999999995843 ) ) ;
#24 = EDGE_CURVE ( 'NONE', #8731, #9221, #577, .T. ) ;
#25 = CARTESIAN_POINT ( 'NONE',  ( -19.91801530243105489, 42.81645280243071028, -1.716452802431956304 ) ) ;
#26 = ORIENTED_EDGE ( 'NONE', *, *, #4368, .F. ) ;
#27 = VERTEX_POINT ( 'NONE', #9119 ) ;
#28 = FACE_OUTER_BOUND ( 'NONE', #8635, .T. ) ;
#29 = CARTESIAN_POINT ( 'NONE',  ( 21.03798432061484291, 39.10000000000080433, -1.061431337114640217 ) ) ;
#30 = CARTESIAN_POINT ( 'NONE',  ( 20.36974095710197119, -41.40343044518457560, -1.585375912806576748 ) ) ;
#31 = CARTESIAN_POINT ( 'NONE',  ( -19.59521940940771145, -41.97040907923913977, -1.870409079240949790 ) ) ;
#32 = EDGE_CURVE ( 'NONE', #7399, #337, #7354, .T. ) ;
#33 = CARTESIAN_POINT ( 'NONE',  ( 36.12000000000005429, -15.49999999999987033, 3.696770567850254707 ) ) ;
#34 = CARTESIAN_POINT ( 'NONE',  ( 20.35072599843330110, -42.35072599843496732, -0.3758702989091721181 ) ) ;
#35 = ORIENTED_EDGE ( 'NONE', *, *, #4793, .F. ) ;
#36 = EDGE_LOOP ( 'NONE', ( #7925, #8156, #4824, #9177 ) ) ;
#37 = VERTEX_POINT ( 'NONE', #5464 ) ;
#38 = CARTESIAN_POINT ( 'NONE',  ( 20.08137278453338936, -41.33080941177895795, -1.981372784538205645 ) ) ;
#39 = CARTESIAN_POINT ( 'NONE',  ( -19.72831701804412674, -39.53539661981572806, -2.861976285370326334 ) ) ;
#40 = CARTESIAN_POINT ( 'NONE',  ( 10.27689577749880101, 40.80000000000000426, 7.599999999999999645 ) ) ;
#41 = CARTESIAN_POINT ( 'NONE',  ( -21.07237354602651536, -40.33773021339609244, 9.600000000000001421 ) ) ;
#42 = B_SPLINE_SURFACE_WITH_KNOTS ( 'NONE', 1, 3, ( 
 ( #4417, #2889, #8911, #2154, #3681, #6689, #5161, #2105, #7441, #9700, #2943, #2011, #4217, #5946, #2844, #8964, #3488 ),
 ( #5056, #6490, #9602, #9504, #8024, #2738, #5746, #8812, #8761, #5009, #1261, #514, #3532, #8071, #6539, #9551, #2788 ) ),
 .UNSPECIFIED., .F., .F., .F.,
 ( 2, 2 ),
 ( 4, 3, 2, 2, 2, 2, 2, 4 ),
 ( 0.000000000000000000, 1.000000000000000000 ),
 ( -0.01316216582373624239, 0.000000000000000000, 0.03125000000000000000, 0.06250000000000000000, 0.1250000000000000000, 0.2500000000000000000, 0.5000000000000000000, 1.000000000000000000 ),
 .UNSPECIFIED. ) ;
#43 = CARTESIAN_POINT ( 'NONE',  ( -41.08376142933972375, 20.07960062175160942, 7.599999999999997868 ) ) ;
#44 = CARTESIAN_POINT ( 'NONE',  ( -43.05142201890343046, 19.72179701815568009, 9.600000000000029843 ) ) ;
#45 = CARTESIAN_POINT ( 'NONE',  ( 41.36132740147922249, -20.00396021807380009, 7.600000000000002309 ) ) ;
#46 = CARTESIAN_POINT ( 'NONE',  ( 43.10000000000006537, -2.399999999999875566, 21.93333333333315593 ) ) ;
#47 = ORIENTED_EDGE ( 'NONE', *, *, #2501, .T. ) ;
#48 = CARTESIAN_POINT ( 'NONE',  ( 20.52044598952241827, 43.67955401047427699, 1.249999920875290771 ) ) ;
#49 = CARTESIAN_POINT ( 'NONE',  ( -14.06938128774547536, 18.42161314647801973, 28.59999999999999076 ) ) ;
#50 = DIRECTION ( 'NONE',  ( -0.000000000000000000, 0.000000000000000000, 1.000000000000000000 ) ) ;
#51 = EDGE_CURVE ( 'NONE', #429, #1749, #7686, .T. ) ;
#52 = CARTESIAN_POINT ( 'NONE',  ( -11.70268623409459430, 36.24285714285714022, 0.000000000000000000 ) ) ;
#53 = CARTESIAN_POINT ( 'NONE',  ( -43.13493851953492708, 16.09999999999985576, 8.266666666911563155 ) ) ;
#54 = CARTESIAN_POINT ( 'NONE',  ( 16.10000000000002274, -41.16144512839892400, -2.937983190080169837 ) ) ;
#55 = B_SPLINE_CURVE_WITH_KNOTS ( 'NONE', 3,
 ( #4299, #5834, #2049, #5636, #2633, #2094, #504 ),
 .UNSPECIFIED., .F., .F.,
 ( 4, 3, 4 ),
 ( 0.000000000000000000, 0.001001535798268703538, 0.002003071596537409245 ),
 .UNSPECIFIED. ) ;
#56 = CARTESIAN_POINT ( 'NONE',  ( -12.56481889561227661, -7.285743267957105473, 28.60000000000000497 ) ) ;
#57 = CARTESIAN_POINT ( 'NONE',  ( 42.98804278005435009, -5.847373204158388127, 28.59999999999999432 ) ) ;
#58 = ORIENTED_EDGE ( 'NONE', *, *, #500, .T. ) ;
#59 = CARTESIAN_POINT ( 'NONE',  ( -18.33773021339157339, 44.07237354602652601, 9.600000000000001421 ) ) ;
#60 = VERTEX_POINT ( 'NONE', #8662 ) ;
#61 = CARTESIAN_POINT ( 'NONE',  ( -16.10000000000000142, 44.10000000000001563, 4.743333333333334068 ) ) ;
#62 = CARTESIAN_POINT ( 'NONE',  ( -40.93922334541667141, -20.08318958766576756, 7.599999999999997868 ) ) ;
#63 = CARTESIAN_POINT ( 'NONE',  ( -19.09999999999993747, -2.399999999999876010, 13.60000000000000142 ) ) ;
#64 = CARTESIAN_POINT ( 'NONE',  ( -39.10000000000007248, -21.10000000000013642, 9.600000000000001421 ) ) ;
#65 = CARTESIAN_POINT ( 'NONE',  ( -16.85487249788153008, -43.06069831984584084, -0.5905758261628710759 ) ) ;
#66 = PRESENTATION_STYLE_ASSIGNMENT (( #810 ) ) ;
#67 = CARTESIAN_POINT ( 'NONE',  ( -44.10000000000007248, -16.10000000000013642, 13.60000000000000142 ) ) ;
#68 = CARTESIAN_POINT ( 'NONE',  ( -20.83565292289839732, 43.23550808394444545, 1.249766265149341082 ) ) ;
#69 = ORIENTED_EDGE ( 'NONE', *, *, #3635, .T. ) ;
#70 = ORIENTED_EDGE ( 'NONE', *, *, #683, .F. ) ;
#71 = DIRECTION ( 'NONE',  ( 0.000000000000000000, 0.000000000000000000, -1.000000000000000000 ) ) ;
#72 = CARTESIAN_POINT ( 'NONE',  ( 39.35000000000006537, 18.09999999990196429, 25.59999999999999787 ) ) ;
#73 = CARTESIAN_POINT ( 'NONE',  ( 21.06960988856382855, -40.87035893254541463, -0.4066910781046714773 ) ) ;
#74 = CARTESIAN_POINT ( 'NONE',  ( -18.92055268084640929, -6.677080196587219518, 13.60000000000000142 ) ) ;
#75 = CARTESIAN_POINT ( 'NONE',  ( -18.81398462173832087, 42.37217076275832284, -2.746636109357580402 ) ) ;
#76 = EDGE_CURVE ( 'NONE', #1739, #5855, #9724, .T. ) ;
#77 = AXIS2_PLACEMENT_3D ( 'NONE', #8675, #1169, #5615 ) ;
#78 = CARTESIAN_POINT ( 'NONE',  ( 39.87180854711457556, -21.08542865622453988, 13.60000000000000142 ) ) ;
#79 = CARTESIAN_POINT ( 'NONE',  ( -13.42645396224423848, -7.037749928624829288, 13.59999999999908304 ) ) ;
#80 = CARTESIAN_POINT ( 'NONE',  ( -18.46999999999999886, 39.10000000000000853, -3.000000000000001776 ) ) ;
#81 = ORIENTED_EDGE ( 'NONE', *, *, #8751, .T. ) ;
#82 = B_SPLINE_CURVE_WITH_KNOTS ( 'NONE', 3,
 ( #6696, #5109, #2209, #3639, #7446, #1362, #6652, #671, #3685, #9706, #2947, #5211, #2409, #4716, #1710, #6988, #3049 ),
 .UNSPECIFIED., .F., .F.,
 ( 4, 3, 2, 2, 2, 2, 2, 4 ),
 ( 0.000000000000000000, 2.843264893400808340E-05, 0.0001485224504871904912, 0.0002686122520403728346, 0.0005087918551467376840, 0.0009891510613594673828, 0.001949869473784926564, 0.003871306298635844925 ),
 .UNSPECIFIED. ) ;
#83 = EDGE_LOOP ( 'NONE', ( #4620, #3237, #9166, #4981 ) ) ;
#84 = ADVANCED_FACE ( 'NONE', ( #4812, #6389 ), #7746, .T. ) ;
#85 = AXIS2_PLACEMENT_3D ( 'NONE', #2503, #3977, #8193 ) ;
#86 = ORIENTED_EDGE ( 'NONE', *, *, #5209, .T. ) ;
#87 = CARTESIAN_POINT ( 'NONE',  ( 20.53233532578452980, 39.10000000000093934, -2.567664674215469844 ) ) ;
#88 = DIRECTION ( 'NONE',  ( 1.000000000000000000, 0.000000000000000000, 0.000000000000000000 ) ) ;
#89 = AXIS2_PLACEMENT_3D ( 'NONE', #5980, #2231, #1488 ) ;
#90 = DIRECTION ( 'NONE',  ( 0.000000000000000000, 0.000000000000000000, 1.000000000000000000 ) ) ;
#91 = LINE ( 'NONE', #3987, #1414 ) ;
#92 = LINE ( 'NONE', #3797, #8968 ) ;
#93 = CARTESIAN_POINT ( 'NONE',  ( 41.86571348515533941, -19.90155197451529290, 7.600000000000001421 ) ) ;
#94 = AXIS2_PLACEMENT_3D ( 'NONE', #299, #3958, #6315 ) ;
#95 = ADVANCED_FACE ( 'NONE', ( #7042 ), #2459, .T. ) ;
#96 = CARTESIAN_POINT ( 'NONE',  ( 21.10000000000000142, -38.10000000000000142, 4.533333333333334991 ) ) ;
#97 = ORIENTED_EDGE ( 'NONE', *, *, #6507, .F. ) ;
#98 = DIRECTION ( 'NONE',  ( -0.000000000000000000, -0.000000000000000000, -1.000000000000000000 ) ) ;
#99 = CARTESIAN_POINT ( 'NONE',  ( -43.03487874806977942, -19.03267561654767803, 7.599999999999996980 ) ) ;
#100 = CARTESIAN_POINT ( 'NONE',  ( -43.09570381198094680, -17.36874638911203306, 7.569999999999447837 ) ) ;
#101 = CARTESIAN_POINT ( 'NONE',  ( 20.60000000000006537, -7.399999999999876010, 0.000000000000000000 ) ) ;
#102 = DIRECTION ( 'NONE',  ( 0.000000000000000000, 1.000000000000000000, -0.000000000000000000 ) ) ;
#103 = CARTESIAN_POINT ( 'NONE',  ( -19.10000000058008141, 16.62999196478804720, 13.60000000000000320 ) ) ;
#104 = DIRECTION ( 'NONE',  ( 0.000000000000000000, 0.000000000000000000, 1.000000000000000000 ) ) ;
#105 = CARTESIAN_POINT ( 'NONE',  ( 16.10000000000002274, -42.45345021429154286, -2.623656305561331781 ) ) ;
#106 = FACE_OUTER_BOUND ( 'NONE', #5612, .T. ) ;
#107 = CARTESIAN_POINT ( 'NONE',  ( 42.87219128650693278, -6.415840277005268710, 28.59999999999999787 ) ) ;
#108 = ORIENTED_EDGE ( 'NONE', *, *, #4247, .T. ) ;
#109 = CARTESIAN_POINT ( 'NONE',  ( -19.52861721390163297, 43.99046056094387325, 9.600000000000001421 ) ) ;
#110 = ORIENTED_EDGE ( 'NONE', *, *, #5467, .T. ) ;
#111 = CARTESIAN_POINT ( 'NONE',  ( -19.78749999999831388, -41.88124999999836717, -1.781250000000280886 ) ) ;
#112 = CARTESIAN_POINT ( 'NONE',  ( -41.92527334355480662, -20.04256652671994843, 7.599999999999998757 ) ) ;
#113 = CYLINDRICAL_SURFACE ( 'NONE', #6866, 2.000000000000003553 ) ;
#114 = CARTESIAN_POINT ( 'NONE',  ( -16.10000000000000142, -12.36666666666721603, -3.000000000000000000 ) ) ;
#115 = DIRECTION ( 'NONE',  ( -1.000000000000000000, 0.000000000000000000, 0.000000000000000000 ) ) ;
#116 = VECTOR ( 'NONE', #1678, 1000.000000000000000 ) ;
#117 = CARTESIAN_POINT ( 'NONE',  ( -15.90918226484434150, 21.09999999999994458, 13.65037086662405663 ) ) ;
#118 = CARTESIAN_POINT ( 'NONE',  ( -20.70120510767365474, 41.47897655613963508, -1.781147883371104745 ) ) ;
#119 = EDGE_LOOP ( 'NONE', ( #2283, #3462 ) ) ;
#120 = VERTEX_POINT ( 'NONE', #5555 ) ;
#121 = EDGE_CURVE ( 'NONE', #2201, #5881, #900, .T. ) ;
#122 = AXIS2_PLACEMENT_3D ( 'NONE', #190, #6059, #9074 ) ;
#123 = B_SPLINE_CURVE_WITH_KNOTS ( 'NONE', 3,
 ( #6723, #1442, #7316, #9735 ),
 .UNSPECIFIED., .F., .F.,
 ( 4, 4 ),
 ( 0.000000000000000000, 1.000000000000000000 ),
 .UNSPECIFIED. ) ;
#124 = CARTESIAN_POINT ( 'NONE',  ( 20.85000580964973338, -42.03164678249804354, 0.5641589815412421105 ) ) ;
#125 = CARTESIAN_POINT ( 'NONE',  ( -18.92166835161268779, -6.669543338098653074, 13.59999999999999964 ) ) ;
#126 = CARTESIAN_POINT ( 'NONE',  ( -16.86398131449574933, 39.86398481210859757, -3.000000000000000888 ) ) ;
#127 = CARTESIAN_POINT ( 'NONE',  ( -20.60000000000000142, 39.09999999999917719, -2.499999999999994227 ) ) ;
#128 = CARTESIAN_POINT ( 'NONE',  ( 16.84999999999947562, -42.60000000000115961, -2.500000000001727507 ) ) ;
#129 = VECTOR ( 'NONE', #9433, 1000.000000000000000 ) ;
#130 = CARTESIAN_POINT ( 'NONE',  ( -11.71004394063926668, -7.359127596062480237, 13.60000000000062137 ) ) ;
#131 = CARTESIAN_POINT ( 'NONE',  ( 17.53539937452430308, 42.72831132818159006, -2.861977240292063573 ) ) ;
#132 =( BOUNDED_SURFACE ( )  B_SPLINE_SURFACE ( 2, 3, ( 
 ( #4488, #1434, #9037, #4337 ),
 ( #5130, #7512, #2915, #6715 ),
 ( #7415, #595, #6618, #2226 ) ),
 .UNSPECIFIED., .F., .F., .T. ) 
 B_SPLINE_SURFACE_WITH_KNOTS ( ( 3, 3 ),
 ( 4, 4 ),
 ( 0.000000000000000000, 1.000000000000000000 ),
 ( -0.01904999999999999402, 0.004049999999999999781 ),
 .UNSPECIFIED. ) 
 GEOMETRIC_REPRESENTATION_ITEM ( )  RATIONAL_B_SPLINE_SURFACE ( (
 ( 1.000000000000000000, 1.000000000000000000, 1.000000000000000000, 1.000000000000000000),
 ( 4.000000000000000888, 4.000000000000000888, 4.000000000000000888, 4.000000000000000888),
 ( 1.000000000000000000, 1.000000000000000000, 1.000000000000000000, 1.000000000000000000) ) ) 
 REPRESENTATION_ITEM ( '' )  SURFACE ( )  );
#133 = EDGE_LOOP ( 'NONE', ( #3555, #5626, #7743, #6713 ) ) ;
#134 = EDGE_LOOP ( 'NONE', ( #8198, #1558, #8522, #2114 ) ) ;
#135 = ADVANCED_FACE ( 'NONE', ( #2509 ), #3203, .T. ) ;
#136 = EDGE_LOOP ( 'NONE', ( #186, #5956, #9501, #9378 ) ) ;
#137 = DIRECTION ( 'NONE',  ( -1.000000000000000000, 0.000000000000000000, 0.000000000000000000 ) ) ;
#138 = CARTESIAN_POINT ( 'NONE',  ( -14.09999999999993570, -2.399999999999876010, 28.59999999999999787 ) ) ;
#139 = CARTESIAN_POINT ( 'NONE',  ( 20.88097685546580351, 43.08708972991335884, 9.599999999999999645 ) ) ;
#140 = AXIS2_PLACEMENT_3D ( 'NONE', #3845, #6017, #6857 ) ;
#141 = CARTESIAN_POINT ( 'NONE',  ( -20.26129501556302870, 43.44018644158523301, -0.3758018020128485182 ) ) ;
#142 = DIRECTION ( 'NONE',  ( -0.000000000000000000, -0.000000000000000000, 1.000000000000000000 ) ) ;
#143 = FACE_OUTER_BOUND ( 'NONE', #2854, .T. ) ;
#144 = CARTESIAN_POINT ( 'NONE',  ( 41.67437739002705399, -19.95410382469336952, 7.600000000000000533 ) ) ;
#145 = CARTESIAN_POINT ( 'NONE',  ( -43.08318958766740536, 17.93922334544584274, 7.599999999999999645 ) ) ;
#146 = CIRCLE ( 'NONE', #3932, 0.5000000000000004441 ) ;
#147 = VECTOR ( 'NONE', #3677, 1000.000000000000000 ) ;
#148 = VERTEX_POINT ( 'NONE', #3296 ) ;
#149 = CARTESIAN_POINT ( 'NONE',  ( 39.60000000000006537, -7.390087672888730808, 23.89999999999999858 ) ) ;
#150 = CARTESIAN_POINT ( 'NONE',  ( -43.09603600301565507, -17.12616797118333523, 7.599999999999997868 ) ) ;
#151 = CARTESIAN_POINT ( 'NONE',  ( -21.09769885324988081, -38.86011889369842010, 0.5177116373609739197 ) ) ;
#152 = DIRECTION ( 'NONE',  ( 0.000000000000000000, 0.000000000000000000, 1.000000000000000000 ) ) ;
#153 = LINE ( 'NONE', #3995, #6911 ) ;
#154 = CARTESIAN_POINT ( 'NONE',  ( 19.97040907923790343, 42.59521940940946649, -1.870409079243134931 ) ) ;
#155 = DIRECTION ( 'NONE',  ( -0.000000000000000000, 0.000000000000000000, -1.000000000000000000 ) ) ;
#156 = EDGE_CURVE ( 'NONE', #9377, #2632, #1364, .T. ) ;
#157 = AXIS2_PLACEMENT_3D ( 'NONE', #4033, #4626, #6856 ) ;
#158 = CARTESIAN_POINT ( 'NONE',  ( 17.23397459621556393, 40.10000000000000142, 6.000000000000000000 ) ) ;
#159 = CARTESIAN_POINT ( 'NONE',  ( -11.09999999999993570, 0.000000000000000000, 25.59999999999999787 ) ) ;
#160 = CARTESIAN_POINT ( 'NONE',  ( -11.42161314647800019, -7.369381287745362386, 28.60000000000000853 ) ) ;
#161 = CARTESIAN_POINT ( 'NONE',  ( 43.07025860286483265, -4.697709513193174757, 28.59999999999999432 ) ) ;
#162 = ORIENTED_EDGE ( 'NONE', *, *, #4732, .T. ) ;
#163 = CARTESIAN_POINT ( 'NONE',  ( -20.89929146666938564, 43.02763088764358912, 9.600000000000001421 ) ) ;
#164 = ORIENTED_EDGE ( 'NONE', *, *, #8647, .T. ) ;
#166 = AXIS2_PLACEMENT_3D ( 'NONE', #3785, #8817, #9607 ) ;
#165 = DIRECTION ( 'NONE',  ( 0.000000000000000000, 0.000000000000000000, 1.000000000000000000 ) ) ;
#167 = CYLINDRICAL_SURFACE ( 'NONE', #594, 0.5000000000000004441 ) ;
#168 = CARTESIAN_POINT ( 'NONE',  ( 41.91600897916000434, 19.91595086561747152, 8.266666667631771048 ) ) ;
#169 = DIRECTION ( 'NONE',  ( -1.000000000000000000, 0.000000000000000000, 0.000000000000000000 ) ) ;
#170 = CARTESIAN_POINT ( 'NONE',  ( -18.69057942228917568, -43.06069827924452653, 1.245125173469411761 ) ) ;
#171 = CARTESIAN_POINT ( 'NONE',  ( -20.28449666861352796, 43.81355453544551892, 2.000000000000000888 ) ) ;
#172 = ADVANCED_FACE ( 'NONE', ( #6250 ), #4722, .F. ) ;
#173 = CYLINDRICAL_SURFACE ( 'NONE', #6243, 1.045751311064586631 ) ;
#174 = CARTESIAN_POINT ( 'NONE',  ( -20.35933284383467523, 41.77590753266008505, -2.086191087460806948 ) ) ;
#175 = ORIENTED_EDGE ( 'NONE', *, *, #7635, .T. ) ;
#176 = EDGE_CURVE ( 'NONE', #4307, #9273, #5512, .T. ) ;
#177 = FACE_OUTER_BOUND ( 'NONE', #999, .T. ) ;
#178 = CARTESIAN_POINT ( 'NONE',  ( 20.86926143331682937, -42.13650671140264592, 1.249630440738202619 ) ) ;
#179 = DIRECTION ( 'NONE',  ( -0.000000000000000000, 0.000000000000000000, 1.000000000000000000 ) ) ;
#180 = CARTESIAN_POINT ( 'NONE',  ( -16.10000000000027498, 43.19474083638181128, -2.748025777449562668 ) ) ;
#181 = EDGE_CURVE ( 'NONE', #7892, #901, #1156, .T. ) ;
#182 = CARTESIAN_POINT ( 'NONE',  ( 41.41380356354439840, -21.00416956306462524, 13.60000000000000142 ) ) ;
#183 = DIRECTION ( 'NONE',  ( -1.000000000000000000, -0.000000000000000000, 0.000000000000000000 ) ) ;
#184 = CARTESIAN_POINT ( 'NONE',  ( -13.92324478098061569, -6.292793638365240305, 18.60000000000246700 ) ) ;
#185 = CARTESIAN_POINT ( 'NONE',  ( 18.47617917338270033, 43.16652091451577178, -2.416426606203709859 ) ) ;
#186 = ORIENTED_EDGE ( 'NONE', *, *, #1773, .T. ) ;
#187 = ORIENTED_EDGE ( 'NONE', *, *, #211, .T. ) ;
#188 = CARTESIAN_POINT ( 'NONE',  ( 43.07039211818127455, 18.39402075846378537, 28.60000000000000142 ) ) ;
#189 = CARTESIAN_POINT ( 'NONE',  ( 20.60000000000000497, -38.10000000000000853, -2.499999999999997335 ) ) ;
#190 = CARTESIAN_POINT ( 'NONE',  ( 0.000000000000000000, 0.000000000000000000, 9.600000000000001421 ) ) ;
#191 = CARTESIAN_POINT ( 'NONE',  ( 41.72179701815335306, 20.05142201890323861, 9.600000000000001421 ) ) ;
#192 = CARTESIAN_POINT ( 'NONE',  ( -19.96949863560240246, 43.27005965603254367, -1.117229227128258895 ) ) ;
#193 = DIRECTION ( 'NONE',  ( -0.000000000000000000, 0.9986295347545739443, 0.05233595624294377913 ) ) ;
#194 = CARTESIAN_POINT ( 'NONE',  ( 19.72404729317200278, -41.91159499246953857, -1.811594992472383980 ) ) ;
#195 = LINE ( 'NONE', #984, #5922 ) ;
#196 = EDGE_LOOP ( 'NONE', ( #7099, #2691, #6644, #9192 ) ) ;
#197 = ORIENTED_EDGE ( 'NONE', *, *, #1773, .F. ) ;
#198 = CARTESIAN_POINT ( 'NONE',  ( 20.27338287872605704, 43.27338287872817801, -0.6726918402521367968 ) ) ;
#199 = CARTESIAN_POINT ( 'NONE',  ( -43.09889575077946233, -16.78515570128128687, 7.600000000000003197 ) ) ;
#200 = CARTESIAN_POINT ( 'NONE',  ( -21.06069831984591900, -40.69057582616208180, 1.245127502117966412 ) ) ;
#201 = CARTESIAN_POINT ( 'NONE',  ( -40.60000000000003695, 10.27689577749865890, -15.40511026734024824 ) ) ;
#202 = PLANE ( 'NONE',  #242 ) ;
#203 = EDGE_CURVE ( 'NONE', #1503, #9589, #893, .T. ) ;
#204 = CARTESIAN_POINT ( 'NONE',  ( 18.10000000000000142, -39.23397459621556749, 7.599999999999999645 ) ) ;
#205 = DIRECTION ( 'NONE',  ( -1.000000000000000000, 0.000000000000000000, 0.000000000000000000 ) ) ;
#206 = CARTESIAN_POINT ( 'NONE',  ( -12.72889785856664169, -7.261647800658350249, 28.59999999999999787 ) ) ;
#207 = CARTESIAN_POINT ( 'NONE',  ( 41.65631831747208480, -7.273893644169397987, 28.59999999999999432 ) ) ;
#208 = VERTEX_POINT ( 'NONE', #4266 ) ;
#209 = CARTESIAN_POINT ( 'NONE',  ( -19.65631831747510816, 43.97389364416831370, 9.600000000000003197 ) ) ;
#210 = ORIENTED_EDGE ( 'NONE', *, *, #5079, .F. ) ;
#211 = EDGE_CURVE ( 'NONE', #4499, #60, #6440, .T. ) ;
#212 = DIRECTION ( 'NONE',  ( -0.000000000000000000, -0.000000000000000000, -1.000000000000000000 ) ) ;
#213 = CARTESIAN_POINT ( 'NONE',  ( -10.34999999999993570, 18.09999999999996234, 7.599999999999999645 ) ) ;
#214 = CARTESIAN_POINT ( 'NONE',  ( 20.72365630556132032, 43.45345021429156418, 1.999999999999994893 ) ) ;
#215 = CARTESIAN_POINT ( 'NONE',  ( -12.25038463814561318, -35.70000000000000284, 0.000000000000000000 ) ) ;
#216 = CARTESIAN_POINT ( 'NONE',  ( -17.36559840588452275, 23.90941576793213486, 13.59999999999999787 ) ) ;
#217 = CARTESIAN_POINT ( 'NONE',  ( 21.10000000000000142, -38.10000000000001563, 2.000000000000000000 ) ) ;
#218 = CARTESIAN_POINT ( 'NONE',  ( 41.97436538982854159, 20.00737088956162424, 10.02999999999986969 ) ) ;
#219 = CARTESIAN_POINT ( 'NONE',  ( -21.03798432061487844, 42.16143133711444335, 2.000000000000000444 ) ) ;
#220 = EDGE_CURVE ( 'NONE', #7707, #7307, #5831, .T. ) ;
#221 = ORIENTED_EDGE ( 'NONE', *, *, #2940, .T. ) ;
#222 = CARTESIAN_POINT ( 'NONE',  ( -18.95400498820218615, -39.53477213430648618, -3.012384954162302897 ) ) ;
#223 = CARTESIAN_POINT ( 'NONE',  ( -41.49873699102388969, -21.06641683701887402, 13.60000000000000320 ) ) ;
#224 = CARTESIAN_POINT ( 'NONE',  ( 21.09802543199291591, -39.63114033232974265, 1.999999999999988676 ) ) ;
#225 = CARTESIAN_POINT ( 'NONE',  ( -18.47587029890629751, -42.35072599843615393, -2.250725998437342223 ) ) ;
#226 = CARTESIAN_POINT ( 'NONE',  ( -16.85036882630011590, 43.13651264737107027, -2.769259530923285695 ) ) ;
#227 = CARTESIAN_POINT ( 'NONE',  ( 16.10000000000001208, -42.59999999999999432, -2.499999999999998668 ) ) ;
#228 = CARTESIAN_POINT ( 'NONE',  ( 39.60000000000006537, 14.83538406167147095, 20.89999999999999858 ) ) ;
#229 = CARTESIAN_POINT ( 'NONE',  ( -40.10000000000006537, 18.10000000000012221, 7.599999999999999645 ) ) ;
#230 = CARTESIAN_POINT ( 'NONE',  ( 19.96949863560120164, 42.21722922712886117, -2.170059656036117168 ) ) ;
#231 = ORIENTED_EDGE ( 'NONE', *, *, #4598, .T. ) ;
#232 = ADVANCED_FACE ( 'NONE', ( #7592 ), #2203, .F. ) ;
#233 = ORIENTED_EDGE ( 'NONE', *, *, #4775, .T. ) ;
#234 = CARTESIAN_POINT ( 'NONE',  ( 0.000000000000000000, 0.000000000000000000, -3.000000000000000000 ) ) ;
#235 = CARTESIAN_POINT ( 'NONE',  ( -40.10000000000006537, -7.686454296869565743E-15, 10.59999999999999964 ) ) ;
#236 = FACE_OUTER_BOUND ( 'NONE', #3949, .T. ) ;
#237 = CARTESIAN_POINT ( 'NONE',  ( 19.72889785856257916, 43.96164780065972622, 9.600000000000003197 ) ) ;
#238 = CARTESIAN_POINT ( 'NONE',  ( -20.08137278453492058, 43.08137278453465058, -1.230809411779217433 ) ) ;
#239 = CARTESIAN_POINT ( 'NONE',  ( 39.54454783076293722, -7.396149999105527506, 18.59999999999999432 ) ) ;
#240 = CARTESIAN_POINT ( 'NONE',  ( 40.49765395559144565, 2.847299634891236053, 27.60270036510892666 ) ) ;
#241 = DIRECTION ( 'NONE',  ( -0.000000000000000000, -0.000000000000000000, -1.000000000000000000 ) ) ;
#242 = AXIS2_PLACEMENT_3D ( 'NONE', #3178, #102, #9184 ) ;
#243 = EDGE_CURVE ( 'NONE', #3476, #5843, #8293, .T. ) ;
#244 = ORIENTED_EDGE ( 'NONE', *, *, #8532, .F. ) ;
#245 = CARTESIAN_POINT ( 'NONE',  ( 20.26129501559573143, 43.44018644154890296, -0.3758019009198415028 ) ) ;
#246 = CARTESIAN_POINT ( 'NONE',  ( -43.04035290575664874, -18.95743381531599070, 7.600000000000002309 ) ) ;
#247 = CARTESIAN_POINT ( 'NONE',  ( -43.15653691405387349, -19.12183440813021917, 10.03000000000000469 ) ) ;
#248 = CARTESIAN_POINT ( 'NONE',  ( -14.10000000000000142, -35.70000000000000284, -3.000000000000000000 ) ) ;
#249 = CARTESIAN_POINT ( 'NONE',  ( 19.88124999999693543, 42.88124999999987352, -1.687500000002617462 ) ) ;
#250 = EDGE_CURVE ( 'NONE', #555, #2189, #561, .T. ) ;
#251 = CARTESIAN_POINT ( 'NONE',  ( 21.10000000000000142, -38.10000000000000853, 7.486666666666669023 ) ) ;
#252 = CYLINDRICAL_SURFACE ( 'NONE', #2301, 0.5000000000000004441 ) ;
#253 = CARTESIAN_POINT ( 'NONE',  ( -41.38973471204506183, 21.07054652695194719, 13.59999999999999964 ) ) ;
#254 = CARTESIAN_POINT ( 'NONE',  ( 42.22735090365785737, -16.10000000000012932, 10.03000000000000647 ) ) ;
#255 = ORIENTED_EDGE ( 'NONE', *, *, #7729, .T. ) ;
#256 = EDGE_LOOP ( 'NONE', ( #6886, #998, #7524, #7284 ) ) ;
#257 = ADVANCED_FACE ( 'NONE', ( #28 ), #5810, .T. ) ;
#258 = VECTOR ( 'NONE', #336, 1000.000000000000000 ) ;
#259 = CARTESIAN_POINT ( 'NONE',  ( -18.10000000000000142, -39.23397459621556749, 7.599999999999999645 ) ) ;
#260 = CARTESIAN_POINT ( 'NONE',  ( -9.099999999999937472, -7.399999999999876010, 13.60000000000000142 ) ) ;
#261 = CARTESIAN_POINT ( 'NONE',  ( 38.28412845329631153, 20.10000000054218461, 7.600000000000001421 ) ) ;
#262 = CARTESIAN_POINT ( 'NONE',  ( -40.79999999999996163, -11.69689577749904430, 10.59999999999999964 ) ) ;
#263 = CARTESIAN_POINT ( 'NONE',  ( -13.09858851297823357, 25.96338984013010176, 13.60000000000000142 ) ) ;
#264 = EDGE_CURVE ( 'NONE', #674, #27, #4664, .T. ) ;
#265 = CARTESIAN_POINT ( 'NONE',  ( -11.16801276770856255, 21.09999999999996234, 16.52628926025649392 ) ) ;
#266 = CARTESIAN_POINT ( 'NONE',  ( -20.77173927811727694, 41.80422412797693710, -1.450598051704391267 ) ) ;
#267 = ORIENTED_EDGE ( 'NONE', *, *, #1177, .F. ) ;
#268 = CARTESIAN_POINT ( 'NONE',  ( -16.09999999999999076, -38.10000000000000853, -3.000000000000000888 ) ) ;
#269 = CARTESIAN_POINT ( 'NONE',  ( -44.07039211818126745, -18.39402075846250284, 13.59999999999999964 ) ) ;
#270 = CARTESIAN_POINT ( 'NONE',  ( 21.10000000000000497, -38.10000000000000853, 2.000000000000000888 ) ) ;
#271 = VECTOR ( 'NONE', #2857, 1000.000000000000000 ) ;
#272 = EDGE_CURVE ( 'NONE', #7972, #5330, #5339, .T. ) ;
#273 = CARTESIAN_POINT ( 'NONE',  ( 42.66090659504422433, -20.53880138775829423, 13.60000000000000497 ) ) ;
#274 = DIRECTION ( 'NONE',  ( 0.000000000000000000, 0.000000000000000000, 1.000000000000000000 ) ) ;
#275 = CARTESIAN_POINT ( 'NONE',  ( -12.45772195427004547, -7.301939379858431778, 18.59999999999938325 ) ) ;
#276 = VECTOR ( 'NONE', #2532, 1000.000000000000000 ) ;
#277 = CIRCLE ( 'NONE', #5787, 4.000000000000000000 ) ;
#278 = CARTESIAN_POINT ( 'NONE',  ( 19.62905584715625551, 42.62905563818002008, -2.145612799314378538 ) ) ;
#279 = ORIENTED_EDGE ( 'NONE', *, *, #7228, .T. ) ;
#280 = ORIENTED_EDGE ( 'NONE', *, *, #8206, .T. ) ;
#281 = CARTESIAN_POINT ( 'NONE',  ( -37.50000000000005684, 15.49999999999987033, 13.60000000000000142 ) ) ;
#282 = CARTESIAN_POINT ( 'NONE',  ( -9.099999999999933920, -7.399999999999876010, 29.34999999999999787 ) ) ;
#283 = CARTESIAN_POINT ( 'NONE',  ( -39.10000000000009379, 21.09999999999986642, 9.600000000000001421 ) ) ;
#284 = CARTESIAN_POINT ( 'NONE',  ( 21.07037261525418259, 41.39456583594448347, 9.600000000000003197 ) ) ;
#285 = CIRCLE ( 'NONE', #2964, 4.000000000000000000 ) ;
#286 = CARTESIAN_POINT ( 'NONE',  ( -19.55059805170338549, 43.77173927811713128, -0.7042241279783936214 ) ) ;
#287 = B_SPLINE_CURVE_WITH_KNOTS ( 'NONE', 3,
 ( #4366, #4464, #7490, #3683, #8274, #9605, #5106, #9703, #719, #5948, #2206, #3731, #9754, #2995, #6001, #4419, #6691, #8966, #2250, #1310, #4269, #8173, #9016, #5254, #7289, #7391, #623, #516, #3534, #9553, #8814, #5799, #8862, #4312, #2945, #2062, #5058, #9653, #8074, #7337, #3636, #572, #670, #3583, #6592, #5848, #2108, #6648, #74, #125, #6046, #8377, #2406, #8468, #3149, #5359, #2450, #6145, #9159, #4661, #5403, #1508, #7737, #7542 ),
 .UNSPECIFIED., .F., .F.,
 ( 4, 1, 1, 1, 1, 1, 1, 1, 2, 2, 1, 1, 1, 1, 1, 1, 2, 2, 1, 1, 1, 1, 2, 2, 2, 1, 1, 1, 1, 2, 2, 1, 1, 1, 1, 1, 1, 2, 2, 1, 1, 1, 1, 1, 1, 1, 2, 2, 4 ),
 ( 0.000000000000000000, 0.06250000000003227973, 0.09375000000004858614, 0.1093750000000567463, 0.1171875000000608125, 0.1210937500000628525, 0.1230468750000636713, 0.1240234375000639072, 0.1245117187500640182, 0.1250000000000641154, 0.1875000000000734413, 0.2187500000000782152, 0.2343750000000804634, 0.2421875000000814071, 0.2460937500000820732, 0.2480468750000824063, 0.2490234375000823230, 0.2500000000000822120, 0.3125000000000754397, 0.3437500000000721090, 0.3593750000000704437, 0.3671875000000696110, 0.3710937500000693334, 0.3750000000000690004, 0.5000000000000592859, 0.5625000000000545120, 0.5937500000000522915, 0.6093750000000514033, 0.6171875000000510703, 0.6210937500000508482, 0.6250000000000506262, 0.6875000000000465183, 0.7187500000000445199, 0.7343750000000435207, 0.7421875000000430767, 0.7460937500000428546, 0.7480468750000427436, 0.7490234375000426326, 0.7500000000000426326, 0.8125000000000252021, 0.8437500000000163203, 0.8593750000000118794, 0.8671875000000096589, 0.8710937500000085487, 0.8730468750000078826, 0.8740234375000076605, 0.8745117187500074385, 0.8750000000000072164, 1.000000000000000000 ),
 .UNSPECIFIED. ) ;
#288 = CARTESIAN_POINT ( 'NONE',  ( -9.100000021260813199, 21.10003571004895306, 18.60000000000119869 ) ) ;
#289 = DIRECTION ( 'NONE',  ( -1.000000000000000000, 0.000000000000000000, 0.000000000000000000 ) ) ;
#290 = LINE ( 'NONE', #2560, #3565 ) ;
#291 = ORIENTED_EDGE ( 'NONE', *, *, #6122, .F. ) ;
#292 = CARTESIAN_POINT ( 'NONE',  ( 19.55036663456113999, 43.05407719602680316, -1.826146001240649408 ) ) ;
#293 = CARTESIAN_POINT ( 'NONE',  ( -43.09659791214641444, -17.06224190604529056, 7.600000000000002309 ) ) ;
#294 = CARTESIAN_POINT ( 'NONE',  ( -43.07343458888344401, 19.72663500524058833, 10.02999999999993541 ) ) ;
#295 = CARTESIAN_POINT ( 'NONE',  ( 20.80530392117269045, 40.53598869740915234, -2.034096140376506323 ) ) ;
#296 = PRODUCT_DEFINITION ( 'UNKNOWN', '', #8919, #3705 ) ;
#297 = CARTESIAN_POINT ( 'NONE',  ( 41.94544354189090285, -20.00441549215902981, 10.03000000000000469 ) ) ;
#298 = CIRCLE ( 'NONE', #1396, 1.379999999999999227 ) ;
#299 = CARTESIAN_POINT ( 'NONE',  ( -7.017877491074699937E-14, 20.10000000000000142, 7.599999999999999645 ) ) ;
#300 = EDGE_CURVE ( 'NONE', #2667, #8785, #5447, .T. ) ;
#301 = AXIS2_PLACEMENT_3D ( 'NONE', #7902, #9330, #7108 ) ;
#302 = CARTESIAN_POINT ( 'NONE',  ( -43.98712545639578053, 19.55436243565084453, 13.60000000000000320 ) ) ;
#303 = CARTESIAN_POINT ( 'NONE',  ( 42.06385905547251269, -19.76867549031979365, 10.03000000000000824 ) ) ;
#304 = ORIENTED_EDGE ( 'NONE', *, *, #8766, .F. ) ;
#305 = ORIENTED_EDGE ( 'NONE', *, *, #8532, .T. ) ;
#306 = ORIENTED_EDGE ( 'NONE', *, *, #4572, .T. ) ;
#307 = CARTESIAN_POINT ( 'NONE',  ( -40.10000000000006537, -7.686454296869565743E-15, 7.599999999999999645 ) ) ;
#308 = CARTESIAN_POINT ( 'NONE',  ( 6.633333333333376380, -12.39999999999987601, 13.60000000000000142 ) ) ;
#309 = CARTESIAN_POINT ( 'NONE',  ( -16.09999999999998010, -42.10000000000001563, -3.000000000000002665 ) ) ;
#310 = DIRECTION ( 'NONE',  ( -0.000000000000000000, -1.000000000000000000, -0.000000000000000000 ) ) ;
#311 = CARTESIAN_POINT ( 'NONE',  ( -14.06728830579194955, 18.52030516778805591, 13.60000000000129816 ) ) ;
#312 = B_SPLINE_CURVE_WITH_KNOTS ( 'NONE', 3,
 ( #8343, #5913, #2173, #1478, #5180, #5966, #8194, #6812, #1429, #44, #7609, #4434, #7458, #1577, #8984, #2221, #7505 ),
 .UNSPECIFIED., .F., .F.,
 ( 4, 2, 2, 2, 2, 2, 3, 4 ),
 ( 0.000000000000000000, 0.001931104874626550331, 0.002896657311939825497, 0.003379433530596462863, 0.003620821639924781763, 0.003741515694588941430, 0.003862209749253100663, 0.003889706555089160120 ),
 .UNSPECIFIED. ) ;
#313 = CARTESIAN_POINT ( 'NONE',  ( -42.95999256852995529, 19.64537212291785195, 7.599999999999999645 ) ) ;
#314 = CARTESIAN_POINT ( 'NONE',  ( -20.61665412127524277, 40.53634255459471802, -2.336690937411558089 ) ) ;
#315 = ORIENTED_EDGE ( 'NONE', *, *, #2279, .F. ) ;
#316 = CARTESIAN_POINT ( 'NONE',  ( -19.88114788337028926, -40.47897655613998324, -2.601205107674574357 ) ) ;
#317 = CARTESIAN_POINT ( 'NONE',  ( -41.44748514794637373, -21.06840992987420691, 13.59999999999999964 ) ) ;
#318 = CARTESIAN_POINT ( 'NONE',  ( -20.05194259114976418, -42.20487506272339573, -1.105758813300757870 ) ) ;
#319 = EDGE_CURVE ( 'NONE', #6297, #4811, #6174, .T. ) ;
#320 = CARTESIAN_POINT ( 'NONE',  ( -44.10000000000007248, 16.09999999999986287, 9.600000000000001421 ) ) ;
#321 = CARTESIAN_POINT ( 'NONE',  ( -9.099999999999937472, -12.39999999999987601, 13.60000000000000142 ) ) ;
#322 = EDGE_CURVE ( 'NONE', #4861, #7346, #4500, .T. ) ;
#323 = CARTESIAN_POINT ( 'NONE',  ( -15.72070747726179718, -11.49254187322760323, 13.59999999999998366 ) ) ;
#324 = CARTESIAN_POINT ( 'NONE',  ( 19.97040907923790343, 42.59521940940945939, -1.870409079243134931 ) ) ;
#325 = VECTOR ( 'NONE', #7631, 1000.000000000000000 ) ;
#326 = ORIENTED_EDGE ( 'NONE', *, *, #4207, .F. ) ;
#327 = ORIENTED_EDGE ( 'NONE', *, *, #8642, .F. ) ;
#328 = DIRECTION ( 'NONE',  ( -0.000000000000000000, -0.000000000000000000, 1.000000000000000000 ) ) ;
#329 = CARTESIAN_POINT ( 'NONE',  ( -14.09999999999993570, -7.399999999999876010, 23.84999999999998366 ) ) ;
#330 = CARTESIAN_POINT ( 'NONE',  ( -18.60000000000000142, -39.23397459621556749, 4.585786437626904188 ) ) ;
#331 = EDGE_CURVE ( 'NONE', #208, #9223, #1986, .T. ) ;
#332 = CARTESIAN_POINT ( 'NONE',  ( 20.98888856329189068, 42.54086757463648638, 9.599999999999997868 ) ) ;
#333 = CARTESIAN_POINT ( 'NONE',  ( -17.53510680246180087, 44.00836052684591948, -1.430694579962483948 ) ) ;
#334 = CARTESIAN_POINT ( 'NONE',  ( 45.32727593175044944, -11.12487824510275658, 13.60000000000000320 ) ) ;
#335 = CARTESIAN_POINT ( 'NONE',  ( 19.57047620839284718, -42.10546129867584142, -1.752408433510239671 ) ) ;
#336 = DIRECTION ( 'NONE',  ( -0.000000000000000000, -0.000000000000000000, 1.000000000000000000 ) ) ;
#337 = VERTEX_POINT ( 'NONE', #6773 ) ;
#338 = CARTESIAN_POINT ( 'NONE',  ( 19.55059604045361965, 43.77173952470190699, -0.7042254570699572058 ) ) ;
#339 = CARTESIAN_POINT ( 'NONE',  ( -19.75079123804921366, 42.95340664962806443, -1.744660021920955817 ) ) ;
#340 = CARTESIAN_POINT ( 'NONE',  ( -43.18995682187602370, 18.64347490967696430, 10.03000000000000469 ) ) ;
#341 = CARTESIAN_POINT ( 'NONE',  ( 20.85000580965096972, 40.53584101845822829, -1.931646782501168724 ) ) ;
#342 = CARTESIAN_POINT ( 'NONE',  ( 41.58340741531510076, -19.97108259092896887, 7.569999999999858176 ) ) ;
#343 = DIRECTION ( 'NONE',  ( 1.000000000000000000, 0.000000000000000000, 0.000000000000000000 ) ) ;
#344 = CARTESIAN_POINT ( 'NONE',  ( -41.14704002023498219, 21.07837550577967534, 13.59999999999999787 ) ) ;
#345 = CARTESIAN_POINT ( 'NONE',  ( -13.50000000000000000, -37.50000000000000000, 6.000000000000000000 ) ) ;
#346 = ORIENTED_EDGE ( 'NONE', *, *, #5243, .T. ) ;
#347 = VERTEX_POINT ( 'NONE', #9231 ) ;
#348 = ADVANCED_FACE ( 'NONE', ( #8681 ), #4883, .T. ) ;
#349 = ORIENTED_EDGE ( 'NONE', *, *, #7030, .F. ) ;
#350 = DIRECTION ( 'NONE',  ( 0.000000000000000000, 0.000000000000000000, 1.000000000000000000 ) ) ;
#351 = CARTESIAN_POINT ( 'NONE',  ( -9.099999999999933920, -7.399999999999875122, 18.60000000000000497 ) ) ;
#352 = CARTESIAN_POINT ( 'NONE',  ( 41.84221813257069300, 19.91309494534814206, 7.599999999999998757 ) ) ;
#353 = LINE ( 'NONE', #1138, #6270 ) ;
#354 = CARTESIAN_POINT ( 'NONE',  ( -14.09615000056098388, 17.54454783079814462, 13.59999999999740794 ) ) ;
#355 =( BOUNDED_SURFACE ( )  B_SPLINE_SURFACE ( 2, 3, ( 
 ( #4520, #3787, #80, #8920, #9658, #8333, #3051, #8278 ),
 ( #3103, #1568, #6051, #2161, #4570, #1513, #775, #7600 ),
 ( #4374, #6800, #9022, #5258, #825, #5168, #673, #3836 ) ),
 .UNSPECIFIED., .F., .F., .T. ) 
 B_SPLINE_SURFACE_WITH_KNOTS ( ( 3, 3 ),
 ( 4, 2, 2, 4 ),
 ( 0.000000000000000000, 1.000000000000000000 ),
 ( -0.04130999999999999950, -0.03420000000000000123, -0.002000000000000001776, 0.005109999999999999959 ),
 .UNSPECIFIED. ) 
 GEOMETRIC_REPRESENTATION_ITEM ( )  RATIONAL_B_SPLINE_SURFACE ( (
 ( 1.000000000000000000, 1.000000000000000000, 1.000000000000000000, 1.000000000000000000, 1.000000000000000000, 1.000000000000000000, 1.000000000000000000, 1.000000000000000000),
 ( 4.000000000000000888, 4.000000000000000888, 4.000000000000003553, 4.000000000000003553, 4.000000000000000888, 4.000000000000000888, 4.000000000000000888, 4.000000000000000888),
 ( 1.000000000000000000, 1.000000000000000000, 1.000000000000000000, 1.000000000000000000, 1.000000000000000000, 1.000000000000000000, 1.000000000000000000, 1.000000000000000000) ) ) 
 REPRESENTATION_ITEM ( '' )  SURFACE ( )  );
#356 = CARTESIAN_POINT ( 'NONE',  ( 13.14382459174531270, 34.26759571749821731, 6.000000000000000000 ) ) ;
#357 = CARTESIAN_POINT ( 'NONE',  ( -21.14340405412252721, 40.54556998013408986, 0.5544094322172310463 ) ) ;
#358 = ORIENTED_EDGE ( 'NONE', *, *, #7576, .F. ) ;
#359 = CARTESIAN_POINT ( 'NONE',  ( -16.10000000000006537, -39.63114033232974975, -2.998025431992919820 ) ) ;
#360 = CARTESIAN_POINT ( 'NONE',  ( -43.11584027700539679, -20.87219128650709976, 13.60000000000000320 ) ) ;
#361 = PLANE ( 'NONE',  #3535 ) ;
#362 = CARTESIAN_POINT ( 'NONE',  ( -20.13248562931390850, -42.13248562931393337, -1.094240478160070529 ) ) ;
#363 = CARTESIAN_POINT ( 'NONE',  ( 42.84640685949649708, -20.19274964924920113, 13.60000000000000142 ) ) ;
#364 = CARTESIAN_POINT ( 'NONE',  ( 0.000000000000000000, 0.000000000000000000, 0.000000000000000000 ) ) ;
#365 = CARTESIAN_POINT ( 'NONE',  ( 19.99887817353966568, 42.52984423246928003, -1.898878173544802817 ) ) ;
#366 = SHAPE_REPRESENTATION ( 'Cover', ( #4338 ), #6388 ) ;
#367 = CARTESIAN_POINT ( 'NONE',  ( 18.69057582616114743, 39.85487249788243247, -2.960698319846074344 ) ) ;
#368 = ORIENTED_EDGE ( 'NONE', *, *, #1535, .T. ) ;
#369 = ORIENTED_EDGE ( 'NONE', *, *, #4760, .F. ) ;
#370 = DIRECTION ( 'NONE',  ( 0.000000000000000000, 0.000000000000000000, 1.000000000000000000 ) ) ;
#371 = DIRECTION ( 'NONE',  ( 0.000000000000000000, 0.000000000000000000, 1.000000000000000000 ) ) ;
#372 = CARTESIAN_POINT ( 'NONE',  ( -20.56517044976815356, -41.91325460346237008, -0.6870547157935134042 ) ) ;
#373 = EDGE_CURVE ( 'NONE', #27, #6339, #8895, .T. ) ;
#374 = CARTESIAN_POINT ( 'NONE',  ( -12.19689577749890219, 40.60000000000000142, -22.10446822030533198 ) ) ;
#375 = CARTESIAN_POINT ( 'NONE',  ( 42.68109130942890062, -6.809766221217349980, 13.59999999999902798 ) ) ;
#376 = CARTESIAN_POINT ( 'NONE',  ( 20.13248562931237728, -42.13248562931457286, -1.094240478162187946 ) ) ;
#377 = LINE ( 'NONE', #6209, #6557 ) ;
#378 = ADVANCED_FACE ( 'NONE', ( #7015 ), #252, .F. ) ;
#379 = EDGE_LOOP ( 'NONE', ( #4622, #2245, #5365, #4777 ) ) ;
#380 = EDGE_LOOP ( 'NONE', ( #850, #69, #1193, #3702, #4849, #5706, #8609, #8683, #477, #6386, #7903 ) ) ;
#381 = CARTESIAN_POINT ( 'NONE',  ( 19.72831132817599098, 43.96197724028860421, 0.5646006254738501484 ) ) ;
#382 = CARTESIAN_POINT ( 'NONE',  ( -9.099999999999933920, -7.399999999999875122, 18.60000000000000497 ) ) ;
#383 = CARTESIAN_POINT ( 'NONE',  ( -20.16652091451346607, 41.47617917338322968, -2.416426606200694938 ) ) ;
#384 = CARTESIAN_POINT ( 'NONE',  ( -21.10000000000000853, -43.09999999999350706, 0.1233333333333327120 ) ) ;
#385 = CARTESIAN_POINT ( 'NONE',  ( 20.68917607033143469, 40.53623954460242373, -2.236628522729613877 ) ) ;
#386 = VECTOR ( 'NONE', #155, 1000.000000000000000 ) ;
#387 = CARTESIAN_POINT ( 'NONE',  ( 42.04116199737264026, -18.94573865731177875, 7.600000000000000533 ) ) ;
#388 = CARTESIAN_POINT ( 'NONE',  ( 38.10000000000007248, -21.10000000000013642, 7.299999999999999822 ) ) ;
#389 = CYLINDRICAL_SURFACE ( 'NONE', #7967, 0.5000000000000004441 ) ;
#390 = DIRECTION ( 'NONE',  ( 0.000000000000000000, -0.000000000000000000, 1.000000000000000000 ) ) ;
#391 = DIRECTION ( 'NONE',  ( -1.000000000000000000, 0.000000000000000000, 0.000000000000000000 ) ) ;
#392 = ORIENTED_EDGE ( 'NONE', *, *, #3038, .T. ) ;
#393 = ORIENTED_EDGE ( 'NONE', *, *, #203, .F. ) ;
#394 = ORIENTED_EDGE ( 'NONE', *, *, #2279, .T. ) ;
#395 = CARTESIAN_POINT ( 'NONE',  ( -13.86170419352158767, 20.14833751234602488, 28.59999999999999432 ) ) ;
#396 = CARTESIAN_POINT ( 'NONE',  ( -20.20487506272415601, -41.20575881329911994, -1.951942591152259210 ) ) ;
#397 = CARTESIAN_POINT ( 'NONE',  ( 39.98500095812969590, 20.08209738528288213, 7.600000000000000533 ) ) ;
#398 = CARTESIAN_POINT ( 'NONE',  ( 43.10000000000006537, -3.073145196413487934, 17.92664381616417302 ) ) ;
#399 = CARTESIAN_POINT ( 'NONE',  ( 37.50000000000005684, -15.49999999999987033, 13.60000000000000142 ) ) ;
#400 = B_SPLINE_CURVE_WITH_KNOTS ( 'NONE', 3,
 ( #745, #1331, #3704, #5869 ),
 .UNSPECIFIED., .F., .F.,
 ( 4, 4 ),
 ( 0.000000000000000000, 1.000000000000000000 ),
 .UNSPECIFIED. ) ;
#401 = CARTESIAN_POINT ( 'NONE',  ( -13.03273165817851442, 21.09999999999994458, 14.69120188050503550 ) ) ;
#402 = CARTESIAN_POINT ( 'NONE',  ( -42.95868652844742286, 19.65190566093137647, 7.600000000000001421 ) ) ;
#403 = CARTESIAN_POINT ( 'NONE',  ( -20.74141831540666914, 39.85004868581990678, -2.327525915157710568 ) ) ;
#404 = CARTESIAN_POINT ( 'NONE',  ( -21.10000000000000142, -38.10000000000000853, 2.000000000000000000 ) ) ;
#405 = ORIENTED_EDGE ( 'NONE', *, *, #7205, .F. ) ;
#406 = DIRECTION ( 'NONE',  ( 0.000000000000000000, 0.000000000000000000, 1.000000000000000000 ) ) ;
#407 = CARTESIAN_POINT ( 'NONE',  ( -44.07077768596505507, -18.38329560834909415, 13.60000000000000497 ) ) ;
#408 = CARTESIAN_POINT ( 'NONE',  ( 20.83565336333824547, -38.85023313853287874, -2.135507035868996262 ) ) ;
#409 = PLANE ( 'NONE',  #8737 ) ;
#410 = ADVANCED_FACE ( 'NONE', ( #9282 ), #389, .T. ) ;
#411 = CARTESIAN_POINT ( 'NONE',  ( 42.98804278005439272, -19.54737320415831547, 13.60000000000000497 ) ) ;
#412 = CARTESIAN_POINT ( 'NONE',  ( -11.78615387216641430, -36.01428571428571956, 0.000000000000000000 ) ) ;
#413 = EDGE_CURVE ( 'NONE', #7707, #1738, #3407, .T. ) ;
#414 = CARTESIAN_POINT ( 'NONE',  ( 20.16652083094824732, 41.47617900287501413, -2.416426674433314048 ) ) ;
#415 = ORIENTED_EDGE ( 'NONE', *, *, #9646, .F. ) ;
#416 = EDGE_LOOP ( 'NONE', ( #3273, #7110, #3272, #3740, #9190, #1296, #675, #8909 ) ) ;
#417 = CIRCLE ( 'NONE', #4989, 3.191002977041931921 ) ;
#418 = CARTESIAN_POINT ( 'NONE',  ( 40.40303354164304039, 21.07006491942929571, 28.59999999999998721 ) ) ;
#419 = CARTESIAN_POINT ( 'NONE',  ( 20.28449666861353862, 39.10000000000092513, -2.713554535445528604 ) ) ;
#420 = CARTESIAN_POINT ( 'NONE',  ( -20.44040282528544239, -41.72107589630656577, -1.151369879152560838 ) ) ;
#421 = CARTESIAN_POINT ( 'NONE',  ( -19.99887817354039399, -41.99887817354041886, -1.429844232469296150 ) ) ;
#422 = CARTESIAN_POINT ( 'NONE',  ( -43.20481555856615330, -8.281592024827864404E-15, 9.600000000000001421 ) ) ;
#423 = CARTESIAN_POINT ( 'NONE',  ( -20.42752591515717597, 43.74141831540633518, 1.249951314179305939 ) ) ;
#424 =( BOUNDED_CURVE ( )  B_SPLINE_CURVE ( 3, ( #8009, #8440, #7007, #7660 ),
 .UNSPECIFIED., .F., .T. ) 
 B_SPLINE_CURVE_WITH_KNOTS ( ( 4, 4 ),
 ( 2.279006103801415772, 2.411864997362736407 ),
 .UNSPECIFIED. ) 
 CURVE ( )  GEOMETRIC_REPRESENTATION_ITEM ( )  RATIONAL_B_SPLINE_CURVE ( ( 1.000000000000000000, 0.9985295837159650079, 0.9985295837159650079, 1.000000000000000000 ) ) 
 REPRESENTATION_ITEM ( '' )  );
#425 = CARTESIAN_POINT ( 'NONE',  ( 39.54454783080603164, -7.396150000562228044, 13.59999999999999076 ) ) ;
#426 = AXIS2_PLACEMENT_3D ( 'NONE', #5453, #1707, #7595 ) ;
#427 = CARTESIAN_POINT ( 'NONE',  ( 19.34565534668856301, -42.14786261772071185, -1.903597371103452174 ) ) ;
#428 = EDGE_CURVE ( 'NONE', #4450, #7332, #7508, .T. ) ;
#429 = VERTEX_POINT ( 'NONE', #6267 ) ;
#430 = ORIENTED_EDGE ( 'NONE', *, *, #24, .F. ) ;
#431 = CARTESIAN_POINT ( 'NONE',  ( 19.92439473637971048, 43.20852091177768983, -1.260309687572593651 ) ) ;
#432 = CARTESIAN_POINT ( 'NONE',  ( -19.20575881330004009, 43.20487506272466760, -1.951942591152134865 ) ) ;
#433 = AXIS2_PLACEMENT_3D ( 'NONE', #8765, #8666, #2015 ) ;
#434 = CARTESIAN_POINT ( 'NONE',  ( -20.43669093743186949, 40.53634271284328605, -2.516654121254918053 ) ) ;
#435 = CARTESIAN_POINT ( 'NONE',  ( -16.09999999999995879, -38.10000000000000853, -3.000000000000000000 ) ) ;
#436 = CARTESIAN_POINT ( 'NONE',  ( 20.14786261771739362, 42.34565534669106057, -1.903597371102313751 ) ) ;
#437 = CARTESIAN_POINT ( 'NONE',  ( 42.07704667531459108, -18.19028241224379627, 7.599999999999998757 ) ) ;
#438 = CARTESIAN_POINT ( 'NONE',  ( 16.10000000000000142, -43.10000000000001563, 0.1233333333333331561 ) ) ;
#439 = CARTESIAN_POINT ( 'NONE',  ( -39.73474969524905731, 20.22735090553507220, 10.03000000000000469 ) ) ;
#440 = CIRCLE ( 'NONE', #3443, 0.7500000000000006661 ) ;
#441 = EDGE_CURVE ( 'NONE', #3926, #3826, #3253, .T. ) ;
#442 = CARTESIAN_POINT ( 'NONE',  ( -43.73941876031280174, 20.43244147772753649, 13.60000000000000142 ) ) ;
#443 = ORIENTED_EDGE ( 'NONE', *, *, #683, .T. ) ;
#444 = EDGE_LOOP ( 'NONE', ( #81, #3003, #7926, #9333, #9236, #4930 ) ) ;
#445 = ORIENTED_EDGE ( 'NONE', *, *, #5327, .T. ) ;
#446 = CARTESIAN_POINT ( 'NONE',  ( -12.53538422206487901, 20.98959392881923236, 28.59999999999999787 ) ) ;
#447 = CARTESIAN_POINT ( 'NONE',  ( -20.81355405299227357, -38.09999999999999432, -2.184497701333681707 ) ) ;
#448 = DIRECTION ( 'NONE',  ( 1.000000000000000000, 0.000000000000000000, -0.000000000000000000 ) ) ;
#449 = CARTESIAN_POINT ( 'NONE',  ( 43.10000000000007248, -9.172531525334200353, 13.65237577840901650 ) ) ;
#450 = ADVANCED_FACE ( 'NONE', ( #7899 ), #5620, .F. ) ;
#451 = DIRECTION ( 'NONE',  ( -1.000000000000000000, 0.000000000000000000, 0.000000000000000000 ) ) ;
#452 = AXIS2_PLACEMENT_3D ( 'NONE', #9163, #6946, #7038 ) ;
#453 = CARTESIAN_POINT ( 'NONE',  ( -11.32282750589353881, 21.09999999999996234, 16.37095128737772143 ) ) ;
#454 = CARTESIAN_POINT ( 'NONE',  ( -21.05646371664030880, 41.77855064893170578, 2.000000000000000888 ) ) ;
#455 = DIRECTION ( 'NONE',  ( 1.000000000000000000, 1.112002228190261198E-16, 0.000000000000000000 ) ) ;
#456 = ORIENTED_EDGE ( 'NONE', *, *, #1652, .T. ) ;
#457 = VECTOR ( 'NONE', #4562, 1000.000000000000000 ) ;
#458 = DIRECTION ( 'NONE',  ( -1.000000000000000000, 0.000000000000000000, 0.000000000000000000 ) ) ;
#459 = DIRECTION ( 'NONE',  ( 0.000000000000000000, 0.000000000000000000, -1.000000000000000000 ) ) ;
#460 = DIRECTION ( 'NONE',  ( 1.000000000000000000, 0.000000000000000000, 0.000000000000000000 ) ) ;
#461 = DIRECTION ( 'NONE',  ( 0.000000000000000000, 0.000000000000000000, -1.000000000000000000 ) ) ;
#462 = VECTOR ( 'NONE', #5044, 1000.000000000000000 ) ;
#463 = CARTESIAN_POINT ( 'NONE',  ( 42.31763701899681251, -20.81003976634721298, 13.60000000000000320 ) ) ;
#464 = CARTESIAN_POINT ( 'NONE',  ( 20.08137278453333963, 42.33080941177932033, -1.981372784538169229 ) ) ;
#465 = CARTESIAN_POINT ( 'NONE',  ( 19.37217076275773309, 41.81398462174053066, -2.746636109359797295 ) ) ;
#466 = ORIENTED_EDGE ( 'NONE', *, *, #6507, .T. ) ;
#467 = VERTEX_POINT ( 'NONE', #1778 ) ;
#468 = CARTESIAN_POINT ( 'NONE',  ( 42.94883644206179696, 19.81049812226847706, 28.59999999999999787 ) ) ;
#469 = CARTESIAN_POINT ( 'NONE',  ( 37.50000000000000000, 15.50000000000000000, 7.599999999999999645 ) ) ;
#470 = CARTESIAN_POINT ( 'NONE',  ( -21.10819241021728132, -40.52398588804538804, -0.4239866012095798720 ) ) ;
#471 = CARTESIAN_POINT ( 'NONE',  ( 38.10000000000007958, -12.39999999999987601, 13.60000000000000142 ) ) ;
#472 = CARTESIAN_POINT ( 'NONE',  ( -14.10000000000000142, -34.11769309494244595, 0.000000000000000000 ) ) ;
#473 = ADVANCED_FACE ( 'NONE', ( #1928 ), #2664, .F. ) ;
#474 = CARTESIAN_POINT ( 'NONE',  ( 42.23563650606173780, -7.138462904362986805, 13.60000000000259490 ) ) ;
#475 = CARTESIAN_POINT ( 'NONE',  ( 19.70386467094961347, -42.20120184412922271, -1.509820670383692276 ) ) ;
#476 = VERTEX_POINT ( 'NONE', #1035 ) ;
#477 = ORIENTED_EDGE ( 'NONE', *, *, #1602, .T. ) ;
#478 = CARTESIAN_POINT ( 'NONE',  ( 19.73078873175651538, 43.96431329436443747, 2.000000000000003997 ) ) ;
#479 = DIRECTION ( 'NONE',  ( -7.709882115452476194E-16, 1.000000000000000000, -0.000000000000000000 ) ) ;
#480 = CARTESIAN_POINT ( 'NONE',  ( -19.21722922712767812, 42.96949863560261917, -2.170059656033901163 ) ) ;
#481 = APPLICATION_CONTEXT ( 'automotive_design' ) ;
#482 = CARTESIAN_POINT ( 'NONE',  ( 41.98414113284199090, 19.93560524261302191, 9.599999999999637268 ) ) ;
#483 = CARTESIAN_POINT ( 'NONE',  ( 21.06960988856400263, 41.50669107810227842, -0.7703589325487039119 ) ) ;
#484 = CARTESIAN_POINT ( 'NONE',  ( 41.95999256852819315, -19.64537212291674351, 7.600000000000000533 ) ) ;
#485 = CARTESIAN_POINT ( 'NONE',  ( 16.10000000000000142, -43.10000000000000853, -3.630000000000000338 ) ) ;
#486 = CARTESIAN_POINT ( 'NONE',  ( -42.70005921271320659, 19.94728329632205543, 7.570000000000032259 ) ) ;
#487 = CARTESIAN_POINT ( 'NONE',  ( -17.63114033232985989, 39.09999999999948272, -2.998025431992920264 ) ) ;
#488 = ORIENTED_EDGE ( 'NONE', *, *, #5568, .F. ) ;
#489 = ORIENTED_EDGE ( 'NONE', *, *, #5456, .F. ) ;
#490 = ORIENTED_EDGE ( 'NONE', *, *, #1480, .F. ) ;
#491 = CARTESIAN_POINT ( 'NONE',  ( -13.66090659504325799, 20.53880138776096231, 28.60000000000000142 ) ) ;
#492 = CARTESIAN_POINT ( 'NONE',  ( -19.91159499246785458, -41.72404729317313610, -1.811594992469754750 ) ) ;
#493 = CARTESIAN_POINT ( 'NONE',  ( 19.52861721390242167, -42.99046056094362456, 9.600000000000001421 ) ) ;
#494 = CARTESIAN_POINT ( 'NONE',  ( 43.10000000000007248, -6.476669318891875804, 14.56003241732529396 ) ) ;
#495 = ADVANCED_FACE ( 'NONE', ( #950 ), #4044, .F. ) ;
#496 = CARTESIAN_POINT ( 'NONE',  ( -37.50000000000005684, 15.49999999999987033, 13.60000000000000142 ) ) ;
#497 = CARTESIAN_POINT ( 'NONE',  ( 18.87035893254673269, -40.50669107810555403, -2.969609888568313316 ) ) ;
#498 = CARTESIAN_POINT ( 'NONE',  ( -39.10000000000007248, -21.10000000000013642, 7.299999999999998934 ) ) ;
#499 = LINE ( 'NONE', #9586, #9597 ) ;
#500 = EDGE_CURVE ( 'NONE', #538, #9286, #8764, .T. ) ;
#501 = CARTESIAN_POINT ( 'NONE',  ( -21.09802543199291947, 40.63114033232953659, 2.000000000000000444 ) ) ;
#502 = DIRECTION ( 'NONE',  ( -0.000000000000000000, 0.000000000000000000, -1.000000000000000000 ) ) ;
#503 = ORIENTED_EDGE ( 'NONE', *, *, #5798, .F. ) ;
#504 = CARTESIAN_POINT ( 'NONE',  ( -42.88984178720487250, -19.88984571103815213, 7.599999999999999645 ) ) ;
#505 = DIRECTION ( 'NONE',  ( -0.000000000000000000, -0.000000000000000000, 1.000000000000000000 ) ) ;
#506 = CARTESIAN_POINT ( 'NONE',  ( -19.80406941628915973, -42.38772446907631775, -1.140035033706543466 ) ) ;
#507 = PRODUCT_CONTEXT ( 'NONE', #5158, 'mechanical' ) ;
#508 = EDGE_CURVE ( 'NONE', #3540, #6365, #5298, .T. ) ;
#509 = CARTESIAN_POINT ( 'NONE',  ( -9.787169388979650719, -7.400000000709183290, 13.60000000000123066 ) ) ;
#510 = CARTESIAN_POINT ( 'NONE',  ( 17.53524773529896663, 41.59020365707166178, -3.032383745227380967 ) ) ;
#511 = ORIENTED_EDGE ( 'NONE', *, *, #1833, .F. ) ;
#512 = ORIENTED_EDGE ( 'NONE', *, *, #5382, .F. ) ;
#513 = CARTESIAN_POINT ( 'NONE',  ( 43.10000000000006537, -12.08295866739850766, 13.60000000000000142 ) ) ;
#514 = CARTESIAN_POINT ( 'NONE',  ( -42.12238420223082613, -20.15647620517086480, 10.03000000000000291 ) ) ;
#515 = CARTESIAN_POINT ( 'NONE',  ( 20.35933284379217767, -42.18619108749775393, -0.6759076018966369004 ) ) ;
#516 = CARTESIAN_POINT ( 'NONE',  ( -15.32093649202127850, -11.67599977987602955, 13.60000000000000320 ) ) ;
#517 = CARTESIAN_POINT ( 'NONE',  ( 12.50000000000000000, 35.89999999999999147, -3.000000000000000000 ) ) ;
#518 = B_SPLINE_CURVE_WITH_KNOTS ( 'NONE', 3,
 ( #3563, #4447, #8998, #2974, #604, #7473, #9534, #3515, #2826, #5877, #5981, #3615, #9585, #6574, #6520, #5087, #6722, #2045, #2232, #8153, #8006, #1389, #8102, #8844, #2090, #7270, #1338, #4346, #7369, #6626, #4401, #8405, #9232, #5434, #2388, #6175, #6923, #5234, #1687, #1489, #9043, #4495, #206, #9140, #8450, #56, #8357, #8255, #7574, #4593, #7717, #9091, #3761, #3810, #7623, #160, #7519, #4694, #5340, #898, #2333, #2278 ),
 .UNSPECIFIED., .F., .F.,
 ( 4, 1, 1, 1, 1, 1, 1, 1, 2, 2, 1, 1, 1, 1, 1, 1, 2, 2, 1, 1, 1, 1, 2, 2, 2, 1, 1, 1, 1, 2, 2, 1, 1, 1, 1, 1, 2, 2, 1, 1, 1, 1, 1, 1, 2, 2, 4 ),
 ( 0.000000000000000000, 0.1249999999999705513, 0.1874999999999557854, 0.2187499999999481803, 0.2343749999999444056, 0.2421874999999422962, 0.2460937499999414635, 0.2480468749999412414, 0.2490234374999412970, 0.2499999999999413802, 0.3124999999999566458, 0.3437499999999642508, 0.3593749999999682476, 0.3671874999999702460, 0.3710937499999711897, 0.3730468749999719114, 0.3740234374999722999, 0.3749999999999726330, 0.4062499999999807931, 0.4218749999999847344, 0.4296874999999866218, 0.4335937499999877875, 0.4355468749999883982, 0.4374999999999889533, 0.5000000000000046629, 0.5312500000000123235, 0.5468750000000159872, 0.5546875000000175415, 0.5585937500000182077, 0.5605468750000185407, 0.5625000000000187628, 0.5937500000000260902, 0.6093750000000297540, 0.6171875000000315303, 0.6210937500000324185, 0.6230468750000326406, 0.6240234375000327516, 0.6250000000000328626, 0.6875000000000127676, 0.7187500000000024425, 0.7343749999999975575, 0.7421874999999951150, 0.7460937499999938938, 0.7480468749999935607, 0.7490234374999933387, 0.7499999999999930056, 1.000000000000000000 ),
 .UNSPECIFIED. ) ;
#519 = CARTESIAN_POINT ( 'NONE',  ( -20.13409537327946452, 43.80530425361639857, 0.5640123293701694296 ) ) ;
#520 = CARTESIAN_POINT ( 'NONE',  ( 43.10040903764053155, -2.297687380367135823, 13.60000000000000142 ) ) ;
#521 = ADVANCED_FACE ( 'NONE', ( #7850 ), #1085, .T. ) ;
#522 = CARTESIAN_POINT ( 'NONE',  ( 19.92439472599417982, -42.20852092909423448, -1.260309619340881815 ) ) ;
#523 = ORIENTED_EDGE ( 'NONE', *, *, #7048, .T. ) ;
#524 = ORIENTED_EDGE ( 'NONE', *, *, #3430, .T. ) ;
#525 = CARTESIAN_POINT ( 'NONE',  ( 17.53523670167198745, 44.13238403920827579, -0.4902012987512045505 ) ) ;
#526 = CARTESIAN_POINT ( 'NONE',  ( -19.57047620839424340, -41.85240843350577933, -2.005461298676045612 ) ) ;
#527 = CARTESIAN_POINT ( 'NONE',  ( 17.35000000000001918, 1.337664547031006037E-14, 25.59999999999999787 ) ) ;
#528 = CARTESIAN_POINT ( 'NONE',  ( -20.09531891448067142, 41.77943311167243223, -2.334247309999275544 ) ) ;
#529 = CARTESIAN_POINT ( 'NONE',  ( -21.10000000000000853, -38.10000000000000853, -1.753333333333333632 ) ) ;
#530 = EDGE_CURVE ( 'NONE', #6439, #4098, #728, .T. ) ;
#531 = CARTESIAN_POINT ( 'NONE',  ( 20.44040282528379038, 42.72107589630707736, -1.151369879154134246 ) ) ;
#532 = CARTESIAN_POINT ( 'NONE',  ( -42.99439879138134302, -19.96608599111798554, 10.03000000000000469 ) ) ;
#533 = AXIS2_PLACEMENT_3D ( 'NONE', #7126, #6378, #1897 ) ;
#534 = ADVANCED_FACE ( 'NONE', ( #2125 ), #1236, .F. ) ;
#535 = CARTESIAN_POINT ( 'NONE',  ( 41.76867549032211713, 20.06385905547029580, 10.03000000000000824 ) ) ;
#536 = CARTESIAN_POINT ( 'NONE',  ( -42.52407600696913903, 20.11085662664293494, 10.03000000000007574 ) ) ;
#537 = CARTESIAN_POINT ( 'NONE',  ( -39.73477301873878531, -20.20481556043671034, 9.599999999999964118 ) ) ;
#538 = VERTEX_POINT ( 'NONE', #7992 ) ;
#539 = ORIENTED_EDGE ( 'NONE', *, *, #9491, .T. ) ;
#540 = CARTESIAN_POINT ( 'NONE',  ( -11.27566523583046987, 21.07444201803184569, 28.59999999999999432 ) ) ;
#541 = PRODUCT_DEFINITION_CONTEXT ( 'detailed design', #4327, 'design' ) ;
#542 = FACE_OUTER_BOUND ( 'NONE', #8170, .T. ) ;
#543 = CARTESIAN_POINT ( 'NONE',  ( 19.65631831746658520, -42.97389364417127666, 9.600000000000004974 ) ) ;
#544 = CARTESIAN_POINT ( 'NONE',  ( 43.10000000000007248, -8.738203021654371128, 13.68112679628413630 ) ) ;
#545 = VECTOR ( 'NONE', #7940, 1000.000000000000000 ) ;
#546 = DIRECTION ( 'NONE',  ( -0.000000000000000000, -0.000000000000000000, 1.000000000000000000 ) ) ;
#547 = EDGE_CURVE ( 'NONE', #1955, #5673, #8881, .T. ) ;
#548 = CARTESIAN_POINT ( 'NONE',  ( -42.96834341765797660, -19.96816119399719369, 9.600000000000003197 ) ) ;
#549 = CARTESIAN_POINT ( 'NONE',  ( 19.68284921705197377, -41.68284921676087862, -2.059179274068203558 ) ) ;
#550 = CARTESIAN_POINT ( 'NONE',  ( -14.09999999999993570, 16.09999999999996945, 18.60000000000000142 ) ) ;
#551 = DIRECTION ( 'NONE',  ( 0.000000000000000000, 1.000000000000000000, 0.000000000000000000 ) ) ;
#552 = EDGE_CURVE ( 'NONE', #6487, #7212, #1041, .T. ) ;
#553 = AXIS2_PLACEMENT_3D ( 'NONE', #3216, #7513, #6864 ) ;
#554 = FACE_OUTER_BOUND ( 'NONE', #5287, .T. ) ;
#555 = VERTEX_POINT ( 'NONE', #1227 ) ;
#556 = CARTESIAN_POINT ( 'NONE',  ( -40.10000000000006537, -7.686454296869565743E-15, 10.59999999999999964 ) ) ;
#557 = CARTESIAN_POINT ( 'NONE',  ( 21.10000000000000497, 39.10000000000000853, 0.1233333333333331561 ) ) ;
#558 = CARTESIAN_POINT ( 'NONE',  ( 38.10000000000007958, -7.399999999999876010, 25.46666666666666856 ) ) ;
#559 = CARTESIAN_POINT ( 'NONE',  ( -19.55036663456224133, -42.05407719602476391, -1.826146001237873184 ) ) ;
#560 = EDGE_CURVE ( 'NONE', #5438, #1628, #3847, .T. ) ;
#561 = CIRCLE ( 'NONE', #2462, 0.5000000000000004441 ) ;
#562 = CARTESIAN_POINT ( 'NONE',  ( 43.10000000000006537, -2.399999999999876010, 29.34999999999999432 ) ) ;
#563 = APPLICATION_PROTOCOL_DEFINITION ( 'draft international standard', 'automotive_design', 1998, #4327 ) ;
#564 = CARTESIAN_POINT ( 'NONE',  ( 39.35000000000001563, -4.399999999999876010, 20.89999999999999858 ) ) ;
#565 = CARTESIAN_POINT ( 'NONE',  ( 42.02802452186451632, 19.11145600558954882, 7.569999999999995843 ) ) ;
#566 = CARTESIAN_POINT ( 'NONE',  ( 16.10000000000001563, 42.16143133711484836, -2.937984320614854372 ) ) ;
#567 = ORIENTED_EDGE ( 'NONE', *, *, #2329, .T. ) ;
#568 = ORIENTED_EDGE ( 'NONE', *, *, #5921, .T. ) ;
#569 = CARTESIAN_POINT ( 'NONE',  ( 40.66436465194071559, -12.36381335875067577, 13.60000000000000142 ) ) ;
#570 = CARTESIAN_POINT ( 'NONE',  ( -6.319581223306072004E-14, 18.10000000000000142, 7.599999999999999645 ) ) ;
#571 = CARTESIAN_POINT ( 'NONE',  ( 20.43424730999543470, -42.09531891447894481, -0.6794331116750815802 ) ) ;
#572 = CARTESIAN_POINT ( 'NONE',  ( -18.65607938952916101, -7.917166273855559488, 13.60000000000000320 ) ) ;
#573 = DIRECTION ( 'NONE',  ( 0.000000000000000000, -0.000000000000000000, 1.000000000000000000 ) ) ;
#574 = ADVANCED_FACE ( 'NONE', ( #7257 ), #7802, .T. ) ;
#575 = CARTESIAN_POINT ( 'NONE',  ( -39.10000000000005826, -20.10000000000013642, 7.599999999999999645 ) ) ;
#576 = CARTESIAN_POINT ( 'NONE',  ( 20.28449666861353862, -42.81355453544552603, 2.000000000000000000 ) ) ;
#577 = CIRCLE ( 'NONE', #3112, 0.5000000000000004441 ) ;
#578 = LINE ( 'NONE', #6599, #7403 ) ;
#579 = ORIENTED_EDGE ( 'NONE', *, *, #751, .T. ) ;
#580 = ORIENTED_EDGE ( 'NONE', *, *, #7831, .T. ) ;
#581 = CARTESIAN_POINT ( 'NONE',  ( 17.53623914502589543, 43.68917621106984228, -2.236628345234788373 ) ) ;
#582 = CARTESIAN_POINT ( 'NONE',  ( -19.96949863560222482, -41.21722922712686454, -2.170059656034066808 ) ) ;
#583 = LINE ( 'NONE', #9615, #271 ) ;
#584 = CARTESIAN_POINT ( 'NONE',  ( -19.55059604045742461, 41.80422545706652926, -2.671739524703081070 ) ) ;
#585 = CARTESIAN_POINT ( 'NONE',  ( -16.10000000000000497, -43.10000000000000853, 10.23000000000000043 ) ) ;
#586 = CARTESIAN_POINT ( 'NONE',  ( 20.70120510767083744, 42.88114788336876160, -0.3789765561420176954 ) ) ;
#587 = VECTOR ( 'NONE', #9036, 1000.000000000000000 ) ;
#588 = CARTESIAN_POINT ( 'NONE',  ( -42.44838226707794604, 19.99238023628576499, 7.599999999999999645 ) ) ;
#589 = CARTESIAN_POINT ( 'NONE',  ( 41.99638483701524905, -19.41849497125965840, 7.600000000000001421 ) ) ;
#590 = CARTESIAN_POINT ( 'NONE',  ( -40.37014037219612561, 20.22463167850211008, 10.03000000000000469 ) ) ;
#591 = CARTESIAN_POINT ( 'NONE',  ( -42.93582500970834559, -19.98403618065001908, 9.599999999999964118 ) ) ;
#592 = VECTOR ( 'NONE', #4167, 1000.000000000000000 ) ;
#593 = EDGE_LOOP ( 'NONE', ( #2270, #3863, #2435, #9549 ) ) ;
#594 = AXIS2_PLACEMENT_3D ( 'NONE', #9194, #1785, #6367 ) ;
#595 = CARTESIAN_POINT ( 'NONE',  ( 43.10000000000006537, 16.10000000000013287, 21.95000000000000284 ) ) ;
#596 = CARTESIAN_POINT ( 'NONE',  ( -20.74141812957335773, -38.85004899478173002, -2.327526155829593879 ) ) ;
#597 = FACE_OUTER_BOUND ( 'NONE', #7004, .T. ) ;
#598 = CARTESIAN_POINT ( 'NONE',  ( 43.10000000000006537, -8.435054454234373722, 13.71163551355834365 ) ) ;
#599 = CARTESIAN_POINT ( 'NONE',  ( -13.50976622121513238, 20.68109130942357510, 13.59999999999804388 ) ) ;
#600 = EDGE_CURVE ( 'NONE', #5366, #7495, #3896, .T. ) ;
#601 = AXIS2_PLACEMENT_3D ( 'NONE', #2820, #8736, #1985 ) ;
#602 = CARTESIAN_POINT ( 'NONE',  ( 19.91325482560983318, -40.78705519762188914, -2.465170331470862841 ) ) ;
#603 = B_SPLINE_CURVE_WITH_KNOTS ( 'NONE', 3,
 ( #4335, #537, #1431, #6561, #8834, #9624, #2079, #8091, #4436, #8728, #1329, #7462, #7359, #591, #8987, #2375, #3848 ),
 .UNSPECIFIED., .F., .F.,
 ( 4, 2, 2, 2, 2, 2, 3, 4 ),
 ( 0.000000000000000000, 0.001931104874625728723, 0.002896657311938592976, 0.003379433530595025645, 0.003620821639923241329, 0.003741515694587349821, 0.003862209749251457446, 0.003889706555086640868 ),
 .UNSPECIFIED. ) ;
#604 = CARTESIAN_POINT ( 'NONE',  ( -14.07837550577976415, -4.447040020170498487, 28.59999999999999432 ) ) ;
#605 = CARTESIAN_POINT ( 'NONE',  ( -34.35000000000005116, 15.49999999999987033, 13.60000000000000142 ) ) ;
#606 = CARTESIAN_POINT ( 'NONE',  ( -19.97040907923978281, 42.97040907923948794, -1.495219409409466182 ) ) ;
#607 = ORIENTED_EDGE ( 'NONE', *, *, #4841, .F. ) ;
#608 = FACE_OUTER_BOUND ( 'NONE', #5794, .T. ) ;
#609 = DIRECTION ( 'NONE',  ( -0.000000000000000000, -0.000000000000000000, -1.000000000000000000 ) ) ;
#610 = CARTESIAN_POINT ( 'NONE',  ( 12.46026316928587008, -40.10000000000000142, 6.000000000000000000 ) ) ;
#611 = CARTESIAN_POINT ( 'NONE',  ( -20.28449770133371288, -42.81355405299228778, 2.000000000000011102 ) ) ;
#612 = CARTESIAN_POINT ( 'NONE',  ( 43.10000000000006537, -2.399999999999876010, 23.85000000000000142 ) ) ;
#613 = CARTESIAN_POINT ( 'NONE',  ( 38.10000000000007958, -12.39999999999987601, 13.60000000000000142 ) ) ;
#614 = CARTESIAN_POINT ( 'NONE',  ( 42.22463167850208521, 17.37014037219511309, 10.03000000000000469 ) ) ;
#615 = AXIS2_PLACEMENT_3D ( 'NONE', #2204, #8375, #6794 ) ;
#616 = CIRCLE ( 'NONE', #4230, 1.379999999999999227 ) ;
#617 = CARTESIAN_POINT ( 'NONE',  ( -20.20120180180514424, 42.70386467895202287, -1.509820810211439657 ) ) ;
#618 = ORIENTED_EDGE ( 'NONE', *, *, #2605, .F. ) ;
#619 = ORIENTED_EDGE ( 'NONE', *, *, #5983, .F. ) ;
#620 = CARTESIAN_POINT ( 'NONE',  ( 41.72889785855804945, 20.96164780066053623, 28.59999999999999432 ) ) ;
#621 = DIRECTION ( 'NONE',  ( -0.000000000000000000, -0.000000000000000000, 1.000000000000000000 ) ) ;
#622 = CARTESIAN_POINT ( 'NONE',  ( 19.99887817353901198, -41.99887817354142783, -1.429844232471595422 ) ) ;
#623 = CARTESIAN_POINT ( 'NONE',  ( -15.26395710708579756, -11.70118311594261051, 13.60000000000000142 ) ) ;
#624 = LINE ( 'NONE', #3086, #5004 ) ;
#625 = ADVANCED_FACE ( 'NONE', ( #7610 ), #5223, .F. ) ;
#626 = DIRECTION ( 'NONE',  ( 0.05233595624294377913, 0.000000000000000000, 0.9986295347545739443 ) ) ;
#627 = FACE_OUTER_BOUND ( 'NONE', #2494, .T. ) ;
#628 = CARTESIAN_POINT ( 'NONE',  ( 19.16144512839901282, -43.03798319008014772, 2.000000000000001776 ) ) ;
#629 = CARTESIAN_POINT ( 'NONE',  ( 19.72404729317193883, 42.91159499246977305, -1.811594992472323362 ) ) ;
#630 = ORIENTED_EDGE ( 'NONE', *, *, #2207, .T. ) ;
#631 = EDGE_CURVE ( 'NONE', #3201, #1446, #6063, .T. ) ;
#632 = VECTOR ( 'NONE', #3673, 1000.000000000000000 ) ;
#633 = VERTEX_POINT ( 'NONE', #2222 ) ;
#634 = CARTESIAN_POINT ( 'NONE',  ( 18.50669127814376225, 44.06960953871814013, -0.7703644272534507786 ) ) ;
#635 = CARTESIAN_POINT ( 'NONE',  ( -18.79115177378924884, -41.82204809657571332, -2.521614052961550279 ) ) ;
#636 = LINE ( 'NONE', #6754, #1851 ) ;
#637 = CARTESIAN_POINT ( 'NONE',  ( -18.48376891750460516, 42.59829718316944991, -2.744270599664602628 ) ) ;
#638 = CARTESIAN_POINT ( 'NONE',  ( -20.43244147772784203, -42.73941876031805975, 9.600000000000001421 ) ) ;
#639 = CARTESIAN_POINT ( 'NONE',  ( -41.02616715161188665, 20.08109060486867037, 7.599999999999999645 ) ) ;
#640 = CARTESIAN_POINT ( 'NONE',  ( 38.10000000000005116, 21.10000000000013287, 28.59999999999999432 ) ) ;
#641 = LINE ( 'NONE', #5864, #8498 ) ;
#642 = CARTESIAN_POINT ( 'NONE',  ( -42.60531471171996998, 20.09819200303507003, 10.02999999999993719 ) ) ;
#643 = CARTESIAN_POINT ( 'NONE',  ( 39.60000000000006537, -7.390087672888730808, 23.89999999999999858 ) ) ;
#644 = EDGE_LOOP ( 'NONE', ( #3577, #3054, #4932, #2021 ) ) ;
#645 = CARTESIAN_POINT ( 'NONE',  ( -42.96384476362881344, -19.62671102339069762, 7.600000000000000533 ) ) ;
#646 = CARTESIAN_POINT ( 'NONE',  ( 20.87483915154482261, -42.10733879021276493, 9.600000000000001421 ) ) ;
#647 = CARTESIAN_POINT ( 'NONE',  ( 43.10000000000006537, -5.942803364071711059, 15.06600305162856301 ) ) ;
#648 = CARTESIAN_POINT ( 'NONE',  ( 39.60000000000006537, -7.395043836444306073, 20.89999999999999858 ) ) ;
#649 = CARTESIAN_POINT ( 'NONE',  ( -12.70136291278576657, 20.96876705829625820, 18.59999999999935838 ) ) ;
#650 = CARTESIAN_POINT ( 'NONE',  ( 19.28511273046772700, -41.47253305283759062, -2.483905166203311143 ) ) ;
#651 = CARTESIAN_POINT ( 'NONE',  ( -44.10000000000007248, -21.10000000000013642, 7.299999999999999822 ) ) ;
#652 = EDGE_CURVE ( 'NONE', #1545, #4982, #5606, .T. ) ;
#653 = CARTESIAN_POINT ( 'NONE',  ( 41.53538422206523251, -7.289593928819173563, 28.60000000000000142 ) ) ;
#654 = ORIENTED_EDGE ( 'NONE', *, *, #2106, .F. ) ;
#655 = CARTESIAN_POINT ( 'NONE',  ( -14.10000000000000142, -35.70000000000000284, 0.000000000000000000 ) ) ;
#656 = VERTEX_POINT ( 'NONE', #3258 ) ;
#657 = CARTESIAN_POINT ( 'NONE',  ( -16.10000000000000497, 44.10000000000000853, 4.533333333333334991 ) ) ;
#658 = CARTESIAN_POINT ( 'NONE',  ( 16.10000000000000142, 44.10000000000000853, -1.753333333333333632 ) ) ;
#659 = CARTESIAN_POINT ( 'NONE',  ( -11.69689577749890219, 40.60000000000000142, 7.599999999999999645 ) ) ;
#660 = CARTESIAN_POINT ( 'NONE',  ( -20.03164678249777353, -42.85000580965010641, 0.5641589815420834375 ) ) ;
#661 = CARTESIAN_POINT ( 'NONE',  ( 0.000000000000000000, -21.10000000000013642, 10.59999999999999964 ) ) ;
#662 = CARTESIAN_POINT ( 'NONE',  ( 19.97040907923730657, 42.97040907924009900, -1.495219409411808309 ) ) ;
#663 = CARTESIAN_POINT ( 'NONE',  ( 12.21160952877724881, -36.49506365548641185, 0.000000000000000000 ) ) ;
#664 = FACE_BOUND ( 'NONE', #2433, .T. ) ;
#665 = ORIENTED_EDGE ( 'NONE', *, *, #6996, .T. ) ;
#666 = VERTEX_POINT ( 'NONE', #4731 ) ;
#667 = CARTESIAN_POINT ( 'NONE',  ( 19.92614600123945934, -41.55036664352726206, -1.954077196024476049 ) ) ;
#668 = CARTESIAN_POINT ( 'NONE',  ( -9.099999999999933920, -7.399999999999876010, 28.59999999999999787 ) ) ;
#669 = CARTESIAN_POINT ( 'NONE',  ( 20.59999999999818243, -42.59999999999869402, 1.249999999999537481 ) ) ;
#670 = CARTESIAN_POINT ( 'NONE',  ( -18.80713234780812471, -7.308320855715512820, 13.60000000000000320 ) ) ;
#671 = CARTESIAN_POINT ( 'NONE',  ( -42.72292105549786356, 20.05119839417564620, 9.600000000000029843 ) ) ;
#672 = CARTESIAN_POINT ( 'NONE',  ( 16.10000000000002274, -42.96431329436439484, -1.630788731756549259 ) ) ;
#673 = CARTESIAN_POINT ( 'NONE',  ( 20.83999999999846509, 44.10000000000000853, 2.000000000000000000 ) ) ;
#674 = VERTEX_POINT ( 'NONE', #1815 ) ;
#675 = ORIENTED_EDGE ( 'NONE', *, *, #3358, .F. ) ;
#676 = ADVANCED_FACE ( 'NONE', ( #2604 ), #2468, .T. ) ;
#677 = ORIENTED_EDGE ( 'NONE', *, *, #2957, .T. ) ;
#678 = CARTESIAN_POINT ( 'NONE',  ( 16.86011572818969029, 44.09769811981126963, 0.5176848941400373771 ) ) ;
#679 = CARTESIAN_POINT ( 'NONE',  ( -19.84466002191864575, -41.75079123681205573, -1.853406649629981473 ) ) ;
#680 = CARTESIAN_POINT ( 'NONE',  ( 42.04972587931828798, 18.82309165057215594, 7.600000000000000533 ) ) ;
#681 = CARTESIAN_POINT ( 'NONE',  ( -20.91392182095579244, -41.96631460141441750, 9.600000000000001421 ) ) ;
#682 = CARTESIAN_POINT ( 'NONE',  ( -19.97040907923978281, 42.97040907923948794, -1.495219409409466182 ) ) ;
#683 = EDGE_CURVE ( 'NONE', #9589, #1493, #1611, .T. ) ;
#684 = FACE_OUTER_BOUND ( 'NONE', #804, .T. ) ;
#685 = CARTESIAN_POINT ( 'NONE',  ( -14.10000000000000142, -33.75300120096096634, 6.000000000000000000 ) ) ;
#686 = CARTESIAN_POINT ( 'NONE',  ( 16.10000000000001208, 40.63114033233011924, -2.998025431992919376 ) ) ;
#687 = DIRECTION ( 'NONE',  ( 0.000000000000000000, 0.000000000000000000, -1.000000000000000000 ) ) ;
#688 = CARTESIAN_POINT ( 'NONE',  ( -44.07006491942922821, 18.40303354164268157, 13.60000000000000497 ) ) ;
#689 =( BOUNDED_SURFACE ( )  B_SPLINE_SURFACE ( 2, 3, ( 
 ( #282, #7091, #1957, #7833 ),
 ( #2552, #329, #8663, #7928 ),
 ( #978, #3251, #6342, #2596 ) ),
 .UNSPECIFIED., .F., .F., .T. ) 
 B_SPLINE_SURFACE_WITH_KNOTS ( ( 3, 3 ),
 ( 4, 4 ),
 ( 0.000000000000000000, 1.000000000000000000 ),
 ( -0.003749999999999998994, 0.01274999999999999745 ),
 .UNSPECIFIED. ) 
 GEOMETRIC_REPRESENTATION_ITEM ( )  RATIONAL_B_SPLINE_SURFACE ( (
 ( 1.000000000000000000, 1.000000000000000000, 1.000000000000000000, 1.000000000000000000),
 ( 4.000000000000000888, 4.000000000000000888, 4.000000000000000888, 4.000000000000000888),
 ( 1.000000000000000000, 1.000000000000000000, 1.000000000000000000, 1.000000000000000000) ) ) 
 REPRESENTATION_ITEM ( '' )  SURFACE ( )  );
#690 = ORIENTED_EDGE ( 'NONE', *, *, #7922, .F. ) ;
#691 = CARTESIAN_POINT ( 'NONE',  ( 39.85000000000006537, -2.649999999999873790, 28.59999999999999787 ) ) ;
#692 = CARTESIAN_POINT ( 'NONE',  ( -14.06641683701765722, 18.49873699103325819, 28.59999999999999787 ) ) ;
#693 = CARTESIAN_POINT ( 'NONE',  ( -20.84802794910747892, -38.10000000000000853, -2.094734857214222146 ) ) ;
#694 = CARTESIAN_POINT ( 'NONE',  ( 18.10000000000000142, -39.23397459621556749, 6.000000000000000000 ) ) ;
#695 = CARTESIAN_POINT ( 'NONE',  ( -12.17735045483277290, 36.39999999999999147, 0.000000000000000000 ) ) ;
#696 = CARTESIAN_POINT ( 'NONE',  ( -11.69689577749890219, 40.60000000000000142, 0.000000000000000000 ) ) ;
#697 = CARTESIAN_POINT ( 'NONE',  ( -19.01418453889694504, 19.53905886478341358, 13.59999999999999964 ) ) ;
#698 = CARTESIAN_POINT ( 'NONE',  ( -40.60000000000003695, 10.77689577749865890, 7.600000000000000533 ) ) ;
#699 = CARTESIAN_POINT ( 'NONE',  ( -43.07320996662694768, -19.72776371185335265, 10.02999999999993541 ) ) ;
#700 = CARTESIAN_POINT ( 'NONE',  ( -9.100000021260813199, 21.10003571004895306, 18.60000000000119869 ) ) ;
#701 = LINE ( 'NONE', #5878, #7563 ) ;
#702 = ORIENTED_EDGE ( 'NONE', *, *, #7443, .T. ) ;
#703 = CARTESIAN_POINT ( 'NONE',  ( -20.27338287872885658, 43.27338287872865408, -0.6726918402503552219 ) ) ;
#704 = EDGE_LOOP ( 'NONE', ( #1595, #8295, #5854, #1016, #4888, #2550, #2978, #3715 ) ) ;
#705 = FACE_OUTER_BOUND ( 'NONE', #1257, .T. ) ;
#706 = VECTOR ( 'NONE', #4759, 1000.000000000000000 ) ;
#707 = CARTESIAN_POINT ( 'NONE',  ( -42.47021393930857869, -19.98954201474738568, 7.600000000000003197 ) ) ;
#708 = CARTESIAN_POINT ( 'NONE',  ( 20.60000000000000497, -38.10000000000000853, -2.499999999999997335 ) ) ;
#709 = CARTESIAN_POINT ( 'NONE',  ( -19.44544202142887457, -42.50821667535875292, -1.345442660911591481 ) ) ;
#710 = CARTESIAN_POINT ( 'NONE',  ( 17.66698729810778445, 40.35000000000000142, 6.000000000000000000 ) ) ;
#711 = VECTOR ( 'NONE', #6709, 1000.000000000000000 ) ;
#712 = CARTESIAN_POINT ( 'NONE',  ( 12.50000000000000888, -35.70000000000000284, 0.000000000000000000 ) ) ;
#713 = DIRECTION ( 'NONE',  ( 0.000000000000000000, 0.000000000000000000, -1.000000000000000000 ) ) ;
#714 = CARTESIAN_POINT ( 'NONE',  ( 16.10000000000000497, 39.10000000000049170, -2.999999999999999556 ) ) ;
#715 = VERTEX_POINT ( 'NONE', #7891 ) ;
#716 = ORIENTED_EDGE ( 'NONE', *, *, #1709, .T. ) ;
#717 = CARTESIAN_POINT ( 'NONE',  ( 20.43669093743097420, -39.53634271284428792, -2.516654121255827548 ) ) ;
#718 = CARTESIAN_POINT ( 'NONE',  ( 20.13248562931237728, -42.13248562931457286, -1.094240478162187946 ) ) ;
#719 = CARTESIAN_POINT ( 'NONE',  ( -11.21922471027147061, -12.37818812689275383, 13.60000000000000142 ) ) ;
#720 = EDGE_CURVE ( 'NONE', #7213, #4982, #377, .T. ) ;
#721 = CARTESIAN_POINT ( 'NONE',  ( 41.79822277959263488, 0.000000000000000000, 25.59999999999999787 ) ) ;
#722 = ADVANCED_FACE ( 'NONE', ( #3211 ), #6258, .F. ) ;
#723 = PLANE ( 'NONE',  #166 ) ;
#724 = CARTESIAN_POINT ( 'NONE',  ( 19.30725910198088968, -42.66038026670529604, -1.207258021001044401 ) ) ;
#725 = DIRECTION ( 'NONE',  ( 0.000000000000000000, 0.05233595624294377913, 0.9986295347545739443 ) ) ;
#726 = VERTEX_POINT ( 'NONE', #9363 ) ;
#727 = ORIENTED_EDGE ( 'NONE', *, *, #176, .T. ) ;
#728 = CIRCLE ( 'NONE', #3881, 4.000000000000000000 ) ;
#729 = EDGE_LOOP ( 'NONE', ( #7184, #7262, #9002, #4273 ) ) ;
#730 = FACE_OUTER_BOUND ( 'NONE', #3738, .T. ) ;
#731 = CARTESIAN_POINT ( 'NONE',  ( -19.76528683176197987, -41.38919717909310947, -2.219395703977253831 ) ) ;
#732 = CARTESIAN_POINT ( 'NONE',  ( 41.94742540629194139, 19.70545446988503713, 7.599999999999997868 ) ) ;
#733 = VECTOR ( 'NONE', #1497, 1000.000000000000000 ) ;
#734 = CARTESIAN_POINT ( 'NONE',  ( -20.02763088764665866, -42.89929146666761284, 9.600000000000003197 ) ) ;
#735 = ADVANCED_FACE ( 'NONE', ( #5611 ), #8111, .T. ) ;
#736 = CARTESIAN_POINT ( 'NONE',  ( -42.74637280587908350, 19.93797192884622405, 7.599999999999998757 ) ) ;
#737 =( BOUNDED_SURFACE ( )  B_SPLINE_SURFACE ( 2, 3, ( 
 ( #6730, #9742, #2982, #808 ),
 ( #3036, #5990, #3083, #9005 ),
 ( #6083, #2288, #2239, #9099 ) ),
 .UNSPECIFIED., .F., .F., .F. ) 
 B_SPLINE_SURFACE_WITH_KNOTS ( ( 3, 3 ),
 ( 4, 4 ),
 ( 0.000000000000000000, 1.000000000000000000 ),
 ( -0.002399999999999876191, 0.01609999999999996850 ),
 .UNSPECIFIED. ) 
 GEOMETRIC_REPRESENTATION_ITEM ( )  RATIONAL_B_SPLINE_SURFACE ( (
 ( 1.000000000000000000, 1.000000000000000000, 1.000000000000000000, 1.000000000000000000),
 ( 4.000000000000000888, 4.000000000000000888, 4.000000000000000888, 4.000000000000000888),
 ( 1.000000000000000000, 1.000000000000000000, 1.000000000000000000, 1.000000000000000000) ) ) 
 REPRESENTATION_ITEM ( '' )  SURFACE ( )  );
#738 = CARTESIAN_POINT ( 'NONE',  ( -20.10000000000000142, 0.000000000000000000, 7.599999999999999645 ) ) ;
#739 = CARTESIAN_POINT ( 'NONE',  ( 16.10000000000000142, 39.10000000000189857, -3.000000000000000000 ) ) ;
#740 = CARTESIAN_POINT ( 'NONE',  ( -21.10000000000000142, 13.36666666666667602, 2.000000000000000000 ) ) ;
#741 = CARTESIAN_POINT ( 'NONE',  ( -43.05550665148946621, 18.71416540255413707, 7.599999999999996980 ) ) ;
#742 = VERTEX_POINT ( 'NONE', #4822 ) ;
#743 = PLANE ( 'NONE',  #2009 ) ;
#744 = VECTOR ( 'NONE', #9311, 1000.000000000000000 ) ;
#745 = CARTESIAN_POINT ( 'NONE',  ( -21.10000000000000142, -38.10000000000000853, 2.000000000000000000 ) ) ;
#746 = AXIS2_PLACEMENT_3D ( 'NONE', #3791, #3006, #9026 ) ;
#747 = CARTESIAN_POINT ( 'NONE',  ( 18.10000000000000142, 34.46026316928586652, 6.000000000000000000 ) ) ;
#748 = LINE ( 'NONE', #3022, #923 ) ;
#749 = DIRECTION ( 'NONE',  ( -0.000000000000000000, -0.000000000000000000, 1.000000000000000000 ) ) ;
#750 = ADVANCED_FACE ( 'NONE', ( #6308 ), #5564, .T. ) ;
#751 = EDGE_CURVE ( 'NONE', #8868, #7841, #4663, .T. ) ;
#752 = CARTESIAN_POINT ( 'NONE',  ( -16.10000000000000497, -43.10000000000000853, 7.066666666666668206 ) ) ;
#753 = B_SPLINE_SURFACE_WITH_KNOTS ( 'NONE', 3, 3, ( 
 ( #4418, #5010, #4268, #8225, #622, #8861, #718, #9603, #7442, #1460, #669, #7489 ),
 ( #4463, #5894, #2107, #3682, #3730, #5105, #7288, #515, #1309, #8122, #3533, #9552 ),
 ( #5797, #8813, #5057, #8073, #4311, #1359, #4365, #571, #7336, #3634, #3582, #6647 ),
 ( #9652, #3877, #9109, #1507, #865, #6741, #7541, #9158, #3194, #3830, #9015, #2405 ),
 ( #5358, #9203, #2249, #5252, #8422, #6941, #2353, #6889, #8376, #124, #178, #9753 ),
 ( #6842, #919, #1609, #8273, #30, #4712, #7684, #818, #3930, #6193, #6144, #2449 ),
 ( #3148, #5402, #5452, #1656, #4660, #8467, #1706, #7736, #968, #2994, #6000, #4513 ),
 ( #3782, #770, #6795, #4613, #3046, #6045, #9061, #7594, #73, #2299, #5306, #8325 ),
 ( #1562, #4563, #3096, #6093, #7641, #3972, #4155, #4068, #5638, #1057, #3333, #7177 ),
 ( #6985, #4901, #7917, #7082, #7779, #5547, #7965, #6334, #9250, #3288, #6240, #224 ),
 ( #3240, #1147, #1105, #408, #8654, #2498, #6432, #5500, #1010, #9446, #1946, #8517 ),
 ( #8559, #9346, #1753, #6289, #2586, #2685, #7824, #4758, #2543, #7871, #4017, #270 ) ),
 .UNSPECIFIED., .F., .F., .F.,
 ( 4, 2, 2, 2, 2, 4 ),
 ( 4, 2, 2, 2, 2, 4 ),
 ( 0.000000000000000000, 0.06250000000000000000, 0.1250000000000000000, 0.2500000000000000000, 0.5000000000000000000, 1.000000000000000000 ),
 ( 0.000000000000000000, 0.06250000000000000000, 0.1250000000000000000, 0.2500000000000000000, 0.5000000000000000000, 1.000000000000000000 ),
 .UNSPECIFIED. ) ;
#754 = VECTOR ( 'NONE', #2511, 1000.000000000000000 ) ;
#755 = CARTESIAN_POINT ( 'NONE',  ( -10.34999999999993570, 18.09999999999996589, 27.72132034355963981 ) ) ;
#756 = CARTESIAN_POINT ( 'NONE',  ( 41.88843285398866101, -19.88915203886996252, 7.569999999999995843 ) ) ;
#757 = ORIENTED_EDGE ( 'NONE', *, *, #3975, .F. ) ;
#758 = CARTESIAN_POINT ( 'NONE',  ( 40.10000000000006537, 18.10000000000012221, 27.72132034355963981 ) ) ;
#759 = ORIENTED_EDGE ( 'NONE', *, *, #9701, .T. ) ;
#760 = EDGE_CURVE ( 'NONE', #5508, #467, #195, .T. ) ;
#761 = CARTESIAN_POINT ( 'NONE',  ( -20.83999999999999986, -43.10000000000000853, -3.000000000000000000 ) ) ;
#762 = CARTESIAN_POINT ( 'NONE',  ( -41.93756930551433726, -20.04172511988987893, 7.600000000000000533 ) ) ;
#763 = PLANE ( 'NONE',  #4580 ) ;
#764 = CARTESIAN_POINT ( 'NONE',  ( -19.09999999999993747, 9.933333333333354886, 13.60000000000000142 ) ) ;
#765 = CARTESIAN_POINT ( 'NONE',  ( -19.88124999999923759, 42.88124999999890719, -1.687500000000142775 ) ) ;
#766 = ORIENTED_EDGE ( 'NONE', *, *, #3207, .T. ) ;
#767 = ORIENTED_EDGE ( 'NONE', *, *, #2478, .T. ) ;
#768 = CARTESIAN_POINT ( 'NONE',  ( 20.09531891447924323, -40.77943311167379647, -2.334247310001214437 ) ) ;
#769 = CARTESIAN_POINT ( 'NONE',  ( 16.10000000000002274, -41.16144512839892400, -2.937983190080169837 ) ) ;
#770 = CARTESIAN_POINT ( 'NONE',  ( 20.35933284383302322, -40.77590753266080981, -2.086191087462479388 ) ) ;
#771 = FACE_OUTER_BOUND ( 'NONE', #7810, .T. ) ;
#772 = AXIS2_PLACEMENT_3D ( 'NONE', #8597, #1890, #3369 ) ;
#773 = CARTESIAN_POINT ( 'NONE',  ( 38.10000000000007958, -7.399999999999875122, 18.60000000000000497 ) ) ;
#774 = CARTESIAN_POINT ( 'NONE',  ( 20.59999999999817888, -42.59999999999869402, 1.249999999999537481 ) ) ;
#775 = CARTESIAN_POINT ( 'NONE',  ( 20.83999999999846153, 44.10000000000000853, -3.000000000000000000 ) ) ;
#776 = ORIENTED_EDGE ( 'NONE', *, *, #322, .T. ) ;
#777 = ORIENTED_EDGE ( 'NONE', *, *, #2436, .F. ) ;
#778 = ORIENTED_EDGE ( 'NONE', *, *, #3763, .T. ) ;
#779 = CARTESIAN_POINT ( 'NONE',  ( 20.35072599843517693, -40.47587029890740240, -2.250725998438702469 ) ) ;
#780 = CARTESIAN_POINT ( 'NONE',  ( -17.53510680246155573, -41.53069457996193137, -2.908360526846319072 ) ) ;
#781 = CARTESIAN_POINT ( 'NONE',  ( 42.04035290575610162, 18.95743381531554661, 7.599999999999999645 ) ) ;
#782 = AXIS2_PLACEMENT_3D ( 'NONE', #7425, #3566, #6577 ) ;
#783 = CARTESIAN_POINT ( 'NONE',  ( -18.40303354164386818, -43.07006491942917137, 9.599999999999999645 ) ) ;
#784 = CARTESIAN_POINT ( 'NONE',  ( -19.82769126126678572, 43.06931452837034158, -1.539790954017649760 ) ) ;
#785 = CARTESIAN_POINT ( 'NONE',  ( -41.31705988612218050, 20.07265512131086638, 7.599999999999999645 ) ) ;
#786 = FACE_OUTER_BOUND ( 'NONE', #7077, .T. ) ;
#787 = CARTESIAN_POINT ( 'NONE',  ( 36.94098300562506410, -12.39999999999987601, 13.60000000000000142 ) ) ;
#788 = CARTESIAN_POINT ( 'NONE',  ( 41.03267561656319629, -20.03487874806847913, 7.599999999999996092 ) ) ;
#789 = CARTESIAN_POINT ( 'NONE',  ( -43.09958493382069378, 16.54118413907382745, 7.600000000000001421 ) ) ;
#790 = ORIENTED_EDGE ( 'NONE', *, *, #4939, .F. ) ;
#791 = CARTESIAN_POINT ( 'NONE',  ( 20.13248562931232755, 43.13248562931477892, -1.094240478162133767 ) ) ;
#792 = CARTESIAN_POINT ( 'NONE',  ( -13.96164780065772959, 19.72889785856775546, 28.60000000000000142 ) ) ;
#793 = CARTESIAN_POINT ( 'NONE',  ( -43.09842776848793733, -16.73435631924487765, 7.569999999999997620 ) ) ;
#794 = VECTOR ( 'NONE', #5094, 1000.000000000000000 ) ;
#795 = CARTESIAN_POINT ( 'NONE',  ( -42.88843285399151739, 19.88915203886888250, 7.569999999999995843 ) ) ;
#796 = DIRECTION ( 'NONE',  ( 1.000000000000000000, 0.000000000000000000, 0.000000000000000000 ) ) ;
#797 =( BOUNDED_SURFACE ( )  B_SPLINE_SURFACE ( 2, 3, ( 
 ( #5883, #8062, #1346, #7429, #658, #1945 ),
 ( #4946, #7964, #4202, #6481, #3569, #9493 ),
 ( #2728, #4997, #7322, #557, #9591, #7629 ) ),
 .UNSPECIFIED., .F., .F., .T. ) 
 B_SPLINE_SURFACE_WITH_KNOTS ( ( 3, 3 ),
 ( 4, 2, 4 ),
 ( 0.000000000000000000, 1.000000000000000000 ),
 ( -0.002630000000000000827, 0.005599999999999999943, 0.01123000000000000040 ),
 .UNSPECIFIED. ) 
 GEOMETRIC_REPRESENTATION_ITEM ( )  RATIONAL_B_SPLINE_SURFACE ( (
 ( 1.000000000000000000, 1.000000000000000000, 1.000000000000000000, 1.000000000000000000, 1.000000000000000000, 1.000000000000000000),
 ( 4.000000000000000888, 4.000000000000000888, 4.000000000000000888, 4.000000000000000888, 4.000000000000000888, 4.000000000000000888),
 ( 1.000000000000000000, 1.000000000000000000, 1.000000000000000000, 1.000000000000000000, 1.000000000000000000, 1.000000000000000000) ) ) 
 REPRESENTATION_ITEM ( '' )  SURFACE ( )  );
#798 = CARTESIAN_POINT ( 'NONE',  ( -42.97360932271972445, -19.95730921020157211, 9.600000000000111555 ) ) ;
#799 = CARTESIAN_POINT ( 'NONE',  ( 17.53510290715897213, -41.53070078186697600, -2.908359749100843050 ) ) ;
#800 = DIRECTION ( 'NONE',  ( 1.000000000000000000, 0.000000000000000000, 0.000000000000000000 ) ) ;
#801 = CARTESIAN_POINT ( 'NONE',  ( 42.07227657705531243, -18.32029945715080288, 7.569999999999719620 ) ) ;
#802 = ORIENTED_EDGE ( 'NONE', *, *, #652, .T. ) ;
#803 = CARTESIAN_POINT ( 'NONE',  ( -18.63707660277991351, 44.06157421608296687, 9.600000000000001421 ) ) ;
#804 = EDGE_LOOP ( 'NONE', ( #9548, #4497, #7601, #5890 ) ) ;
#805 = EDGE_CURVE ( 'NONE', #2654, #5696, #1675, .T. ) ;
#806 = CARTESIAN_POINT ( 'NONE',  ( -42.04627819791692644, -20.03413186302726956, 7.600000000000000533 ) ) ;
#807 = CARTESIAN_POINT ( 'NONE',  ( 20.81355453544553313, 43.28449666861353506, 2.000000000000007994 ) ) ;
#808 = CARTESIAN_POINT ( 'NONE',  ( -19.09999999999993747, 16.09999999999996945, 13.60000000000000142 ) ) ;
#809 = CARTESIAN_POINT ( 'NONE',  ( -17.53523670167261628, -43.13238403920689734, -0.4902012987484415940 ) ) ;
#810 = SURFACE_STYLE_USAGE ( .BOTH. , #7585 ) ;
#811 = EDGE_CURVE ( 'NONE', #3826, #2201, #290, .T. ) ;
#812 = CARTESIAN_POINT ( 'NONE',  ( -19.97040907923911846, -41.59521940940773987, -1.870409079240949790 ) ) ;
#813 = CARTESIAN_POINT ( 'NONE',  ( -20.08137278453526875, 42.33080941177805556, -1.981372784536032050 ) ) ;
#814 = ORIENTED_EDGE ( 'NONE', *, *, #4471, .F. ) ;
#815 = VERTEX_POINT ( 'NONE', #9318 ) ;
#816 = CARTESIAN_POINT ( 'NONE',  ( 20.52666543961013801, -39.53640090607131441, -2.426665439612249120 ) ) ;
#817 = LINE ( 'NONE', #918, #457 ) ;
#818 = CARTESIAN_POINT ( 'NONE',  ( 20.77173952469957641, -41.55059604045516863, -0.7042254570684539638 ) ) ;
#819 = FACE_OUTER_BOUND ( 'NONE', #7006, .T. ) ;
#820 = CARTESIAN_POINT ( 'NONE',  ( -16.85000000000002984, 43.59999999999989484, -2.500000000000114131 ) ) ;
#821 = CARTESIAN_POINT ( 'NONE',  ( -19.92030272036261351, 43.93221865287137007, 2.000000000000020872 ) ) ;
#822 = EDGE_CURVE ( 'NONE', #815, #4499, #7098, .T. ) ;
#823 = CARTESIAN_POINT ( 'NONE',  ( -11.09999999999993570, -4.399999999999876010, 25.59999999999999787 ) ) ;
#824 = FACE_OUTER_BOUND ( 'NONE', #9024, .T. ) ;
#825 = CARTESIAN_POINT ( 'NONE',  ( 5.366666666657357254, 44.10000000000000853, 2.000000000000000000 ) ) ;
#826 = EDGE_LOOP ( 'NONE', ( #8182, #6562, #1933, #1667 ) ) ;
#827 = ORIENTED_EDGE ( 'NONE', *, *, #7246, .F. ) ;
#828 = ORIENTED_EDGE ( 'NONE', *, *, #8245, .T. ) ;
#829 = CARTESIAN_POINT ( 'NONE',  ( -18.10000000000000142, 39.23397459621557459, 7.599999999999999645 ) ) ;
#830 = CARTESIAN_POINT ( 'NONE',  ( -19.55059805170360931, -40.80422412797756238, -2.671739278118427485 ) ) ;
#831 = DIRECTION ( 'NONE',  ( 1.000000000000000000, 0.000000000000000000, 0.000000000000000000 ) ) ;
#832 = CARTESIAN_POINT ( 'NONE',  ( -20.71654195172252599, -42.48402385466805242, 9.600000000000004974 ) ) ;
#833 = DIRECTION ( 'NONE',  ( 0.000000000000000000, 0.000000000000000000, 1.000000000000000000 ) ) ;
#834 = CARTESIAN_POINT ( 'NONE',  ( 16.10000000000001563, 42.16143133711484836, -2.937984320614854372 ) ) ;
#835 = CARTESIAN_POINT ( 'NONE',  ( 39.08893986351379368, -20.09636902247304491, 7.600000000000000533 ) ) ;
#836 = CARTESIAN_POINT ( 'NONE',  ( 12.21160952877724881, -36.49506365548641185, 6.000000000000000000 ) ) ;
#837 = ORIENTED_EDGE ( 'NONE', *, *, #1, .F. ) ;
#838 = CARTESIAN_POINT ( 'NONE',  ( 20.59999999999999432, 43.60000000000001563, 2.000000000000000888 ) ) ;
#839 = CARTESIAN_POINT ( 'NONE',  ( 18.60000000000000142, 40.10000000000000142, 7.599999999999999645 ) ) ;
#840 = CARTESIAN_POINT ( 'NONE',  ( -20.14786261772875164, -42.00359737108736624, -1.245655325673871605 ) ) ;
#841 = CARTESIAN_POINT ( 'NONE',  ( 20.96164780065946331, -41.72889785856332878, 9.600000000000001421 ) ) ;
#842 = DIRECTION ( 'NONE',  ( 0.000000000000000000, -0.000000000000000000, -1.000000000000000000 ) ) ;
#843 = DIRECTION ( 'NONE',  ( 0.000000000000000000, -0.000000000000000000, -1.000000000000000000 ) ) ;
#844 = LINE ( 'NONE', #1537, #6064 ) ;
#845 = EDGE_CURVE ( 'NONE', #7949, #6066, #7190, .T. ) ;
#846 = CARTESIAN_POINT ( 'NONE',  ( 16.10000000000002274, -39.63116748626566732, -2.998024638775868222 ) ) ;
#847 = EDGE_CURVE ( 'NONE', #2508, #1880, #6787, .T. ) ;
#848 = DIRECTION ( 'NONE',  ( -0.000000000000000000, -0.000000000000000000, -1.000000000000000000 ) ) ;
#849 = CARTESIAN_POINT ( 'NONE',  ( 42.66090659504151006, -6.838801387762472039, 28.60000000000000142 ) ) ;
#850 = ORIENTED_EDGE ( 'NONE', *, *, #9632, .F. ) ;
#851 = CARTESIAN_POINT ( 'NONE',  ( -17.87180854716939038, 44.08542865622440132, 9.599999999999999645 ) ) ;
#852 = VERTEX_POINT ( 'NONE', #4172 ) ;
#853 = CARTESIAN_POINT ( 'NONE',  ( -15.50000000000000000, 37.50000000000000000, 6.000000000000000000 ) ) ;
#854 = CARTESIAN_POINT ( 'NONE',  ( -39.80759269825274771, -20.09837432113814160, 7.600000000000000533 ) ) ;
#855 = CARTESIAN_POINT ( 'NONE',  ( -39.10000000000007248, -21.10000000000013642, 13.60000000000000142 ) ) ;
#856 = CARTESIAN_POINT ( 'NONE',  ( -16.09999999999995879, -38.10000000000000853, -3.000000000000000000 ) ) ;
#857 = CARTESIAN_POINT ( 'NONE',  ( -18.81398462173632424, -42.84663610935584899, -1.272170762759151863 ) ) ;
#858 = CARTESIAN_POINT ( 'NONE',  ( 16.10000000000000853, 44.10000000000000853, 1.234535060370023585 ) ) ;
#859 = EDGE_CURVE ( 'NONE', #6803, #3679, #2196, .T. ) ;
#860 = CARTESIAN_POINT ( 'NONE',  ( -19.91159499246785813, -41.72404729317313610, -1.811594992469754972 ) ) ;
#861 = CARTESIAN_POINT ( 'NONE',  ( -21.11238549097685535, 41.95399462619502629, 0.5652200701899764423 ) ) ;
#862 = ORIENTED_EDGE ( 'NONE', *, *, #9365, .F. ) ;
#863 = ORIENTED_EDGE ( 'NONE', *, *, #1535, .F. ) ;
#864 = CARTESIAN_POINT ( 'NONE',  ( -15.50000000000000000, -37.50000000000000000, 2.000000000000000000 ) ) ;
#865 = CARTESIAN_POINT ( 'NONE',  ( 20.20120180180277814, -41.70386467895212235, -1.509820810213460485 ) ) ;
#866 = CARTESIAN_POINT ( 'NONE',  ( -19.06536417594611876, 39.85321927254796748, -2.944641141383455007 ) ) ;
#867 = VECTOR ( 'NONE', #1588, 1000.000000000000000 ) ;
#868 = CARTESIAN_POINT ( 'NONE',  ( -19.92614600124137425, 42.55036664352621045, -1.954077196022038221 ) ) ;
#869 = CARTESIAN_POINT ( 'NONE',  ( 40.39456583594493111, -21.07037261525421101, 13.60000000000000142 ) ) ;
#870 = CARTESIAN_POINT ( 'NONE',  ( -14.07111531302773777, -4.714879101295715635, 13.60000000000000497 ) ) ;
#871 = CARTESIAN_POINT ( 'NONE',  ( 19.44544266090970908, 42.44544202143276834, -2.408216675363509474 ) ) ;
#872 = ORIENTED_EDGE ( 'NONE', *, *, #1980, .T. ) ;
#873 = ORIENTED_EDGE ( 'NONE', *, *, #2648, .T. ) ;
#874 = AXIS2_PLACEMENT_3D ( 'NONE', #1435, #3609, #2227 ) ;
#875 = EDGE_LOOP ( 'NONE', ( #5401, #4265, #8080, #8565 ) ) ;
#876 = CARTESIAN_POINT ( 'NONE',  ( -16.10000000000000142, 39.09999999999836717, -3.000000000000000000 ) ) ;
#877 = EDGE_CURVE ( 'NONE', #3826, #2701, #6085, .T. ) ;
#878 = CARTESIAN_POINT ( 'NONE',  ( 21.07077768596502665, 41.38329560835508403, 9.600000000000003197 ) ) ;
#879 =( GEOMETRIC_REPRESENTATION_CONTEXT ( 3 ) GLOBAL_UNCERTAINTY_ASSIGNED_CONTEXT ( ( #2553 ) ) GLOBAL_UNIT_ASSIGNED_CONTEXT ( ( #9545, #5839, #7329 ) ) REPRESENTATION_CONTEXT ( 'NONE', 'WORKASPACE' ) );
#880 = CARTESIAN_POINT ( 'NONE',  ( -14.47142857142857331, 33.63450639421993316, 6.000000000000000000 ) ) ;
#881 = CARTESIAN_POINT ( 'NONE',  ( 19.99887817353901553, -41.99887817354142072, -1.429844232471595422 ) ) ;
#882 = CARTESIAN_POINT ( 'NONE',  ( -21.10000000000000142, 45.34000000000006736, 2.000000000000000000 ) ) ;
#883 = AXIS2_PLACEMENT_3D ( 'NONE', #4034, #8436, #4774 ) ;
#884 = CARTESIAN_POINT ( 'NONE',  ( -40.10000000000006537, -18.10000000000013642, 10.59999999999999964 ) ) ;
#885 = ORIENTED_EDGE ( 'NONE', *, *, #5675, .F. ) ;
#886 = DIRECTION ( 'NONE',  ( 0.000000000000000000, 0.000000000000000000, 1.000000000000000000 ) ) ;
#887 = EDGE_CURVE ( 'NONE', #8973, #6090, #9088, .T. ) ;
#888 = CARTESIAN_POINT ( 'NONE',  ( -15.50000000000000000, -37.50000000000000000, 6.000000000000000000 ) ) ;
#889 = CARTESIAN_POINT ( 'NONE',  ( -20.35072599843484653, -42.35072599843486074, -0.3758702989074833578 ) ) ;
#890 = CARTESIAN_POINT ( 'NONE',  ( 20.98247474094983644, -41.58902559124255305, 9.600000000000004974 ) ) ;
#891 = CARTESIAN_POINT ( 'NONE',  ( -40.79999999999996163, -11.69689577749904430, -15.40511026734024824 ) ) ;
#892 = CARTESIAN_POINT ( 'NONE',  ( 19.88124999999710241, 42.78750000000005116, -1.781250000002630562 ) ) ;
#893 = B_SPLINE_CURVE_WITH_KNOTS ( 'NONE', 3,
 ( #8567, #977, #3342, #1017, #7832, #4163, #8524, #9211, #1718, #1068, #188, #4027, #7090, #4078, #2595, #6299, #6341, #8611, #1856, #5008, #4216, #4309, #7236, #468, #3487, #2787, #6489, #1409, #9503, #8859, #3632, #2104, #8910, #2737, #5745, #9650, #8760, #3531, #8811, #2888, #4957, #8171, #620, #5891, #2153, #4363, #7334, #9601, #5103, #5160, #2010, #7974, #6645, #8120, #3580, #8023, #7186, #418, #1357, #1260, #3438, #7388 ),
 .UNSPECIFIED., .F., .F.,
 ( 4, 1, 1, 1, 1, 1, 1, 1, 2, 2, 1, 1, 1, 1, 1, 1, 2, 2, 1, 1, 1, 1, 2, 2, 2, 1, 1, 1, 1, 2, 2, 1, 1, 1, 1, 1, 2, 2, 1, 1, 1, 1, 1, 1, 2, 2, 4 ),
 ( 0.000000000000000000, 0.1249999999999662492, 0.1874999999999487910, 0.2187499999999401035, 0.2343749999999350242, 0.2421874999999332478, 0.2460937499999323597, 0.2480468749999319711, 0.2490234374999318601, 0.2499999999999317213, 0.3124999999999219513, 0.3437499999999171774, 0.3593749999999154010, 0.3671874999999145128, 0.3710937499999135136, 0.3730468749999120703, 0.3740234374999123479, 0.3749999999999125699, 0.4062499999999257816, 0.4218749999999326095, 0.4296874999999354405, 0.4335937499999368283, 0.4355468749999374944, 0.4374999999999382161, 0.4999999999999742428, 0.5312499999999927836, 0.5468750000000029976, 0.5546875000000091038, 0.5585937500000131006, 0.5605468750000163203, 0.5625000000000194289, 0.5937500000000587308, 0.6093750000000782707, 0.6171875000000870415, 0.6210937500000913714, 0.6230468750000927036, 0.6240234375000933698, 0.6250000000000941469, 0.6875000000000695000, 0.7187500000000571765, 0.7343750000000499600, 0.7421875000000454081, 0.7460937500000440759, 0.7480468750000425215, 0.7490234375000416334, 0.7500000000000408562, 1.000000000000000000 ),
 .UNSPECIFIED. ) ;
#894 = CARTESIAN_POINT ( 'NONE',  ( -19.06702382222045600, 18.57849814909619113, 13.60000000000000142 ) ) ;
#895 = CARTESIAN_POINT ( 'NONE',  ( 42.00737088955055754, -19.97436538983634335, 10.03000000000000469 ) ) ;
#896 = CARTESIAN_POINT ( 'NONE',  ( 16.10000000000002274, -42.53233532578452980, -2.567664674215480058 ) ) ;
#897 = EDGE_CURVE ( 'NONE', #1628, #3567, #5704, .T. ) ;
#898 = CARTESIAN_POINT ( 'NONE',  ( -10.84967719375136674, -7.390111951082188213, 28.60000000000000142 ) ) ;
#899 = FACE_OUTER_BOUND ( 'NONE', #5929, .T. ) ;
#900 = CIRCLE ( 'NONE', #5616, 0.8457513110646033283 ) ;
#901 = VERTEX_POINT ( 'NONE', #564 ) ;
#902 = AXIS2_PLACEMENT_3D ( 'NONE', #7223, #1245, #4487 ) ;
#903 = CARTESIAN_POINT ( 'NONE',  ( -18.39402075846307838, 44.07039211818119639, 9.599999999999999645 ) ) ;
#904 = EDGE_LOOP ( 'NONE', ( #7842, #5259, #9288, #6617 ) ) ;
#905 = CARTESIAN_POINT ( 'NONE',  ( -19.59521940940771145, -41.97040907923913977, -1.870409079240949790 ) ) ;
#906 = CARTESIAN_POINT ( 'NONE',  ( -9.099999999999937472, -12.39999999999987601, 13.60000000000000142 ) ) ;
#907 = CARTESIAN_POINT ( 'NONE',  ( 20.94989004567910129, 42.84072818405807226, 1.249109874139404441 ) ) ;
#908 = DIRECTION ( 'NONE',  ( -1.000000000000000000, 0.000000000000000000, 0.000000000000000000 ) ) ;
#909 = EDGE_CURVE ( 'NONE', #9167, #4390, #9243, .T. ) ;
#910 = CARTESIAN_POINT ( 'NONE',  ( -17.63114033232976396, -43.09802543199293723, 2.000000000000000000 ) ) ;
#911 = CARTESIAN_POINT ( 'NONE',  ( -11.09999999999993570, -4.399999999999876010, 25.59999999999999787 ) ) ;
#912 = CIRCLE ( 'NONE', #4999, 0.5000000000000004441 ) ;
#913 = CARTESIAN_POINT ( 'NONE',  ( -40.10000000000006537, -18.10000000000013642, 7.599999999999999645 ) ) ;
#914 = CARTESIAN_POINT ( 'NONE',  ( -20.44040297829929642, 42.72107519403760278, -1.151370243525840165 ) ) ;
#915 = ORIENTED_EDGE ( 'NONE', *, *, #3230, .T. ) ;
#916 = B_SPLINE_SURFACE_WITH_KNOTS ( 'NONE', 3, 3, ( 
 ( #3687, #6748, #629, #2898, #3641, #6654, #3001, #1418, #4423, #6007, #7448, #6698 ),
 ( #5213, #9708, #2255, #6947, #1714, #6247, #2548, #9116, #5410, #9208, #3293, #3979 ),
 ( #4809, #925, #2362, #3200, #6296, #9307, #8521, #5551, #185, #5507, #4764, #6198 ),
 ( #324, #8563, #7828, #1065, #1803, #9261, #1757, #1014, #7087, #6151, #5364, #7784 ),
 ( #4075, #9164, #3338, #8381, #278, #2411, #1615, #4023, #3885, #7647, #3936, #8427 ),
 ( #4719, #2456, #1663, #4619, #5461, #871, #3156, #7742, #6897, #131, #8476, #974 ),
 ( #4665, #6991, #230, #7693, #3246, #2506, #7039, #5644, #3435, #4263, #4213, #9500 ),
 ( #1953, #8757, #1109, #5005, #8608, #9547, #465, #6338, #2734, #1152, #9453, #566 ),
 ( #5694, #8808, #414, #4859, #4906, #8707, #1256, #8020, #7971, #510, #2005, #8659 ),
 ( #7182, #2783, #1202, #4117, #7283, #7924, #3528, #1904, #4954, #6437, #5792, #7232 ),
 ( #6535, #4160, #3484, #6486, #5742, #7131, #2056, #9351, #367, #5052, #8067, #2690 ),
 ( #1304, #3379, #4306, #7331, #1853, #7878, #2592, #9398, #5598, #6385, #2640, #714 ) ),
 .UNSPECIFIED., .F., .F., .F.,
 ( 4, 2, 2, 2, 2, 4 ),
 ( 4, 2, 2, 2, 2, 4 ),
 ( 0.000000000000000000, 0.06250000000000000000, 0.1250000000000000000, 0.2500000000000000000, 0.5000000000000000000, 1.000000000000000000 ),
 ( 0.000000000000000000, 0.06250000000000000000, 0.1250000000000000000, 0.2500000000000000000, 0.5000000000000000000, 1.000000000000000000 ),
 .UNSPECIFIED. ) ;
#917 = CIRCLE ( 'NONE', #9582, 0.5000000000000004441 ) ;
#918 = CARTESIAN_POINT ( 'NONE',  ( -10.34999999999993570, -4.399999999999876010, 27.72132034355963981 ) ) ;
#919 = CARTESIAN_POINT ( 'NONE',  ( 20.14786261772815479, -41.34565532567334145, -1.903597371091662938 ) ) ;
#920 = CARTESIAN_POINT ( 'NONE',  ( -37.50000000000005684, 15.49999999999987033, 3.696770567850254707 ) ) ;
#921 = CARTESIAN_POINT ( 'NONE',  ( -18.47617900287385240, 43.16652083094938064, -2.416426674431697119 ) ) ;
#922 = CARTESIAN_POINT ( 'NONE',  ( 41.27279173382817135, -21.01881759006215589, 13.60000000000000142 ) ) ;
#923 = VECTOR ( 'NONE', #6717, 1000.000000000000000 ) ;
#924 = CARTESIAN_POINT ( 'NONE',  ( -14.05903567252620689, -5.011964348938261260, 13.59999999999629594 ) ) ;
#925 = CARTESIAN_POINT ( 'NONE',  ( 19.84466002191744849, 42.75079123681391025, -1.853406649632370451 ) ) ;
#926 = ORIENTED_EDGE ( 'NONE', *, *, #428, .T. ) ;
#927 = ORIENTED_EDGE ( 'NONE', *, *, #3635, .F. ) ;
#928 = ORIENTED_EDGE ( 'NONE', *, *, #845, .T. ) ;
#929 = CARTESIAN_POINT ( 'NONE',  ( 17.23397459621556393, -40.60000000000000142, 7.599999999999999645 ) ) ;
#930 = EDGE_CURVE ( 'NONE', #7307, #5807, #9555, .T. ) ;
#931 = CARTESIAN_POINT ( 'NONE',  ( 18.10000000000000142, -40.10000000000000142, 7.599999999999999645 ) ) ;
#932 = CARTESIAN_POINT ( 'NONE',  ( 20.02763088764737276, 43.89929146666841575, 9.600000000000003197 ) ) ;
#933 = CIRCLE ( 'NONE', #9281, 0.5000000000000004441 ) ;
#934 = CARTESIAN_POINT ( 'NONE',  ( -19.72107589630770974, 43.44040282528623464, -1.151369879152557729 ) ) ;
#935 = DIRECTION ( 'NONE',  ( 1.000000000000000000, 0.000000000000000000, 0.000000000000000000 ) ) ;
#936 = DIRECTION ( 'NONE',  ( -1.000000000000000000, 1.387778780781444413E-14, 0.000000000000000000 ) ) ;
#937 = CARTESIAN_POINT ( 'NONE',  ( -39.10000000000009379, 21.09999999999986642, 13.90000000000000036 ) ) ;
#938 = ADVANCED_FACE ( 'NONE', ( #7195 ), #5245, .F. ) ;
#939 = CARTESIAN_POINT ( 'NONE',  ( 43.10000000000006537, -2.399999999999876010, 25.26666666666657335 ) ) ;
#940 = VECTOR ( 'NONE', #2711, 1000.000000000000000 ) ;
#941 = ORIENTED_EDGE ( 'NONE', *, *, #9310, .T. ) ;
#942 = CARTESIAN_POINT ( 'NONE',  ( 20.60000000000000497, -38.10000000000000853, -2.499999999999997335 ) ) ;
#943 = DIRECTION ( 'NONE',  ( -0.000000000000000000, -0.000000000000000000, -1.000000000000000000 ) ) ;
#944 = CARTESIAN_POINT ( 'NONE',  ( -21.04464014978491804, -41.06537770899260664, 1.246782720696101965 ) ) ;
#945 = CARTESIAN_POINT ( 'NONE',  ( 20.98866520347223741, -41.54258782409721817, 9.599999999999997868 ) ) ;
#946 = CARTESIAN_POINT ( 'NONE',  ( -43.14281270299589011, 19.28273563164342974, 10.03000000000014147 ) ) ;
#947 = CARTESIAN_POINT ( 'NONE',  ( 20.08137278453333963, 42.33080941177931322, -1.981372784538169229 ) ) ;
#948 = AXIS2_PLACEMENT_3D ( 'NONE', #7317, #2190, #5985 ) ;
#949 = CARTESIAN_POINT ( 'NONE',  ( 41.89745817072232370, -20.02770028261271662, 10.03000000000000469 ) ) ;
#950 = FACE_OUTER_BOUND ( 'NONE', #8622, .T. ) ;
#951 = CARTESIAN_POINT ( 'NONE',  ( 16.10000000000000142, 13.36666666666792835, -3.000000000000000000 ) ) ;
#952 = CARTESIAN_POINT ( 'NONE',  ( 43.06938128774556418, -4.721613146478156331, 28.60000000000000142 ) ) ;
#953 = ORIENTED_EDGE ( 'NONE', *, *, #2861, .F. ) ;
#954 = CARTESIAN_POINT ( 'NONE',  ( -20.98866520347221254, 42.54258782409739581, 9.599999999999999645 ) ) ;
#955 = ORIENTED_EDGE ( 'NONE', *, *, #7516, .T. ) ;
#956 = CARTESIAN_POINT ( 'NONE',  ( 11.50000000000000000, -37.50000000000000000, 0.000000000000000000 ) ) ;
#957 = CARTESIAN_POINT ( 'NONE',  ( 39.85000000000006537, 1.850000000000133760, 28.59999999999999787 ) ) ;
#958 = CARTESIAN_POINT ( 'NONE',  ( 21.00835974909716697, 42.53070078186356540, 0.5648970928398203695 ) ) ;
#959 = CARTESIAN_POINT ( 'NONE',  ( 10.27689577749880101, 40.80000000000000426, 0.000000000000000000 ) ) ;
#960 = CARTESIAN_POINT ( 'NONE',  ( -16.85138997391126381, -42.97836521770077667, -1.544499411316081705 ) ) ;
#961 = B_SPLINE_CURVE_WITH_KNOTS ( 'NONE', 3,
 ( #2319, #9176, #789, #1481, #5273, #5328, #4629, #8392, #8345, #3897, #5375, #6019, #1580, #7561, #145, #4584, #4485, #7658, #1527, #7611, #6860, #741, #3117, #4533, #6113, #2422, #3751, #5968, #6761, #6910, #6164, #9770, #5420, #1676, #3016, #9034, #3063, #2269, #4681, #1099, #313, #402, #6329, #9340, #2581, #8646, #5586 ),
 .UNSPECIFIED., .F., .F.,
 ( 4, 1, 1, 1, 1, 1, 2, 2, 1, 1, 1, 1, 1, 2, 2, 1, 1, 1, 1, 1, 2, 2, 1, 1, 1, 1, 2, 2, 1, 1, 1, 1, 2, 2, 4 ),
 ( 0.000000000000000000, 0.1249999999998787636, 0.1874999999998167854, 0.2187499999997872535, 0.2343749999997725153, 0.2421874999997667144, 0.2460937499997654376, 0.2499999999997641886, 0.3749999999997548628, 0.4374999999997501443, 0.4687499999997477573, 0.4843749999997480904, 0.4921874999997497002, 0.4960937499997489786, 0.4999999999997483124, 0.6249999999997399858, 0.6874999999997343236, 0.7187499999997315481, 0.7343749999997285505, 0.7421874999997286615, 0.7460937499997303268, 0.7499999999997319922, 0.8124999999997729594, 0.8437499999997937206, 0.8593749999998054889, 0.8671874999998130384, 0.8710937499998180344, 0.8749999999998230304, 0.9062499999998631095, 0.9218749999998835376, 0.9296874999998957501, 0.9335937499999013012, 0.9355468749999046318, 0.9374999999999079625, 1.000000000000000000 ),
 .UNSPECIFIED. ) ;
#962 = ADVANCED_FACE ( 'NONE', ( #8165 ), #5657, .F. ) ;
#963 = CARTESIAN_POINT ( 'NONE',  ( -15.92649752855084344, 21.09999999999994458, 13.64944662575136647 ) ) ;
#964 = CARTESIAN_POINT ( 'NONE',  ( -21.02120089170527706, 41.84582051132486669, -0.7458243651279163888 ) ) ;
#965 = ORIENTED_EDGE ( 'NONE', *, *, #822, .F. ) ;
#966 = CARTESIAN_POINT ( 'NONE',  ( -41.79246757329672590, -21.05304772075529840, 13.60000000000000320 ) ) ;
#967 = EDGE_CURVE ( 'NONE', #3248, #5101, #9410, .T. ) ;
#968 = CARTESIAN_POINT ( 'NONE',  ( 20.91268977489992764, -41.41333066476274638, -0.3885131512368864559 ) ) ;
#969 = CARTESIAN_POINT ( 'NONE',  ( -19.52984423246752144, -41.99887817354090913, -1.898878173542671632 ) ) ;
#970 = CARTESIAN_POINT ( 'NONE',  ( -18.59020365707004530, 40.53524773529903769, -3.032383745226327587 ) ) ;
#971 = CARTESIAN_POINT ( 'NONE',  ( 19.59521940940668472, -41.97040907924098718, -1.870409079243722017 ) ) ;
#972 = PLANE ( 'NONE',  #85 ) ;
#973 = CYLINDRICAL_SURFACE ( 'NONE', #452, 4.000000000000000000 ) ;
#974 = CARTESIAN_POINT ( 'NONE',  ( 16.10000000000000853, 42.92029505639006004, -2.832220329304566242 ) ) ;
#975 = ORIENTED_EDGE ( 'NONE', *, *, #7919, .T. ) ;
#976 = ORIENTED_EDGE ( 'NONE', *, *, #5776, .T. ) ;
#977 = CARTESIAN_POINT ( 'NONE',  ( 43.10000000000007248, 16.59264819289656501, 28.60000000000000853 ) ) ;
#978 = CARTESIAN_POINT ( 'NONE',  ( -14.09999999999993570, -2.399999999999876010, 29.34999999999999787 ) ) ;
#979 = LINE ( 'NONE', #6252, #7211 ) ;
#980 = CARTESIAN_POINT ( 'NONE',  ( 41.93582500970655502, 19.98403618065182030, 9.600000000000001421 ) ) ;
#981 = CARTESIAN_POINT ( 'NONE',  ( -19.24003503370572332, 43.38772446907749725, -1.704069416291611683 ) ) ;
#982 = PLANE ( 'NONE',  #7245 ) ;
#983 = CARTESIAN_POINT ( 'NONE',  ( 20.60000000000006537, -4.399999999999876010, 0.000000000000000000 ) ) ;
#984 = CARTESIAN_POINT ( 'NONE',  ( -18.35000000000000142, 39.66698729810778445, 4.585786437626904188 ) ) ;
#985 = ADVANCED_FACE ( 'NONE', ( #6583 ), #1402, .F. ) ;
#986 = ORIENTED_EDGE ( 'NONE', *, *, #7263, .T. ) ;
#987 = ORIENTED_EDGE ( 'NONE', *, *, #9491, .F. ) ;
#988 = CARTESIAN_POINT ( 'NONE',  ( 20.05194259114821520, 43.20487506272435496, -1.105758813302947674 ) ) ;
#989 = B_SPLINE_CURVE_WITH_KNOTS ( 'NONE', 3,
 ( #4587, #6863, #7615, #6117, #9179, #9131, #9514, #9368, #5663, #6501, #7249, #5569, #2024, #1821, #2610, #8035, #8579 ),
 .UNSPECIFIED., .F., .F.,
 ( 4, 3, 2, 2, 2, 2, 2, 4 ),
 ( 0.000000000000000000, 2.843264893602484174E-05, 0.0001485224504890469163, 0.0002686122520420690146, 0.0005087918551481131028, 0.0009891510613602013877, 0.001949869473784378174, 0.003871306298632731097 ),
 .UNSPECIFIED. ) ;
#990 = CARTESIAN_POINT ( 'NONE',  ( 41.98403618064448750, -19.93582500971155014, 9.599999999999941025 ) ) ;
#991 = CARTESIAN_POINT ( 'NONE',  ( -43.22735090365786448, 16.09999999999986287, 10.03000000000000469 ) ) ;
#992 = EDGE_CURVE ( 'NONE', #1367, #8785, #8370, .T. ) ;
#993 = CARTESIAN_POINT ( 'NONE',  ( -43.20481555856615330, 16.09999999999986287, 9.600000000000001421 ) ) ;
#994 = CARTESIAN_POINT ( 'NONE',  ( 21.10000000000000142, -38.10000000000000853, 10.23000000000000043 ) ) ;
#995 = CARTESIAN_POINT ( 'NONE',  ( -20.60000000000001563, -42.60000000000000853, 2.000000000000001332 ) ) ;
#996 = CARTESIAN_POINT ( 'NONE',  ( -43.87219128650691857, 20.11584027700516941, 13.60000000000000320 ) ) ;
#997 = DIRECTION ( 'NONE',  ( 0.000000000000000000, -1.000000000000000000, 0.000000000000000000 ) ) ;
#998 = ORIENTED_EDGE ( 'NONE', *, *, #967, .F. ) ;
#999 = EDGE_LOOP ( 'NONE', ( #1231, #8729, #1981, #568 ) ) ;
#1000 = DIRECTION ( 'NONE',  ( -0.000000000000000000, -0.000000000000000000, 1.000000000000000000 ) ) ;
#1001 = CARTESIAN_POINT ( 'NONE',  ( 38.10000000000007958, -7.399999999999876010, 13.60000000000000142 ) ) ;
#1002 = CARTESIAN_POINT ( 'NONE',  ( 39.02238548597274814, 20.09691780243887393, 7.599999999999998757 ) ) ;
#1003 = DIRECTION ( 'NONE',  ( -1.000000000000000000, -0.000000000000000000, -0.000000000000000000 ) ) ;
#1004 = CARTESIAN_POINT ( 'NONE',  ( -11.23444563381886141, 26.08249893086833993, 13.60000000000000142 ) ) ;
#1005 = CARTESIAN_POINT ( 'NONE',  ( -12.69012679212801231, 21.09999999999995879, 15.01944088155481971 ) ) ;
#1006 = CARTESIAN_POINT ( 'NONE',  ( -20.93222032930458099, 42.92029505638992504, 1.999999999999999112 ) ) ;
#1007 = VERTEX_POINT ( 'NONE', #913 ) ;
#1008 = CARTESIAN_POINT ( 'NONE',  ( -18.77854727961330639, -38.10000000000000853, -2.956463743504130548 ) ) ;
#1009 = CARTESIAN_POINT ( 'NONE',  ( -43.98888856329200081, -19.54086757463635493, 13.60000000000000320 ) ) ;
#1010 = CARTESIAN_POINT ( 'NONE',  ( 21.06069831984584795, -38.85487249788181430, -0.5905758261635185580 ) ) ;
#1011 = CIRCLE ( 'NONE', #1899, 4.000000000000000000 ) ;
#1012 = LINE ( 'NONE', #6845, #8364 ) ;
#1013 = CARTESIAN_POINT ( 'NONE',  ( -13.56235722023091483, -6.937664104580316682, 18.59999999999876508 ) ) ;
#1014 = CARTESIAN_POINT ( 'NONE',  ( 18.78705519761957987, 42.91325482561353510, -2.465170331471808751 ) ) ;
#1015 = VERTEX_POINT ( 'NONE', #6188 ) ;
#1016 = ORIENTED_EDGE ( 'NONE', *, *, #1194, .T. ) ;
#1017 = CARTESIAN_POINT ( 'NONE',  ( 43.08542865622445106, 17.87180854722342360, 28.59999999999999432 ) ) ;
#1018 = LINE ( 'NONE', #2694, #4677 ) ;
#1019 = DIRECTION ( 'NONE',  ( 1.000000000000000000, 0.000000000000000000, 0.000000000000000000 ) ) ;
#1020 = CARTESIAN_POINT ( 'NONE',  ( 21.07444201803191319, 41.27566523584104630, 9.600000000000001421 ) ) ;
#1021 = EDGE_CURVE ( 'NONE', #4286, #726, #6936, .T. ) ;
#1022 = CARTESIAN_POINT ( 'NONE',  ( -18.80422545706660387, 43.77173952470219120, -1.450596040457810654 ) ) ;
#1023 = CARTESIAN_POINT ( 'NONE',  ( -42.88984571103569010, 19.88984178720644991, 7.599999999999999645 ) ) ;
#1024 = CARTESIAN_POINT ( 'NONE',  ( 19.81645280242885931, -41.91801530243159846, -1.716452802434591973 ) ) ;
#1025 = CARTESIAN_POINT ( 'NONE',  ( -44.10000000000007248, 16.09999999999986287, 11.70000000000001883 ) ) ;
#1026 = VECTOR ( 'NONE', #7876, 1000.000000000000000 ) ;
#1027 = ORIENTED_EDGE ( 'NONE', *, *, #6190, .T. ) ;
#1028 = VERTEX_POINT ( 'NONE', #6039 ) ;
#1029 = CARTESIAN_POINT ( 'NONE',  ( 19.60982067037761212, 43.20120184412967745, -1.603864670955841731 ) ) ;
#1030 = CARTESIAN_POINT ( 'NONE',  ( 16.10000000000001918, 44.10000000000000853, 2.000000000000000000 ) ) ;
#1031 = ADVANCED_FACE ( 'NONE', ( #2292 ), #2400, .F. ) ;
#1032 = CARTESIAN_POINT ( 'NONE',  ( 20.35933284379371244, 41.77590760189495001, -2.086191087501590324 ) ) ;
#1033 = AXIS2_PLACEMENT_3D ( 'NONE', #5304, #3094, #9012 ) ;
#1034 = CARTESIAN_POINT ( 'NONE',  ( 41.60531471171642437, -20.09819200303508779, 10.02999999999986791 ) ) ;
#1035 = CARTESIAN_POINT ( 'NONE',  ( 38.88000000000005230, -15.49999999999987033, 11.83000000000000007 ) ) ;
#1036 = CARTESIAN_POINT ( 'NONE',  ( -43.09664412391463628, 20.87811096940414402, 13.60000000000000142 ) ) ;
#1037 = LINE ( 'NONE', #4097, #1086 ) ;
#1038 = ORIENTED_EDGE ( 'NONE', *, *, #5091, .F. ) ;
#1039 = EDGE_LOOP ( 'NONE', ( #9234, #2702, #164, #2573 ) ) ;
#1040 = ORIENTED_EDGE ( 'NONE', *, *, #6504, .F. ) ;
#1041 = CIRCLE ( 'NONE', #9388, 0.5000000000000004441 ) ;
#1042 = CARTESIAN_POINT ( 'NONE',  ( 42.16987703906384155, -16.10000000000012577, 8.933333333709594370 ) ) ;
#1043 = CARTESIAN_POINT ( 'NONE',  ( -15.50000000000000000, 37.50000000000000000, 6.000000000000000000 ) ) ;
#1044 = CARTESIAN_POINT ( 'NONE',  ( 38.93242454284160203, 20.09758742274966892, 7.600000000000002309 ) ) ;
#1045 = CARTESIAN_POINT ( 'NONE',  ( -18.10000000000000142, -40.10000000000000142, 0.000000000000000000 ) ) ;
#1046 = ADVANCED_FACE ( 'NONE', ( #2492 ), #3190, .F. ) ;
#1047 = EDGE_CURVE ( 'NONE', #3874, #555, #8417, .T. ) ;
#1048 = CARTESIAN_POINT ( 'NONE',  ( -16.53995079486613307, 24.67090183456683050, 13.59999999999999076 ) ) ;
#1049 = AXIS2_PLACEMENT_3D ( 'NONE', #9070, #2310, #4669 ) ;
#1050 = CARTESIAN_POINT ( 'NONE',  ( -14.46790367895057017, 21.09999999999994813, 13.82743140664060988 ) ) ;
#1051 = CARTESIAN_POINT ( 'NONE',  ( 18.47587029890576815, 43.35072599843873320, -2.250725998440358477 ) ) ;
#1052 = ADVANCED_FACE ( 'NONE', ( #5494 ), #173, .F. ) ;
#1053 = LINE ( 'NONE', #4063, #7412 ) ;
#1054 = ORIENTED_EDGE ( 'NONE', *, *, #7246, .T. ) ;
#1055 = CARTESIAN_POINT ( 'NONE',  ( -18.84582436512738468, -40.84582051132601777, -2.921200891706559499 ) ) ;
#1056 = CARTESIAN_POINT ( 'NONE',  ( -43.27774806692636389, -20.81364017786786746, 13.59999999999999964 ) ) ;
#1057 = CARTESIAN_POINT ( 'NONE',  ( 21.13238374522494212, -40.59020365706854250, 0.5647522646994502793 ) ) ;
#1058 = AXIS2_PLACEMENT_3D ( 'NONE', #4428, #7452, #6104 ) ;
#1059 = CARTESIAN_POINT ( 'NONE',  ( -19.92614600124001356, -42.05407719601996064, -1.450366643527403188 ) ) ;
#1060 = CARTESIAN_POINT ( 'NONE',  ( 42.86170419352206551, -20.14833751234503723, 13.59999999999999964 ) ) ;
#1061 =( LENGTH_UNIT ( ) NAMED_UNIT ( * ) SI_UNIT ( .MILLI., .METRE. ) );
#1062 = DIRECTION ( 'NONE',  ( 0.000000000000000000, 0.000000000000000000, 1.000000000000000000 ) ) ;
#1063 =( BOUNDED_CURVE ( )  B_SPLINE_CURVE ( 2, ( #8507, #1743, #3228 ),
 .UNSPECIFIED., .F., .T. ) 
 B_SPLINE_CURVE_WITH_KNOTS ( ( 3, 3 ),
 ( 0.000000000000000000, 1.000000000000000000 ),
 .UNSPECIFIED. ) 
 CURVE ( )  GEOMETRIC_REPRESENTATION_ITEM ( )  RATIONAL_B_SPLINE_CURVE ( ( 1.000000000000000000, 2.500000000000000000, 2.500000000000001776 ) ) 
 REPRESENTATION_ITEM ( '' )  );
#1064 = AXIS2_PLACEMENT_3D ( 'NONE', #6828, #4406, #2338 ) ;
#1065 = CARTESIAN_POINT ( 'NONE',  ( 19.68284921675790855, 42.68284921705515700, -2.059179274068148047 ) ) ;
#1066 = VERTEX_POINT ( 'NONE', #1649 ) ;
#1067 = VERTEX_POINT ( 'NONE', #217 ) ;
#1068 = CARTESIAN_POINT ( 'NONE',  ( 43.07054652695217101, 18.38973471204508670, 28.60000000000000142 ) ) ;
#1069 = DIRECTION ( 'NONE',  ( 1.000000000000000000, 0.000000000000000000, 0.000000000000000000 ) ) ;
#1070 = DIRECTION ( 'NONE',  ( 0.000000000000000000, 0.000000000000000000, 1.000000000000000000 ) ) ;
#1071 = CARTESIAN_POINT ( 'NONE',  ( 21.06157421608041602, 41.63707660279222722, 9.600000000000003197 ) ) ;
#1072 = VECTOR ( 'NONE', #3904, 1000.000000000000000 ) ;
#1073 = CARTESIAN_POINT ( 'NONE',  ( -17.53477992980978684, 44.11238549097756589, -0.8539946261969263430 ) ) ;
#1074 = CARTESIAN_POINT ( 'NONE',  ( 42.71516124974591122, -6.762558746371343688, 18.59999999999806874 ) ) ;
#1075 = EDGE_CURVE ( 'NONE', #7427, #6008, #4055, .T. ) ;
#1076 = CARTESIAN_POINT ( 'NONE',  ( 19.97040907923737052, -41.97040907923983610, -1.495219409411863820 ) ) ;
#1077 = DIRECTION ( 'NONE',  ( -1.000000000000000000, 0.000000000000000000, 0.000000000000000000 ) ) ;
#1078 = ORIENTED_EDGE ( 'NONE', *, *, #1137, .T. ) ;
#1079 = CARTESIAN_POINT ( 'NONE',  ( 20.23550808394290712, 43.83565292289763704, 1.249766265148881006 ) ) ;
#1080 = CIRCLE ( 'NONE', #8017, 0.5000000000000004441 ) ;
#1081 = CARTESIAN_POINT ( 'NONE',  ( -19.72404729317407046, 42.91159499246846565, -1.811594992469633514 ) ) ;
#1082 = CARTESIAN_POINT ( 'NONE',  ( -42.90574283814033407, -19.85347564445231683, 7.569999999999997620 ) ) ;
#1083 = CARTESIAN_POINT ( 'NONE',  ( 20.13248562931362073, 42.19424047816023204, -2.032485629318232068 ) ) ;
#1084 = CARTESIAN_POINT ( 'NONE',  ( 40.64302649856691119, -20.18996209167815792, 10.03000000000000469 ) ) ;
#1085 = CYLINDRICAL_SURFACE ( 'NONE', #2147, 0.5000000000000004441 ) ;
#1086 = VECTOR ( 'NONE', #4046, 1000.000000000000000 ) ;
#1087 = CARTESIAN_POINT ( 'NONE',  ( 40.77737469915371804, -4.078031807554679311, 27.17196819244522743 ) ) ;
#1088 = DIRECTION ( 'NONE',  ( -1.000000000000000000, 0.000000000000000000, 0.000000000000000000 ) ) ;
#1089 = ORIENTED_EDGE ( 'NONE', *, *, #8227, .F. ) ;
#1090 = ORIENTED_EDGE ( 'NONE', *, *, #1252, .T. ) ;
#1091 = ORIENTED_EDGE ( 'NONE', *, *, #4448, .F. ) ;
#1092 = LINE ( 'NONE', #2394, #7537 ) ;
#1093 = CARTESIAN_POINT ( 'NONE',  ( -9.099999999999937472, -7.399999999999876010, 18.60000000000000142 ) ) ;
#1094 = CARTESIAN_POINT ( 'NONE',  ( 40.83714683072128793, 20.04829580384112120, 7.599999999999999645 ) ) ;
#1095 = DIRECTION ( 'NONE',  ( -0.000000000000000000, -0.000000000000000000, -1.000000000000000000 ) ) ;
#1096 = AXIS2_PLACEMENT_3D ( 'NONE', #8947, #5193, #1444 ) ;
#1097 = CARTESIAN_POINT ( 'NONE',  ( -18.55009261390790698, 22.01629930470335594, 13.59999999999999787 ) ) ;
#1098 = CARTESIAN_POINT ( 'NONE',  ( -12.63467452316967687, 21.09999999999995168, 15.07334586117855046 ) ) ;
#1099 = CARTESIAN_POINT ( 'NONE',  ( -42.96301418375741576, 19.62994004720555097, 7.599999999999998757 ) ) ;
#1100 = EDGE_CURVE ( 'NONE', #6750, #7996, #1701, .T. ) ;
#1101 = DIRECTION ( 'NONE',  ( 1.000000000000000000, 0.000000000000000000, 0.000000000000000000 ) ) ;
#1102 = ORIENTED_EDGE ( 'NONE', *, *, #1526, .T. ) ;
#1103 = CARTESIAN_POINT ( 'NONE',  ( -20.13409537327973808, -39.53598767062920416, -2.705304253617244026 ) ) ;
#1104 = CARTESIAN_POINT ( 'NONE',  ( -44.10000000000008669, -16.59264819281511194, 13.60000000000000497 ) ) ;
#1105 = CARTESIAN_POINT ( 'NONE',  ( 20.74141831540629255, -38.85004868582070259, -2.327525915158275005 ) ) ;
#1106 = EDGE_CURVE ( 'NONE', #1015, #8270, #6650, .T. ) ;
#1107 = CARTESIAN_POINT ( 'NONE',  ( -14.10000000000000142, -35.70000000000000284, -3.000000000000000000 ) ) ;
#1108 = CARTESIAN_POINT ( 'NONE',  ( 20.13248562931361718, 42.19424047816021783, -2.032485629318232068 ) ) ;
#1109 = CARTESIAN_POINT ( 'NONE',  ( 20.09531886208564799, 41.77943293001071368, -2.334247358879176559 ) ) ;
#1110 = ORIENTED_EDGE ( 'NONE', *, *, #2436, .T. ) ;
#1111 = ORIENTED_EDGE ( 'NONE', *, *, #2413, .T. ) ;
#1112 = DIRECTION ( 'NONE',  ( -1.000000000000000000, 0.000000000000000000, 0.000000000000000000 ) ) ;
#1113 = CARTESIAN_POINT ( 'NONE',  ( 20.45345021429152865, 39.10000000000093934, -2.623656305561332669 ) ) ;
#1114 = CARTESIAN_POINT ( 'NONE',  ( -21.09769811981088239, -39.58231510585819279, 1.239884271809105654 ) ) ;
#1115 = CARTESIAN_POINT ( 'NONE',  ( 19.54258782409742778, 43.98866520347228715, 9.599999999999999645 ) ) ;
#1116 = CARTESIAN_POINT ( 'NONE',  ( -19.60982081021051826, 43.20120180180497016, -1.603864678953409673 ) ) ;
#1117 = CARTESIAN_POINT ( 'NONE',  ( 42.47613984634696038, -7.005525832748399573, 13.60000000000064624 ) ) ;
#1118 = CARTESIAN_POINT ( 'NONE',  ( 17.53584101845688537, -42.85000580965355965, -1.931646782503499971 ) ) ;
#1119 = CARTESIAN_POINT ( 'NONE',  ( 38.10000000000005116, 21.10000000000013287, 28.59999999999999432 ) ) ;
#1120 = ORIENTED_EDGE ( 'NONE', *, *, #7128, .T. ) ;
#1121 = VERTEX_POINT ( 'NONE', #5779 ) ;
#1122 = CARTESIAN_POINT ( 'NONE',  ( 20.28449770133367025, 43.81355405299230199, 2.000000000000005773 ) ) ;
#1123 = CARTESIAN_POINT ( 'NONE',  ( 38.10000000000007958, -7.399999999999875122, 18.60000000000000497 ) ) ;
#1124 = CARTESIAN_POINT ( 'NONE',  ( -19.64449125787426809, 39.85139133128579658, -2.878366421012892751 ) ) ;
#1125 = CARTESIAN_POINT ( 'NONE',  ( -43.22461654478289006, 17.37032354542780155, 10.03000000000000469 ) ) ;
#1126 = CARTESIAN_POINT ( 'NONE',  ( 19.95340664962655097, 42.84466002191991407, -1.650791236816144369 ) ) ;
#1127 = CARTESIAN_POINT ( 'NONE',  ( 41.93583730295302558, 19.86564172759548796, 7.569999999999995843 ) ) ;
#1128 = DIRECTION ( 'NONE',  ( 1.000000000000000000, 0.000000000000000000, 0.000000000000000000 ) ) ;
#1129 = CARTESIAN_POINT ( 'NONE',  ( -41.39402075846372497, 21.07039211818104718, 13.59999999999999787 ) ) ;
#1130 = CARTESIAN_POINT ( 'NONE',  ( 13.10036242085809910, -34.29972821642130043, 6.000000000000000000 ) ) ;
#1131 = EDGE_LOOP ( 'NONE', ( #4994, #7360 ) ) ;
#1132 = ORIENTED_EDGE ( 'NONE', *, *, #7253, .T. ) ;
#1133 = ORIENTED_EDGE ( 'NONE', *, *, #1833, .T. ) ;
#1134 = CARTESIAN_POINT ( 'NONE',  ( -11.39456583594448702, 21.07037261525407956, 28.59999999999999432 ) ) ;
#1135 = CARTESIAN_POINT ( 'NONE',  ( -20.38772446907687197, -41.24003503370470014, -1.704069416291699390 ) ) ;
#1136 = CARTESIAN_POINT ( 'NONE',  ( 41.88984178720452434, 19.88984571103919663, 7.599999999999999645 ) ) ;
#1137 = EDGE_CURVE ( 'NONE', #9067, #3630, #2138, .T. ) ;
#1138 = CARTESIAN_POINT ( 'NONE',  ( 12.46026316928587008, 40.10000000000000142, 6.000000000000000000 ) ) ;
#1139 = CARTESIAN_POINT ( 'NONE',  ( -16.10000000000001208, -43.09802463877589673, 0.4688325137343170024 ) ) ;
#1140 = EDGE_CURVE ( 'NONE', #4254, #6849, #8794, .T. ) ;
#1141 = CARTESIAN_POINT ( 'NONE',  ( -11.65865812051413641, 21.09999999999995524, 16.03689880345424967 ) ) ;
#1142 = CARTESIAN_POINT ( 'NONE',  ( 16.10000000000001208, 43.60000000000000853, -2.499999999999979128 ) ) ;
#1143 = CARTESIAN_POINT ( 'NONE',  ( -21.11238495416177940, 40.53477213430571169, -0.8540049882026330419 ) ) ;
#1144 = ORIENTED_EDGE ( 'NONE', *, *, #5382, .T. ) ;
#1145 = DIRECTION ( 'NONE',  ( 1.000000000000000000, 0.000000000000000000, 0.000000000000000000 ) ) ;
#1146 = CARTESIAN_POINT ( 'NONE',  ( -42.14736041314812098, -21.03146074138613386, 13.60000000000000142 ) ) ;
#1147 = CARTESIAN_POINT ( 'NONE',  ( 20.67955401047507635, -38.84999992087568899, -2.420445989525045416 ) ) ;
#1148 = CARTESIAN_POINT ( 'NONE',  ( 15.50000000000000000, -37.50000000000000000, 6.000000000000000000 ) ) ;
#1149 = EDGE_CURVE ( 'NONE', #674, #9750, #8892, .T. ) ;
#1150 = CARTESIAN_POINT ( 'NONE',  ( 43.06938128774554997, -18.42161314647843540, 13.59999999999999964 ) ) ;
#1151 = CARTESIAN_POINT ( 'NONE',  ( -40.60000000000003695, 10.77689577749865890, -15.40511026734024824 ) ) ;
#1152 = CARTESIAN_POINT ( 'NONE',  ( 17.53477992980937472, 41.95399462619846531, -3.012385490979067271 ) ) ;
#1153 = EDGE_LOOP ( 'NONE', ( #7372, #2415, #4776, #6331 ) ) ;
#1154 = PRODUCT ( 'LCD_Box', 'LCD_Box', '', ( #507 ) ) ;
#1155 = ORIENTED_EDGE ( 'NONE', *, *, #5467, .F. ) ;
#1156 = LINE ( 'NONE', #5602, #6891 ) ;
#1157 = PLANE ( 'NONE',  #2160 ) ;
#1158 = CARTESIAN_POINT ( 'NONE',  ( -20.43424735887506571, -42.09531886208534246, -0.6794329300098985724 ) ) ;
#1159 = CARTESIAN_POINT ( 'NONE',  ( -20.52666543960957313, -42.52666543960959444, 0.5635990939287466306 ) ) ;
#1160 = CARTESIAN_POINT ( 'NONE',  ( 18.60000000000000142, -40.10000000000000142, 7.599999999999999645 ) ) ;
#1161 = CARTESIAN_POINT ( 'NONE',  ( 43.09915261021933475, -3.018563275086611153, 18.60000000000065157 ) ) ;
#1162 = CARTESIAN_POINT ( 'NONE',  ( 16.85023373485024933, -42.83565292290035842, -2.135508083947686320 ) ) ;
#1163 = CARTESIAN_POINT ( 'NONE',  ( 20.35072599843324070, 43.35072599843510943, -0.3758702989091248781 ) ) ;
#1164 = VERTEX_POINT ( 'NONE', #8208 ) ;
#1165 = ADVANCED_FACE ( 'NONE', ( #5830 ), #8803, .T. ) ;
#1166 = CIRCLE ( 'NONE', #3700, 0.5000000000000004441 ) ;
#1167 = ORIENTED_EDGE ( 'NONE', *, *, #4114, .F. ) ;
#1168 = CARTESIAN_POINT ( 'NONE',  ( 19.91325482560743509, 43.56517033146724316, -0.6870551976233834068 ) ) ;
#1169 = DIRECTION ( 'NONE',  ( -0.000000000000000000, 0.000000000000000000, 1.000000000000000000 ) ) ;
#1170 = CARTESIAN_POINT ( 'NONE',  ( -20.13409614037529494, 40.53598869740807231, -2.705303921173889847 ) ) ;
#1171 = CARTESIAN_POINT ( 'NONE',  ( -16.10000000000000497, -43.10000000000001563, 4.743333333333334068 ) ) ;
#1172 = CARTESIAN_POINT ( 'NONE',  ( 20.08137278453225250, 43.08137278453482111, -1.230809411781379703 ) ) ;
#1173 = VECTOR ( 'NONE', #183, 1000.000000000000000 ) ;
#1174 = CARTESIAN_POINT ( 'NONE',  ( 42.08466790377378430, -17.87451446686983303, 7.600000000000002309 ) ) ;
#1175 = CARTESIAN_POINT ( 'NONE',  ( 21.10000000000000142, -43.10000000000000853, -1.753333333333333854 ) ) ;
#1176 = CARTESIAN_POINT ( 'NONE',  ( -21.10000000000000142, 39.09999999999998721, 7.066666666666668206 ) ) ;
#1177 = EDGE_CURVE ( 'NONE', #1931, #4610, #8533, .T. ) ;
#1178 = CARTESIAN_POINT ( 'NONE',  ( -43.87483915154474801, 20.10733879021256953, 13.60000000000000142 ) ) ;
#1179 = VERTEX_POINT ( 'NONE', #3712 ) ;
#1180 = EDGE_LOOP ( 'NONE', ( #4646, #5077, #394, #4644 ) ) ;
#1181 = ORIENTED_EDGE ( 'NONE', *, *, #9523, .T. ) ;
#1182 = CARTESIAN_POINT ( 'NONE',  ( 17.23397459621556393, 40.60000000000000142, 6.000000000000000000 ) ) ;
#1183 = VECTOR ( 'NONE', #4489, 1000.000000000000000 ) ;
#1184 = CARTESIAN_POINT ( 'NONE',  ( -20.06931452836960261, -41.82769126126574122, -1.539790954017717040 ) ) ;
#1185 = CARTESIAN_POINT ( 'NONE',  ( 39.97130812348509465, 20.08242835690343853, 7.599999999999999645 ) ) ;
#1186 = CARTESIAN_POINT ( 'NONE',  ( 43.10000000000006537, -8.024960152816429826, 13.76947477205737691 ) ) ;
#1187 = AXIS2_PLACEMENT_3D ( 'NONE', #8254, #6124, #8304 ) ;
#1188 = CARTESIAN_POINT ( 'NONE',  ( 11.54698956548142874, -36.88868297538241592, 6.000000000000000000 ) ) ;
#1189 = CARTESIAN_POINT ( 'NONE',  ( -12.68750676755885287, 21.09999999999996234, 15.02198747978832394 ) ) ;
#1190 = LINE ( 'NONE', #5728, #4081 ) ;
#1191 = AXIS2_PLACEMENT_3D ( 'NONE', #5387, #1638, #4642 ) ;
#1192 = CARTESIAN_POINT ( 'NONE',  ( -20.96431189082512958, 39.09999999999924114, -1.630797051691078803 ) ) ;
#1193 = ORIENTED_EDGE ( 'NONE', *, *, #2358, .T. ) ;
#1194 = EDGE_CURVE ( 'NONE', #3849, #5450, #518, .T. ) ;
#1195 = CARTESIAN_POINT ( 'NONE',  ( -21.10000000000000142, -38.10000000000000853, 2.000000000000000000 ) ) ;
#1196 = CARTESIAN_POINT ( 'NONE',  ( -14.10000000000000853, -35.70000000000000284, 6.000000000000000000 ) ) ;
#1197 = VECTOR ( 'NONE', #3819, 1000.000000000000000 ) ;
#1198 = CARTESIAN_POINT ( 'NONE',  ( -40.59999999999996589, -12.19689577749904608, 7.600000000000000533 ) ) ;
#1199 = CARTESIAN_POINT ( 'NONE',  ( -20.35072599843484653, -42.35072599843486074, -0.3758702989074834133 ) ) ;
#1200 = CARTESIAN_POINT ( 'NONE',  ( 42.81364017787037568, -20.27774806692137233, 13.60000000000000142 ) ) ;
#1201 = CARTESIAN_POINT ( 'NONE',  ( 20.27338287872782985, 41.77269184025066551, -2.173382878731802137 ) ) ;
#1202 = CARTESIAN_POINT ( 'NONE',  ( 20.33662834523076413, 40.53623914502783521, -2.589176211069267985 ) ) ;
#1203 = ORIENTED_EDGE ( 'NONE', *, *, #8030, .F. ) ;
#1204 = EDGE_LOOP ( 'NONE', ( #9058, #4523, #2520, #8269 ) ) ;
#1205 = AXIS2_PLACEMENT_3D ( 'NONE', #7747, #8525, #371 ) ;
#1206 = CARTESIAN_POINT ( 'NONE',  ( 42.91441723146944298, -12.12685137364354837, 13.60000000000000675 ) ) ;
#1207 = CARTESIAN_POINT ( 'NONE',  ( -9.099999999999933920, -7.399999999999875122, 18.60000000000000497 ) ) ;
#1208 = CARTESIAN_POINT ( 'NONE',  ( -20.84663627708614086, -40.81398651894318164, -1.272168514784160820 ) ) ;
#1209 = LINE ( 'NONE', #2646, #1698 ) ;
#1210 = CARTESIAN_POINT ( 'NONE',  ( 18.39770951319356129, 44.07025860286485397, 9.600000000000004974 ) ) ;
#1211 = CARTESIAN_POINT ( 'NONE',  ( 43.06335781391265982, -5.083671935285039467, 13.60000000000000497 ) ) ;
#1212 = AXIS2_PLACEMENT_3D ( 'NONE', #1657, #6094, #6890 ) ;
#1213 = CARTESIAN_POINT ( 'NONE',  ( 17.53634271284322210, -42.61665412125636010, -2.336690937434916293 ) ) ;
#1214 = ORIENTED_EDGE ( 'NONE', *, *, #4207, .T. ) ;
#1215 = EDGE_CURVE ( 'NONE', #3053, #4585, #6775, .T. ) ;
#1216 = ORIENTED_EDGE ( 'NONE', *, *, #4939, .T. ) ;
#1217 = CARTESIAN_POINT ( 'NONE',  ( 19.96949865478529063, 43.27005963225125384, -1.117229318596295595 ) ) ;
#1218 = CARTESIAN_POINT ( 'NONE',  ( -19.91159499246866815, 42.91159499246834486, -1.624047293174916584 ) ) ;
#1219 = AXIS2_PLACEMENT_3D ( 'NONE', #6231, #3229, #7164 ) ;
#1220 = B_SPLINE_CURVE_WITH_KNOTS ( 'NONE', 3,
 ( #876, #6853, #3984, #6997 ),
 .UNSPECIFIED., .F., .F.,
 ( 4, 4 ),
 ( 0.000000000000000000, 1.000000000000000000 ),
 .UNSPECIFIED. ) ;
#1221 = CARTESIAN_POINT ( 'NONE',  ( -19.68537544719610466, 42.40343074669824830, -2.269741039320762876 ) ) ;
#1222 = CARTESIAN_POINT ( 'NONE',  ( 41.97887522777985936, 19.94645722640846941, 9.599999999999612399 ) ) ;
#1223 = CARTESIAN_POINT ( 'NONE',  ( 20.50821667535730342, 42.44544266091004658, -1.345442021432688096 ) ) ;
#1224 = EDGE_CURVE ( 'NONE', #467, #2529, #3403, .T. ) ;
#1225 = CARTESIAN_POINT ( 'NONE',  ( 42.09230172890504207, -17.47116016955260420, 7.599999999999998757 ) ) ;
#1226 = DIRECTION ( 'NONE',  ( -0.000000000000000000, -0.000000000000000000, -1.000000000000000000 ) ) ;
#1227 = CARTESIAN_POINT ( 'NONE',  ( -17.66698729810778445, -40.35000000000000142, 6.000000000000000000 ) ) ;
#1228 = CARTESIAN_POINT ( 'NONE',  ( -44.06979218642890572, 18.41047241443068216, 13.59999999999999964 ) ) ;
#1229 = ORIENTED_EDGE ( 'NONE', *, *, #3084, .T. ) ;
#1230 = EDGE_LOOP ( 'NONE', ( #1229, #4405, #2938, #9263 ) ) ;
#1231 = ORIENTED_EDGE ( 'NONE', *, *, #5265, .F. ) ;
#1232 = CARTESIAN_POINT ( 'NONE',  ( 16.10000000000000142, -43.10000000000000853, 9.600000000000001421 ) ) ;
#1233 = LINE ( 'NONE', #3414, #6525 ) ;
#1234 = CARTESIAN_POINT ( 'NONE',  ( 18.95942014065666825, -43.04485155125719587, 9.600000000000003197 ) ) ;
#1235 = CARTESIAN_POINT ( 'NONE',  ( -21.10000000000000142, 39.10000000000001563, 9.600000000000001421 ) ) ;
#1236 = B_SPLINE_SURFACE_WITH_KNOTS ( 'NONE', 1, 3, ( 
 ( #3457, #9622, #8142, #4334, #7946, #6462, #1328, #2865, #8781, #486, #2812, #5914, #5865, #7358, #2911, #3553, #1378 ),
 ( #4978, #439, #590, #7304, #9474, #3604, #6509, #536, #642, #5714, #4185, #2710, #5819, #4387, #1976, #6560, #3653 ) ),
 .UNSPECIFIED., .F., .F., .F.,
 ( 2, 2 ),
 ( 4, 2, 2, 2, 2, 2, 3, 4 ),
 ( 0.000000000000000000, 1.000000000000000000 ),
 ( 0.000000000000000000, 0.5000000000000000000, 0.7500000000000000000, 0.8750000000000000000, 0.9375000000000000000, 0.9687500000000000000, 1.000000000000000000, 1.013443191589145531 ),
 .UNSPECIFIED. ) ;
#1237 = CARTESIAN_POINT ( 'NONE',  ( -12.50976923919966133, 20.99646271450175661, 18.60000000000129816 ) ) ;
#1238 = VECTOR ( 'NONE', #4821, 1000.000000000000000 ) ;
#1239 = AXIS2_PLACEMENT_3D ( 'NONE', #5314, #2211, #4468 ) ;
#1240 = PRODUCT_DEFINITION_SHAPE ( 'NONE', 'NONE',  #4814 ) ;
#1241 = CARTESIAN_POINT ( 'NONE',  ( 19.92029505638999964, -38.10000000000000853, -2.832220329304571571 ) ) ;
#1242 = CARTESIAN_POINT ( 'NONE',  ( -39.10000000000007248, -21.10000000000013642, 11.69999999999998330 ) ) ;
#1243 = CARTESIAN_POINT ( 'NONE',  ( 19.72404729317193883, 42.91159499246977305, -1.811594992472323584 ) ) ;
#1244 = CARTESIAN_POINT ( 'NONE',  ( -20.68917621106804106, 40.53623914502605174, -2.236628345231984394 ) ) ;
#1245 = DIRECTION ( 'NONE',  ( 0.000000000000000000, 0.000000000000000000, -1.000000000000000000 ) ) ;
#1246 = VERTEX_POINT ( 'NONE', #3181 ) ;
#1248 = CIRCLE ( 'NONE', #5030, 3.191002977041931921 ) ;
#1247 = LINE ( 'NONE', #556, #7055 ) ;
#1249 = DIRECTION ( 'NONE',  ( -3.491481338843133750E-15, 1.000000000000000000, 0.000000000000000000 ) ) ;
#1250 = CARTESIAN_POINT ( 'NONE',  ( -11.84999999999993747, -4.399999999999876010, 25.59999999999999787 ) ) ;
#1251 = CARTESIAN_POINT ( 'NONE',  ( -19.85240843350512918, -42.10546129867381637, -1.470476208395889550 ) ) ;
#1252 = EDGE_CURVE ( 'NONE', #8523, #1665, #2174, .T. ) ;
#1253 = VECTOR ( 'NONE', #6123, 1000.000000000000000 ) ;
#1254 = CARTESIAN_POINT ( 'NONE',  ( 42.87219128650729516, -20.11584027700497401, 13.60000000000000675 ) ) ;
#1255 = DIRECTION ( 'NONE',  ( -0.000000000000000000, 0.000000000000000000, 1.000000000000000000 ) ) ;
#1256 = CARTESIAN_POINT ( 'NONE',  ( 19.41333390546402526, 41.48851293542367813, -2.812689368101274123 ) ) ;
#1257 = EDGE_LOOP ( 'NONE', ( #4666, #7809, #7867, #5904 ) ) ;
#1258 = VERTEX_POINT ( 'NONE', #6029 ) ;
#1259 = EDGE_CURVE ( 'NONE', #8836, #6052, #11, .T. ) ;
#1260 = CARTESIAN_POINT ( 'NONE',  ( 39.84967719365580052, 21.09011195108245573, 28.60000000000000497 ) ) ;
#1261 = CARTESIAN_POINT ( 'NONE',  ( -42.28273563164035664, -20.14281270299692039, 10.03000000000000469 ) ) ;
#1262 = CARTESIAN_POINT ( 'NONE',  ( -40.10000000000006537, -7.686454296869565743E-15, 7.599999999999999645 ) ) ;
#1263 = CYLINDRICAL_SURFACE ( 'NONE', #2170, 0.7500000000000006661 ) ;
#1264 = AXIS2_PLACEMENT_3D ( 'NONE', #8065, #2837, #5152 ) ;
#1265 = EDGE_CURVE ( 'NONE', #3837, #5902, #3910, .T. ) ;
#1266 = PLANE ( 'NONE',  #9423 ) ;
#1267 = CARTESIAN_POINT ( 'NONE',  ( -20.43669093741067755, 43.61665412127465657, 0.5636574454043121740 ) ) ;
#1268 = CARTESIAN_POINT ( 'NONE',  ( 42.96876705829597398, -6.001362912787635118, 18.59999999999872244 ) ) ;
#1269 = CARTESIAN_POINT ( 'NONE',  ( 19.75079123804705716, -41.95340664962901656, -1.744660021923677640 ) ) ;
#1270 = VERTEX_POINT ( 'NONE', #6969 ) ;
#1271 = ORIENTED_EDGE ( 'NONE', *, *, #1472, .T. ) ;
#1272 = CARTESIAN_POINT ( 'NONE',  ( 16.10000000000000853, 44.10000000000000853, 1.234535060370023585 ) ) ;
#1273 = CARTESIAN_POINT ( 'NONE',  ( -19.68284921675890331, -41.68284921705294721, -2.059179274065631837 ) ) ;
#1274 = CARTESIAN_POINT ( 'NONE',  ( -19.84999999999926246, 42.84999999999892850, -1.750000000000155431 ) ) ;
#1275 = CARTESIAN_POINT ( 'NONE',  ( -19.59829425105251488, 41.48376921292469888, -2.744271072852135784 ) ) ;
#1276 = CARTESIAN_POINT ( 'NONE',  ( -21.10000000000000853, -38.10000000000000853, 0.1233333333333331561 ) ) ;
#1277 = CARTESIAN_POINT ( 'NONE',  ( 20.35072599843324070, 43.35072599843511654, -0.3758702989091248226 ) ) ;
#1278 = ADVANCED_FACE ( 'NONE', ( #106 ), #5285, .F. ) ;
#1279 = CARTESIAN_POINT ( 'NONE',  ( 42.10000000053924651, -16.28412845354081995, 7.600000000000001421 ) ) ;
#1280 = CARTESIAN_POINT ( 'NONE',  ( 41.85079035641097533, 20.04147107059684174, 10.03000000000000824 ) ) ;
#1281 = CARTESIAN_POINT ( 'NONE',  ( -16.10000000000000142, 13.36666666666667602, -2.999999999999998224 ) ) ;
#1282 = CARTESIAN_POINT ( 'NONE',  ( -9.100000021260813199, 21.10003571004895306, 18.60000000000119869 ) ) ;
#1283 = ORIENTED_EDGE ( 'NONE', *, *, #2768, .T. ) ;
#1284 = ORIENTED_EDGE ( 'NONE', *, *, #887, .F. ) ;
#1285 = ADVANCED_FACE ( 'NONE', ( #6075 ), #6125, .T. ) ;
#1286 = CARTESIAN_POINT ( 'NONE',  ( 15.50000000000000000, -37.50000000000000000, 6.000000000000000000 ) ) ;
#1287 = CARTESIAN_POINT ( 'NONE',  ( -20.02143759642253329, -41.61774815859597965, -1.799506621326170785 ) ) ;
#1288 = CARTESIAN_POINT ( 'NONE',  ( 17.24942143399687211, -43.09627965690836504, 9.600000000000001421 ) ) ;
#1289 = CARTESIAN_POINT ( 'NONE',  ( 43.10000000000007958, -6.617413879933404353, 14.43478521295343420 ) ) ;
#1290 = DIRECTION ( 'NONE',  ( -1.000000000000000000, 0.000000000000000000, -0.000000000000000000 ) ) ;
#1291 = DIRECTION ( 'NONE',  ( 0.000000000000000000, 0.000000000000000000, 1.000000000000000000 ) ) ;
#1292 = CARTESIAN_POINT ( 'NONE',  ( 19.44544202142939326, -41.44544266091277507, -2.408216675363560988 ) ) ;
#1293 = CARTESIAN_POINT ( 'NONE',  ( -39.10000000000007248, -21.10000000000013642, 13.90000000000000036 ) ) ;
#1294 = LINE ( 'NONE', #5982, #5979 ) ;
#1295 = CARTESIAN_POINT ( 'NONE',  ( 43.10000000000006537, -2.399999999999876010, 18.59999999999973497 ) ) ;
#1296 = ORIENTED_EDGE ( 'NONE', *, *, #3351, .F. ) ;
#1297 = EDGE_CURVE ( 'NONE', #4709, #8731, #7852, .T. ) ;
#1298 = CARTESIAN_POINT ( 'NONE',  ( -20.96431189082512603, -41.73079705169108422, 2.000000000000007105 ) ) ;
#1299 = PLANE ( 'NONE',  #5653 ) ;
#1300 = DIRECTION ( 'NONE',  ( 1.000000000000000000, -8.326672684688666480E-14, 0.000000000000000000 ) ) ;
#1301 = CARTESIAN_POINT ( 'NONE',  ( -19.82769126166851592, -42.06931452656650805, -1.539790960582887669 ) ) ;
#1302 = CARTESIAN_POINT ( 'NONE',  ( 38.10000000000007248, -7.399999999999876010, 18.35000000000000142 ) ) ;
#1303 = CARTESIAN_POINT ( 'NONE',  ( -6.319581223306072004E-14, 18.10000000000000142, 10.59999999999999964 ) ) ;
#1304 = CARTESIAN_POINT ( 'NONE',  ( 20.60000000000000142, 39.10000000000093934, -2.500000000000003997 ) ) ;
#1305 = VERTEX_POINT ( 'NONE', #7764 ) ;
#1306 = ORIENTED_EDGE ( 'NONE', *, *, #4672, .F. ) ;
#1307 = CARTESIAN_POINT ( 'NONE',  ( 40.71600470590634302, -12.36177567430898350, 13.59999999999999964 ) ) ;
#1308 = CARTESIAN_POINT ( 'NONE',  ( -40.10000000000003695, 10.77689577749866245, 10.59999999999999964 ) ) ;
#1309 = CARTESIAN_POINT ( 'NONE',  ( 20.44018644154709463, -42.26129501559746160, -0.3758019009196720828 ) ) ;
#1310 = CARTESIAN_POINT ( 'NONE',  ( -13.34434509690232673, -12.22535333126097257, 13.60000000000000320 ) ) ;
#1311 = CARTESIAN_POINT ( 'NONE',  ( 18.49873699102439062, 44.06641683701849388, 9.600000000000001421 ) ) ;
#1312 = CARTESIAN_POINT ( 'NONE',  ( -18.95400498820212931, 44.11238495416189664, 0.5652278656930219691 ) ) ;
#1313 = CYLINDRICAL_SURFACE ( 'NONE', #5038, 3.191002977041931921 ) ;
#1314 = CARTESIAN_POINT ( 'NONE',  ( 18.48376921292295094, -42.84427107285287661, -1.498294251056607962 ) ) ;
#1315 = CARTESIAN_POINT ( 'NONE',  ( 40.60000000000006537, 0.000000000000000000, 27.44510127713908787 ) ) ;
#1316 = ORIENTED_EDGE ( 'NONE', *, *, #3033, .T. ) ;
#1317 = VERTEX_POINT ( 'NONE', #1087 ) ;
#1318 = CARTESIAN_POINT ( 'NONE',  ( 8.599999999999996092, 35.89999999999999147, -3.000000000000000000 ) ) ;
#1319 = CARTESIAN_POINT ( 'NONE',  ( -20.13248562931475405, -41.19424047815853385, -2.032485629316367781 ) ) ;
#1320 = CARTESIAN_POINT ( 'NONE',  ( 20.72365611449980349, -42.45345044736522055, 2.000000000000000888 ) ) ;
#1321 = ADVANCED_FACE ( 'NONE', ( #4884 ), #4832, .T. ) ;
#1322 = CARTESIAN_POINT ( 'NONE',  ( -19.82204809657615385, 41.79115177378939450, -2.521614052961334451 ) ) ;
#1323 = CARTESIAN_POINT ( 'NONE',  ( 42.07597369116302843, 19.60148538755607106, 9.599999999999640821 ) ) ;
#1324 = CARTESIAN_POINT ( 'NONE',  ( 21.06069827924555327, 39.85487482653119429, -0.5905794222921852965 ) ) ;
#1325 = LINE ( 'NONE', #5268, #6615 ) ;
#1326 = CARTESIAN_POINT ( 'NONE',  ( 42.04099958132683668, -18.94809031714707714, 7.600000000000000533 ) ) ;
#1327 = CARTESIAN_POINT ( 'NONE',  ( 16.10000000000000142, -43.10000000000001563, 4.743333333333334068 ) ) ;
#1328 = CARTESIAN_POINT ( 'NONE',  ( -42.26958562560071897, 20.01454375441791811, 7.569999999999860840 ) ) ;
#1329 = CARTESIAN_POINT ( 'NONE',  ( -42.76322836282810158, -20.04198630671724857, 9.599999999999964118 ) ) ;
#1330 = ORIENTED_EDGE ( 'NONE', *, *, #8580, .F. ) ;
#1331 = CARTESIAN_POINT ( 'NONE',  ( -21.10000000000000142, -38.10000000000000142, 4.533333333333334991 ) ) ;
#1332 = CARTESIAN_POINT ( 'NONE',  ( -20.35072599843611130, -40.47587029890632238, -2.250725998437342668 ) ) ;
#1333 = CARTESIAN_POINT ( 'NONE',  ( 20.48402385466985720, -42.71654195172632740, 9.600000000000003197 ) ) ;
#1334 = CARTESIAN_POINT ( 'NONE',  ( 43.10000000000006537, -7.010978988583858929, 14.14286790167556163 ) ) ;
#1335 = AXIS2_PLACEMENT_3D ( 'NONE', #496, #4344, #5189 ) ;
#1336 = FACE_OUTER_BOUND ( 'NONE', #7756, .T. ) ;
#1337 = CARTESIAN_POINT ( 'NONE',  ( 19.06536417594507071, -38.85321927254904750, -2.944641141383560257 ) ) ;
#1338 = CARTESIAN_POINT ( 'NONE',  ( -13.88525032197532738, -6.372650728371315410, 28.60000000000000142 ) ) ;
#1339 = CARTESIAN_POINT ( 'NONE',  ( 40.38973471204440102, -7.370546526951963884, 28.59999999999999787 ) ) ;
#1340 = AXIS2_PLACEMENT_3D ( 'NONE', #3905, #8, #796 ) ;
#1341 = CARTESIAN_POINT ( 'NONE',  ( -20.13248562931503827, 43.13248562931479313, -1.094240478160064978 ) ) ;
#1342 = VERTEX_POINT ( 'NONE', #5530 ) ;
#1343 = EDGE_CURVE ( 'NONE', #8544, #2244, #6848, .T. ) ;
#1344 = AXIS2_PLACEMENT_3D ( 'NONE', #6410, #4783, #205 ) ;
#1345 = CARTESIAN_POINT ( 'NONE',  ( -20.81355453544554734, -42.28449666861352085, 2.000000000000008882 ) ) ;
#1346 = CARTESIAN_POINT ( 'NONE',  ( 16.10000000000000142, 44.10000000000001563, 4.743333333333334068 ) ) ;
#1347 = CARTESIAN_POINT ( 'NONE',  ( 40.77737469915371804, -4.078031807554679311, 27.17196819244522743 ) ) ;
#1348 = CARTESIAN_POINT ( 'NONE',  ( -20.23550808394376332, -42.83565292289772941, 1.249766265149433675 ) ) ;
#1349 = B_SPLINE_CURVE_WITH_KNOTS ( 'NONE', 3,
 ( #1982, #8686, #6467, #1232 ),
 .UNSPECIFIED., .F., .F.,
 ( 4, 4 ),
 ( 0.000000000000000000, 1.000000000000000000 ),
 .UNSPECIFIED. ) ;
#1350 = VECTOR ( 'NONE', #8945, 1000.000000000000000 ) ;
#1351 = ADVANCED_FACE ( 'NONE', ( #5182 ), #2758, .T. ) ;
#1352 = FACE_OUTER_BOUND ( 'NONE', #6101, .T. ) ;
#1353 = CARTESIAN_POINT ( 'NONE',  ( 19.88124999999693543, 42.88124999999987352, -1.687500000002617462 ) ) ;
#1354 = CARTESIAN_POINT ( 'NONE',  ( -20.02143759642620324, 42.61774815287859752, -1.799506621323257338 ) ) ;
#1355 = EDGE_LOOP ( 'NONE', ( #1842, #4424, #1866, #1831, #827, #2128 ) ) ;
#1356 = VERTEX_POINT ( 'NONE', #8782 ) ;
#1357 = CARTESIAN_POINT ( 'NONE',  ( 40.39770951319368208, 21.07025860286490015, 28.59999999999999787 ) ) ;
#1358 = FACE_OUTER_BOUND ( 'NONE', #3815, .T. ) ;
#1359 = CARTESIAN_POINT ( 'NONE',  ( 20.20852091177500398, -41.92439473638189185, -1.260309687572191750 ) ) ;
#1360 = CARTESIAN_POINT ( 'NONE',  ( 0.000000000000000000, -42.10000000000000853, 7.599999999999999645 ) ) ;
#1361 = CARTESIAN_POINT ( 'NONE',  ( -16.10000000000037446, 44.10000000000000853, 2.000000000000000000 ) ) ;
#1362 = CARTESIAN_POINT ( 'NONE',  ( -42.84601726414926759, 20.01938072535966384, 9.599999999999994316 ) ) ;
#1363 = CARTESIAN_POINT ( 'NONE',  ( 20.26129501556023271, -42.44018644158443720, -0.3758018020145830196 ) ) ;
#1364 = CIRCLE ( 'NONE', #3735, 1.379999999999999227 ) ;
#1365 = LINE ( 'NONE', #1466, #5498 ) ;
#1366 = ORIENTED_EDGE ( 'NONE', *, *, #7733, .F. ) ;
#1367 = VERTEX_POINT ( 'NONE', #9524 ) ;
#1368 = FACE_OUTER_BOUND ( 'NONE', #4521, .T. ) ;
#1369 = CARTESIAN_POINT ( 'NONE',  ( -16.85004899478169449, -42.42752615582913478, -2.641418129573674278 ) ) ;
#1370 = CARTESIAN_POINT ( 'NONE',  ( 42.08525459699082916, 17.85717863695570884, 7.600000000000001421 ) ) ;
#1371 = CARTESIAN_POINT ( 'NONE',  ( -16.10000000000021103, 40.63116748626535468, -2.998024638775869999 ) ) ;
#1372 = CARTESIAN_POINT ( 'NONE',  ( -20.99643778796513516, -41.48039098670231084, 9.600000000000003197 ) ) ;
#1373 = CARTESIAN_POINT ( 'NONE',  ( 21.11238549097669903, 40.53477992980969447, -0.8539946261978454967 ) ) ;
#1374 = EDGE_CURVE ( 'NONE', #8270, #9599, #8138, .T. ) ;
#1375 = CARTESIAN_POINT ( 'NONE',  ( -42.25301621595883006, 20.01613699023635462, 7.599999999999998757 ) ) ;
#1376 = DIRECTION ( 'NONE',  ( -1.000000000000000000, 0.000000000000000000, 0.000000000000000000 ) ) ;
#1377 = FACE_OUTER_BOUND ( 'NONE', #1817, .T. ) ;
#1378 = CARTESIAN_POINT ( 'NONE',  ( -42.93521075431537781, 19.86608078789387832, 7.569999999999995843 ) ) ;
#1379 = DIRECTION ( 'NONE',  ( -1.000000000000000000, 0.000000000000000000, 0.000000000000000000 ) ) ;
#1380 = CIRCLE ( 'NONE', #1064, 0.5000000000000004441 ) ;
#1381 = ORIENTED_EDGE ( 'NONE', *, *, #9394, .F. ) ;
#1382 = CARTESIAN_POINT ( 'NONE',  ( -13.98574326795705325, 19.56481889561247911, 28.59999999999999432 ) ) ;
#1383 = DIRECTION ( 'NONE',  ( -0.000000000000000000, 0.000000000000000000, 1.000000000000000000 ) ) ;
#1384 = CARTESIAN_POINT ( 'NONE',  ( 43.10000000000006537, -7.750399965808746572, 13.83185906315599034 ) ) ;
#1385 = CARTESIAN_POINT ( 'NONE',  ( -11.69689577749890219, 40.60000000000000142, 0.000000000000000000 ) ) ;
#1386 = CARTESIAN_POINT ( 'NONE',  ( -8.619032709452731922, 21.10000000000255937, 13.60000000000258602 ) ) ;
#1387 = AXIS2_PLACEMENT_3D ( 'NONE', #9606, #7339, #3491 ) ;
#1388 = CARTESIAN_POINT ( 'NONE',  ( 19.25136987915067266, -41.72107589631008295, -2.340402825290481825 ) ) ;
#1389 = CARTESIAN_POINT ( 'NONE',  ( -13.98888856329178054, -5.840867574636361859, 28.60000000000000142 ) ) ;
#1390 = CARTESIAN_POINT ( 'NONE',  ( -40.60000000000003695, 10.27689577749865890, 10.59999999999999964 ) ) ;
#1391 = ORIENTED_EDGE ( 'NONE', *, *, #7570, .F. ) ;
#1392 = LINE ( 'NONE', #8846, #4874 ) ;
#1393 = ORIENTED_EDGE ( 'NONE', *, *, #1450, .T. ) ;
#1394 = CARTESIAN_POINT ( 'NONE',  ( -16.10000000000000142, 44.10000000000001563, -3.630000000000000338 ) ) ;
#1395 = FACE_OUTER_BOUND ( 'NONE', #1769, .T. ) ;
#1396 = AXIS2_PLACEMENT_3D ( 'NONE', #2410, #8520, #6150 ) ;
#1397 = CARTESIAN_POINT ( 'NONE',  ( -19.61774815287798646, -42.02143759642533638, -1.799506621323387456 ) ) ;
#1398 = EDGE_CURVE ( 'NONE', #1067, #6375, #8547, .T. ) ;
#1399 = DIRECTION ( 'NONE',  ( 0.000000000000000000, 0.000000000000000000, 1.000000000000000000 ) ) ;
#1400 = B_SPLINE_CURVE_WITH_KNOTS ( 'NONE', 3,
 ( #3343, #1908, #4910, #9312 ),
 .UNSPECIFIED., .F., .F.,
 ( 4, 4 ),
 ( 0.000000000000000000, 1.000000000000000000 ),
 .UNSPECIFIED. ) ;
#1401 = PRODUCT_CONTEXT ( 'NONE', #481, 'mechanical' ) ;
#1402 = PLANE ( 'NONE',  #8455 ) ;
#1403 = CARTESIAN_POINT ( 'NONE',  ( 20.20481555856608225, 43.20481555856608935, 9.600000000000001421 ) ) ;
#1404 = AXIS2_PLACEMENT_3D ( 'NONE', #4407, #2050, #8012 ) ;
#1405 = CIRCLE ( 'NONE', #1728, 0.5000000000000004441 ) ;
#1406 = DIRECTION ( 'NONE',  ( -0.000000000000000000, 0.000000000000000000, 1.000000000000000000 ) ) ;
#1407 = ORIENTED_EDGE ( 'NONE', *, *, #1882, .F. ) ;
#1408 = ORIENTED_EDGE ( 'NONE', *, *, #7326, .T. ) ;
#1409 = CARTESIAN_POINT ( 'NONE',  ( 42.88097685546588167, 20.08708972991339081, 28.59999999999999787 ) ) ;
#1410 = DIRECTION ( 'NONE',  ( -1.000000000000000000, 0.000000000000000000, 0.000000000000000000 ) ) ;
#1411 = CARTESIAN_POINT ( 'NONE',  ( -20.84802577744958185, -42.19474083638179707, 1.999999999999998224 ) ) ;
#1412 = CARTESIAN_POINT ( 'NONE',  ( -20.60000000000000853, -38.10000000000002274, -2.500000000000002665 ) ) ;
#1413 = ADVANCED_FACE ( 'NONE', ( #4388 ), #4284, .T. ) ;
#1414 = VECTOR ( 'NONE', #3113, 1000.000000000000000 ) ;
#1415 = CARTESIAN_POINT ( 'NONE',  ( -19.73079705169109133, 43.96431189082514379, 2.000000000000001776 ) ) ;
#1416 = CARTESIAN_POINT ( 'NONE',  ( 38.10000000000007958, -7.399999999999876010, 19.36666666666667069 ) ) ;
#1417 = CARTESIAN_POINT ( 'NONE',  ( 16.86398481210836664, -43.10000000000001563, 1.236018685503674774 ) ) ;
#1418 = CARTESIAN_POINT ( 'NONE',  ( 18.77269184024831716, 43.27338287873148914, -2.173382878733343571 ) ) ;
#1419 = ORIENTED_EDGE ( 'NONE', *, *, #3524, .F. ) ;
#1420 = ORIENTED_EDGE ( 'NONE', *, *, #300, .T. ) ;
#1421 = ORIENTED_EDGE ( 'NONE', *, *, #13, .F. ) ;
#1422 = DIRECTION ( 'NONE',  ( -1.000000000000000000, 0.000000000000000000, -0.000000000000000000 ) ) ;
#1423 = CARTESIAN_POINT ( 'NONE',  ( -16.09999999999997655, -42.53233532578455822, -2.567664674215468956 ) ) ;
#1424 = PLANE ( 'NONE',  #6256 ) ;
#1425 = CARTESIAN_POINT ( 'NONE',  ( -20.14833751234650805, -42.86170419352213656, 9.599999999999999645 ) ) ;
#1426 = B_SPLINE_CURVE_WITH_KNOTS ( 'NONE', 3,
 ( #8294, #939, #46, #2223 ),
 .UNSPECIFIED., .F., .F.,
 ( 4, 4 ),
 ( 0.000000000000000000, 0.6666666666666840602 ),
 .UNSPECIFIED. ) ;
#1427 = CARTESIAN_POINT ( 'NONE',  ( -42.81906979863883578, 19.91869900328332932, 7.599999999999996980 ) ) ;
#1428 = DIRECTION ( 'NONE',  ( 0.000000000000000000, 0.000000000000000000, -1.000000000000000000 ) ) ;
#1429 = CARTESIAN_POINT ( 'NONE',  ( -43.07607343086553442, 19.60088922028194958, 9.600000000000237677 ) ) ;
#1430 = CARTESIAN_POINT ( 'NONE',  ( 40.16306628578432480, -20.07740851021385353, 7.600000000000002309 ) ) ;
#1431 = CARTESIAN_POINT ( 'NONE',  ( -40.37007898487622981, -20.20208039537088496, 9.600000000000513012 ) ) ;
#1432 = VERTEX_POINT ( 'NONE', #643 ) ;
#1433 = CYLINDRICAL_SURFACE ( 'NONE', #4362, 0.7500000000000006661 ) ;
#1434 = CARTESIAN_POINT ( 'NONE',  ( 38.10000000000005116, 21.10000000000013287, 21.95000000000000284 ) ) ;
#1435 = CARTESIAN_POINT ( 'NONE',  ( 0.000000000000000000, 0.000000000000000000, 0.000000000000000000 ) ) ;
#1436 = CARTESIAN_POINT ( 'NONE',  ( -42.86564172759096891, 19.93583730295632606, 7.569999999999995843 ) ) ;
#1437 = LINE ( 'NONE', #6569, #5903 ) ;
#1438 = CARTESIAN_POINT ( 'NONE',  ( -19.04009515086867665, 19.18634223361931745, 13.59999999999999787 ) ) ;
#1439 =( BOUNDED_SURFACE ( )  B_SPLINE_SURFACE ( 2, 3, ( 
 ( #3816, #1546, #9639, #9096, #5882, #3669 ),
 ( #2879, #8899, #5987, #3768, #2143, #2930 ),
 ( #8159, #4551, #61, #9048, #5143, #1394 ) ),
 .UNSPECIFIED., .F., .F., .T. ) 
 B_SPLINE_SURFACE_WITH_KNOTS ( ( 3, 3 ),
 ( 4, 2, 4 ),
 ( 0.000000000000000000, 1.000000000000000000 ),
 ( -0.002630000000000000827, 0.005599999999999999943, 0.01123000000000000040 ),
 .UNSPECIFIED. ) 
 GEOMETRIC_REPRESENTATION_ITEM ( )  RATIONAL_B_SPLINE_SURFACE ( (
 ( 1.000000000000000000, 1.000000000000000000, 1.000000000000000000, 1.000000000000000000, 1.000000000000000000, 1.000000000000000000),
 ( 4.000000000000000888, 4.000000000000000888, 4.000000000000000888, 4.000000000000000888, 4.000000000000000888, 4.000000000000000888),
 ( 1.000000000000000000, 1.000000000000000000, 1.000000000000000000, 1.000000000000000000, 1.000000000000000000, 1.000000000000000000) ) ) 
 REPRESENTATION_ITEM ( '' )  SURFACE ( )  );
#1440 = CARTESIAN_POINT ( 'NONE',  ( 18.77269184024835980, -42.27338287873131861, -2.173382878733427948 ) ) ;
#1441 = CARTESIAN_POINT ( 'NONE',  ( -44.10000000000007248, -21.10000000000013642, 11.69999999999998508 ) ) ;
#1442 = CARTESIAN_POINT ( 'NONE',  ( 21.10000000000000142, -12.36666666666605430, 2.000000000000000444 ) ) ;
#1443 = ORIENTED_EDGE ( 'NONE', *, *, #5510, .F. ) ;
#1444 = DIRECTION ( 'NONE',  ( 1.000000000000000000, 0.000000000000000000, 0.000000000000000000 ) ) ;
#1445 = EDGE_CURVE ( 'NONE', #852, #6699, #2912, .T. ) ;
#1446 = VERTEX_POINT ( 'NONE', #8196 ) ;
#1447 = FACE_OUTER_BOUND ( 'NONE', #4376, .T. ) ;
#1448 = CARTESIAN_POINT ( 'NONE',  ( 43.10000000000006537, -7.399999999999876010, 18.60000000000000853 ) ) ;
#1449 = DIRECTION ( 'NONE',  ( 0.000000000000000000, 0.000000000000000000, -1.000000000000000000 ) ) ;
#1450 = EDGE_CURVE ( 'NONE', #5356, #2841, #5428, .T. ) ;
#1451 = CARTESIAN_POINT ( 'NONE',  ( -19.92439473638117775, -42.20852091177648902, -1.260309687570215775 ) ) ;
#1452 =( NAMED_UNIT ( * ) SI_UNIT ( $, .STERADIAN. ) SOLID_ANGLE_UNIT ( ) );
#1453 = CARTESIAN_POINT ( 'NONE',  ( -21.09802543199291947, 40.63114033232953659, 2.000000000000000444 ) ) ;
#1454 = CARTESIAN_POINT ( 'NONE',  ( -17.23397459621556393, 40.60000000000000142, 7.599999999999999645 ) ) ;
#1455 = CARTESIAN_POINT ( 'NONE',  ( -20.13248562931503827, 43.13248562931479313, -1.094240478160064978 ) ) ;
#1456 = B_SPLINE_CURVE_WITH_KNOTS ( 'NONE', 3,
 ( #5282, #9229, #8399, #9089 ),
 .UNSPECIFIED., .F., .F.,
 ( 4, 4 ),
 ( 0.000000000000000000, 1.000000000000000000 ),
 .UNSPECIFIED. ) ;
#1457 = ORIENTED_EDGE ( 'NONE', *, *, #5209, .F. ) ;
#1458 = ORIENTED_EDGE ( 'NONE', *, *, #5767, .T. ) ;
#1459 = CARTESIAN_POINT ( 'NONE',  ( 19.82769126166795104, -41.63979096058291418, -1.969314526571122492 ) ) ;
#1460 = CARTESIAN_POINT ( 'NONE',  ( 20.52666543960833678, -42.52666543960933154, 0.5635990939276882550 ) ) ;
#1461 = EDGE_CURVE ( 'NONE', #4800, #9045, #603, .T. ) ;
#1462 = DIRECTION ( 'NONE',  ( -0.000000000000000000, 0.9986295347545739443, 0.05233595624294377913 ) ) ;
#1463 = CARTESIAN_POINT ( 'NONE',  ( -20.08137278453526875, 42.33080941177806267, -1.981372784536032050 ) ) ;
#1464 = CYLINDRICAL_SURFACE ( 'NONE', #5520, 1.379999999999999227 ) ;
#1465 = CARTESIAN_POINT ( 'NONE',  ( 18.95400498819876844, -43.11238495416097294, 0.5652278656914475619 ) ) ;
#1466 = CARTESIAN_POINT ( 'NONE',  ( -20.10000000000000142, 0.000000000000000000, 7.599999999999999645 ) ) ;
#1467 = ORIENTED_EDGE ( 'NONE', *, *, #319, .F. ) ;
#1468 = ORIENTED_EDGE ( 'NONE', *, *, #7115, .F. ) ;
#1469 = EDGE_LOOP ( 'NONE', ( #5045, #5744, #2034, #175 ) ) ;
#1470 = LINE ( 'NONE', #5019, #2949 ) ;
#1471 = CARTESIAN_POINT ( 'NONE',  ( -19.38919738757283184, -41.76528687393016526, -2.219395653704145488 ) ) ;
#1472 = EDGE_CURVE ( 'NONE', #4499, #4836, #3933, .T. ) ;
#1473 = CARTESIAN_POINT ( 'NONE',  ( 41.93797192884320424, 19.74637280588887833, 7.599999999999999645 ) ) ;
#1474 = EDGE_CURVE ( 'NONE', #1066, #2337, #1426, .T. ) ;
#1475 = CARTESIAN_POINT ( 'NONE',  ( -20.98959392881919683, -41.53538422206753467, 9.600000000000003197 ) ) ;
#1476 = DIRECTION ( 'NONE',  ( -0.000000000000000000, -0.000000000000000000, 1.000000000000000000 ) ) ;
#1477 = PLANE ( 'NONE',  #4961 ) ;
#1478 = CARTESIAN_POINT ( 'NONE',  ( -43.17861417217336140, 18.32364808234396492, 9.600000000000099121 ) ) ;
#1479 = CARTESIAN_POINT ( 'NONE',  ( 41.43765737097155721, -19.99383965099177018, 7.600000000000002309 ) ) ;
#1480 = EDGE_CURVE ( 'NONE', #8543, #1067, #7193, .T. ) ;
#1481 = CARTESIAN_POINT ( 'NONE',  ( -43.09837432113585720, 16.80759269842597448, 7.600000000000001421 ) ) ;
#1482 = EDGE_LOOP ( 'NONE', ( #6526, #2335, #1996, #8279 ) ) ;
#1483 = FACE_OUTER_BOUND ( 'NONE', #8452, .T. ) ;
#1484 = CARTESIAN_POINT ( 'NONE',  ( -43.01613699024076709, -19.25301621592198842, 7.599999999999998757 ) ) ;
#1485 = CARTESIAN_POINT ( 'NONE',  ( 21.10000000000000142, -39.08448482982247896, 9.600000000000003197 ) ) ;
#1486 = DIRECTION ( 'NONE',  ( -7.863043162478800489E-17, 0.7071067811865436870, -0.7071067811865513475 ) ) ;
#1487 = CARTESIAN_POINT ( 'NONE',  ( -11.83393944403533027, 35.89999999999999147, 6.000000000000000000 ) ) ;
#1488 = DIRECTION ( 'NONE',  ( -1.000000000000000000, 0.000000000000000000, 0.000000000000000000 ) ) ;
#1489 = CARTESIAN_POINT ( 'NONE',  ( -13.10733879021266368, -7.174839151544611049, 28.60000000000000497 ) ) ;
#1490 = CARTESIAN_POINT ( 'NONE',  ( 19.84999999999704201, 42.85000000000004405, -1.750000000002673639 ) ) ;
#1491 = VERTEX_POINT ( 'NONE', #2963 ) ;
#1492 = FACE_OUTER_BOUND ( 'NONE', #8336, .T. ) ;
#1493 = VERTEX_POINT ( 'NONE', #1626 ) ;
#1494 = CARTESIAN_POINT ( 'NONE',  ( -5.366666666666667140, -43.10000000000002274, -3.000000000000001776 ) ) ;
#1495 = CIRCLE ( 'NONE', #4158, 0.5000000000000004441 ) ;
#1496 = LINE ( 'NONE', #4502, #7056 ) ;
#1497 = DIRECTION ( 'NONE',  ( 0.000000000000000000, 1.000000000000000000, 0.000000000000000000 ) ) ;
#1498 = CARTESIAN_POINT ( 'NONE',  ( -17.53510290715844633, -43.00835974909859516, -1.430700781865743565 ) ) ;
#1499 = VECTOR ( 'NONE', #2038, 1000.000000000000000 ) ;
#1500 = CARTESIAN_POINT ( 'NONE',  ( 19.99887817353893738, 42.99887817354167652, -1.429844232471539911 ) ) ;
#1501 = EDGE_CURVE ( 'NONE', #9000, #8858, #8246, .T. ) ;
#1502 = CARTESIAN_POINT ( 'NONE',  ( -20.08137278453492414, 43.08137278453465768, -1.230809411779217433 ) ) ;
#1503 = VERTEX_POINT ( 'NONE', #6814 ) ;
#1504 = VERTEX_POINT ( 'NONE', #836 ) ;
#1505 = CARTESIAN_POINT ( 'NONE',  ( 40.61471464495202355, -12.36569709029035735, 13.60000000000000142 ) ) ;
#1506 = CARTESIAN_POINT ( 'NONE',  ( 20.59999999999999787, 39.10000000000093223, -2.499999999999999556 ) ) ;
#1507 = CARTESIAN_POINT ( 'NONE',  ( 20.15917927406212584, -41.68284921705331669, -1.582849216762489464 ) ) ;
#1508 = CARTESIAN_POINT ( 'NONE',  ( -19.09257907332401416, -3.984916976409990763, 13.59999999999999964 ) ) ;
#1509 = B_SPLINE_CURVE_WITH_KNOTS ( 'NONE', 3,
 ( #9168, #87, #1113, #419, #1762, #6300, #6251, #6441, #1857, #4767, #7788, #7187 ),
 .UNSPECIFIED., .F., .F.,
 ( 4, 2, 2, 2, 2, 4 ),
 ( 0.000000000000000000, 0.06250000000000000000, 0.1250000000000000000, 0.2500000000000000000, 0.5000000000000000000, 1.000000000000000000 ),
 .UNSPECIFIED. ) ;
#1510 = CARTESIAN_POINT ( 'NONE',  ( -18.69057582616226298, 44.06069831984595453, 1.245127502118052565 ) ) ;
#1511 = CARTESIAN_POINT ( 'NONE',  ( 38.10000000000007958, -7.399999999999876010, 20.13333333333333286 ) ) ;
#1512 = CARTESIAN_POINT ( 'NONE',  ( 19.97645370996057324, -42.64662051772447171, -0.3777663799402369849 ) ) ;
#1513 = CARTESIAN_POINT ( 'NONE',  ( 18.47000000000205588, 44.10000000000822951, -3.000000000003083311 ) ) ;
#1514 = ORIENTED_EDGE ( 'NONE', *, *, #6779, .F. ) ;
#1515 = VERTEX_POINT ( 'NONE', #884 ) ;
#1516 = AXIS2_PLACEMENT_3D ( 'NONE', #712, #3674, #8854 ) ;
#1517 = ORIENTED_EDGE ( 'NONE', *, *, #6999, .T. ) ;
#1518 = CARTESIAN_POINT ( 'NONE',  ( -14.09999999999993570, 16.09999999999996945, 29.35000000000000142 ) ) ;
#1519 = CARTESIAN_POINT ( 'NONE',  ( -20.52044598952423726, -38.84999992087527687, -2.579554010475726411 ) ) ;
#1520 = CARTESIAN_POINT ( 'NONE',  ( 42.00396021806813707, 19.36132740151888498, 7.600000000000001421 ) ) ;
#1521 = CARTESIAN_POINT ( 'NONE',  ( -18.44748514795210070, -43.06840992987350347, 9.600000000000004974 ) ) ;
#1522 = CARTESIAN_POINT ( 'NONE',  ( -42.88984571103569010, 19.88984178720644991, 7.599999999999999645 ) ) ;
#1523 = CARTESIAN_POINT ( 'NONE',  ( 21.10000000000000142, -12.36666666664434899, 2.000000000000000000 ) ) ;
#1524 = CARTESIAN_POINT ( 'NONE',  ( -14.10000000000000142, 34.11769309494244595, 0.000000000000000000 ) ) ;
#1525 = CARTESIAN_POINT ( 'NONE',  ( 39.62895153248118874, -20.08982048260783060, 7.599999999999996092 ) ) ;
#1526 = EDGE_CURVE ( 'NONE', #3361, #1432, #8438, .T. ) ;
#1527 = CARTESIAN_POINT ( 'NONE',  ( -43.08179634024776306, 17.99736721231112213, 7.600000000000000533 ) ) ;
#1528 = ORIENTED_EDGE ( 'NONE', *, *, #7484, .T. ) ;
#1529 = FACE_OUTER_BOUND ( 'NONE', #196, .T. ) ;
#1530 = CARTESIAN_POINT ( 'NONE',  ( -42.91869900328395460, -19.81906979863614637, 7.599999999999997868 ) ) ;
#1531 = CARTESIAN_POINT ( 'NONE',  ( -20.36974095710316135, -41.68537591280267662, -1.303430445185949083 ) ) ;
#1532 = VECTOR ( 'NONE', #7651, 1000.000000000000000 ) ;
#1533 = CARTESIAN_POINT ( 'NONE',  ( 37.50000000000005684, -15.49999999999987033, 10.59999999999999964 ) ) ;
#1534 = CARTESIAN_POINT ( 'NONE',  ( 18.60000000000000142, -39.23397459621556749, 6.000000000000000000 ) ) ;
#1535 = EDGE_CURVE ( 'NONE', #852, #8491, #961, .T. ) ;
#1536 = DIRECTION ( 'NONE',  ( 0.000000000000000000, 0.000000000000000000, 1.000000000000000000 ) ) ;
#1537 = CARTESIAN_POINT ( 'NONE',  ( 12.50000000000000000, 35.89999999999999147, 76.38141135119198566 ) ) ;
#1538 = CARTESIAN_POINT ( 'NONE',  ( -16.09999999999996589, -43.10000000000000853, 2.000000000000000000 ) ) ;
#1539 = CIRCLE ( 'NONE', #3588, 0.7500000000000006661 ) ;
#1540 = AXIS2_PLACEMENT_3D ( 'NONE', #3817, #5989, #9004 ) ;
#1541 = DIRECTION ( 'NONE',  ( 1.000000000000000000, -4.163336342344333240E-14, 0.000000000000000000 ) ) ;
#1542 = CARTESIAN_POINT ( 'NONE',  ( 41.81049812225314355, -7.248836442063608665, 28.59999999999999432 ) ) ;
#1543 = ORIENTED_EDGE ( 'NONE', *, *, #1921, .F. ) ;
#1544 = CARTESIAN_POINT ( 'NONE',  ( -20.98574326795768386, 42.56481889561087684, 9.599999999999999645 ) ) ;
#1545 = VERTEX_POINT ( 'NONE', #4941 ) ;
#1546 = CARTESIAN_POINT ( 'NONE',  ( -21.10000000000000142, 39.10000000000001563, 7.486666666666669023 ) ) ;
#1547 = CARTESIAN_POINT ( 'NONE',  ( -39.93242454286924925, -20.09758742275029775, 7.599999999999997868 ) ) ;
#1548 = CARTESIAN_POINT ( 'NONE',  ( 38.10000000000005826, -20.20481555856307310, 9.600000000000001421 ) ) ;
#1549 = ADVANCED_FACE ( 'NONE', ( #7221 ), #7074, .T. ) ;
#1550 = CARTESIAN_POINT ( 'NONE',  ( 17.35000000000001918, -4.399999999999876010, 25.59999999999999787 ) ) ;
#1551 = VECTOR ( 'NONE', #7619, 1000.000000000000000 ) ;
#1552 = CARTESIAN_POINT ( 'NONE',  ( -16.09999999999998366, -43.03798319008019746, -1.061445128398972981 ) ) ;
#1553 = SURFACE_STYLE_FILL_AREA ( #8314 ) ;
#1554 = DIRECTION ( 'NONE',  ( 0.000000000000000000, 0.000000000000000000, 1.000000000000000000 ) ) ;
#1555 = CARTESIAN_POINT ( 'NONE',  ( 42.09819200303523701, 19.60531471172394902, 10.03000000000000824 ) ) ;
#1556 = CARTESIAN_POINT ( 'NONE',  ( 40.28312713926143829, -3.316957306625702540, 27.93304269337419754 ) ) ;
#1557 = EDGE_LOOP ( 'NONE', ( #862, #9490, #4509, #4077, #490 ) ) ;
#1558 = ORIENTED_EDGE ( 'NONE', *, *, #7919, .F. ) ;
#1559 = VECTOR ( 'NONE', #4808, 1000.000000000000000 ) ;
#1560 = CARTESIAN_POINT ( 'NONE',  ( 20.35072599843517693, -40.47587029890740240, -2.250725998438702469 ) ) ;
#1561 = CARTESIAN_POINT ( 'NONE',  ( 20.81355405299226646, 39.10000000000094644, -2.184497701333688813 ) ) ;
#1562 = CARTESIAN_POINT ( 'NONE',  ( 20.35072599843517693, -40.47587029890739529, -2.250725998438702469 ) ) ;
#1563 = CARTESIAN_POINT ( 'NONE',  ( -17.53598767062978681, 43.13409537327984822, -2.705304253617124566 ) ) ;
#1564 = CYLINDRICAL_SURFACE ( 'NONE', #2445, 2.000000000000003553 ) ;
#1565 = B_SPLINE_CURVE_WITH_KNOTS ( 'NONE', 3,
 ( #3323, #261, #7216, #3276, #1044, #6469, #1002, #4007, #7114, #4891, #6278, #4054, #9291, #2534, #2672, #1185, #397, #5537, #8548, #7954, #8639, #4985, #1094, #8688, #9482, #3415, #7069, #1885, #4192, #4147, #4103, #9432, #9336, #3366, #2577, #7163, #5582, #6368, #2717, #8592, #1836, #7860, #1936, #7908, #5722, #352, #1136 ),
 .UNSPECIFIED., .F., .F.,
 ( 4, 1, 1, 1, 1, 1, 2, 2, 1, 1, 1, 1, 1, 2, 2, 1, 1, 1, 1, 1, 2, 2, 1, 1, 1, 1, 2, 2, 1, 1, 1, 1, 2, 2, 4 ),
 ( 0.000000000000000000, 0.1249999999999483191, 0.1874999999999224787, 0.2187499999999066025, 0.2343749999999017730, 0.2421874999998961664, 0.2460937499998933908, 0.2499999999998906153, 0.3749999999997304934, 0.4374999999996504463, 0.4687499999996103672, 0.4843749999995903277, 0.4921874999995803357, 0.4960937499995782818, 0.4999999999995762279, 0.6249999999996046496, 0.6874999999996188604, 0.7187499999996258548, 0.7343749999996325162, 0.7421874999996358468, 0.7460937499996408429, 0.7499999999996457278, 0.8124999999997678524, 0.8437499999998315792, 0.8593749999998604450, 0.8671874999998779865, 0.8710937499998867573, 0.8749999999998955280, 0.9062499999999553690, 0.9218749999999827915, 0.9296874999999967804, 0.9335937500000007772, 0.9355468750000031086, 0.9375000000000054401, 1.000000000000000000 ),
 .UNSPECIFIED. ) ;
#1566 = DIRECTION ( 'NONE',  ( 7.709882115452476194E-16, -1.000000000000000000, 0.000000000000000000 ) ) ;
#1567 = CARTESIAN_POINT ( 'NONE',  ( 19.64449941131286081, -42.97836521769944085, 1.248610026087901170 ) ) ;
#1568 = CARTESIAN_POINT ( 'NONE',  ( -20.83999999999998565, 44.10000000000000853, -3.000000000000000000 ) ) ;
#1569 = EDGE_LOOP ( 'NONE', ( #8922, #7547 ) ) ;
#1570 = ORIENTED_EDGE ( 'NONE', *, *, #4211, .T. ) ;
#1571 = VERTEX_POINT ( 'NONE', #7959 ) ;
#1572 = CARTESIAN_POINT ( 'NONE',  ( -9.099999999999951683, 21.09999999999996945, 23.84999999999998721 ) ) ;
#1573 = CARTESIAN_POINT ( 'NONE',  ( -18.48851315123529915, -41.41333066476472879, -2.812689774903236462 ) ) ;
#1574 = LINE ( 'NONE', #8387, #3429 ) ;
#1575 = CARTESIAN_POINT ( 'NONE',  ( -20.87811096940400546, -42.09664412391505550, 9.599999999999999645 ) ) ;
#1576 = DIRECTION ( 'NONE',  ( 1.000000000000000000, 0.000000000000000000, 0.000000000000000000 ) ) ;
#1577 = CARTESIAN_POINT ( 'NONE',  ( -42.98403618064728704, 19.93582500971061933, 9.600000000000099121 ) ) ;
#1578 = CARTESIAN_POINT ( 'NONE',  ( 39.20009818785420208, -20.09532558559064697, 7.599999999999997868 ) ) ;
#1579 = CIRCLE ( 'NONE', #6459, 4.000000000000000000 ) ;
#1580 = CARTESIAN_POINT ( 'NONE',  ( -43.08744795435229946, 17.74293942048387152, 7.600000000000002309 ) ) ;
#1581 = ORIENTED_EDGE ( 'NONE', *, *, #3324, .T. ) ;
#1582 = DIRECTION ( 'NONE',  ( -0.000000000000000000, -0.000000000000000000, -1.000000000000000000 ) ) ;
#1583 = CARTESIAN_POINT ( 'NONE',  ( 40.60000000000006537, 14.74336270281590622, 34.62551937541124403 ) ) ;
#1584 = CARTESIAN_POINT ( 'NONE',  ( 20.98712545639575211, -41.55436243565058163, 9.600000000000003197 ) ) ;
#1585 = DIRECTION ( 'NONE',  ( 0.000000000000000000, -1.000000000000000000, 0.000000000000000000 ) ) ;
#1586 = ADVANCED_FACE ( 'NONE', ( #9487 ), #4846, .F. ) ;
#1587 = CARTESIAN_POINT ( 'NONE',  ( -10.34999999999993570, -4.399999999999876010, 25.59999999999999787 ) ) ;
#1588 = DIRECTION ( 'NONE',  ( 0.000000000000000000, 0.000000000000000000, 1.000000000000000000 ) ) ;
#1589 = CARTESIAN_POINT ( 'NONE',  ( 18.69057942228978320, -38.85487482653048374, -2.960698279245775666 ) ) ;
#1590 = CARTESIAN_POINT ( 'NONE',  ( 16.10000000000000142, -12.36666666666604719, -3.000000000000000000 ) ) ;
#1591 = CARTESIAN_POINT ( 'NONE',  ( 43.03146074138096111, -5.447360413191921324, 28.59999999999999076 ) ) ;
#1592 = EDGE_CURVE ( 'NONE', #1804, #5183, #1190, .T. ) ;
#1593 = ORIENTED_EDGE ( 'NONE', *, *, #6291, .F. ) ;
#1594 = CARTESIAN_POINT ( 'NONE',  ( -21.06222914285892500, 41.59927203772913629, 9.600000000000003197 ) ) ;
#1595 = ORIENTED_EDGE ( 'NONE', *, *, #8383, .F. ) ;
#1596 = CARTESIAN_POINT ( 'NONE',  ( 23.21000000000000085, -38.10000000000000853, -3.000000000000000000 ) ) ;
#1597 = CARTESIAN_POINT ( 'NONE',  ( -41.94809031714265757, -20.04099958132221460, 7.600000000000001421 ) ) ;
#1598 = DIRECTION ( 'NONE',  ( 1.000000000000000000, -0.000000000000000000, -0.000000000000000000 ) ) ;
#1599 = CARTESIAN_POINT ( 'NONE',  ( -19.06536417594428201, -43.04464114138209396, 1.246780727451004545 ) ) ;
#1600 = CARTESIAN_POINT ( 'NONE',  ( 18.10000000000000142, 39.23397459621557459, 7.599999999999999645 ) ) ;
#1601 = CARTESIAN_POINT ( 'NONE',  ( -14.10000000000000142, -33.75300120096096634, 6.000000000000000000 ) ) ;
#1602 = EDGE_CURVE ( 'NONE', #7100, #2900, #2043, .T. ) ;
#1603 = CARTESIAN_POINT ( 'NONE',  ( -20.80530392117285743, 43.13409614037417583, 0.5640113025911160927 ) ) ;
#1604 = ORIENTED_EDGE ( 'NONE', *, *, #5079, .T. ) ;
#1605 = ORIENTED_EDGE ( 'NONE', *, *, #5238, .T. ) ;
#1606 = CARTESIAN_POINT ( 'NONE',  ( -18.10000000000000142, -40.10000000000000142, 6.000000000000000000 ) ) ;
#1607 = CARTESIAN_POINT ( 'NONE',  ( 16.10000000000000142, -38.10000000000001563, -3.000000000000000000 ) ) ;
#1608 = B_SPLINE_CURVE_WITH_KNOTS ( 'NONE', 3,
 ( #6162, #1624, #4627, #7793, #9317, #8530, #2372, #881, #1076, #3988, #2467, #4084 ),
 .UNSPECIFIED., .F., .F.,
 ( 4, 2, 2, 2, 2, 4 ),
 ( 0.000000000000000000, 0.5000000000000000000, 0.7500000000000000000, 0.8750000000000000000, 0.9375000000000000000, 1.000000000000000000 ),
 .UNSPECIFIED. ) ;
#1609 = CARTESIAN_POINT ( 'NONE',  ( 20.20852092909248299, -41.36030961933768424, -1.824394725999864075 ) ) ;
#1610 = CARTESIAN_POINT ( 'NONE',  ( -40.09999999999995879, -12.19689577749903542, 10.59999999999999964 ) ) ;
#1611 = B_SPLINE_CURVE_WITH_KNOTS ( 'NONE', 3,
 ( #1119, #1674, #4680, #9272 ),
 .UNSPECIFIED., .F., .F.,
 ( 4, 4 ),
 ( 0.000000000000000000, 0.9047619047619046562 ),
 .UNSPECIFIED. ) ;
#1612 = CARTESIAN_POINT ( 'NONE',  ( -20.05194259115142330, 42.20575881329965284, -2.104875062725665824 ) ) ;
#1613 = CARTESIAN_POINT ( 'NONE',  ( 40.39402075846241758, -21.07039211818134561, 13.60000000000000320 ) ) ;
#1614 = CARTESIAN_POINT ( 'NONE',  ( -12.23365056633021020, -7.324618107643461329, 18.59999999999938680 ) ) ;
#1615 = CARTESIAN_POINT ( 'NONE',  ( 19.25137024352395443, 42.72107519404070786, -2.340402978303404158 ) ) ;
#1616 = VERTEX_POINT ( 'NONE', #4250 ) ;
#1617 = ORIENTED_EDGE ( 'NONE', *, *, #3595, .T. ) ;
#1618 = ORIENTED_EDGE ( 'NONE', *, *, #1871, .T. ) ;
#1619 = CARTESIAN_POINT ( 'NONE',  ( -14.09999999999993570, 16.09999999999996945, 18.35000000000001563 ) ) ;
#1620 = DIRECTION ( 'NONE',  ( -3.639200510924877443E-15, 1.000000000000000000, -0.000000000000000000 ) ) ;
#1621 = CARTESIAN_POINT ( 'NONE',  ( 38.73477301873758449, 20.20481556043671034, 9.600000000000001421 ) ) ;
#1622 = B_SPLINE_SURFACE_WITH_KNOTS ( 'NONE', 1, 3, ( 
 ( #6024, #793, #100, #3067, #3122, #6118, #9132, #8397, #1633, #7663, #7800, #9324, #1082, #3994, #4828, #6355, #1922 ),
 ( #7847, #6455, #2473, #8494, #7009, #247, #7472, #6721, #4446, #699, #3711, #9733, #2755, #3455, #532, #8724, #7255 ) ),
 .UNSPECIFIED., .F., .F., .F.,
 ( 2, 2 ),
 ( 4, 2, 2, 2, 2, 2, 3, 4 ),
 ( 0.000000000000000000, 1.000000000000000000 ),
 ( 0.000000000000000000, 0.5000000000000000000, 0.7500000000000000000, 0.8750000000000000000, 0.9375000000000000000, 0.9687500000000000000, 1.000000000000000000, 1.013443191589027847 ),
 .UNSPECIFIED. ) ;
#1623 = FACE_OUTER_BOUND ( 'NONE', #136, .T. ) ;
#1624 = CARTESIAN_POINT ( 'NONE',  ( 20.59999999999817888, -42.59999999999869402, 1.249999999999537481 ) ) ;
#1625 = CARTESIAN_POINT ( 'NONE',  ( 41.43092493447596070, -19.99474113930533647, 7.600000000000000533 ) ) ;
#1626 = CARTESIAN_POINT ( 'NONE',  ( 38.10000000000005116, 21.10000000000013287, 9.600000000000001421 ) ) ;
#1627 = EDGE_CURVE ( 'NONE', #7892, #8465, #4197, .T. ) ;
#1628 = VERTEX_POINT ( 'NONE', #2722 ) ;
#1629 = CARTESIAN_POINT ( 'NONE',  ( 10.27689577749880101, 40.80000000000000426, 0.000000000000000000 ) ) ;
#1630 = APPLICATION_CONTEXT ( 'automotive_design' ) ;
#1631 = CARTESIAN_POINT ( 'NONE',  ( 42.20481556042401650, -16.73477301873812095, 9.599999999999941025 ) ) ;
#1632 = CARTESIAN_POINT ( 'NONE',  ( -20.52666543960957313, -42.52666543960959444, 0.5635990939287466306 ) ) ;
#1633 = CARTESIAN_POINT ( 'NONE',  ( -42.97108259092832583, -19.58340741532060036, 7.570000000000135287 ) ) ;
#1634 = CARTESIAN_POINT ( 'NONE',  ( 13.06581359191259928, -35.07139021692749026, -2.957831373953969667 ) ) ;
#1635 = LINE ( 'NONE', #2327, #8124 ) ;
#1636 = DIRECTION ( 'NONE',  ( -0.000000000000000000, -0.000000000000000000, 1.000000000000000000 ) ) ;
#1637 = CARTESIAN_POINT ( 'NONE',  ( 16.10000000000002274, -41.73079705169107001, -2.864311890825123275 ) ) ;
#1638 = DIRECTION ( 'NONE',  ( 1.000000000000000000, 3.639200510924877443E-15, -0.000000000000000000 ) ) ;
#1639 = CARTESIAN_POINT ( 'NONE',  ( 43.06641683701760570, -4.798736991033996091, 28.60000000000000497 ) ) ;
#1640 = ORIENTED_EDGE ( 'NONE', *, *, #9006, .T. ) ;
#1641 = CARTESIAN_POINT ( 'NONE',  ( -18.27566523581314684, 44.07444201803190253, 9.599999999999999645 ) ) ;
#1642 = EDGE_LOOP ( 'NONE', ( #4955, #727, #4682, #1689, #14 ) ) ;
#1643 = CARTESIAN_POINT ( 'NONE',  ( 5.366666666657357254, -43.10000000000000853, 2.000000000000000000 ) ) ;
#1644 = CARTESIAN_POINT ( 'NONE',  ( -40.47116016960514173, -20.09230172891007982, 7.600000000000000533 ) ) ;
#1645 = CARTESIAN_POINT ( 'NONE',  ( 21.10000000000000853, 39.86546493963046345, 2.000000000000000888 ) ) ;
#1646 = FACE_OUTER_BOUND ( 'NONE', #380, .T. ) ;
#1647 = CARTESIAN_POINT ( 'NONE',  ( -18.47617900287281145, -42.51642667443056212, -2.066520830950244303 ) ) ;
#1648 = CARTESIAN_POINT ( 'NONE',  ( -19.92030272036261351, 43.93221865287137007, 2.000000000000020872 ) ) ;
#1649 = CARTESIAN_POINT ( 'NONE',  ( 43.10000000000006537, -2.399999999999876010, 28.59999999999999432 ) ) ;
#1650 = B_SPLINE_CURVE_WITH_KNOTS ( 'NONE', 3,
 ( #3564, #6576, #3516, #5780, #6677, #2828, #8796, #5088, #8103, #1339, #7370, #9683, #9635, #2139, #5137, #4402, #2187, #8209, #7423, #653, #7624, #4594, #207, #1542, #3131, #1688, #4695, #9092, #6126, #4546, #3074, #9141, #849, #5485, #6871, #8451, #3860, #6825, #107, #5435, #5388, #7718, #9189, #3911, #2334, #2389, #1737, #57, #8406, #3222, #1591, #6030, #6076, #1639, #2432, #952, #4643, #3960, #161, #5341, #7670, #8502 ),
 .UNSPECIFIED., .F., .F.,
 ( 4, 1, 1, 1, 1, 1, 1, 1, 2, 2, 1, 1, 1, 1, 1, 1, 2, 2, 1, 1, 1, 1, 2, 2, 2, 1, 1, 1, 1, 2, 2, 1, 1, 1, 1, 1, 2, 2, 1, 1, 1, 1, 1, 1, 2, 2, 4 ),
 ( 0.000000000000000000, 0.1250000000000359990, 0.1875000000000551503, 0.2187500000000647260, 0.2343750000000680567, 0.2421875000000697220, 0.2460937500000705547, 0.2480468750000709988, 0.2490234375000711931, 0.2500000000000713873, 0.3125000000000935363, 0.3437500000001034728, 0.3593750000001071365, 0.3671875000001089684, 0.3710937500001112999, 0.3730468750001110223, 0.3740234375001108558, 0.3750000000001107447, 0.4062500000001243450, 0.4218750000001322276, 0.4296875000001361689, 0.4335937500001393885, 0.4355468750001410538, 0.4375000000001426637, 0.5000000000001442180, 0.5312500000001459943, 0.5468750000001464384, 0.5546875000001464384, 0.5585937500001463274, 0.5605468750001461054, 0.5625000000001458833, 0.5937500000001321165, 0.6093750000001256772, 0.6171875000001223466, 0.6210937500001205702, 0.6230468750001196820, 0.6240234375001194600, 0.6250000000001191269, 0.6875000000000819345, 0.7187500000000631717, 0.7343750000000538458, 0.7421875000000491829, 0.7460937500000467404, 0.7480468750000455191, 0.7490234375000449640, 0.7500000000000442979, 1.000000000000000000 ),
 .UNSPECIFIED. ) ;
#1651 = EDGE_CURVE ( 'NONE', #656, #2830, #6283, .T. ) ;
#1652 = EDGE_CURVE ( 'NONE', #1759, #2530, #4797, .T. ) ;
#1653 = CARTESIAN_POINT ( 'NONE',  ( -20.20487506274166734, 42.20575878115536028, -1.951942591135363170 ) ) ;
#1654 = VERTEX_POINT ( 'NONE', #2630 ) ;
#1655 = DIRECTION ( 'NONE',  ( 1.000000000000000000, -0.000000000000000000, -0.000000000000000000 ) ) ;
#1656 = CARTESIAN_POINT ( 'NONE',  ( 20.38772453215651836, -41.24003477612510693, -1.704069336615285479 ) ) ;
#1657 = CARTESIAN_POINT ( 'NONE',  ( -17.23397459621556393, 40.60000000000000142, 4.585786437626904188 ) ) ;
#1658 = CARTESIAN_POINT ( 'NONE',  ( -18.50669127814688508, 41.87036442724942020, -2.969609538718095632 ) ) ;
#1659 = EDGE_CURVE ( 'NONE', #8145, #9559, #5813, .T. ) ;
#1660 = VECTOR ( 'NONE', #4057, 1000.000000000000000 ) ;
#1661 = CARTESIAN_POINT ( 'NONE',  ( -12.46026316928587008, 40.10000000000000142, 6.000000000000000000 ) ) ;
#1662 = CARTESIAN_POINT ( 'NONE',  ( -13.52111552348754842, -6.972249807315646919, 18.60000000000061959 ) ) ;
#1663 = CARTESIAN_POINT ( 'NONE',  ( 19.92439472599542327, 42.36030961933897743, -2.108520929097750685 ) ) ;
#1664 = ORIENTED_EDGE ( 'NONE', *, *, #7154, .T. ) ;
#1665 = VERTEX_POINT ( 'NONE', #7912 ) ;
#1666 = AXIS2_PLACEMENT_3D ( 'NONE', #8888, #749, #2766 ) ;
#1667 = ORIENTED_EDGE ( 'NONE', *, *, #5335, .F. ) ;
#1668 = CARTESIAN_POINT ( 'NONE',  ( 19.91159499246667153, -41.72404729317457139, -1.811594992472099541 ) ) ;
#1669 = CARTESIAN_POINT ( 'NONE',  ( -37.50000000000005684, 15.49999999999987033, 11.83000000000000007 ) ) ;
#1670 = CARTESIAN_POINT ( 'NONE',  ( 20.98959392881917907, 42.53538422206646175, 9.599999999999999645 ) ) ;
#1671 = CARTESIAN_POINT ( 'NONE',  ( -19.44544266091057594, 43.50821667535962689, -1.345442021431209279 ) ) ;
#1672 = CARTESIAN_POINT ( 'NONE',  ( 40.52030516780582303, -7.367288306519602870, 18.59999999999999432 ) ) ;
#1673 = LINE ( 'NONE', #5373, #1238 ) ;
#1674 = CARTESIAN_POINT ( 'NONE',  ( 38.10000000000005116, 21.10000000000013287, 22.26666666666665861 ) ) ;
#1675 = CIRCLE ( 'NONE', #4505, 0.5000000000000004441 ) ;
#1676 = CARTESIAN_POINT ( 'NONE',  ( -42.99745538570664394, 19.41023997489507025, 7.599999999999999645 ) ) ;
#1677 = ORIENTED_EDGE ( 'NONE', *, *, #5565, .F. ) ;
#1678 = DIRECTION ( 'NONE',  ( 0.000000000000000000, -0.000000000000000000, -1.000000000000000000 ) ) ;
#1679 = CARTESIAN_POINT ( 'NONE',  ( -43.08155764929727383, -18.00747221968117984, 7.600000000000000533 ) ) ;
#1680 = CARTESIAN_POINT ( 'NONE',  ( -21.14340405412278656, -39.54559056778221304, 0.5544300198643329347 ) ) ;
#1681 = CARTESIAN_POINT ( 'NONE',  ( 20.98804278005446022, -41.54737320415790691, 9.600000000000003197 ) ) ;
#1682 = EDGE_CURVE ( 'NONE', #6925, #1880, #9415, .T. ) ;
#1683 = CARTESIAN_POINT ( 'NONE',  ( 12.21160952877724881, -36.49506365548641185, -2.957831373953969667 ) ) ;
#1684 = CARTESIAN_POINT ( 'NONE',  ( 20.28449666861353862, -42.81355453544552603, 2.000000000000000000 ) ) ;
#1685 = CARTESIAN_POINT ( 'NONE',  ( 41.91986027556272632, -19.87352962427031500, 7.569999999999995843 ) ) ;
#1686 = CARTESIAN_POINT ( 'NONE',  ( 16.10000000000000853, -38.86546493962996607, -3.000000000000000888 ) ) ;
#1687 = CARTESIAN_POINT ( 'NONE',  ( -13.11584027700504684, -7.172191286506961028, 28.60000000000000497 ) ) ;
#1688 = CARTESIAN_POINT ( 'NONE',  ( 42.03820785103977897, -7.195044205747144872, 28.59999999999999076 ) ) ;
#1689 = ORIENTED_EDGE ( 'NONE', *, *, #2140, .F. ) ;
#1690 = VECTOR ( 'NONE', #3297, 1000.000000000000000 ) ;
#1691 = CARTESIAN_POINT ( 'NONE',  ( -20.86802747807836411, 43.12889382622909551, 9.600000000000001421 ) ) ;
#1692 = ORIENTED_EDGE ( 'NONE', *, *, #6420, .T. ) ;
#1693 = CARTESIAN_POINT ( 'NONE',  ( -18.46999999999999886, -43.10000000000001563, 2.000000000000000000 ) ) ;
#1694 = LINE ( 'NONE', #3365, #4844 ) ;
#1695 = CARTESIAN_POINT ( 'NONE',  ( 21.05646374350413552, 41.77854727961350534, 2.000000000000005329 ) ) ;
#1696 = DIRECTION ( 'NONE',  ( -1.000000000000000000, 0.000000000000000000, 0.000000000000000000 ) ) ;
#1697 = CARTESIAN_POINT ( 'NONE',  ( -16.84999999999951825, -42.59999999999981668, -2.500000000000194955 ) ) ;
#1698 = VECTOR ( 'NONE', #1070, 1000.000000000000000 ) ;
#1699 = CARTESIAN_POINT ( 'NONE',  ( -20.52666543961078460, -39.53640090607059676, -2.426665439611523922 ) ) ;
#1700 = DIRECTION ( 'NONE',  ( -0.000000000000000000, -0.000000000000000000, 1.000000000000000000 ) ) ;
#1701 = B_SPLINE_CURVE_WITH_KNOTS ( 'NONE', 3,
 ( #3822, #6836, #3872, #67 ),
 .UNSPECIFIED., .F., .F.,
 ( 4, 4 ),
 ( 0.3333333333333330373, 1.000000000000000000 ),
 .UNSPECIFIED. ) ;
#1702 = CARTESIAN_POINT ( 'NONE',  ( -20.97836642101214721, 42.64449125787337636, 1.248608668713538483 ) ) ;
#1703 = ORIENTED_EDGE ( 'NONE', *, *, #1474, .T. ) ;
#1704 = CIRCLE ( 'NONE', #7219, 0.5000000000000004441 ) ;
#1705 = CARTESIAN_POINT ( 'NONE',  ( -43.94883644205956585, -19.81049812226376616, 13.60000000000000497 ) ) ;
#1706 = CARTESIAN_POINT ( 'NONE',  ( 20.66038026670239702, -41.30725802099577493, -1.207259101985756145 ) ) ;
#1707 = DIRECTION ( 'NONE',  ( 1.826024711554534653E-16, -0.000000000000000000, -1.000000000000000000 ) ) ;
#1708 = CARTESIAN_POINT ( 'NONE',  ( -18.78705471579319308, 42.91325460346391907, -2.465170449770246908 ) ) ;
#1709 = EDGE_CURVE ( 'NONE', #5523, #5366, #9438, .T. ) ;
#1710 = CARTESIAN_POINT ( 'NONE',  ( -40.36989670848593192, 20.20209550671162901, 9.599999999999994316 ) ) ;
#1711 = PRESENTATION_LAYER_ASSIGNMENT (  '', '', ( #2972 ) ) ;
#1712 = CARTESIAN_POINT ( 'NONE',  ( 21.10000000000000142, -41.22000000000271314, -3.000000000000000000 ) ) ;
#1713 = CARTESIAN_POINT ( 'NONE',  ( -14.00178186373608646, -5.759275341313058405, 18.59999999999876508 ) ) ;
#1714 = CARTESIAN_POINT ( 'NONE',  ( 19.55036664352467568, 42.92614600124277047, -1.954077196024919694 ) ) ;
#1715 = ORIENTED_EDGE ( 'NONE', *, *, #1343, .T. ) ;
#1716 = ORIENTED_EDGE ( 'NONE', *, *, #319, .T. ) ;
#1717 = EDGE_CURVE ( 'NONE', #2759, #1270, #7241, .T. ) ;
#1718 = CARTESIAN_POINT ( 'NONE',  ( 43.07077768596505507, 18.38329560835353504, 28.59999999999999432 ) ) ;
#1719 = CARTESIAN_POINT ( 'NONE',  ( 20.59999999999945430, -38.84999999999995168, -2.500000000000544453 ) ) ;
#1720 = CARTESIAN_POINT ( 'NONE',  ( 42.10000000000006537, 16.10000000000013287, 7.599999999999999645 ) ) ;
#1721 = CARTESIAN_POINT ( 'NONE',  ( 20.91392182095921370, 42.96631460141423275, 9.600000000000001421 ) ) ;
#1722 = AXIS2_PLACEMENT_3D ( 'NONE', #3923, #1700, #4707 ) ;
#1723 = CARTESIAN_POINT ( 'NONE',  ( -19.91325460346352827, 43.56517044976898489, -0.6870547157935633642 ) ) ;
#1724 = DIRECTION ( 'NONE',  ( 0.000000000000000000, 0.000000000000000000, -1.000000000000000000 ) ) ;
#1725 = LINE ( 'NONE', #7752, #1869 ) ;
#1726 = CARTESIAN_POINT ( 'NONE',  ( -39.10000000000009379, 21.09999999999986642, 11.70000000000001883 ) ) ;
#1727 = EDGE_LOOP ( 'NONE', ( #8093, #7244, #3426, #1640 ) ) ;
#1728 = AXIS2_PLACEMENT_3D ( 'NONE', #8867, #6362, #9425 ) ;
#1729 = ORIENTED_EDGE ( 'NONE', *, *, #4051, .T. ) ;
#1730 = CARTESIAN_POINT ( 'NONE',  ( 19.99887817353893738, 42.99887817354167652, -1.429844232471539911 ) ) ;
#1731 = LINE ( 'NONE', #1583, #3541 ) ;
#1732 = CARTESIAN_POINT ( 'NONE',  ( -43.07227657705834645, 18.32029945714925745, 7.569999999999995843 ) ) ;
#1733 = CARTESIAN_POINT ( 'NONE',  ( 39.35000000000001563, -4.399999999999876010, 27.72132034355963981 ) ) ;
#1734 = LINE ( 'NONE', #8447, #3146 ) ;
#1735 = CARTESIAN_POINT ( 'NONE',  ( 8.599999999999996092, 35.89999999999999147, 76.38141135119198566 ) ) ;
#1736 = CARTESIAN_POINT ( 'NONE',  ( -42.96631460141203718, 20.91392182095840724, 13.60000000000000142 ) ) ;
#1737 = CARTESIAN_POINT ( 'NONE',  ( 42.98712545639554605, -5.854362435651558449, 28.60000000000000497 ) ) ;
#1738 = VERTEX_POINT ( 'NONE', #4449 ) ;
#1739 = VERTEX_POINT ( 'NONE', #605 ) ;
#1741 =( GEOMETRIC_REPRESENTATION_CONTEXT ( 3 ) GLOBAL_UNCERTAINTY_ASSIGNED_CONTEXT ( ( #6301 ) ) GLOBAL_UNIT_ASSIGNED_CONTEXT ( ( #6733, #2883, #1452 ) ) REPRESENTATION_CONTEXT ( 'NONE', 'WORKASPACE' ) );
#1740 = DIRECTION ( 'NONE',  ( 1.000000000000000000, 3.491481338843134144E-15, 0.000000000000000000 ) ) ;
#1742 = CARTESIAN_POINT ( 'NONE',  ( 35.65000000013789361, 18.10000000000012932, 7.599999999999999645 ) ) ;
#1743 = CARTESIAN_POINT ( 'NONE',  ( -16.10000000000018971, 43.10000000000002274, -3.000000000000001776 ) ) ;
#1744 = CARTESIAN_POINT ( 'NONE',  ( -16.09999999999996589, -43.10000000000000853, 2.000000000000000000 ) ) ;
#1745 = CARTESIAN_POINT ( 'NONE',  ( -14.55219010891538112, 25.67222146963548823, 13.60000000000000142 ) ) ;
#1746 =( BOUNDED_CURVE ( )  B_SPLINE_CURVE ( 2, ( #1744, #4749, #4148 ),
 .UNSPECIFIED., .F., .T. ) 
 B_SPLINE_CURVE_WITH_KNOTS ( ( 3, 3 ),
 ( 0.000000000000000000, 1.000000000000000000 ),
 .UNSPECIFIED. ) 
 CURVE ( )  GEOMETRIC_REPRESENTATION_ITEM ( )  RATIONAL_B_SPLINE_CURVE ( ( 0.9999999999999996669, 2.500000000000011546, 2.500000000000001776 ) ) 
 REPRESENTATION_ITEM ( '' )  );
#1747 = CARTESIAN_POINT ( 'NONE',  ( -19.84999999999829967, -41.84999999999831033, -1.750000000000268008 ) ) ;
#1748 = CARTESIAN_POINT ( 'NONE',  ( -20.51642667443103107, 41.47617900287309567, -2.066520830950060006 ) ) ;
#1749 = VERTEX_POINT ( 'NONE', #3616 ) ;
#1750 = EDGE_CURVE ( 'NONE', #9538, #5007, #5043, .T. ) ;
#1751 = CARTESIAN_POINT ( 'NONE',  ( -19.73079705169105580, -38.10000000000000853, -2.864311890825123275 ) ) ;
#1752 = CARTESIAN_POINT ( 'NONE',  ( -43.53880138776207787, -20.66090659504232718, 13.60000000000000497 ) ) ;
#1753 = CARTESIAN_POINT ( 'NONE',  ( 20.72365630556132743, -38.10000000000000853, -2.353450214291540110 ) ) ;
#1754 = CARTESIAN_POINT ( 'NONE',  ( 21.10000000000000142, 39.10000000000187725, 2.000000000000000888 ) ) ;
#1755 = CARTESIAN_POINT ( 'NONE',  ( 0.000000000000000000, 0.000000000000000000, 0.000000000000000000 ) ) ;
#1756 = CARTESIAN_POINT ( 'NONE',  ( -14.09999999999993570, -2.399999999999876010, 13.60000000000000142 ) ) ;
#1757 = CARTESIAN_POINT ( 'NONE',  ( 19.24003503370453316, 42.80406941629307482, -2.287724469081533041 ) ) ;
#1758 = ORIENTED_EDGE ( 'NONE', *, *, #8702, .F. ) ;
#1759 = VERTEX_POINT ( 'NONE', #2233 ) ;
#1760 = EDGE_CURVE ( 'NONE', #3340, #6699, #9077, .T. ) ;
#1761 = DIRECTION ( 'NONE',  ( 1.000000000000000000, 0.000000000000000000, 0.000000000000000000 ) ) ;
#1762 = CARTESIAN_POINT ( 'NONE',  ( 20.19474083638178641, 39.10000000000100329, -2.748025777449568441 ) ) ;
#1763 = DIRECTION ( 'NONE',  ( -0.000000000000000000, -0.000000000000000000, 1.000000000000000000 ) ) ;
#1764 = CARTESIAN_POINT ( 'NONE',  ( -16.10000000000000497, -43.10000000000000853, 9.600000000000001421 ) ) ;
#1765 = CARTESIAN_POINT ( 'NONE',  ( -20.00359737108848890, 43.14786261772960785, -1.245655325673850067 ) ) ;
#1766 = CARTESIAN_POINT ( 'NONE',  ( 38.82135399908472095, -7.399999999999876010, 18.59999999999483933 ) ) ;
#1767 = CARTESIAN_POINT ( 'NONE',  ( 19.78749999999716280, -41.88124999999994458, -1.781250000002830403 ) ) ;
#1768 = DIRECTION ( 'NONE',  ( 1.000000000000000000, 0.000000000000000000, 0.000000000000000000 ) ) ;
#1769 = EDGE_LOOP ( 'NONE', ( #6427, #9209, #4320, #5768, #5901, #6363, #955, #6223, #5971, #2775, #8623, #1144, #7486, #1664, #3247, #5112, #3789, #7066 ) ) ;
#1770 = ADVANCED_FACE ( 'NONE', ( #2923 ), #7474, .T. ) ;
#1771 = ORIENTED_EDGE ( 'NONE', *, *, #8693, .T. ) ;
#1772 = CARTESIAN_POINT ( 'NONE',  ( 19.63979095401453989, 43.06931452837168450, -1.727691261270590362 ) ) ;
#1773 = EDGE_CURVE ( 'NONE', #1067, #2990, #123, .T. ) ;
#1774 = CARTESIAN_POINT ( 'NONE',  ( -43.04972587931727190, -18.82309165053189659, 7.600000000000000533 ) ) ;
#1775 = CARTESIAN_POINT ( 'NONE',  ( 19.91159499246630205, 42.91159499246919751, -1.624047293177347306 ) ) ;
#1776 = EDGE_CURVE ( 'NONE', #2842, #9000, #499, .T. ) ;
#1777 = CARTESIAN_POINT ( 'NONE',  ( 21.10000000000000142, -38.10000000000000853, -3.630000000000000338 ) ) ;
#1778 = CARTESIAN_POINT ( 'NONE',  ( -18.35000000000000142, 39.66698729810778445, 6.000000000000000000 ) ) ;
#1779 = CARTESIAN_POINT ( 'NONE',  ( -39.59264819289721515, 21.09999999999986997, 13.60000000000000853 ) ) ;
#1780 = CARTESIAN_POINT ( 'NONE',  ( -14.09999999999993570, 16.09999999999996945, 28.59999999999999787 ) ) ;
#1781 = ORIENTED_EDGE ( 'NONE', *, *, #3282, .F. ) ;
#1782 = ORIENTED_EDGE ( 'NONE', *, *, #7025, .T. ) ;
#1783 = ORIENTED_EDGE ( 'NONE', *, *, #9073, .F. ) ;
#1784 = CARTESIAN_POINT ( 'NONE',  ( -14.10000000000000142, -34.11769309494243885, 76.38141135119198566 ) ) ;
#1785 = DIRECTION ( 'NONE',  ( -0.000000000000000000, -0.000000000000000000, 1.000000000000000000 ) ) ;
#1786 = DIRECTION ( 'NONE',  ( 1.000000000000000000, 0.000000000000000000, -0.000000000000000000 ) ) ;
#1787 = CARTESIAN_POINT ( 'NONE',  ( -15.50000000000000000, -37.50000000000000000, 0.000000000000000000 ) ) ;
#1788 = LINE ( 'NONE', #5584, #2747 ) ;
#1789 = CARTESIAN_POINT ( 'NONE',  ( -11.14607005319416899, 21.09999999999996234, 16.54833726428298135 ) ) ;
#1790 = DIRECTION ( 'NONE',  ( -0.000000000000000000, 0.000000000000000000, 1.000000000000000000 ) ) ;
#1791 = CARTESIAN_POINT ( 'NONE',  ( -20.84663610935658795, 41.81398462173700636, -1.272170762759038842 ) ) ;
#1792 = ORIENTED_EDGE ( 'NONE', *, *, #1149, .F. ) ;
#1793 = CARTESIAN_POINT ( 'NONE',  ( -16.86546493962996252, -38.10000000000000853, -3.000000000000001332 ) ) ;
#1794 = CARTESIAN_POINT ( 'NONE',  ( -41.42161314647567139, -21.06938128774593721, 13.60000000000000320 ) ) ;
#1795 = FACE_OUTER_BOUND ( 'NONE', #1932, .T. ) ;
#1796 = DIRECTION ( 'NONE',  ( 0.000000000000000000, 0.000000000000000000, 1.000000000000000000 ) ) ;
#1797 = EDGE_CURVE ( 'NONE', #9210, #1917, #1294, .T. ) ;
#1798 =( BOUNDED_SURFACE ( )  B_SPLINE_SURFACE ( 2, 3, ( 
 ( #6975, #9335, #308, #906 ),
 ( #1001, #1835, #4006, #260 ),
 ( #5490, #3916, #4838, #1093 ) ),
 .UNSPECIFIED., .F., .F., .T. ) 
 B_SPLINE_SURFACE_WITH_KNOTS ( ( 3, 3 ),
 ( 4, 4 ),
 ( 0.000000000000000000, 1.000000000000000000 ),
 ( -0.03810000000000007825, 0.009099999999999934530 ),
 .UNSPECIFIED. ) 
 GEOMETRIC_REPRESENTATION_ITEM ( )  RATIONAL_B_SPLINE_SURFACE ( (
 ( 1.000000000000000000, 1.000000000000000000, 1.000000000000000000, 1.000000000000000000),
 ( 4.000000000000000888, 4.000000000000000888, 4.000000000000000888, 4.000000000000000888),
 ( 1.000000000000000000, 1.000000000000000000, 1.000000000000000000, 1.000000000000000000) ) ) 
 REPRESENTATION_ITEM ( '' )  SURFACE ( )  );
#1799 = VECTOR ( 'NONE', #2486, 1000.000000000000000 ) ;
#1800 = CARTESIAN_POINT ( 'NONE',  ( 43.05304772075137976, -18.79246757333006812, 13.60000000000000320 ) ) ;
#1801 = CARTESIAN_POINT ( 'NONE',  ( 0.000000000000000000, 0.000000000000000000, 0.000000000000000000 ) ) ;
#1802 = CARTESIAN_POINT ( 'NONE',  ( -40.59999999999996589, -11.69689577749904430, 7.600000000000000533 ) ) ;
#1803 = CARTESIAN_POINT ( 'NONE',  ( 19.60982081020904033, 42.70386467895427529, -2.101201801808940672 ) ) ;
#1804 = VERTEX_POINT ( 'NONE', #2046 ) ;
#1805 = VERTEX_POINT ( 'NONE', #8946 ) ;
#1806 = DIRECTION ( 'NONE',  ( -0.000000000000000000, -0.000000000000000000, 1.000000000000000000 ) ) ;
#1807 = CARTESIAN_POINT ( 'NONE',  ( -40.10000000000006537, 18.10000000000012221, 10.59999999999999964 ) ) ;
#1808 = CARTESIAN_POINT ( 'NONE',  ( -19.91159499246876408, 42.72404729317372585, -1.811594992469624410 ) ) ;
#1809 = AXIS2_PLACEMENT_3D ( 'NONE', #1286, #9576, #6366 ) ;
#1810 = CARTESIAN_POINT ( 'NONE',  ( -17.84967719374380124, -43.09011195108234915, 9.600000000000004974 ) ) ;
#1811 = CARTESIAN_POINT ( 'NONE',  ( -19.70386467095201510, 43.20120184412854769, -1.509820670380902063 ) ) ;
#1812 = APPLICATION_CONTEXT ( 'automotive_design' ) ;
#1813 = CARTESIAN_POINT ( 'NONE',  ( 46.88570964850671174, -9.537382382577126450, 13.60000000000000320 ) ) ;
#1814 = DIRECTION ( 'NONE',  ( -0.000000000000000000, -0.000000000000000000, 1.000000000000000000 ) ) ;
#1815 = CARTESIAN_POINT ( 'NONE',  ( -16.10000000000000497, -43.10000000000000853, 9.600000000000001421 ) ) ;
#1816 = VECTOR ( 'NONE', #1428, 1000.000000000000000 ) ;
#1817 = EDGE_LOOP ( 'NONE', ( #6274, #5553, #346, #4787, #1457, #3753, #5601, #4002 ) ) ;
#1818 = AXIS2_PLACEMENT_3D ( 'NONE', #3315, #6360, #8499 ) ;
#1819 = EDGE_LOOP ( 'NONE', ( #1783, #2712, #6850, #5344 ) ) ;
#1820 = CARTESIAN_POINT ( 'NONE',  ( 19.33080941177664158, 43.08137278453687458, -1.981372784539122467 ) ) ;
#1821 = CARTESIAN_POINT ( 'NONE',  ( 40.32329648377489661, -20.17863251329107399, 9.600000000000004974 ) ) ;
#1822 = PRODUCT_DEFINITION_FORMATION_WITH_SPECIFIED_SOURCE ( 'ANY', '', #1154, .NOT_KNOWN. ) ;
#1823 = CARTESIAN_POINT ( 'NONE',  ( 19.97040907923730657, 42.97040907924009190, -1.495219409411808087 ) ) ;
#1824 = EDGE_CURVE ( 'NONE', #3460, #2392, #701, .T. ) ;
#1825 = CARTESIAN_POINT ( 'NONE',  ( 38.10000000000007248, -20.09842776662164354, 7.569999999999995843 ) ) ;
#1826 = DIRECTION ( 'NONE',  ( -1.000000000000000000, 0.000000000000000000, 0.000000000000000000 ) ) ;
#1827 = CARTESIAN_POINT ( 'NONE',  ( -42.53988389866402997, 20.98901496049324678, 13.60000000000000320 ) ) ;
#1828 = DIRECTION ( 'NONE',  ( 1.000000000000000000, 0.000000000000000000, 0.000000000000000000 ) ) ;
#1829 = VERTEX_POINT ( 'NONE', #1390 ) ;
#1830 = EDGE_LOOP ( 'NONE', ( #4860, #3690, #6199, #5916, #2236, #6578, #8822, #2798 ) ) ;
#1831 = ORIENTED_EDGE ( 'NONE', *, *, #5297, .F. ) ;
#1832 = AXIS2_PLACEMENT_3D ( 'NONE', #4435, #687, #6858 ) ;
#1833 = EDGE_CURVE ( 'NONE', #5782, #1503, #4226, .T. ) ;
#1834 = CARTESIAN_POINT ( 'NONE',  ( 42.13493851953492708, -16.10000000000012577, 8.266666666911563155 ) ) ;
#1835 = CARTESIAN_POINT ( 'NONE',  ( 22.36666666666673109, -7.399999999917997506, 13.59999999994541398 ) ) ;
#1836 = CARTESIAN_POINT ( 'NONE',  ( 41.64537212291201485, 19.95999256853073334, 7.599999999999999645 ) ) ;
#1837 = LINE ( 'NONE', #9337, #6423 ) ;
#1838 = LINE ( 'NONE', #7165, #5587 ) ;
#1839 = CARTESIAN_POINT ( 'NONE',  ( -13.14782631430395909, 21.09999999999995524, 14.58550043304342481 ) ) ;
#1840 = CARTESIAN_POINT ( 'NONE',  ( 40.10000000000001563, -4.399999999999876010, 20.89999999999999858 ) ) ;
#1841 = EDGE_CURVE ( 'NONE', #5855, #1739, #9283, .T. ) ;
#1842 = ORIENTED_EDGE ( 'NONE', *, *, #8766, .T. ) ;
#1843 = CARTESIAN_POINT ( 'NONE',  ( -20.26129501556318857, -40.47580180201168076, -2.340186441586724175 ) ) ;
#1844 = CARTESIAN_POINT ( 'NONE',  ( -44.07444201803195938, -18.27566523579665159, 13.59999999999999787 ) ) ;
#1845 = CARTESIAN_POINT ( 'NONE',  ( 18.10000000000000142, -40.10000000000000142, 7.599999999999999645 ) ) ;
#1846 = VECTOR ( 'NONE', #4199, 1000.000000000000000 ) ;
#1847 = CARTESIAN_POINT ( 'NONE',  ( -20.52044598952323184, -42.67955401047447594, 1.249999920875849435 ) ) ;
#1848 = CARTESIAN_POINT ( 'NONE',  ( 42.48402385466784636, -20.71654195173071500, 13.59999999999999964 ) ) ;
#1849 = DIRECTION ( 'NONE',  ( 0.000000000000000000, 0.000000000000000000, 1.000000000000000000 ) ) ;
#1850 = CARTESIAN_POINT ( 'NONE',  ( -11.58992638624820692, -12.36822972919092045, 13.60000000000000142 ) ) ;
#1851 = VECTOR ( 'NONE', #3744, 1000.000000000000000 ) ;
#1852 = AXIS2_PLACEMENT_3D ( 'NONE', #9239, #3275, #5581 ) ;
#1853 = CARTESIAN_POINT ( 'NONE',  ( 20.19474083638178641, 39.10000000000100329, -2.748025777449568441 ) ) ;
#1854 = VERTEX_POINT ( 'NONE', #8999 ) ;
#1855 = ORIENTED_EDGE ( 'NONE', *, *, #6172, .F. ) ;
#1856 = CARTESIAN_POINT ( 'NONE',  ( 42.99046056094378088, 19.52861721390202021, 28.60000000000000142 ) ) ;
#1857 = CARTESIAN_POINT ( 'NONE',  ( 18.77854727961330639, 39.10000000000074039, -2.956463743504131436 ) ) ;
#1858 = CARTESIAN_POINT ( 'NONE',  ( -21.06069827924562787, -38.85487482653019953, -0.5905794222915131675 ) ) ;
#1859 = CARTESIAN_POINT ( 'NONE',  ( 12.46026316928587008, 40.10000000000000142, 0.000000000000000000 ) ) ;
#1860 = DIRECTION ( 'NONE',  ( 1.000000000000000000, 0.000000000000000000, 0.000000000000000000 ) ) ;
#1861 = CIRCLE ( 'NONE', #1387, 0.5000000000000004441 ) ;
#1862 = CARTESIAN_POINT ( 'NONE',  ( -19.30725910198350093, 43.66038026670468497, -1.207258020997883596 ) ) ;
#1863 = CARTESIAN_POINT ( 'NONE',  ( 40.52030516778427227, -7.367288305791248604, 13.59999999999999076 ) ) ;
#1864 = CARTESIAN_POINT ( 'NONE',  ( 20.08137278453230934, -42.08137278453460084, -1.230809411781434326 ) ) ;
#1865 = CARTESIAN_POINT ( 'NONE',  ( 39.05569862190485253, -20.09665274125153189, 7.599999999999999645 ) ) ;
#1866 = ORIENTED_EDGE ( 'NONE', *, *, #3419, .F. ) ;
#1867 = ORIENTED_EDGE ( 'NONE', *, *, #7688, .T. ) ;
#1868 = CARTESIAN_POINT ( 'NONE',  ( 19.82204809657241640, 43.62161405295989169, -0.6911517737925998439 ) ) ;
#1869 = VECTOR ( 'NONE', #6257, 1000.000000000000114 ) ;
#1870 = CARTESIAN_POINT ( 'NONE',  ( -19.81645280243105134, 42.91801530243075291, -1.716452802431960745 ) ) ;
#1871 = EDGE_CURVE ( 'NONE', #4307, #3053, #8807, .T. ) ;
#1872 = CARTESIAN_POINT ( 'NONE',  ( 20.20487506272293743, 42.20575881330063339, -1.951942591154041784 ) ) ;
#1873 = DIRECTION ( 'NONE',  ( 3.639200510924877443E-15, -1.000000000000000000, 0.000000000000000000 ) ) ;
#1874 = CIRCLE ( 'NONE', #3152, 0.5000000000000004441 ) ;
#1875 = CARTESIAN_POINT ( 'NONE',  ( 17.23397459621556393, 40.60000000000000142, 4.585786437626904188 ) ) ;
#1876 = VECTOR ( 'NONE', #8231, 1000.000000000000000 ) ;
#1877 = CARTESIAN_POINT ( 'NONE',  ( -42.65631831747801073, 20.97389364416789093, 13.60000000000000497 ) ) ;
#1878 = FACE_OUTER_BOUND ( 'NONE', #704, .T. ) ;
#1879 = ORIENTED_EDGE ( 'NONE', *, *, #2554, .T. ) ;
#1880 = VERTEX_POINT ( 'NONE', #1490 ) ;
#1881 = ORIENTED_EDGE ( 'NONE', *, *, #300, .F. ) ;
#1882 = EDGE_CURVE ( 'NONE', #7274, #1066, #1650, .T. ) ;
#1883 = CARTESIAN_POINT ( 'NONE',  ( -13.09664412391376231, 20.87811096940452771, 28.59999999999999787 ) ) ;
#1884 = CARTESIAN_POINT ( 'NONE',  ( 20.60000000000006537, -4.399999999999876010, 20.89999999999999503 ) ) ;
#1885 = CARTESIAN_POINT ( 'NONE',  ( 40.94809031714265046, 20.04099958132367476, 7.600000000000000533 ) ) ;
#1886 = LINE ( 'NONE', #9241, #129 ) ;
#1887 = AXIS2_PLACEMENT_3D ( 'NONE', #5221, #1476, #7703 ) ;
#1888 = LINE ( 'NONE', #4842, #6533 ) ;
#1889 = CARTESIAN_POINT ( 'NONE',  ( -11.80547002874279094, 21.09999999999995524, 15.89217459220179585 ) ) ;
#1890 = DIRECTION ( 'NONE',  ( -0.000000000000000000, -0.000000000000000000, -1.000000000000000000 ) ) ;
#1891 = CIRCLE ( 'NONE', #3473, 0.7500000000000006661 ) ;
#1892 = CARTESIAN_POINT ( 'NONE',  ( -40.79999999999996163, -11.69689577749904430, -15.40511026734024824 ) ) ;
#1893 = CARTESIAN_POINT ( 'NONE',  ( 38.10000000000007248, -7.399999999999871569, 20.90000000000000213 ) ) ;
#1894 = EDGE_LOOP ( 'NONE', ( #863, #4187, #9600, #5806 ) ) ;
#1895 = CARTESIAN_POINT ( 'NONE',  ( 38.10000000000005116, 21.10000000000013287, 9.600000000000001421 ) ) ;
#1896 = CARTESIAN_POINT ( 'NONE',  ( -43.89504420574552057, -20.03820785104446500, 13.60000000000000320 ) ) ;
#1897 = DIRECTION ( 'NONE',  ( 1.000000000000000000, 0.000000000000000000, 1.826024711554534653E-16 ) ) ;
#1898 = CARTESIAN_POINT ( 'NONE',  ( -10.34999999999993570, -4.399999999999876010, 10.60000000000000142 ) ) ;
#1899 = AXIS2_PLACEMENT_3D ( 'NONE', #7375, #6635, #7430 ) ;
#1900 = ADVANCED_FACE ( 'NONE', ( #899 ), #3182, .T. ) ;
#1901 = CARTESIAN_POINT ( 'NONE',  ( -10.34999999999993570, 18.09999999999996234, 25.59999999999999787 ) ) ;
#1902 =( NAMED_UNIT ( * ) PLANE_ANGLE_UNIT ( ) SI_UNIT ( $, .RADIAN. ) );
#1903 = PLANE ( 'NONE',  #7078 ) ;
#1904 = CARTESIAN_POINT ( 'NONE',  ( 18.95400498820128732, 40.53477213430831227, -3.012384954163025430 ) ) ;
#1905 = EDGE_LOOP ( 'NONE', ( #35, #4658, #430, #8347 ) ) ;
#1906 = ORIENTED_EDGE ( 'NONE', *, *, #6294, .T. ) ;
#1907 = DIRECTION ( 'NONE',  ( -0.000000000000000000, 0.000000000000000000, 1.000000000000000000 ) ) ;
#1908 = CARTESIAN_POINT ( 'NONE',  ( 16.10000000000000142, 44.10000000000000853, 7.066666666666668206 ) ) ;
#1909 = CARTESIAN_POINT ( 'NONE',  ( -20.94989146761704291, -38.85089124915020165, -1.740720662153840248 ) ) ;
#1910 = CARTESIAN_POINT ( 'NONE',  ( -20.60000000000000853, -38.10000000000002274, -2.500000000000002665 ) ) ;
#1911 = CARTESIAN_POINT ( 'NONE',  ( 11.54698956548142874, -36.88868297538241592, 0.000000000000000000 ) ) ;
#1912 = CARTESIAN_POINT ( 'NONE',  ( -19.97645370996362857, 43.64662051772516804, -0.3777663799382270371 ) ) ;
#1913 = ADVANCED_FACE ( 'NONE', ( #6222 ), #2041, .F. ) ;
#1914 = CARTESIAN_POINT ( 'NONE',  ( 42.71516125040843548, -6.762558746755550132, 13.59999999999581455 ) ) ;
#1915 = CARTESIAN_POINT ( 'NONE',  ( 19.92614600123425106, -42.05407719602550998, -1.450366634566529589 ) ) ;
#1916 = CARTESIAN_POINT ( 'NONE',  ( -44.10000000000007248, -8.261500752994470738E-15, 10.59999999999999964 ) ) ;
#1917 = VERTEX_POINT ( 'NONE', #7017 ) ;
#1918 = ORIENTED_EDGE ( 'NONE', *, *, #4820, .T. ) ;
#1919 = CARTESIAN_POINT ( 'NONE',  ( 19.20575878115394630, 43.20487506274328382, -1.951942591138565941 ) ) ;
#1920 = CARTESIAN_POINT ( 'NONE',  ( 6.633333333333400361, -7.399999999999876010, 18.60000000000000142 ) ) ;
#1921 = EDGE_CURVE ( 'NONE', #715, #2519, #1405, .T. ) ;
#1922 = CARTESIAN_POINT ( 'NONE',  ( -42.86608078789284804, -19.93521075431767997, 7.569999999999997620 ) ) ;
#1923 = CARTESIAN_POINT ( 'NONE',  ( -19.33080941177851741, 43.08137278453502006, -1.981372784536060250 ) ) ;
#1924 = DIRECTION ( 'NONE',  ( 0.4173058582581321008, -0.6425946703262690463, -0.6425946703262620519 ) ) ;
#1925 = CARTESIAN_POINT ( 'NONE',  ( 20.59999999999945075, 39.85000000000076170, -2.500000000000552003 ) ) ;
#1926 = CARTESIAN_POINT ( 'NONE',  ( 16.10000000000001563, -43.03798432061486068, -1.061431337114686624 ) ) ;
#1927 = CARTESIAN_POINT ( 'NONE',  ( 41.96669950821338801, 19.99404106816379567, 10.03000000000000647 ) ) ;
#1928 = FACE_OUTER_BOUND ( 'NONE', #4469, .T. ) ;
#1929 = ADVANCED_FACE ( 'NONE', ( #1878, #2797 ), #8819, .T. ) ;
#1930 = CARTESIAN_POINT ( 'NONE',  ( -43.48402385467377940, 20.71654195172261126, 13.60000000000000142 ) ) ;
#1931 = VERTEX_POINT ( 'NONE', #1780 ) ;
#1932 = EDGE_LOOP ( 'NONE', ( #802, #8555, #6115, #9560, #2642, #368, #8661, #5496, #8092, #1979, #2507, #5705 ) ) ;
#1933 = ORIENTED_EDGE ( 'NONE', *, *, #7857, .F. ) ;
#1934 = CARTESIAN_POINT ( 'NONE',  ( -11.39402075846360773, 21.07039211818115021, 28.59999999999999787 ) ) ;
#1935 = LINE ( 'NONE', #2037, #2276 ) ;
#1936 = CARTESIAN_POINT ( 'NONE',  ( 41.65624352877689063, 19.95781337680863032, 7.600000000000001421 ) ) ;
#1937 = CARTESIAN_POINT ( 'NONE',  ( -40.59999999999996589, -11.69689577749904430, -15.40511026734024824 ) ) ;
#1938 = CARTESIAN_POINT ( 'NONE',  ( -18.02723871807398126, 23.01467376633463147, 13.59999999999999787 ) ) ;
#1939 = CARTESIAN_POINT ( 'NONE',  ( -12.53116775870146782, 21.09999999999995168, 15.17480045493907603 ) ) ;
#1940 = CARTESIAN_POINT ( 'NONE',  ( 40.60000000000006537, 0.000000000000000000, 7.599999999999999645 ) ) ;
#1941 = CARTESIAN_POINT ( 'NONE',  ( -20.80530425361675739, 40.53598767062871389, -2.034095373280274455 ) ) ;
#1942 = CARTESIAN_POINT ( 'NONE',  ( 21.09999999999999787, 43.10000000000001563, 2.000000000000000888 ) ) ;
#1943 = ORIENTED_EDGE ( 'NONE', *, *, #4304, .F. ) ;
#1944 = LINE ( 'NONE', #8747, #8322 ) ;
#1945 = CARTESIAN_POINT ( 'NONE',  ( 16.10000000000000142, 44.10000000000000853, -3.630000000000000338 ) ) ;
#1946 = CARTESIAN_POINT ( 'NONE',  ( 21.09999999999989839, -38.86398131449556104, 1.236015187890222355 ) ) ;
#1947 = DIRECTION ( 'NONE',  ( -0.05226442768871387284, -0.05226442768871387284, -0.9972646886342373396 ) ) ;
#1948 = EDGE_CURVE ( 'NONE', #3075, #5053, #6317, .T. ) ;
#1949 = CARTESIAN_POINT ( 'NONE',  ( 43.06222914285854841, -18.59927203774232396, 13.60000000000000142 ) ) ;
#1950 = CARTESIAN_POINT ( 'NONE',  ( -12.46026316928587008, -40.10000000000000142, 6.000000000000000000 ) ) ;
#1951 = ADVANCED_FACE ( 'NONE', ( #4319 ), #9285, .F. ) ;
#1952 = CARTESIAN_POINT ( 'NONE',  ( 20.35072599843515917, 41.47587029890794952, -2.250725998438688258 ) ) ;
#1953 = CARTESIAN_POINT ( 'NONE',  ( 20.27338287872782985, 41.77269184025066551, -2.173382878731802137 ) ) ;
#1954 = EDGE_LOOP ( 'NONE', ( #3801, #1781, #1091, #3393, #3017, #6225 ) ) ;
#1955 = VERTEX_POINT ( 'NONE', #3317 ) ;
#1956 = CARTESIAN_POINT ( 'NONE',  ( 41.88003322022072439, -12.28264962952356676, 13.60000000000000320 ) ) ;
#1957 = CARTESIAN_POINT ( 'NONE',  ( -9.099999999999933920, -7.399999999999876010, 18.35000000000001563 ) ) ;
#1958 = CARTESIAN_POINT ( 'NONE',  ( -21.04464114138340847, -38.85321927254871355, -0.9653641759467359584 ) ) ;
#1959 = CARTESIAN_POINT ( 'NONE',  ( -19.97040907923872055, -41.97040907923874187, -1.495219409409531020 ) ) ;
#1960 = EDGE_CURVE ( 'NONE', #7449, #7625, #7343, .T. ) ;
#1961 = CARTESIAN_POINT ( 'NONE',  ( -19.84999999999829967, -41.84999999999831033, -1.750000000000268008 ) ) ;
#1962 = CARTESIAN_POINT ( 'NONE',  ( 42.90947459358105931, -6.297326066125604527, 13.60000000000128928 ) ) ;
#1963 = CARTESIAN_POINT ( 'NONE',  ( 17.53598869740778454, -42.80530392117532301, -2.034096140378740092 ) ) ;
#1964 = EDGE_LOOP ( 'NONE', ( #1393, #8503, #6479, #8577 ) ) ;
#1965 = CIRCLE ( 'NONE', #3387, 2.000000000000001776 ) ;
#1966 = ORIENTED_EDGE ( 'NONE', *, *, #3776, .T. ) ;
#1967 = CARTESIAN_POINT ( 'NONE',  ( 19.59521940940663143, 42.97040907924121456, -1.870409079243655848 ) ) ;
#1968 = EDGE_CURVE ( 'NONE', #476, #1749, #578, .T. ) ;
#1969 = CARTESIAN_POINT ( 'NONE',  ( -18.47617917338373417, 43.51642660619996406, -2.066520914513999774 ) ) ;
#1970 = CARTESIAN_POINT ( 'NONE',  ( -19.92029505639004938, 39.09999999999923403, -2.832220329304560469 ) ) ;
#1971 = DIRECTION ( 'NONE',  ( -0.000000000000000000, -0.000000000000000000, -1.000000000000000000 ) ) ;
#1972 = CARTESIAN_POINT ( 'NONE',  ( 20.20852092909165876, 42.92439472599654238, -1.260309619340371778 ) ) ;
#1973 = VECTOR ( 'NONE', #9718, 1000.000000000000000 ) ;
#1974 = CARTESIAN_POINT ( 'NONE',  ( 42.09758742274455301, -16.93242454302984257, 7.600000000000000533 ) ) ;
#1975 = FACE_OUTER_BOUND ( 'NONE', #7695, .T. ) ;
#1976 = CARTESIAN_POINT ( 'NONE',  ( -42.96608599111473126, 19.99439879138315490, 10.03000000000000469 ) ) ;
#1977 = CARTESIAN_POINT ( 'NONE',  ( 13.40031711825083427, -34.69976218936863432, -2.957831373953969667 ) ) ;
#1978 = ORIENTED_EDGE ( 'NONE', *, *, #8189, .F. ) ;
#1979 = ORIENTED_EDGE ( 'NONE', *, *, #7084, .T. ) ;
#1980 = EDGE_CURVE ( 'NONE', #5236, #3767, #8500, .T. ) ;
#1981 = ORIENTED_EDGE ( 'NONE', *, *, #8735, .T. ) ;
#1982 = CARTESIAN_POINT ( 'NONE',  ( 16.10000000000001918, -43.10000000000000853, 2.000000000000000000 ) ) ;
#1983 = CARTESIAN_POINT ( 'NONE',  ( -20.05407719602436245, -41.92614600123562951, -1.450366634564111523 ) ) ;
#1984 = DIRECTION ( 'NONE',  ( -0.000000000000000000, 0.000000000000000000, -1.000000000000000000 ) ) ;
#1985 = DIRECTION ( 'NONE',  ( 1.000000000000000000, 5.115210249675201216E-16, 0.000000000000000000 ) ) ;
#1986 = CIRCLE ( 'NONE', #89, 2.000000000000003553 ) ;
#1987 = CARTESIAN_POINT ( 'NONE',  ( -9.718563275085967845, 21.09915261021923527, 18.59999999999870113 ) ) ;
#1988 = EDGE_CURVE ( 'NONE', #120, #9559, #9610, .T. ) ;
#1989 = CARTESIAN_POINT ( 'NONE',  ( 18.95399462619557696, -39.53477992981084554, -3.012385490978640057 ) ) ;
#1990 = CARTESIAN_POINT ( 'NONE',  ( -14.64683793648301879, 21.09999999999995168, 13.78648574166063767 ) ) ;
#1991 = CARTESIAN_POINT ( 'NONE',  ( 17.53640090607038715, 43.52666543961286294, -2.426665439613840736 ) ) ;
#1992 = VECTOR ( 'NONE', #8057, 1000.000000000000000 ) ;
#1993 = CARTESIAN_POINT ( 'NONE',  ( -20.97836521770080154, 39.85138997391084104, -1.544499411315844783 ) ) ;
#1994 = LINE ( 'NONE', #4993, #8315 ) ;
#1995 = EDGE_CURVE ( 'NONE', #2800, #3042, #5531, .T. ) ;
#1996 = ORIENTED_EDGE ( 'NONE', *, *, #4817, .F. ) ;
#1997 = CARTESIAN_POINT ( 'NONE',  ( -39.10000000000008669, 20.09999999999986287, 7.599999999999999645 ) ) ;
#1998 = DIRECTION ( 'NONE',  ( 1.000000000000000000, 0.000000000000000000, -0.000000000000000000 ) ) ;
#1999 = DIRECTION ( 'NONE',  ( -0.000000000000000000, -0.000000000000000000, 1.000000000000000000 ) ) ;
#2000 = CARTESIAN_POINT ( 'NONE',  ( -19.92029505638999964, -42.93222032930459164, 2.000000000000001776 ) ) ;
#2001 = CARTESIAN_POINT ( 'NONE',  ( -40.09999999999995879, -12.19689577749903542, -15.40511026734024824 ) ) ;
#2002 = EDGE_CURVE ( 'NONE', #3914, #1164, #1037, .T. ) ;
#2003 = SHAPE_DEFINITION_REPRESENTATION ( #1240, #8891 ) ;
#2004 = CARTESIAN_POINT ( 'NONE',  ( -18.97408431222266145, -6.313473004331904725, 13.59999999999999787 ) ) ;
#2005 = CARTESIAN_POINT ( 'NONE',  ( 16.85487482652982294, 41.69057942229170521, -2.960698279246179343 ) ) ;
#2006 = ORIENTED_EDGE ( 'NONE', *, *, #3011, .T. ) ;
#2007 = VERTEX_POINT ( 'NONE', #7063 ) ;
#2008 = AXIS2_PLACEMENT_3D ( 'NONE', #7927, #1806, #7134 ) ;
#2009 = AXIS2_PLACEMENT_3D ( 'NONE', #4438, #3, #502 ) ;
#2010 = CARTESIAN_POINT ( 'NONE',  ( 41.14736041314557013, 21.03146074138506094, 28.59999999999998721 ) ) ;
#2011 = CARTESIAN_POINT ( 'NONE',  ( -42.11198588730312764, -20.02796534580524579, 7.569999999999994067 ) ) ;
#2012 = CARTESIAN_POINT ( 'NONE',  ( -20.72365630556134164, -42.45345021429153576, 1.999999999999996669 ) ) ;
#2013 = EDGE_CURVE ( 'NONE', #476, #5411, #616, .T. ) ;
#2014 = CARTESIAN_POINT ( 'NONE',  ( -20.27338287872769840, -42.27338287872771616, -0.6726918402503144767 ) ) ;
#2015 = DIRECTION ( 'NONE',  ( 1.000000000000000000, 0.000000000000000000, 0.000000000000000000 ) ) ;
#2016 = CARTESIAN_POINT ( 'NONE',  ( -16.10000000000018971, 44.05646371664033012, -0.6785506489318541279 ) ) ;
#2017 = CARTESIAN_POINT ( 'NONE',  ( 42.81432212399420223, -6.580336283632745698, 18.60000000000193410 ) ) ;
#2018 = AXIS2_PLACEMENT_3D ( 'NONE', #853, #8261, #5345 ) ;
#2019 = CARTESIAN_POINT ( 'NONE',  ( 19.60982081020824452, -42.20120180180586544, -1.603864678956320233 ) ) ;
#2020 = EDGE_CURVE ( 'NONE', #6020, #3926, #6135, .T. ) ;
#2021 = ORIENTED_EDGE ( 'NONE', *, *, #9419, .F. ) ;
#2022 = ORIENTED_EDGE ( 'NONE', *, *, #8526, .F. ) ;
#2023 = CARTESIAN_POINT ( 'NONE',  ( 17.58228836263663553, 44.09769885324951844, 1.239881106300598557 ) ) ;
#2024 = CARTESIAN_POINT ( 'NONE',  ( 40.64194652266323970, -20.16744729553145987, 9.600000000000004974 ) ) ;
#2025 = CIRCLE ( 'NONE', #7545, 0.7500000000000006661 ) ;
#2026 = CARTESIAN_POINT ( 'NONE',  ( -19.72107519403857978, 42.25137024352491011, -2.340402978300473613 ) ) ;
#2027 = DIRECTION ( 'NONE',  ( -1.000000000000000000, 0.000000000000000000, 0.000000000000000000 ) ) ;
#2028 = CARTESIAN_POINT ( 'NONE',  ( 20.51642667442791179, 43.16652083094786718, -0.3761790028755687687 ) ) ;
#2029 = CARTESIAN_POINT ( 'NONE',  ( 41.91309494535258295, -19.84221813255291167, 7.599999999999999645 ) ) ;
#2030 = CARTESIAN_POINT ( 'NONE',  ( 40.63729749817406400, 20.06115088678178893, 7.569999999999995843 ) ) ;
#2031 = CARTESIAN_POINT ( 'NONE',  ( -16.10000000000000142, -12.36666666664434899, -3.000000000000000000 ) ) ;
#2032 = EDGE_CURVE ( 'NONE', #6297, #5053, #3409, .T. ) ;
#2033 = CARTESIAN_POINT ( 'NONE',  ( -44.10000000000009379, 17.08448482974986860, 13.60000000000000142 ) ) ;
#2034 = ORIENTED_EDGE ( 'NONE', *, *, #1461, .T. ) ;
#2035 = ORIENTED_EDGE ( 'NONE', *, *, #1841, .F. ) ;
#2036 = CARTESIAN_POINT ( 'NONE',  ( -11.95942014063484926, 21.04485155126015528, 28.59999999999999432 ) ) ;
#2037 = CARTESIAN_POINT ( 'NONE',  ( 11.50304059332376383, 37.34406571453860835, 6.000000000000000000 ) ) ;
#2038 = DIRECTION ( 'NONE',  ( -1.000000000000000000, 0.000000000000000000, -1.826024711554534653E-16 ) ) ;
#2039 = DIRECTION ( 'NONE',  ( 0.000000000000000000, 1.000000000000000000, 0.000000000000000000 ) ) ;
#2040 = FACE_OUTER_BOUND ( 'NONE', #5214, .T. ) ;
#2041 = B_SPLINE_SURFACE_WITH_KNOTS ( 'NONE', 1, 3, ( 
 ( #6924, #9233, #2480, #756, #3762, #6776, #7575, #12, #3028, #2280, #9044, #6176, #5286, #801, #8306, #3811, #6411 ),
 ( #4140, #7765, #4743, #2066, #2617, #7853, #303, #5622, #5853, #5805, #7156, #2851, #3360, #5063, #4885, #4785, #254 ) ),
 .UNSPECIFIED., .F., .F., .F.,
 ( 2, 2 ),
 ( 4, 3, 2, 2, 2, 2, 2, 4 ),
 ( 0.000000000000000000, 1.000000000000000000 ),
 ( -0.01316216582490097216, 0.000000000000000000, 0.03125000000000000000, 0.06250000000000000000, 0.1250000000000000000, 0.2500000000000000000, 0.5000000000000000000, 1.000000000000000000 ),
 .UNSPECIFIED. ) ;
#2042 = CARTESIAN_POINT ( 'NONE',  ( 13.43834651777714839, 34.67164625281093748, 6.000000000000000000 ) ) ;
#2043 = CIRCLE ( 'NONE', #3301, 4.000000000000000000 ) ;
#2044 = CARTESIAN_POINT ( 'NONE',  ( 20.28449770133369867, -38.10000000000000853, -2.713554052992271703 ) ) ;
#2045 = CARTESIAN_POINT ( 'NONE',  ( -13.99246996001822829, -5.812705075313873593, 28.59999999999998721 ) ) ;
#2046 = CARTESIAN_POINT ( 'NONE',  ( 17.66698729810778445, -40.35000000000000142, 6.000000000000000000 ) ) ;
#2047 = CARTESIAN_POINT ( 'NONE',  ( -21.13238403920719222, 40.53523670167275128, -0.4902012987481552120 ) ) ;
#2048 = ORIENTED_EDGE ( 'NONE', *, *, #8197, .F. ) ;
#2049 = CARTESIAN_POINT ( 'NONE',  ( -42.94217619073199188, -19.94205602712013103, 8.933333334222432143 ) ) ;
#2050 = DIRECTION ( 'NONE',  ( 0.000000000000000000, -1.000000000000000000, 0.000000000000000000 ) ) ;
#2051 = CARTESIAN_POINT ( 'NONE',  ( 38.10000000000008669, -7.399999999999876010, 27.03333333333333499 ) ) ;
#2052 = CARTESIAN_POINT ( 'NONE',  ( -19.30725802099544097, -42.66038026670373995, -1.207259101984489380 ) ) ;
#2053 = CARTESIAN_POINT ( 'NONE',  ( 43.10000000000006537, -7.399999999999876010, 29.34999999999999076 ) ) ;
#2054 = CARTESIAN_POINT ( 'NONE',  ( 13.34575131106461221, -35.70000000000000284, 0.000000000000000000 ) ) ;
#2055 = ADVANCED_FACE ( 'NONE', ( #5954 ), #355, .T. ) ;
#2056 = CARTESIAN_POINT ( 'NONE',  ( 19.64449941131470823, 39.85138997391241134, -2.878365217701026602 ) ) ;
#2057 = ORIENTED_EDGE ( 'NONE', *, *, #5594, .T. ) ;
#2058 = VERTEX_POINT ( 'NONE', #2950 ) ;
#2059 = CARTESIAN_POINT ( 'NONE',  ( 41.39598592246133535, -12.32643837690324773, 13.60000000000000142 ) ) ;
#2060 = CYLINDRICAL_SURFACE ( 'NONE', #8469, 0.5000000000000004441 ) ;
#2061 = CARTESIAN_POINT ( 'NONE',  ( -14.10000000000000142, 35.89999999999999147, 0.000000000000000000 ) ) ;
#2062 = CARTESIAN_POINT ( 'NONE',  ( -18.20482714873244134, -8.978172398477909155, 13.59999999999999964 ) ) ;
#2063 = CARTESIAN_POINT ( 'NONE',  ( 19.14736041315071091, 44.03146074138470567, 9.600000000000004974 ) ) ;
#2064 = LINE ( 'NONE', #2848, #4566 ) ;
#2065 = CARTESIAN_POINT ( 'NONE',  ( 19.44544266090804641, -42.50821667536029480, -1.345442021434287705 ) ) ;
#2066 = CARTESIAN_POINT ( 'NONE',  ( 42.00428713161100092, -19.94571140254992159, 10.03000000000000647 ) ) ;
#2067 = ORIENTED_EDGE ( 'NONE', *, *, #6602, .F. ) ;
#2068 = EDGE_LOOP ( 'NONE', ( #5018, #5413, #6827, #7602 ) ) ;
#2069 = CARTESIAN_POINT ( 'NONE',  ( 17.54556998013296365, 44.14340405412289670, 0.5544094322153978460 ) ) ;
#2070 = CARTESIAN_POINT ( 'NONE',  ( -16.85089124915024783, -41.84072066215316710, -2.849891467617186702 ) ) ;
#2071 = CARTESIAN_POINT ( 'NONE',  ( 42.07265512131201035, 18.31705988617285641, 7.600000000000001421 ) ) ;
#2072 = CARTESIAN_POINT ( 'NONE',  ( -20.13650671140380410, 39.85036955926047142, -2.769261433318167320 ) ) ;
#2073 = LINE ( 'NONE', #9617, #8484 ) ;
#2074 = CARTESIAN_POINT ( 'NONE',  ( 20.13248562931232755, 43.13248562931477892, -1.094240478162133767 ) ) ;
#2075 = CARTESIAN_POINT ( 'NONE',  ( 16.10000000000002274, -42.72365611449979639, -2.353450447365248888 ) ) ;
#2076 = DIRECTION ( 'NONE',  ( 0.000000000000000000, -1.000000000000000000, 0.000000000000000000 ) ) ;
#2077 = CARTESIAN_POINT ( 'NONE',  ( -21.10000000000000142, -47.46000000000001506, -3.000000000000000000 ) ) ;
#2078 = ADVANCED_FACE ( 'NONE', ( #6847 ), #8971, .T. ) ;
#2079 = CARTESIAN_POINT ( 'NONE',  ( -42.28047690215983323, -20.12037981425791244, 9.599999999999962341 ) ) ;
#2080 = ORIENTED_EDGE ( 'NONE', *, *, #181, .F. ) ;
#2081 = ORIENTED_EDGE ( 'NONE', *, *, #9464, .F. ) ;
#2082 = DIRECTION ( 'NONE',  ( -1.000000000000000000, 0.000000000000000000, 0.000000000000000000 ) ) ;
#2083 = CARTESIAN_POINT ( 'NONE',  ( -20.59999999999981313, -38.84999999999955378, -2.500000000000192291 ) ) ;
#2084 = CARTESIAN_POINT ( 'NONE',  ( 20.31763701899485497, -42.81003976634686836, 9.600000000000003197 ) ) ;
#2085 = CARTESIAN_POINT ( 'NONE',  ( 43.10000000000007248, -6.367985304816650149, 14.65852308930105785 ) ) ;
#2086 = EDGE_CURVE ( 'NONE', #8857, #7650, #3384, .T. ) ;
#2087 = CARTESIAN_POINT ( 'NONE',  ( -18.35000000000000142, -39.66698729810778445, 7.599999999999999645 ) ) ;
#2088 = CARTESIAN_POINT ( 'NONE',  ( -11.78367193530156598, 21.06335781416404629, 18.59999999999741149 ) ) ;
#2089 = CARTESIAN_POINT ( 'NONE',  ( 18.77943293000818414, -42.09531886208917228, -2.334247358880480405 ) ) ;
#2090 = CARTESIAN_POINT ( 'NONE',  ( -13.91392182096088526, -6.266314601400791773, 28.60000000000000497 ) ) ;
#2091 = DIRECTION ( 'NONE',  ( -0.000000000000000000, -0.000000000000000000, 1.000000000000000000 ) ) ;
#2092 = PLANE ( 'NONE',  #782 ) ;
#2093 = ORIENTED_EDGE ( 'NONE', *, *, #2032, .T. ) ;
#2094 = CARTESIAN_POINT ( 'NONE',  ( -42.90292537900695891, -19.90289828683896900, 7.933333334038066731 ) ) ;
#2095 = DIRECTION ( 'NONE',  ( -1.000000000000000000, 0.000000000000000000, 0.000000000000000000 ) ) ;
#2096 = CARTESIAN_POINT ( 'NONE',  ( 12.50000000000000000, 35.89999999999999147, -2.957831373953969667 ) ) ;
#2097 = CARTESIAN_POINT ( 'NONE',  ( -19.97645406692530301, -42.64662036395558431, -0.3777666453302263028 ) ) ;
#2098 = CARTESIAN_POINT ( 'NONE',  ( 43.10000000000006537, -7.399999999999876010, 18.34999999999999432 ) ) ;
#2099 = DIRECTION ( 'NONE',  ( -0.000000000000000000, -0.000000000000000000, 1.000000000000000000 ) ) ;
#2100 = CARTESIAN_POINT ( 'NONE',  ( 42.09842776849453116, 16.73435631924503753, 7.569999999999995843 ) ) ;
#2101 = CARTESIAN_POINT ( 'NONE',  ( -20.74141812957295272, 43.42752615582861608, 1.249951005217882605 ) ) ;
#2102 = EDGE_LOOP ( 'NONE', ( #7962, #7040, #3940, #2202 ) ) ;
#2103 = ORIENTED_EDGE ( 'NONE', *, *, #1717, .F. ) ;
#2104 = CARTESIAN_POINT ( 'NONE',  ( 42.71654195172657609, 20.48402385466824427, 28.60000000000000142 ) ) ;
#2105 = CARTESIAN_POINT ( 'NONE',  ( -42.69895721866018334, -19.94750221178881588, 7.570000000000032259 ) ) ;
#2106 = EDGE_CURVE ( 'NONE', #3556, #5566, #5111, .T. ) ;
#2107 = CARTESIAN_POINT ( 'NONE',  ( 19.95340664962603938, -41.84466002192024803, -1.650791238052512711 ) ) ;
#2108 = CARTESIAN_POINT ( 'NONE',  ( -18.91614760871909340, -6.706487528224087669, 13.60000000000000320 ) ) ;
#2109 = DIRECTION ( 'NONE',  ( 0.000000000000000000, -1.000000000000000000, 0.000000000000000000 ) ) ;
#2110 = CARTESIAN_POINT ( 'NONE',  ( -39.10000000000007248, -20.20481555856621725, 9.600000000000001421 ) ) ;
#2111 = CARTESIAN_POINT ( 'NONE',  ( 16.10000000000001563, -43.03798432061486068, -1.061431337114686624 ) ) ;
#2112 = CARTESIAN_POINT ( 'NONE',  ( 43.10000000000006537, -21.10000000000013998, 9.600000000000003197 ) ) ;
#2113 = VERTEX_POINT ( 'NONE', #8128 ) ;
#2114 = ORIENTED_EDGE ( 'NONE', *, *, #5510, .T. ) ;
#2115 = CARTESIAN_POINT ( 'NONE',  ( 16.85321727930327640, 44.04464014978621123, -0.9653777089957643609 ) ) ;
#2116 = CARTESIAN_POINT ( 'NONE',  ( -18.77590760189362484, -42.18619108749882685, -2.259332843796276524 ) ) ;
#2117 = CARTESIAN_POINT ( 'NONE',  ( 42.02887602816069545, 19.10905543781694149, 7.599999999999998757 ) ) ;
#2118 = PRODUCT_DEFINITION_SHAPE ( 'NONE', 'NONE',  #9771 ) ;
#2119 = CARTESIAN_POINT ( 'NONE',  ( -19.53069457996217295, 40.53510680246137099, -2.908360526846201832 ) ) ;
#2120 = CARTESIAN_POINT ( 'NONE',  ( 40.66964569095198812, -3.912143682238331532, 27.33785631776157388 ) ) ;
#2121 = CARTESIAN_POINT ( 'NONE',  ( 20.66038026670234728, 42.30725910198272999, -1.207258020999141257 ) ) ;
#2122 = CARTESIAN_POINT ( 'NONE',  ( -42.46436809831256909, 19.99017548658622800, 7.599999999999998757 ) ) ;
#2123 = CARTESIAN_POINT ( 'NONE',  ( 16.10000000000002984, -43.05646371664032301, -0.6785506489318728907 ) ) ;
#2124 = CARTESIAN_POINT ( 'NONE',  ( 38.10000000000005116, 20.22735090365792132, 10.03000000000000647 ) ) ;
#2125 = FACE_OUTER_BOUND ( 'NONE', #133, .T. ) ;
#2126 = B_SPLINE_CURVE_WITH_KNOTS ( 'NONE', 3,
 ( #7024, #398, #3416, #4702, #6279, #9292, #2535, #6621, #7312, #7955, #5723, #647, #3610, #6517, #9629, #2871, #2085, #5872, #494, #8840, #8097, #9579, #1289, #4290, #3467, #1334, #8887, #4341, #2132, #7417, #4986, #7364, #5132, #3512, #5826, #8149, #1384, #4937, #1186, #5773, #3659, #5037, #598, #4193, #7217, #7267, #544, #5083, #4394, #6470, #6672, #449, #9530, #2673, #9483, #8052, #5679 ),
 .UNSPECIFIED., .F., .F.,
 ( 4, 2, 2, 2, 1, 1, 1, 2, 2, 1, 1, 1, 1, 2, 2, 1, 1, 1, 2, 2, 1, 1, 1, 1, 2, 2, 1, 1, 1, 1, 2, 2, 1, 1, 1, 1, 1, 2, 2, 4 ),
 ( 0.000000000000000000, 0.2499999999999995004, 0.3124999999999993894, 0.3749999999999992228, 0.4062499999999991673, 0.4218749999999992228, 0.4296874999999992784, 0.4335937499999990008, 0.4374999999999987788, 0.4687499999999968359, 0.4843749999999960587, 0.4921874999999956146, 0.4960937499999953371, 0.4980468749999951150, 0.4999999999999948930, 0.5312499999999907851, 0.5468749999999886757, 0.5546874999999874545, 0.5585937499999867883, 0.5624999999999861222, 0.5937499999999791278, 0.6093749999999757971, 0.6171874999999742428, 0.6210937499999734657, 0.6230468749999731326, 0.6249999999999727995, 0.6562499999999670264, 0.6718749999999639178, 0.6796874999999625855, 0.6835937499999619194, 0.6855468749999615863, 0.6874999999999612532, 0.7187499999999545919, 0.7343749999999515943, 0.7421874999999500400, 0.7460937499999492628, 0.7480468749999488187, 0.7490234374999483746, 0.7499999999999479305, 1.000000000000000000 ),
 .UNSPECIFIED. ) ;
#2127 = CARTESIAN_POINT ( 'NONE',  ( -20.19473485721420403, 39.09999999999920561, -2.748027949107477941 ) ) ;
#2128 = ORIENTED_EDGE ( 'NONE', *, *, #967, .T. ) ;
#2129 = CARTESIAN_POINT ( 'NONE',  ( -14.05304772075182029, 18.79246757332695594, 28.59999999999999432 ) ) ;
#2130 = CARTESIAN_POINT ( 'NONE',  ( -20.10546129867408283, -41.57047620839398405, -1.752408433507391505 ) ) ;
#2131 = CARTESIAN_POINT ( 'NONE',  ( 20.87219128650722766, -42.11584027700497757, 9.600000000000001421 ) ) ;
#2132 = CARTESIAN_POINT ( 'NONE',  ( 43.10000000000007248, -7.075519268908287529, 14.10354508900234549 ) ) ;
#2133 = EDGE_CURVE ( 'NONE', #1854, #2423, #1365, .T. ) ;
#2134 = CIRCLE ( 'NONE', #4168, 2.000000000000003553 ) ;
#2135 = LINE ( 'NONE', #696, #8914 ) ;
#2136 = CARTESIAN_POINT ( 'NONE',  ( -8.997687380367480614, 21.10040903741744245, 18.60000000000129461 ) ) ;
#2137 = CARTESIAN_POINT ( 'NONE',  ( 19.21722922712609716, -41.96949863560457317, -2.170059656037020446 ) ) ;
#2138 = LINE ( 'NONE', #5042, #4035 ) ;
#2139 = CARTESIAN_POINT ( 'NONE',  ( 40.95942014064108605, -7.344851551261054823, 28.59999999999999787 ) ) ;
#2140 = EDGE_CURVE ( 'NONE', #4585, #6737, #4399, .T. ) ;
#2141 = LINE ( 'NONE', #4451, #6772 ) ;
#2142 = ORIENTED_EDGE ( 'NONE', *, *, #3235, .T. ) ;
#2143 = CARTESIAN_POINT ( 'NONE',  ( -21.10000000000000142, 44.10000000000001563, -1.753333333333333854 ) ) ;
#2144 = DIRECTION ( 'NONE',  ( -1.000000000000000000, 0.000000000000000000, 0.000000000000000000 ) ) ;
#2145 = CARTESIAN_POINT ( 'NONE',  ( -16.10000000000028564, 44.10000000000002274, -2.000000000000011546 ) ) ;
#2146 = CARTESIAN_POINT ( 'NONE',  ( -19.84072066215157903, -42.94989146761562182, 1.249108750849552862 ) ) ;
#2147 = AXIS2_PLACEMENT_3D ( 'NONE', #1875, #6614, #5127 ) ;
#2148 = CARTESIAN_POINT ( 'NONE',  ( 20.59999999999814690, 43.59999999999874376, 1.249999999999557021 ) ) ;
#2149 = CARTESIAN_POINT ( 'NONE',  ( 20.20481555856607869, 0.000000000000000000, 9.600000000000001421 ) ) ;
#2150 = CARTESIAN_POINT ( 'NONE',  ( -20.31939565370281642, 42.76528687392996630, -1.289197387574165354 ) ) ;
#2151 = EDGE_LOOP ( 'NONE', ( #6959, #5412, #8359, #4825 ) ) ;
#2152 = ORIENTED_EDGE ( 'NONE', *, *, #1343, .F. ) ;
#2153 = CARTESIAN_POINT ( 'NONE',  ( 41.58902559124103249, 20.98247474095020948, 28.59999999999999432 ) ) ;
#2154 = CARTESIAN_POINT ( 'NONE',  ( -42.88915203886720207, -19.88843285399396166, 7.569999999999997620 ) ) ;
#2155 = LINE ( 'NONE', #1262, #8266 ) ;
#2156 = CARTESIAN_POINT ( 'NONE',  ( 38.10000000000007248, -21.10000000000013642, 12.26666666666666750 ) ) ;
#2157 = DIRECTION ( 'NONE',  ( -1.000000000000000000, 0.000000000000000000, 0.000000000000000000 ) ) ;
#2158 = CARTESIAN_POINT ( 'NONE',  ( 20.35000000000006892, -2.649999999999876010, 28.59999999999999787 ) ) ;
#2159 = CARTESIAN_POINT ( 'NONE',  ( 19.55059805170033371, -42.77173927811691811, -0.7042241279810633747 ) ) ;
#2160 = AXIS2_PLACEMENT_3D ( 'NONE', #235, #4813, #3439 ) ;
#2161 = CARTESIAN_POINT ( 'NONE',  ( -5.366666666666667140, 44.10000000000001563, -3.000000000000001776 ) ) ;
#2162 = ORIENTED_EDGE ( 'NONE', *, *, #9609, .F. ) ;
#2163 = EDGE_LOOP ( 'NONE', ( #2259, #5102, #5645, #9454, #1514 ) ) ;
#2164 = ORIENTED_EDGE ( 'NONE', *, *, #8461, .T. ) ;
#2165 = CARTESIAN_POINT ( 'NONE',  ( 16.10000000000002274, 43.93221865287139849, -1.820302720362560134 ) ) ;
#2166 = CARTESIAN_POINT ( 'NONE',  ( -19.24003503370526502, -41.80406941629040318, -2.287724469078761480 ) ) ;
#2167 = CARTESIAN_POINT ( 'NONE',  ( 42.03487874806378244, 19.03267561659417240, 7.599999999999998757 ) ) ;
#2168 = CARTESIAN_POINT ( 'NONE',  ( -18.80422412797813791, 42.55059805170370169, -2.671739278118216543 ) ) ;
#2169 = CARTESIAN_POINT ( 'NONE',  ( -20.19274964925210725, -42.84640685949660366, 9.600000000000003197 ) ) ;
#2170 = AXIS2_PLACEMENT_3D ( 'NONE', #9357, #6392, #9506 ) ;
#2171 = CARTESIAN_POINT ( 'NONE',  ( -39.78515570058240769, 20.09889575078383217, 7.599999999999999645 ) ) ;
#2172 = CARTESIAN_POINT ( 'NONE',  ( 16.10000000000000142, 13.36666666666667602, -2.999999999999998224 ) ) ;
#2173 = CARTESIAN_POINT ( 'NONE',  ( -43.20208039537414635, 17.37007898487633639, 9.600000000000099121 ) ) ;
#2174 = B_SPLINE_CURVE_WITH_KNOTS ( 'NONE', 3,
 ( #6870, #951, #1590, #3027 ),
 .UNSPECIFIED., .F., .F.,
 ( 4, 4 ),
 ( 0.000000000000000000, 1.000000000000000000 ),
 .UNSPECIFIED. ) ;
#2175 = CARTESIAN_POINT ( 'NONE',  ( 41.25301621596287305, -20.01613699023715398, 7.599999999999999645 ) ) ;
#2176 = CARTESIAN_POINT ( 'NONE',  ( -44.06222914286048820, 18.59927203771735904, 13.60000000000000497 ) ) ;
#2177 = ADVANCED_FACE ( 'NONE', ( #7397 ), #916, .T. ) ;
#2178 = VECTOR ( 'NONE', #4169, 1000.000000000000000 ) ;
#2179 = EDGE_LOOP ( 'NONE', ( #8258, #9035, #3092, #6851, #9573, #8696, #4919, #8587, #110, #5302, #3938, #5695, #279, #7234 ) ) ;
#2180 = CARTESIAN_POINT ( 'NONE',  ( -14.09011195108224790, 17.84967719371843131, 28.59999999999999787 ) ) ;
#2181 = CARTESIAN_POINT ( 'NONE',  ( -14.09999999999993570, 16.09999999999996945, 18.60000000000000142 ) ) ;
#2182 = CARTESIAN_POINT ( 'NONE',  ( -42.87323876972448744, 19.92027554826051272, 7.569999999999995843 ) ) ;
#2183 = FACE_OUTER_BOUND ( 'NONE', #5391, .T. ) ;
#2184 = CARTESIAN_POINT ( 'NONE',  ( -14.09614999910580835, 17.54454783075506441, 18.59999999999870468 ) ) ;
#2185 = CARTESIAN_POINT ( 'NONE',  ( 19.84072066215253471, -38.85089124915055692, -2.849891467617323482 ) ) ;
#2186 = CARTESIAN_POINT ( 'NONE',  ( -14.09999999999993570, 16.09999999999996945, 25.26666666666666927 ) ) ;
#2187 = CARTESIAN_POINT ( 'NONE',  ( 41.48039098668774471, -7.296437787965549759, 28.60000000000000497 ) ) ;
#2188 = EDGE_CURVE ( 'NONE', #1616, #5508, #2665, .T. ) ;
#2189 = VERTEX_POINT ( 'NONE', #8168 ) ;
#2190 = DIRECTION ( 'NONE',  ( -0.000000000000000000, -0.000000000000000000, 1.000000000000000000 ) ) ;
#2191 = ORIENTED_EDGE ( 'NONE', *, *, #6627, .T. ) ;
#2192 = CARTESIAN_POINT ( 'NONE',  ( 20.10000000000000142, -42.10000000000000853, 7.599999999999999645 ) ) ;
#2193 = CARTESIAN_POINT ( 'NONE',  ( -42.41023997489009645, -19.99745538570732961, 7.600000000000001421 ) ) ;
#2194 = FACE_OUTER_BOUND ( 'NONE', #8454, .T. ) ;
#2195 = CARTESIAN_POINT ( 'NONE',  ( -20.33662852272658839, -42.68917607033078809, 0.5637604553981061528 ) ) ;
#2196 = LINE ( 'NONE', #2986, #7345 ) ;
#2197 = CARTESIAN_POINT ( 'NONE',  ( 42.15653691405339032, 19.12183440813083024, 10.03000000000000469 ) ) ;
#2198 = AXIS2_PLACEMENT_3D ( 'NONE', #5541, #3281, #6425 ) ;
#2199 = ADVANCED_FACE ( 'NONE', ( #5155, #664 ), #3576, .F. ) ;
#2200 = CARTESIAN_POINT ( 'NONE',  ( -20.52666543961043644, 43.52666543961032630, 0.5635990939286488199 ) ) ;
#2201 = VERTEX_POINT ( 'NONE', #9696 ) ;
#2202 = ORIENTED_EDGE ( 'NONE', *, *, #4237, .F. ) ;
#2203 = PLANE ( 'NONE',  #1033 ) ;
#2204 = CARTESIAN_POINT ( 'NONE',  ( 18.60000000000000142, -39.23397459621556749, 7.599999999999999645 ) ) ;
#2205 = DIRECTION ( 'NONE',  ( -0.7071067811865474617, 8.659560562354932858E-17, 0.7071067811865474617 ) ) ;
#2206 = CARTESIAN_POINT ( 'NONE',  ( -11.23002651586200251, -12.37790033462153971, 13.60000000000000497 ) ) ;
#2207 = EDGE_CURVE ( 'NONE', #8068, #9262, #4508, .T. ) ;
#2208 = CARTESIAN_POINT ( 'NONE',  ( -19.88124999999928022, 42.78749999999893561, -1.781250000000159428 ) ) ;
#2209 = CARTESIAN_POINT ( 'NONE',  ( -42.94645722640282060, 19.97887522778326286, 9.599999999999994316 ) ) ;
#2210 = CARTESIAN_POINT ( 'NONE',  ( 19.37217076275506145, -42.84663610935654532, -0.7139846217414135277 ) ) ;
#2211 = DIRECTION ( 'NONE',  ( -0.000000000000000000, 0.000000000000000000, 1.000000000000000000 ) ) ;
#2212 = ORIENTED_EDGE ( 'NONE', *, *, #4820, .F. ) ;
#2213 = VERTEX_POINT ( 'NONE', #6642 ) ;
#2214 = CARTESIAN_POINT ( 'NONE',  ( 15.50000000000000000, -37.50000000000000000, 6.000000000000000000 ) ) ;
#2215 = CARTESIAN_POINT ( 'NONE',  ( 17.63114033232974265, 44.09802543199295144, 2.000000000000011102 ) ) ;
#2216 = CARTESIAN_POINT ( 'NONE',  ( -17.53584101845742538, -42.03164678249976305, -2.750005809652294353 ) ) ;
#2217 = DIRECTION ( 'NONE',  ( 1.000000000000000000, 0.000000000000000000, 0.000000000000000000 ) ) ;
#2218 = CARTESIAN_POINT ( 'NONE',  ( -19.90107979775084956, -42.93063647161886820, 9.600000000000003197 ) ) ;
#2219 = CARTESIAN_POINT ( 'NONE',  ( -42.43092493447877445, 19.99474113930488173, 7.600000000000000533 ) ) ;
#2220 = FACE_OUTER_BOUND ( 'NONE', #4064, .T. ) ;
#2221 = CARTESIAN_POINT ( 'NONE',  ( -42.97345285621204170, 19.95750394834316666, 9.600000000000099121 ) ) ;
#2222 = CARTESIAN_POINT ( 'NONE',  ( 35.65000000013788650, 18.10000000000012221, 25.59999999999999787 ) ) ;
#2223 = CARTESIAN_POINT ( 'NONE',  ( 43.10000000000006537, -2.399999999999876010, 18.59999999999973497 ) ) ;
#2224 = ORIENTED_EDGE ( 'NONE', *, *, #8693, .F. ) ;
#2225 = CARTESIAN_POINT ( 'NONE',  ( -11.09999999999993570, 18.09999999999996234, 27.72132034355963981 ) ) ;
#2226 = CARTESIAN_POINT ( 'NONE',  ( 43.10000000000006537, 16.10000000000013287, 6.550000000000000711 ) ) ;
#2227 = DIRECTION ( 'NONE',  ( -1.000000000000000000, 0.000000000000000000, -0.000000000000000000 ) ) ;
#2228 = DIRECTION ( 'NONE',  ( 0.000000000000000000, -0.000000000000000000, 1.000000000000000000 ) ) ;
#2229 = LINE ( 'NONE', #9186, #867 ) ;
#2230 = EDGE_CURVE ( 'NONE', #6177, #3075, #7437, .T. ) ;
#2231 = DIRECTION ( 'NONE',  ( 0.000000000000000000, 0.000000000000000000, 1.000000000000000000 ) ) ;
#2232 = CARTESIAN_POINT ( 'NONE',  ( -13.99046056094404378, -5.828617213898670713, 28.59999999999999787 ) ) ;
#2233 = CARTESIAN_POINT ( 'NONE',  ( 18.35000000000000142, -39.66698729810778445, 7.599999999999999645 ) ) ;
#2234 = ORIENTED_EDGE ( 'NONE', *, *, #1682, .T. ) ;
#2235 = DIRECTION ( 'NONE',  ( -1.000000000000000000, 0.000000000000000000, 0.000000000000000000 ) ) ;
#2236 = ORIENTED_EDGE ( 'NONE', *, *, #9736, .T. ) ;
#2237 = CARTESIAN_POINT ( 'NONE',  ( 20.83999999999846153, -43.10000000000000853, -3.000000000000000000 ) ) ;
#2238 = CARTESIAN_POINT ( 'NONE',  ( -42.39777772584724858, -19.99905485595831678, 7.600000000000000533 ) ) ;
#2239 = CARTESIAN_POINT ( 'NONE',  ( -14.09999999999993570, 9.933333333333346005, 18.60000000000000142 ) ) ;
#2240 = CARTESIAN_POINT ( 'NONE',  ( -17.53640090607056479, -42.52666543961079526, -2.426665439611524366 ) ) ;
#2241 = CARTESIAN_POINT ( 'NONE',  ( -19.09999999999993747, 3.766666666666737662, 13.60000000000000142 ) ) ;
#2242 = DIRECTION ( 'NONE',  ( -3.491481338843133750E-15, 1.000000000000000000, 0.000000000000000000 ) ) ;
#2243 = CARTESIAN_POINT ( 'NONE',  ( -20.61665412125397623, 43.43669093743105236, 0.5636572871557830045 ) ) ;
#2244 = VERTEX_POINT ( 'NONE', #3041 ) ;
#2245 = ORIENTED_EDGE ( 'NONE', *, *, #760, .T. ) ;
#2246 = B_SPLINE_SURFACE_WITH_KNOTS ( 'NONE', 3, 3, ( 
 ( #4244, #9528, #492, #5035, #2762, #5770, #8687, #3558, #1332, #2818, #2083, #2869 ),
 ( #8838, #4339, #5721, #1287, #8095, #3608, #396, #6417, #7265, #8885, #9627, #3510 ),
 ( #9431, #2671, #2716, #8787, #2130, #8050, #9481, #7953, #5677, #4984, #596, #4934 ),
 ( #7907, #4288, #1184, #7310, #8733, #6566, #1135, #4191, #7161, #7215, #4146, #447 ),
 ( #6468, #1983, #4440, #7467, #6819, #4588, #3755, #5278, #6767, #8298, #7616, #693 ),
 ( #5, #840, #3020, #6023, #1531, #4538, #6069, #7567, #3852, #3804, #1909, #2695 ),
 ( #8664, #7929, #5699, #4165, #420, #6443, #7975, #1208, #9458, #9404, #4911, #7188 ),
 ( #9180, #2379, #1158, #372, #8712, #3489, #5379, #3215, #6214, #2426, #1958, #3440 ),
 ( #889, #6963, #5426, #4959, #4218, #8396, #7238, #2597, #470, #9356, #1858, #6491 ),
 ( #1632, #4633, #7662, #5604, #6168, #3952, #3901, #4864, #6915, #1680, #151, #3174 ),
 ( #8442, #3385, #5650, #6391, #7883, #4685, #7710, #944, #200, #1114, #2645, #4121 ),
 ( #7136, #2789, #2012, #8025, #1411, #9702, #8912, #2739, #9505, #6690, #7390, #2845 ) ),
 .UNSPECIFIED., .F., .F., .F.,
 ( 4, 2, 2, 2, 2, 4 ),
 ( 4, 2, 2, 2, 2, 4 ),
 ( 0.000000000000000000, 0.06250000000000000000, 0.1250000000000000000, 0.2500000000000000000, 0.5000000000000000000, 1.000000000000000000 ),
 ( 0.000000000000000000, 0.06250000000000000000, 0.1250000000000000000, 0.2500000000000000000, 0.5000000000000000000, 1.000000000000000000 ),
 .UNSPECIFIED. ) ;
#2247 = CARTESIAN_POINT ( 'NONE',  ( 20.27338287872785827, -40.77269184025017523, -2.173382878731822121 ) ) ;
#2248 = DIRECTION ( 'NONE',  ( 0.000000000000000000, 0.000000000000000000, -1.000000000000000000 ) ) ;
#2249 = CARTESIAN_POINT ( 'NONE',  ( 20.10546131035952655, -41.57047616857265382, -1.752408431245694453 ) ) ;
#2250 = CARTESIAN_POINT ( 'NONE',  ( -13.33150948590089335, -12.22720810618569942, 13.60000000000000142 ) ) ;
#2251 = ADVANCED_FACE ( 'NONE', ( #9647 ), #6192, .T. ) ;
#2252 = PLANE ( 'NONE',  #8904 ) ;
#2253 = DIRECTION ( 'NONE',  ( 1.000000000000000000, 0.000000000000000000, 0.000000000000000000 ) ) ;
#2254 = CARTESIAN_POINT ( 'NONE',  ( 20.53233532578454401, -42.66766467421545883, 1.999999999999999112 ) ) ;
#2255 = CARTESIAN_POINT ( 'NONE',  ( 19.75079123804719927, 42.84466002192116463, -1.853406649631922143 ) ) ;
#2256 = ORIENTED_EDGE ( 'NONE', *, *, #2002, .F. ) ;
#2257 = ORIENTED_EDGE ( 'NONE', *, *, #2679, .T. ) ;
#2258 = EDGE_CURVE ( 'NONE', #7224, #4188, #8019, .T. ) ;
#2259 = ORIENTED_EDGE ( 'NONE', *, *, #5867, .F. ) ;
#2260 = CARTESIAN_POINT ( 'NONE',  ( 16.10000000000001918, 44.10000000000000853, 2.000000000000000000 ) ) ;
#2261 = CARTESIAN_POINT ( 'NONE',  ( -16.09999999999997655, -42.45345044736525608, -2.623656114499806513 ) ) ;
#2262 = CARTESIAN_POINT ( 'NONE',  ( 41.96384476362639049, 19.62671102340722484, 7.600000000000000533 ) ) ;
#2263 = CARTESIAN_POINT ( 'NONE',  ( -18.49873699103500968, -43.06641683701757017, 9.600000000000001421 ) ) ;
#2264 = CARTESIAN_POINT ( 'NONE',  ( -39.10000000000008669, 20.09999999999986287, 7.599999999999999645 ) ) ;
#2265 = CARTESIAN_POINT ( 'NONE',  ( 21.10000000000000142, 45.33999999999994657, 2.000000000000000000 ) ) ;
#2266 = CARTESIAN_POINT ( 'NONE',  ( 16.10000000000001208, 43.60000000000000853, -2.499999999999979128 ) ) ;
#2267 = CARTESIAN_POINT ( 'NONE',  ( 40.02616715160935001, -20.08109060486886577, 7.600000000000000533 ) ) ;
#2268 = EDGE_CURVE ( 'NONE', #4264, #7399, #5503, .T. ) ;
#2269 = CARTESIAN_POINT ( 'NONE',  ( -42.98042114943284986, 19.53210728986991285, 7.599999999999998757 ) ) ;
#2270 = ORIENTED_EDGE ( 'NONE', *, *, #5565, .T. ) ;
#2271 = LINE ( 'NONE', #1629, #116 ) ;
#2272 = CARTESIAN_POINT ( 'NONE',  ( 12.50000000000000888, -35.70000000000000284, 6.000000000000000000 ) ) ;
#2273 = CARTESIAN_POINT ( 'NONE',  ( -11.09999999999993570, -4.399999999999876010, 10.59999999999999787 ) ) ;
#2274 = DIRECTION ( 'NONE',  ( -0.000000000000000000, -0.000000000000000000, -1.000000000000000000 ) ) ;
#2275 = CARTESIAN_POINT ( 'NONE',  ( -43.20209550671363985, -17.36989670848714340, 9.599999999999562661 ) ) ;
#2276 = VECTOR ( 'NONE', #7362, 1000.000000000000000 ) ;
#2277 = CARTESIAN_POINT ( 'NONE',  ( -16.10000000000000497, -43.10000000000000853, 9.600000000000001421 ) ) ;
#2278 = CARTESIAN_POINT ( 'NONE',  ( -9.099999999999933920, -7.399999999999876010, 28.59999999999999787 ) ) ;
#2279 = EDGE_CURVE ( 'NONE', #9223, #5016, #1053, .T. ) ;
#2280 = CARTESIAN_POINT ( 'NONE',  ( 41.98338607260066624, -19.50478918533281458, 7.569999999999999396 ) ) ;
#2281 = EDGE_LOOP ( 'NONE', ( #7183, #8589, #3306, #3171, #197, #2296 ) ) ;
#2282 = CARTESIAN_POINT ( 'NONE',  ( -19.27279173386445876, 44.01881759005896555, 9.600000000000003197 ) ) ;
#2283 = ORIENTED_EDGE ( 'NONE', *, *, #1717, .T. ) ;
#2284 = CYLINDRICAL_SURFACE ( 'NONE', #2018, 4.000000000000000000 ) ;
#2285 = VECTOR ( 'NONE', #3709, 1000.000000000000000 ) ;
#2286 = CARTESIAN_POINT ( 'NONE',  ( 15.50000000000000000, -37.50000000000000000, 0.000000000000000000 ) ) ;
#2287 = CARTESIAN_POINT ( 'NONE',  ( 20.59999999999999432, 43.60000000000001563, 2.000000000000000888 ) ) ;
#2288 = CARTESIAN_POINT ( 'NONE',  ( -14.09999999999993570, 3.766666666666745211, 18.60000000000000142 ) ) ;
#2289 = CARTESIAN_POINT ( 'NONE',  ( -18.48376891750292117, -42.84427059966323981, -1.498297183170241409 ) ) ;
#2290 = CARTESIAN_POINT ( 'NONE',  ( -16.86546493963008331, 44.10000000000000853, 2.000000000000001332 ) ) ;
#2291 = CONICAL_SURFACE ( 'NONE', #1666, 3.149999999999999911, 0.7853981633974482790 ) ;
#2292 = FACE_OUTER_BOUND ( 'NONE', #6488, .T. ) ;
#2293 = EDGE_CURVE ( 'NONE', #1504, #4264, #9448, .T. ) ;
#2294 = CARTESIAN_POINT ( 'NONE',  ( -20.06931452656753123, 42.82769126166927265, -1.539790960582809065 ) ) ;
#2295 = ORIENTED_EDGE ( 'NONE', *, *, #1075, .T. ) ;
#2296 = ORIENTED_EDGE ( 'NONE', *, *, #1398, .T. ) ;
#2297 = CARTESIAN_POINT ( 'NONE',  ( -14.60000000000000142, 34.11769309494244595, 0.000000000000000000 ) ) ;
#2298 = CARTESIAN_POINT ( 'NONE',  ( 21.10000000000000853, 39.10000000000048459, 1.234538920767856318 ) ) ;
#2299 = CARTESIAN_POINT ( 'NONE',  ( 21.11238549097615191, -40.95399462619490549, 0.5652200701893144164 ) ) ;
#2300 = CARTESIAN_POINT ( 'NONE',  ( -19.75079123804835035, -41.84466002191922485, -1.853406649629401937 ) ) ;
#2301 = AXIS2_PLACEMENT_3D ( 'NONE', #7060, #8540, #1128 ) ;
#2302 = ADVANCED_FACE ( 'NONE', ( #7272, #4992 ), #2774, .T. ) ;
#2303 = CARTESIAN_POINT ( 'NONE',  ( 38.10000000000005826, 20.10000000000013287, 7.599999999999999645 ) ) ;
#2304 = CARTESIAN_POINT ( 'NONE',  ( -16.85000000000002984, 43.59999999999989484, -2.500000000000114575 ) ) ;
#2305 = CARTESIAN_POINT ( 'NONE',  ( 20.19474083638178641, -42.84802577744956409, 2.000000000000000000 ) ) ;
#2306 = CARTESIAN_POINT ( 'NONE',  ( -11.70268623409459430, 36.24285714285714022, 6.000000000000000000 ) ) ;
#2307 = ORIENTED_EDGE ( 'NONE', *, *, #4143, .F. ) ;
#2308 = ORIENTED_EDGE ( 'NONE', *, *, #5995, .T. ) ;
#2309 = EDGE_CURVE ( 'NONE', #633, #4014, #1248, .T. ) ;
#2310 = DIRECTION ( 'NONE',  ( 0.000000000000000000, 0.000000000000000000, 1.000000000000000000 ) ) ;
#2311 = DIRECTION ( 'NONE',  ( 0.05233595624294377913, 0.000000000000000000, 0.9986295347545739443 ) ) ;
#2312 = CARTESIAN_POINT ( 'NONE',  ( -19.41333390546464699, -40.48851293542110596, -2.812689368099586584 ) ) ;
#2313 = CARTESIAN_POINT ( 'NONE',  ( 42.09372723667711824, 17.34585462763960351, 7.599999999999998757 ) ) ;
#2314 = CARTESIAN_POINT ( 'NONE',  ( -20.99246996001741294, -41.51270507532621679, 9.600000000000003197 ) ) ;
#2315 = EDGE_CURVE ( 'NONE', #6309, #901, #5988, .T. ) ;
#2316 = CARTESIAN_POINT ( 'NONE',  ( -41.95743381531349314, 20.04035290575581030, 7.599999999999998757 ) ) ;
#2317 = CARTESIAN_POINT ( 'NONE',  ( 16.10000000000001563, 43.19473485721425732, -2.748027949107470391 ) ) ;
#2318 = CARTESIAN_POINT ( 'NONE',  ( 40.01456311779657682, -20.08138178950379427, 7.600000000000001421 ) ) ;
#2319 = CARTESIAN_POINT ( 'NONE',  ( -43.10000000000006537, 16.09999999999986287, 7.599999999999999645 ) ) ;
#2320 = ORIENTED_EDGE ( 'NONE', *, *, #8829, .F. ) ;
#2321 = CARTESIAN_POINT ( 'NONE',  ( 19.75079123681067017, 42.95340664962981947, -1.744660021923037485 ) ) ;
#2322 = CARTESIAN_POINT ( 'NONE',  ( -13.97576400432714472, 19.63667213872622241, 28.59999999999999432 ) ) ;
#2323 = CIRCLE ( 'NONE', #1058, 0.5000000000000004441 ) ;
#2324 = CARTESIAN_POINT ( 'NONE',  ( 20.98574326795745293, -41.56481889561171528, 9.599999999999999645 ) ) ;
#2325 = B_SPLINE_CURVE_WITH_KNOTS ( 'NONE', 3,
 ( #5832, #9587, #3667, #8106, #703, #1341, #9738, #9001, #606, #6678, #2927, #5930 ),
 .UNSPECIFIED., .F., .F.,
 ( 4, 2, 2, 2, 2, 4 ),
 ( 0.000000000000000000, 0.5000000000000000000, 0.7500000000000000000, 0.8750000000000000000, 0.9375000000000000000, 1.000000000000000000 ),
 .UNSPECIFIED. ) ;
#2326 = CARTESIAN_POINT ( 'NONE',  ( 40.60000000000006537, 17.54098300562517565, 7.599999999999999645 ) ) ;
#2327 = CARTESIAN_POINT ( 'NONE',  ( 12.90031711825083427, -34.69976218936863432, -2.957831373953969667 ) ) ;
#2328 = CARTESIAN_POINT ( 'NONE',  ( -43.20481555856299849, -16.10000000000012932, 9.600000000000001421 ) ) ;
#2329 = EDGE_CURVE ( 'NONE', #9286, #715, #4108, .T. ) ;
#2330 = CARTESIAN_POINT ( 'NONE',  ( 16.84999999999947562, -42.60000000000115961, -2.500000000001727507 ) ) ;
#2331 = PRODUCT ( 'Assem1', 'Assem1', '', ( #9693 ) ) ;
#2332 = CIRCLE ( 'NONE', #5944, 0.5000000000000004441 ) ;
#2333 = CARTESIAN_POINT ( 'NONE',  ( -10.08448482984576344, -7.399999999999876898, 28.60000000000000142 ) ) ;
#2334 = CARTESIAN_POINT ( 'NONE',  ( 42.98247474094913656, -5.889025591245864000, 28.60000000000000142 ) ) ;
#2335 = ORIENTED_EDGE ( 'NONE', *, *, #6148, .T. ) ;
#2336 = CARTESIAN_POINT ( 'NONE',  ( -20.73941876031662801, 43.43244147772507802, 9.600000000000001421 ) ) ;
#2337 = VERTEX_POINT ( 'NONE', #1295 ) ;
#2338 = DIRECTION ( 'NONE',  ( -1.000000000000000000, 0.000000000000000000, 0.000000000000000000 ) ) ;
#2339 = CARTESIAN_POINT ( 'NONE',  ( -41.44941599427620815, -20.06846027190617221, 7.599999999999998757 ) ) ;
#2340 = LINE ( 'NONE', #8366, #3088 ) ;
#2341 = LINE ( 'NONE', #8263, #733 ) ;
#2342 = AXIS2_PLACEMENT_3D ( 'NONE', #1534, #2274, #6821 ) ;
#2343 = CARTESIAN_POINT ( 'NONE',  ( -18.87035893254510910, -43.06960988856446448, -0.4066910781038904354 ) ) ;
#2344 =( LENGTH_UNIT ( ) NAMED_UNIT ( * ) SI_UNIT ( .MILLI., .METRE. ) );
#2345 = CARTESIAN_POINT ( 'NONE',  ( -20.60000000000000853, -38.10000000000002274, -2.500000000000002665 ) ) ;
#2346 = CARTESIAN_POINT ( 'NONE',  ( 42.00441549215407377, 19.94544354190140822, 10.03000000000000469 ) ) ;
#2347 = CARTESIAN_POINT ( 'NONE',  ( -20.58390516619943611, 42.28511273046789398, -1.372533052836101053 ) ) ;
#2348 = ORIENTED_EDGE ( 'NONE', *, *, #5265, .T. ) ;
#2349 = ORIENTED_EDGE ( 'NONE', *, *, #8877, .T. ) ;
#2350 = CIRCLE ( 'NONE', #9435, 0.5000000000000004441 ) ;
#2351 = CARTESIAN_POINT ( 'NONE',  ( 19.78749999999716280, -41.88124999999995168, -1.781250000002830403 ) ) ;
#2352 = CARTESIAN_POINT ( 'NONE',  ( 16.10000000000000853, -38.86546493962996607, -3.000000000000000888 ) ) ;
#2353 = CARTESIAN_POINT ( 'NONE',  ( 20.44040297829682018, -41.72107519403712672, -1.151370243527485515 ) ) ;
#2354 = CARTESIAN_POINT ( 'NONE',  ( -16.84999999999951825, -42.59999999999982379, -2.500000000000194955 ) ) ;
#2355 = CARTESIAN_POINT ( 'NONE',  ( -16.85321727930386970, 42.06537770899272033, -2.944640149785000993 ) ) ;
#2356 = FACE_OUTER_BOUND ( 'NONE', #1964, .T. ) ;
#2357 = CIRCLE ( 'NONE', #6134, 2.000000000000001776 ) ;
#2358 = EDGE_CURVE ( 'NONE', #7855, #4254, #9137, .T. ) ;
#2359 = AXIS2_PLACEMENT_3D ( 'NONE', #6099, #8180, #725 ) ;
#2360 = CARTESIAN_POINT ( 'NONE',  ( 40.27566523579601210, -21.07444201803202688, 13.60000000000000142 ) ) ;
#2361 = CARTESIAN_POINT ( 'NONE',  ( -12.98996815864247267, -7.223801830993765272, 13.60000000000183995 ) ) ;
#2362 = CARTESIAN_POINT ( 'NONE',  ( 19.77688266466822142, 42.77688266332413036, -1.893290925106154265 ) ) ;
#2363 = EDGE_LOOP ( 'NONE', ( #8610, #885, #3446, #1330 ) ) ;
#2364 = ADVANCED_FACE ( 'NONE', ( #1492 ), #4498, .F. ) ;
#2365 = ORIENTED_EDGE ( 'NONE', *, *, #1259, .F. ) ;
#2366 = ORIENTED_EDGE ( 'NONE', *, *, #7392, .F. ) ;
#2367 = CARTESIAN_POINT ( 'NONE',  ( 20.10000000000000142, 0.000000000000000000, 7.599999999999999645 ) ) ;
#2368 = DIRECTION ( 'NONE',  ( -1.000000000000000000, 0.000000000000000000, 0.000000000000000000 ) ) ;
#2369 = AXIS2_PLACEMENT_3D ( 'NONE', #8192, #4432, #7456 ) ;
#2370 = CARTESIAN_POINT ( 'NONE',  ( -18.79246757333253726, -43.05304772075127318, 9.600000000000001421 ) ) ;
#2371 = CARTESIAN_POINT ( 'NONE',  ( -42.94205602711759440, 19.94217619073344139, 8.933333334222430366 ) ) ;
#2372 = CARTESIAN_POINT ( 'NONE',  ( 20.08137278453230934, -42.08137278453460084, -1.230809411781434326 ) ) ;
#2373 = CARTESIAN_POINT ( 'NONE',  ( 40.95743381531182337, -20.04035290575714257, 7.600000000000000533 ) ) ;
#2374 = PRESENTATION_LAYER_ASSIGNMENT (  '', '', ( #6622 ) ) ;
#2375 = CARTESIAN_POINT ( 'NONE',  ( -42.95750394834144004, -19.97345285621480215, 9.599999999999964118 ) ) ;
#2376 = ORIENTED_EDGE ( 'NONE', *, *, #8551, .T. ) ;
#2377 = CYLINDRICAL_SURFACE ( 'NONE', #7204, 0.7500000000000006661 ) ;
#2378 = CARTESIAN_POINT ( 'NONE',  ( -43.09532558558766624, -17.20009818800432200, 7.599999999999999645 ) ) ;
#2379 = CARTESIAN_POINT ( 'NONE',  ( -20.35933284383307296, -42.18619108745846802, -0.6759075326611971857 ) ) ;
#2380 = CARTESIAN_POINT ( 'NONE',  ( 21.03146074138201271, -41.14736041317246418, 9.599999999999999645 ) ) ;
#2381 = DIRECTION ( 'NONE',  ( 0.000000000000000000, 1.000000000000000000, 0.000000000000000000 ) ) ;
#2382 = CARTESIAN_POINT ( 'NONE',  ( 18.35000000000000142, 39.66698729810778445, 7.599999999999999645 ) ) ;
#2383 = CARTESIAN_POINT ( 'NONE',  ( -19.07061978082739628, 18.47476482905970130, 13.59999999999999609 ) ) ;
#2384 = EDGE_CURVE ( 'NONE', #6900, #5315, #1392, .T. ) ;
#2385 = EDGE_CURVE ( 'NONE', #2841, #1628, #5025, .T. ) ;
#2386 = LINE ( 'NONE', #9544, #2836 ) ;
#2387 = CARTESIAN_POINT ( 'NONE',  ( 17.53598767062911890, -42.13409537328181642, -2.705304253619123855 ) ) ;
#2388 = CARTESIAN_POINT ( 'NONE',  ( -13.27774806692405285, -7.113640177868854053, 28.59999999999999076 ) ) ;
#2389 = CARTESIAN_POINT ( 'NONE',  ( 42.98574326795709055, -5.864818895613420402, 28.59999999999999787 ) ) ;
#2390 = VERTEX_POINT ( 'NONE', #6630 ) ;
#2391 = CARTESIAN_POINT ( 'NONE',  ( -20.98712545639588001, 42.55436243565011978, 9.600000000000001421 ) ) ;
#2392 = VERTEX_POINT ( 'NONE', #8896 ) ;
#2393 = EDGE_CURVE ( 'NONE', #5236, #3460, #3030, .T. ) ;
#2394 = CARTESIAN_POINT ( 'NONE',  ( 18.10000000000000142, 40.10000000000000142, 0.000000000000000000 ) ) ;
#2395 = CARTESIAN_POINT ( 'NONE',  ( -40.04630792284196872, -20.09672409429531115, 7.600000000000000533 ) ) ;
#2396 = CARTESIAN_POINT ( 'NONE',  ( 20.97836521769984941, 42.64449941131465494, 1.248610026087847880 ) ) ;
#2397 = CARTESIAN_POINT ( 'NONE',  ( 38.10000000000007248, -20.10000000000013642, 7.599999999999999645 ) ) ;
#2398 = CARTESIAN_POINT ( 'NONE',  ( -17.54556998013388380, -43.14340405412221457, 0.5544094322169662581 ) ) ;
#2399 = CARTESIAN_POINT ( 'NONE',  ( -20.60000000000000497, 43.60000000000000853, 2.000000000000001332 ) ) ;
#2400 = CYLINDRICAL_SURFACE ( 'NONE', #4823, 0.5000000000000004441 ) ;
#2401 = CARTESIAN_POINT ( 'NONE',  ( 38.10000000000004405, 20.16987703906390905, 8.933333333709594370 ) ) ;
#2402 = CARTESIAN_POINT ( 'NONE',  ( -20.38772446907737290, 42.80406941629007633, -1.140035033706519041 ) ) ;
#2403 = ORIENTED_EDGE ( 'NONE', *, *, #4114, .T. ) ;
#2404 = CARTESIAN_POINT ( 'NONE',  ( 16.10000000000001208, -42.59999999999999432, -2.499999999999998668 ) ) ;
#2405 = CARTESIAN_POINT ( 'NONE',  ( 20.81355405299226291, -42.28449770133366314, 2.000000000000000888 ) ) ;
#2406 = CARTESIAN_POINT ( 'NONE',  ( -19.05092378285785770, -5.266207409131042461, 13.60000000000000142 ) ) ;
#2407 = CARTESIAN_POINT ( 'NONE',  ( -17.53634255459560265, 43.43669093741117138, -2.516654121275605949 ) ) ;
#2408 = CARTESIAN_POINT ( 'NONE',  ( -19.81645280243110463, 42.81645280243078133, -1.818015302431979618 ) ) ;
#2409 = CARTESIAN_POINT ( 'NONE',  ( -41.64194652266839825, 20.16744729553176185, 9.599999999999994316 ) ) ;
#2410 = CARTESIAN_POINT ( 'NONE',  ( 37.50000000000005684, -15.49999999999987033, 11.83000000000000007 ) ) ;
#2411 = CARTESIAN_POINT ( 'NONE',  ( 19.40343074669713985, 42.68537544719803378, -2.269741039323640130 ) ) ;
#2412 = ORIENTED_EDGE ( 'NONE', *, *, #4398, .F. ) ;
#2413 = EDGE_CURVE ( 'NONE', #2423, #7767, #2141, .T. ) ;
#2414 = ORIENTED_EDGE ( 'NONE', *, *, #8098, .F. ) ;
#2415 = ORIENTED_EDGE ( 'NONE', *, *, #4949, .F. ) ;
#2416 = CARTESIAN_POINT ( 'NONE',  ( 19.88124999999716991, -41.78749999999978115, -1.781250000002683409 ) ) ;
#2417 = PLANE ( 'NONE',  #122 ) ;
#2418 = CARTESIAN_POINT ( 'NONE',  ( 41.60088922028040059, 20.07607343086558771, 9.600000000000001421 ) ) ;
#2419 = CARTESIAN_POINT ( 'NONE',  ( -16.85023373485075027, 43.83565292289897997, -2.135508083945469870 ) ) ;
#2420 = CARTESIAN_POINT ( 'NONE',  ( 18.77269184024835980, -42.27338287873131861, -2.173382878733428392 ) ) ;
#2421 = CARTESIAN_POINT ( 'NONE',  ( -39.10000000000009379, 21.09999999999986642, 9.499999999999984013 ) ) ;
#2422 = CARTESIAN_POINT ( 'NONE',  ( -43.04172511988753058, 18.93756930551376527, 7.599999999999999645 ) ) ;
#2423 = VERTEX_POINT ( 'NONE', #8157 ) ;
#2424 = CARTESIAN_POINT ( 'NONE',  ( 38.97754551560188219, -7.399999999999876898, 23.89999999999999147 ) ) ;
#2425 = CARTESIAN_POINT ( 'NONE',  ( -43.10000000108271934, -16.46797689357494221, 7.600000000000000533 ) ) ;
#2426 = CARTESIAN_POINT ( 'NONE',  ( -21.11238549097732786, -39.53477992980915445, -0.8539946261971959052 ) ) ;
#2427 = FACE_OUTER_BOUND ( 'NONE', #9739, .T. ) ;
#2428 = CARTESIAN_POINT ( 'NONE',  ( 19.99887817353966568, 42.52984423246928003, -1.898878173544802817 ) ) ;
#2429 = CARTESIAN_POINT ( 'NONE',  ( -19.06592440751428086, 18.60858915414764425, 13.60000000000000142 ) ) ;
#2430 = DIRECTION ( 'NONE',  ( 1.000000000000000000, 0.000000000000000000, 0.000000000000000000 ) ) ;
#2431 = CARTESIAN_POINT ( 'NONE',  ( 20.35000000000006537, 4.850000000000175504, 25.59999999999999787 ) ) ;
#2432 = CARTESIAN_POINT ( 'NONE',  ( 43.06840992987352479, -4.747485147951523210, 28.60000000000000142 ) ) ;
#2433 = EDGE_LOOP ( 'NONE', ( #3839, #2048, #2256, #3159, #5658, #7173, #3886, #5316, #9011, #8181, #2607, #2619 ) ) ;
#2434 = CARTESIAN_POINT ( 'NONE',  ( -20.87219128650717792, 43.11584027700510546, 9.600000000000001421 ) ) ;
#2435 = ORIENTED_EDGE ( 'NONE', *, *, #2648, .F. ) ;
#2436 = EDGE_CURVE ( 'NONE', #2007, #5523, #4297, .T. ) ;
#2437 = CARTESIAN_POINT ( 'NONE',  ( 42.10000000000006537, -16.10000000000013287, 7.599999999999999645 ) ) ;
#2438 = PLANE ( 'NONE',  #1852 ) ;
#2439 = CARTESIAN_POINT ( 'NONE',  ( 15.50000000000000000, 37.50000000000000000, 6.000000000000000000 ) ) ;
#2440 = LINE ( 'NONE', #8214, #1197 ) ;
#2441 = CARTESIAN_POINT ( 'NONE',  ( -18.50669127814468595, -43.06960953871650588, -0.7703644272501626311 ) ) ;
#2442 = ADVANCED_FACE ( 'NONE', ( #2829 ), #9046, .F. ) ;
#2443 = DIRECTION ( 'NONE',  ( -3.563892236262294995E-15, -1.000000000000000000, 0.000000000000000000 ) ) ;
#2444 = CARTESIAN_POINT ( 'NONE',  ( 41.98438209060371662, 19.98672844034155460, 10.02999999999991410 ) ) ;
#2445 = AXIS2_PLACEMENT_3D ( 'NONE', #8967, #3684, #2157 ) ;
#2446 = CARTESIAN_POINT ( 'NONE',  ( -20.38772453215863223, 42.24003477612489377, -1.704069336613561081 ) ) ;
#2447 = ORIENTED_EDGE ( 'NONE', *, *, #805, .T. ) ;
#2448 = CARTESIAN_POINT ( 'NONE',  ( -44.07054652695217101, -18.38973471204255006, 13.60000000000000497 ) ) ;
#2449 = CARTESIAN_POINT ( 'NONE',  ( 20.93222032930457033, -41.92029505638997477, 2.000000000000001776 ) ) ;
#2450 = CARTESIAN_POINT ( 'NONE',  ( -19.07642317948015886, -4.583866351673334449, 13.59999999999999964 ) ) ;
#2451 = CARTESIAN_POINT ( 'NONE',  ( -16.10000000000028919, 43.60000000000001563, -2.499999999999993339 ) ) ;
#2452 = VECTOR ( 'NONE', #1376, 1000.000000000000000 ) ;
#2453 = CARTESIAN_POINT ( 'NONE',  ( 41.51270507531358334, -20.99246996001846099, 13.60000000000000320 ) ) ;
#2454 = DIRECTION ( 'NONE',  ( -0.000000000000000000, -1.000000000000000000, -0.000000000000000000 ) ) ;
#2455 = CARTESIAN_POINT ( 'NONE',  ( -14.00178186234576749, -5.759275341108375024, 13.59999999999814690 ) ) ;
#2456 = CARTESIAN_POINT ( 'NONE',  ( 20.00359737108702163, 42.34565532567420121, -2.047862617733200885 ) ) ;
#2457 = ORIENTED_EDGE ( 'NONE', *, *, #5017, .F. ) ;
#2458 = ORIENTED_EDGE ( 'NONE', *, *, #2957, .F. ) ;
#2459 = CYLINDRICAL_SURFACE ( 'NONE', #4675, 0.5000000000000004441 ) ;
#2460 = CARTESIAN_POINT ( 'NONE',  ( -9.099999999999951683, 21.09999999999996945, 18.35000000000001563 ) ) ;
#2461 = CARTESIAN_POINT ( 'NONE',  ( -14.09999999999993747, -2.399999999999876010, 18.60000000000000497 ) ) ;
#2462 = AXIS2_PLACEMENT_3D ( 'NONE', #1606, #7639, #9059 ) ;
#2463 = CARTESIAN_POINT ( 'NONE',  ( 20.71654195172370194, 43.48402385467061748, 9.600000000000001421 ) ) ;
#2464 = CARTESIAN_POINT ( 'NONE',  ( -20.27338287872885658, 43.27338287872865408, -0.6726918402503552219 ) ) ;
#2465 = CIRCLE ( 'NONE', #2675, 2.000000000000001776 ) ;
#2466 = CARTESIAN_POINT ( 'NONE',  ( -42.95510860986140500, 19.95525980219300877, 9.266666667217052122 ) ) ;
#2467 = CARTESIAN_POINT ( 'NONE',  ( 19.88124999999700648, -41.88124999999963194, -1.687500000002673417 ) ) ;
#2468 = CYLINDRICAL_SURFACE ( 'NONE', #7978, 4.000000000000000000 ) ;
#2469 = ORIENTED_EDGE ( 'NONE', *, *, #3584, .T. ) ;
#2470 = EDGE_LOOP ( 'NONE', ( #7534, #3779, #7475, #2234 ) ) ;
#2471 = LINE ( 'NONE', #4631, #587 ) ;
#2472 = CARTESIAN_POINT ( 'NONE',  ( 42.01986127612190813, -19.84437849794790409, 9.599999999999942801 ) ) ;
#2473 = CARTESIAN_POINT ( 'NONE',  ( -43.22463167850430210, -17.37014037219714524, 10.02999999999945402 ) ) ;
#2474 = CARTESIAN_POINT ( 'NONE',  ( -43.16987703906384155, 16.09999999999985576, 8.933333333709594370 ) ) ;
#2475 = ADVANCED_FACE ( 'NONE', ( #554 ), #2092, .T. ) ;
#2476 = DIRECTION ( 'NONE',  ( -0.000000000000000000, -0.000000000000000000, 1.000000000000000000 ) ) ;
#2477 = CARTESIAN_POINT ( 'NONE',  ( -20.28449770133371288, -42.81355405299228778, 2.000000000000011102 ) ) ;
#2478 = EDGE_CURVE ( 'NONE', #3567, #5833, #2325, .T. ) ;
#2479 = DIRECTION ( 'NONE',  ( 1.000000000000000000, 0.000000000000000000, 0.000000000000000000 ) ) ;
#2480 = CARTESIAN_POINT ( 'NONE',  ( 41.88083581185453141, -19.90471379356683101, 7.569999999999995843 ) ) ;
#2481 = ORIENTED_EDGE ( 'NONE', *, *, #6384, .T. ) ;
#2482 = AXIS2_PLACEMENT_3D ( 'NONE', #6590, #8860, #5104 ) ;
#2483 = CARTESIAN_POINT ( 'NONE',  ( -20.97576400432911115, 42.63667213872031425, 9.600000000000004974 ) ) ;
#2484 = ORIENTED_EDGE ( 'NONE', *, *, #5151, .T. ) ;
#2485 = LINE ( 'NONE', #307, #276 ) ;
#2486 = DIRECTION ( 'NONE',  ( 0.000000000000000000, 0.000000000000000000, 1.000000000000000000 ) ) ;
#2487 = CARTESIAN_POINT ( 'NONE',  ( 41.94217619073020842, 19.94205602712202463, 8.933333334222432143 ) ) ;
#2488 = DIRECTION ( 'NONE',  ( -0.000000000000000000, 0.000000000000000000, 1.000000000000000000 ) ) ;
#2489 = CARTESIAN_POINT ( 'NONE',  ( -11.98215051297394140, 26.06624690466864536, 13.60000000000000142 ) ) ;
#2490 = AXIS2_PLACEMENT_3D ( 'NONE', #920, #3195, #5501 ) ;
#2491 = EDGE_CURVE ( 'NONE', #8783, #1246, #5660, .T. ) ;
#2492 = FACE_OUTER_BOUND ( 'NONE', #2102, .T. ) ;
#2493 = CARTESIAN_POINT ( 'NONE',  ( -20.44040282528653663, 42.25136987915117714, -1.621075896308763253 ) ) ;
#2494 = EDGE_LOOP ( 'NONE', ( #5534, #3029, #7880, #3411 ) ) ;
#2495 = CARTESIAN_POINT ( 'NONE',  ( -20.52666543961078460, -39.53640090607059676, -2.426665439611523922 ) ) ;
#2496 = AXIS2_PLACEMENT_3D ( 'NONE', #8614, #6445, #1860 ) ;
#2497 = CARTESIAN_POINT ( 'NONE',  ( -43.99046056094405799, -19.52861721390140914, 13.60000000000000142 ) ) ;
#2498 = CARTESIAN_POINT ( 'NONE',  ( 20.94989004568000013, -38.85089012586012558, -1.740728184060122530 ) ) ;
#2499 = CARTESIAN_POINT ( 'NONE',  ( -19.81645280243017737, -41.81645280243019869, -1.818015302432107294 ) ) ;
#2500 = CARTESIAN_POINT ( 'NONE',  ( -16.10000000000027853, 42.16144512839900216, -2.937983190080149853 ) ) ;
#2501 = EDGE_CURVE ( 'NONE', #6153, #5438, #6320, .T. ) ;
#2502 = CARTESIAN_POINT ( 'NONE',  ( -16.10000000000028564, 43.60000000000002274, -2.499999999999995115 ) ) ;
#2503 = CARTESIAN_POINT ( 'NONE',  ( -40.10000000000006537, -7.686454296869565743E-15, 10.59999999999999964 ) ) ;
#2504 = EDGE_CURVE ( 'NONE', #4450, #633, #1325, .T. ) ;
#2505 = CARTESIAN_POINT ( 'NONE',  ( -12.98996815825165285, -7.223801828335796316, 18.60000000000122711 ) ) ;
#2506 = CARTESIAN_POINT ( 'NONE',  ( 19.47253305283440383, 42.28511273047101326, -2.483905166203094872 ) ) ;
#2507 = ORIENTED_EDGE ( 'NONE', *, *, #1960, .T. ) ;
#2508 = VERTEX_POINT ( 'NONE', #5124 ) ;
#2509 = FACE_OUTER_BOUND ( 'NONE', #3948, .T. ) ;
#2510 = LINE ( 'NONE', #5603, #3121 ) ;
#2511 = DIRECTION ( 'NONE',  ( 0.000000000000000000, 0.000000000000000000, -1.000000000000000000 ) ) ;
#2512 = EDGE_CURVE ( 'NONE', #8491, #7719, #4678, .T. ) ;
#2513 = CARTESIAN_POINT ( 'NONE',  ( -40.65000000000005542, 15.49999999999987033, 13.60000000000000142 ) ) ;
#2514 = AXIS2_PLACEMENT_3D ( 'NONE', #9748, #1406, #6685 ) ;
#2515 = CARTESIAN_POINT ( 'NONE',  ( -16.10000000000021814, 43.96431329436441615, -1.630788731756541488 ) ) ;
#2516 = CARTESIAN_POINT ( 'NONE',  ( -38.88000000000005230, 15.49999999999987033, 11.83000000000000007 ) ) ;
#2517 = CARTESIAN_POINT ( 'NONE',  ( -14.60000000000000142, -34.11769309494244595, 6.000000000000000000 ) ) ;
#2518 = CARTESIAN_POINT ( 'NONE',  ( 38.46797689301005363, -20.10000000108406226, 7.599999999999998757 ) ) ;
#2519 = VERTEX_POINT ( 'NONE', #8878 ) ;
#2520 = ORIENTED_EDGE ( 'NONE', *, *, #8189, .T. ) ;
#2521 = CARTESIAN_POINT ( 'NONE',  ( 18.81398462173537212, 43.84663610935779587, -1.272170762762567575 ) ) ;
#2522 = CARTESIAN_POINT ( 'NONE',  ( 42.20208039536964151, -17.37007898488064583, 9.600000000000489919 ) ) ;
#2523 = CARTESIAN_POINT ( 'NONE',  ( 19.91801530242879892, 42.81645280243166951, -1.716452802434373481 ) ) ;
#2524 = CARTESIAN_POINT ( 'NONE',  ( 21.10000000000000142, -38.10000000000000853, -1.753333333333333632 ) ) ;
#2525 = CARTESIAN_POINT ( 'NONE',  ( -20.53233532578452980, -42.66766467421548015, 2.000000000000000888 ) ) ;
#2526 = B_SPLINE_CURVE_WITH_KNOTS ( 'NONE', 3,
 ( #4052, #6181, #4005, #7812, #8545, #6876, #9334, #6130, #905, #2574, #111, #4647 ),
 .UNSPECIFIED., .F., .F.,
 ( 4, 2, 2, 2, 2, 4 ),
 ( 0.000000000000000000, 0.5000000000000000000, 0.7500000000000000000, 0.8750000000000000000, 0.9375000000000000000, 1.000000000000000000 ),
 .UNSPECIFIED. ) ;
#2527 = CARTESIAN_POINT ( 'NONE',  ( -43.86802747807783476, 20.12889382622931578, 13.60000000000000320 ) ) ;
#2528 = DIRECTION ( 'NONE',  ( 0.7071067811865474617, 0.000000000000000000, 0.7071067811865474617 ) ) ;
#2529 = VERTEX_POINT ( 'NONE', #5911 ) ;
#2530 = VERTEX_POINT ( 'NONE', #5178 ) ;
#2531 = ORIENTED_EDGE ( 'NONE', *, *, #8042, .T. ) ;
#2532 = DIRECTION ( 'NONE',  ( 1.916821520416347599E-16, -1.000000000000000000, 0.000000000000000000 ) ) ;
#2533 = DIRECTION ( 'NONE',  ( -0.000000000000000000, -0.000000000000000000, -1.000000000000000000 ) ) ;
#2534 = CARTESIAN_POINT ( 'NONE',  ( 39.87451446684398348, 20.08466790377638134, 7.599999999999998757 ) ) ;
#2535 = CARTESIAN_POINT ( 'NONE',  ( 43.10000000000007248, -5.298342887967734782, 15.70083420268613494 ) ) ;
#2536 = CARTESIAN_POINT ( 'NONE',  ( -8.619688137791699845, 26.10000000000256648, 13.59999999999999787 ) ) ;
#2537 = CARTESIAN_POINT ( 'NONE',  ( -14.84740708576233281, 21.09999999999995168, 13.74848968258454640 ) ) ;
#2538 = CARTESIAN_POINT ( 'NONE',  ( 19.84999999999704201, 42.85000000000004405, -1.750000000002673639 ) ) ;
#2539 = CARTESIAN_POINT ( 'NONE',  ( -20.58390522574383397, 42.47253210955434355, -1.185113476104463270 ) ) ;
#2540 = ORIENTED_EDGE ( 'NONE', *, *, #4995, .T. ) ;
#2541 = CARTESIAN_POINT ( 'NONE',  ( -20.16652083094913550, -40.47617900287309567, -2.416426674431846333 ) ) ;
#2542 = CARTESIAN_POINT ( 'NONE',  ( -43.10733879021268677, -20.87483915154488301, 13.60000000000000142 ) ) ;
#2543 = CARTESIAN_POINT ( 'NONE',  ( 21.05646374350413907, -38.10000000000000853, -0.6785472796132978601 ) ) ;
#2544 = CARTESIAN_POINT ( 'NONE',  ( 43.10000000000006537, -16.10000000000013642, 10.93333333333333357 ) ) ;
#2545 = CARTESIAN_POINT ( 'NONE',  ( 41.53988389866276520, -20.98901496049366244, 13.59999999999999609 ) ) ;
#2546 = DIRECTION ( 'NONE',  ( -1.000000000000000000, 0.000000000000000000, 0.000000000000000000 ) ) ;
#2547 = CARTESIAN_POINT ( 'NONE',  ( -13.73761349812030197, -6.726680365144216189, 13.60000000000061071 ) ) ;
#2548 = CARTESIAN_POINT ( 'NONE',  ( 19.20575881329843781, 43.05194259115324229, -2.104875062728789992 ) ) ;
#2549 = EDGE_LOOP ( 'NONE', ( #9155, #7414, #6042, #6655, #3262 ) ) ;
#2550 = ORIENTED_EDGE ( 'NONE', *, *, #1882, .T. ) ;
#2551 = DIRECTION ( 'NONE',  ( 1.000000000000000000, 0.000000000000000000, 0.000000000000000000 ) ) ;
#2552 = CARTESIAN_POINT ( 'NONE',  ( -14.09999999999993570, -7.399999999999876010, 29.34999999999999787 ) ) ;
#2553 = UNCERTAINTY_MEASURE_WITH_UNIT (LENGTH_MEASURE( 1.000000000000000082E-05 ), #9545, 'distance_accuracy_value', 'NONE');
#2554 = EDGE_CURVE ( 'NONE', #6669, #5508, #6140, .T. ) ;
#2555 = CARTESIAN_POINT ( 'NONE',  ( -19.97040907923997111, 42.59521940940827278, -1.870409079240805461 ) ) ;
#2556 = CARTESIAN_POINT ( 'NONE',  ( 20.89504420574649401, 43.03820785104576885, 9.600000000000001421 ) ) ;
#2557 = CARTESIAN_POINT ( 'NONE',  ( -20.13248562931503827, 43.13248562931479313, -1.094240478160064978 ) ) ;
#2558 = LINE ( 'NONE', #8389, #2996 ) ;
#2559 = CARTESIAN_POINT ( 'NONE',  ( -41.30000000000003979, 9.776895777498653572, 10.59999999999999964 ) ) ;
#2560 = CARTESIAN_POINT ( 'NONE',  ( 13.34575131106461221, -35.70000000000000284, -2.957831373953969667 ) ) ;
#2561 = ADVANCED_FACE ( 'NONE', ( #684 ), #8982, .T. ) ;
#2562 = ORIENTED_EDGE ( 'NONE', *, *, #5994, .F. ) ;
#2563 = CARTESIAN_POINT ( 'NONE',  ( 18.87035893254393670, 44.06960988856572925, -0.4066910781067451519 ) ) ;
#2564 = CARTESIAN_POINT ( 'NONE',  ( -43.07265512131026242, -18.31705988612040059, 7.600000000000000533 ) ) ;
#2565 = CARTESIAN_POINT ( 'NONE',  ( -43.15647620516926253, 19.12238420223197721, 10.03000000000000469 ) ) ;
#2566 = CARTESIAN_POINT ( 'NONE',  ( 20.96197724028919396, 40.53539937452488573, -1.628311328180829465 ) ) ;
#2567 = CARTESIAN_POINT ( 'NONE',  ( 41.12183440812522406, -20.15653691405555392, 10.03000000000000469 ) ) ;
#2568 = DIRECTION ( 'NONE',  ( 1.000000000000000000, 0.000000000000000000, 0.000000000000000000 ) ) ;
#2569 = CARTESIAN_POINT ( 'NONE',  ( -40.24942143392240723, 21.09627965690822293, 13.60000000000000142 ) ) ;
#2570 = CARTESIAN_POINT ( 'NONE',  ( 37.50000000000005684, -15.49999999999987033, 11.83000000000000007 ) ) ;
#2571 = ORIENTED_EDGE ( 'NONE', *, *, #552, .F. ) ;
#2572 = ORIENTED_EDGE ( 'NONE', *, *, #3142, .F. ) ;
#2573 = ORIENTED_EDGE ( 'NONE', *, *, #1760, .T. ) ;
#2574 = CARTESIAN_POINT ( 'NONE',  ( -19.72404729317311123, -41.91159499246786879, -1.811594992469754750 ) ) ;
#2575 = LINE ( 'NONE', #3227, #4059 ) ;
#2576 = B_SPLINE_CURVE_WITH_KNOTS ( 'NONE', 3,
 ( #668, #3633, #5796, #1207 ),
 .UNSPECIFIED., .F., .F.,
 ( 4, 4 ),
 ( 0.000000000000000000, 0.6666666666666660745 ),
 .UNSPECIFIED. ) ;
#2577 = CARTESIAN_POINT ( 'NONE',  ( 41.41849497125608082, 19.99638483701583880, 7.600000000000002309 ) ) ;
#2578 = CARTESIAN_POINT ( 'NONE',  ( 17.66698729810778445, -40.35000000000000142, 7.599999999999999645 ) ) ;
#2579 = CARTESIAN_POINT ( 'NONE',  ( -39.10000000000009379, 21.09999999999986642, 13.60000000000000142 ) ) ;
#2580 = CARTESIAN_POINT ( 'NONE',  ( -13.25947744200235512, 21.09999999999994813, 14.48667446748187793 ) ) ;
#2581 = CARTESIAN_POINT ( 'NONE',  ( -42.93545855426911828, 19.76578909029028353, 7.600000000000000533 ) ) ;
#2582 = CARTESIAN_POINT ( 'NONE',  ( -20.93221865287136296, 39.09999999999920561, -1.820302720362595883 ) ) ;
#2583 = EDGE_LOOP ( 'NONE', ( #9648, #6142 ) ) ;
#2584 = CARTESIAN_POINT ( 'NONE',  ( -20.18619108745968305, -40.77590753265997847, -2.259332843835548665 ) ) ;
#2585 = CARTESIAN_POINT ( 'NONE',  ( -39.10000000000007248, -21.10000000000013642, 13.60000000000000142 ) ) ;
#2586 = CARTESIAN_POINT ( 'NONE',  ( 20.84802577744957475, -38.10000000000000853, -2.094740836381763671 ) ) ;
#2587 = ADVANCED_FACE ( 'NONE', ( #5470 ), #982, .F. ) ;
#2588 = LINE ( 'NONE', #5596, #8994 ) ;
#2589 = DIRECTION ( 'NONE',  ( -0.05233595624294377913, -0.000000000000000000, 0.9986295347545739443 ) ) ;
#2590 = CARTESIAN_POINT ( 'NONE',  ( 10.27689577749880101, 40.60000000000000142, 7.599999999999998757 ) ) ;
#2591 = EDGE_CURVE ( 'NONE', #9352, #8491, #4196, .T. ) ;
#2592 = CARTESIAN_POINT ( 'NONE',  ( 19.73079705169110198, 39.10000000000089670, -2.864311890825118834 ) ) ;
#2593 = ORIENTED_EDGE ( 'NONE', *, *, #24, .T. ) ;
#2594 = ORIENTED_EDGE ( 'NONE', *, *, #5478, .T. ) ;
#2595 = CARTESIAN_POINT ( 'NONE',  ( 43.01881759005718209, 19.27279173386879663, 28.60000000000000497 ) ) ;
#2596 = CARTESIAN_POINT ( 'NONE',  ( -14.09999999999993570, -2.399999999999876010, 12.84999999999999787 ) ) ;
#2597 = CARTESIAN_POINT ( 'NONE',  ( -21.06960953871689313, -40.87036442724836860, -0.4066912781471191396 ) ) ;
#2598 = LINE ( 'NONE', #5011, #4204 ) ;
#2599 = CIRCLE ( 'NONE', #7657, 2.000000000000003553 ) ;
#2600 = CARTESIAN_POINT ( 'NONE',  ( 20.10733879021283244, 43.87483915154484748, 9.599999999999999645 ) ) ;
#2601 = CARTESIAN_POINT ( 'NONE',  ( -16.85036955926136670, 43.86926143331806571, -2.036506711404072245 ) ) ;
#2602 = CARTESIAN_POINT ( 'NONE',  ( 42.87812371426919356, -6.404962989563187215, 18.59999999999806164 ) ) ;
#2603 = CARTESIAN_POINT ( 'NONE',  ( 19.84466002191716782, -41.95340664962932209, -1.650791236816377738 ) ) ;
#2604 = FACE_OUTER_BOUND ( 'NONE', #1230, .T. ) ;
#2605 = EDGE_CURVE ( 'NONE', #4800, #9144, #2558, .T. ) ;
#2606 = VECTOR ( 'NONE', #1536, 1000.000000000000000 ) ;
#2607 = ORIENTED_EDGE ( 'NONE', *, *, #1461, .F. ) ;
#2608 = ORIENTED_EDGE ( 'NONE', *, *, #13, .T. ) ;
#2609 = CARTESIAN_POINT ( 'NONE',  ( 19.64449125787151473, 43.97836642101142246, 1.248608668713088177 ) ) ;
#2610 = CARTESIAN_POINT ( 'NONE',  ( 39.36989670848099365, -20.20209550671150822, 9.600000000000004974 ) ) ;
#2611 = CARTESIAN_POINT ( 'NONE',  ( -42.99404106815901372, 19.96669950821716810, 10.03000000000000469 ) ) ;
#2612 = CARTESIAN_POINT ( 'NONE',  ( 19.95340664962612109, 42.75079123804984960, -1.744660021923308379 ) ) ;
#2613 = AXIS2_PLACEMENT_3D ( 'NONE', #6968, #9328, #2568 ) ;
#2614 = CARTESIAN_POINT ( 'NONE',  ( 40.32400627943985683, -20.20115721356488692, 10.03000000000000469 ) ) ;
#2615 = CARTESIAN_POINT ( 'NONE',  ( 18.60000000000000142, -39.23397459621556749, 4.585786437626904188 ) ) ;
#2616 = CARTESIAN_POINT ( 'NONE',  ( -43.07265072837497399, 20.88525032197448184, 13.60000000000000320 ) ) ;
#2617 = CARTESIAN_POINT ( 'NONE',  ( 42.02861363586477239, -19.89588082673099123, 10.03000000000000647 ) ) ;
#2618 = ORIENTED_EDGE ( 'NONE', *, *, #5820, .T. ) ;
#2619 = ORIENTED_EDGE ( 'NONE', *, *, #2605, .T. ) ;
#2620 = ORIENTED_EDGE ( 'NONE', *, *, #9310, .F. ) ;
#2621 = CARTESIAN_POINT ( 'NONE',  ( -39.10000000000007248, 20.20481555856279954, 9.600000000000001421 ) ) ;
#2622 = CARTESIAN_POINT ( 'NONE',  ( 17.66698729810778445, 40.35000000000000142, 7.599999999999999645 ) ) ;
#2623 = CARTESIAN_POINT ( 'NONE',  ( 40.10000000000006537, 0.000000000000000000, 10.59999999999999964 ) ) ;
#2624 = DIRECTION ( 'NONE',  ( -0.000000000000000000, -0.000000000000000000, -1.000000000000000000 ) ) ;
#2625 = EDGE_CURVE ( 'NONE', #8270, #4610, #4392, .T. ) ;
#2626 = DIRECTION ( 'NONE',  ( 1.916821520416347353E-16, -1.000000000000000000, 0.000000000000000000 ) ) ;
#2627 = B_SPLINE_CURVE_WITH_KNOTS ( 'NONE', 3,
 ( #3023, #7571, #3124, #3856 ),
 .UNSPECIFIED., .F., .F.,
 ( 4, 4 ),
 ( 0.000000000000000000, 1.000000000000000000 ),
 .UNSPECIFIED. ) ;
#2628 = VECTOR ( 'NONE', #6589, 1000.000000000000000 ) ;
#2629 = CARTESIAN_POINT ( 'NONE',  ( -13.70384904617510102, 21.09999999999995524, 14.14503404075457382 ) ) ;
#2630 = CARTESIAN_POINT ( 'NONE',  ( 36.12000000000005429, -15.49999999999987033, 10.59999999999999964 ) ) ;
#2631 = CARTESIAN_POINT ( 'NONE',  ( -21.00835974909885451, 40.53510290715847475, -1.430700781865496429 ) ) ;
#2632 = VERTEX_POINT ( 'NONE', #2516 ) ;
#2633 = CARTESIAN_POINT ( 'NONE',  ( -42.91600897916115542, -19.91595086561592254, 8.266666667631771048 ) ) ;
#2634 = CARTESIAN_POINT ( 'NONE',  ( -43.87725659433503012, -20.09948029764423438, 13.60000000000000142 ) ) ;
#2635 = VECTOR ( 'NONE', #2644, 1000.000000000000000 ) ;
#2636 = CARTESIAN_POINT ( 'NONE',  ( 18.10000000000000142, 39.23397459621556749, 6.000000000000000000 ) ) ;
#2637 = CARTESIAN_POINT ( 'NONE',  ( 42.98247474094941367, -19.58902559124394216, 13.60000000000000497 ) ) ;
#2638 = CARTESIAN_POINT ( 'NONE',  ( 16.10000000000001208, -42.59999999999999432, -2.499999999999998668 ) ) ;
#2639 = CARTESIAN_POINT ( 'NONE',  ( 19.97040907923790343, 42.59521940940945939, -1.870409079243134931 ) ) ;
#2640 = CARTESIAN_POINT ( 'NONE',  ( 16.86546493962997673, 39.10000000000049880, -2.999999999999998668 ) ) ;
#2641 = ORIENTED_EDGE ( 'NONE', *, *, #5873, .T. ) ;
#2642 = ORIENTED_EDGE ( 'NONE', *, *, #1445, .F. ) ;
#2643 = DIRECTION ( 'NONE',  ( -0.000000000000000000, -0.000000000000000000, -1.000000000000000000 ) ) ;
#2644 = DIRECTION ( 'NONE',  ( -0.000000000000000000, -0.000000000000000000, 1.000000000000000000 ) ) ;
#2645 = CARTESIAN_POINT ( 'NONE',  ( -21.10000000000000853, -38.86398481210901679, 1.236018685503976311 ) ) ;
#2646 = CARTESIAN_POINT ( 'NONE',  ( 40.60000000000006537, -3.840983005624974300, 7.599999999999999645 ) ) ;
#2647 = CARTESIAN_POINT ( 'NONE',  ( 18.79246757329859818, 44.05304772075420061, 9.600000000000001421 ) ) ;
#2648 = EDGE_CURVE ( 'NONE', #2390, #3042, #2465, .T. ) ;
#2649 = VECTOR ( 'NONE', #5607, 1000.000000000000000 ) ;
#2650 = CARTESIAN_POINT ( 'NONE',  ( 43.30968706781168009, -12.06433480622674814, 13.60000000000001208 ) ) ;
#2651 = CARTESIAN_POINT ( 'NONE',  ( 17.53623954460094225, -42.68917607033407080, -2.236628522731609170 ) ) ;
#2652 = CARTESIAN_POINT ( 'NONE',  ( 20.08137278453225250, 43.08137278453482111, -1.230809411781379703 ) ) ;
#2653 = ORIENTED_EDGE ( 'NONE', *, *, #3116, .T. ) ;
#2654 = VERTEX_POINT ( 'NONE', #8529 ) ;
#2655 = CARTESIAN_POINT ( 'NONE',  ( 19.92029505638999964, 43.93222032930459875, 2.000000000000003553 ) ) ;
#2656 = AXIS2_PLACEMENT_3D ( 'NONE', #9124, #5518, #7097 ) ;
#2657 = CARTESIAN_POINT ( 'NONE',  ( -19.36030968756940496, 43.20852091177761167, -1.824394736383499138 ) ) ;
#2658 = CARTESIAN_POINT ( 'NONE',  ( -20.42752615582924847, 39.85004899478114737, -2.641418129573587237 ) ) ;
#2659 = CARTESIAN_POINT ( 'NONE',  ( -21.10000000000000853, -38.10000000000000853, 7.486666666666669023 ) ) ;
#2660 = CARTESIAN_POINT ( 'NONE',  ( 20.51642660619852876, 41.47617917338419602, -2.066520914515356022 ) ) ;
#2661 = CARTESIAN_POINT ( 'NONE',  ( 41.99602867563614694, -19.42122724736239903, 7.600000000000001421 ) ) ;
#2662 = CARTESIAN_POINT ( 'NONE',  ( 41.85220486461417977, 19.90646997416526887, 7.569999999999995843 ) ) ;
#2663 = CIRCLE ( 'NONE', #8186, 0.5000000000000004441 ) ;
#2664 = PLANE ( 'NONE',  #8753 ) ;
#2665 = CIRCLE ( 'NONE', #6763, 0.5000000000000004441 ) ;
#2666 = CARTESIAN_POINT ( 'NONE',  ( -42.54086757463628743, 20.98888856329174146, 13.59999999999999964 ) ) ;
#2667 = VERTEX_POINT ( 'NONE', #880 ) ;
#2668 = ORIENTED_EDGE ( 'NONE', *, *, #5145, .T. ) ;
#2669 = EDGE_LOOP ( 'NONE', ( #6801, #6751, #2152, #1419 ) ) ;
#2670 = CARTESIAN_POINT ( 'NONE',  ( -13.87483915154470182, 20.10733879021262638, 28.60000000000000142 ) ) ;
#2671 = CARTESIAN_POINT ( 'NONE',  ( -19.95340664962789390, -41.84466002191841483, -1.650791236813875074 ) ) ;
#2672 = CARTESIAN_POINT ( 'NONE',  ( 39.93922334539117713, 20.08318958766506057, 7.599999999999998757 ) ) ;
#2673 = CARTESIAN_POINT ( 'NONE',  ( 43.10000000000006537, -9.187275961667387136, 13.65155982369174481 ) ) ;
#2674 = EDGE_CURVE ( 'NONE', #8785, #3476, #4772, .T. ) ;
#2675 = AXIS2_PLACEMENT_3D ( 'NONE', #9123, #7608, #3844 ) ;
#2676 = DIRECTION ( 'NONE',  ( -0.000000000000000000, -0.000000000000000000, 1.000000000000000000 ) ) ;
#2677 = CARTESIAN_POINT ( 'NONE',  ( -12.69355151322729292, 21.09999999999996234, 15.01611304169034611 ) ) ;
#2678 = DIRECTION ( 'NONE',  ( -0.000000000000000000, -0.000000000000000000, 1.000000000000000000 ) ) ;
#2679 = EDGE_CURVE ( 'NONE', #7904, #6603, #7874, .T. ) ;
#2680 = CARTESIAN_POINT ( 'NONE',  ( -20.84802577744956764, 39.09999999999917719, -2.094740836381769444 ) ) ;
#2681 = CARTESIAN_POINT ( 'NONE',  ( -39.10000000000007248, 20.20481555856279954, 9.600000000000001421 ) ) ;
#2682 = ORIENTED_EDGE ( 'NONE', *, *, #2731, .T. ) ;
#2683 = CARTESIAN_POINT ( 'NONE',  ( -21.10000000000000853, -38.86546493962998738, 2.000000000000002220 ) ) ;
#2684 = CARTESIAN_POINT ( 'NONE',  ( 13.40031711825083427, -34.69976218936863432, 0.000000000000000000 ) ) ;
#2685 = CARTESIAN_POINT ( 'NONE',  ( 20.93221865287136296, -38.10000000000000853, -1.820302720362606097 ) ) ;
#2686 = DIRECTION ( 'NONE',  ( 1.000000000000000000, 0.000000000000000000, -0.000000000000000000 ) ) ;
#2687 = CARTESIAN_POINT ( 'NONE',  ( 42.08708972991036035, -20.88097685546636839, 13.59999999999999964 ) ) ;
#2688 = DIRECTION ( 'NONE',  ( -3.491481338843133355E-15, 1.000000000000000000, 0.000000000000000000 ) ) ;
#2689 = DIRECTION ( 'NONE',  ( 1.000000000000000000, 0.000000000000000000, 0.000000000000000000 ) ) ;
#2690 = CARTESIAN_POINT ( 'NONE',  ( 16.10000000000000497, 39.86546107923263804, -2.999999999999998668 ) ) ;
#2691 = ORIENTED_EDGE ( 'NONE', *, *, #4703, .T. ) ;
#2692 = ORIENTED_EDGE ( 'NONE', *, *, #4793, .T. ) ;
#2693 = CARTESIAN_POINT ( 'NONE',  ( 42.06128581310110803, -12.26270713742398577, 13.59999999999999964 ) ) ;
#2694 = CARTESIAN_POINT ( 'NONE',  ( 12.46026316928587008, -40.10000000000000142, 6.000000000000000000 ) ) ;
#2695 = CARTESIAN_POINT ( 'NONE',  ( -20.93222032930457388, -38.10000000000000853, -1.820295056390000887 ) ) ;
#2696 = DIRECTION ( 'NONE',  ( -0.000000000000000000, -0.000000000000000000, -1.000000000000000000 ) ) ;
#2697 = DIRECTION ( 'NONE',  ( -0.000000000000000000, -0.000000000000000000, -1.000000000000000000 ) ) ;
#2698 = CARTESIAN_POINT ( 'NONE',  ( 43.10000000000006537, -1.546112270910436015, 18.59999999999999787 ) ) ;
#2699 = ADVANCED_FACE ( 'NONE', ( #1623 ), #3945, .F. ) ;
#2700 = CARTESIAN_POINT ( 'NONE',  ( 19.82769126126441606, -42.06931452837093133, -1.539790954020270775 ) ) ;
#2701 = VERTEX_POINT ( 'NONE', #4729 ) ;
#2702 = ORIENTED_EDGE ( 'NONE', *, *, #7635, .F. ) ;
#2703 = CARTESIAN_POINT ( 'NONE',  ( 20.33662852272533783, 43.68917607033077388, 0.5637604553969879362 ) ) ;
#2704 =( BOUNDED_CURVE ( )  B_SPLINE_CURVE ( 2, ( #3018, #1942, #4943 ),
 .UNSPECIFIED., .F., .T. ) 
 B_SPLINE_CURVE_WITH_KNOTS ( ( 3, 3 ),
 ( 0.000000000000000000, 1.000000000000000000 ),
 .UNSPECIFIED. ) 
 CURVE ( )  GEOMETRIC_REPRESENTATION_ITEM ( )  RATIONAL_B_SPLINE_CURVE ( ( 0.9999999999999996669, 2.500000000000013323, 2.500000000000000000 ) ) 
 REPRESENTATION_ITEM ( '' )  );
#2705 = CARTESIAN_POINT ( 'NONE',  ( -19.19424047815941137, 43.13248562931523367, -2.032485629316227005 ) ) ;
#2706 = CARTESIAN_POINT ( 'NONE',  ( -19.47253210955545200, 42.28511347610361781, -2.483905225744984069 ) ) ;
#2707 = DIRECTION ( 'NONE',  ( -1.000000000000000000, 0.000000000000000000, 0.000000000000000000 ) ) ;
#2708 = CARTESIAN_POINT ( 'NONE',  ( 20.64662036395565892, 41.47776664532988633, -1.876454066929290621 ) ) ;
#2709 = CARTESIAN_POINT ( 'NONE',  ( 42.00274248370784846, -19.36814086329877682, 7.600000000000000533 ) ) ;
#2710 = CARTESIAN_POINT ( 'NONE',  ( -42.85251873002629708, 20.04096527429134156, 10.03000000000000469 ) ) ;
#2711 = DIRECTION ( 'NONE',  ( 1.916821520416347353E-16, -1.000000000000000000, 0.000000000000000000 ) ) ;
#2712 = ORIENTED_EDGE ( 'NONE', *, *, #600, .F. ) ;
#2713 = EDGE_LOOP ( 'NONE', ( #8393, #1366, #7109, #3813 ) ) ;
#2714 = VERTEX_POINT ( 'NONE', #3209 ) ;
#2715 = CARTESIAN_POINT ( 'NONE',  ( -12.41380356355983317, 21.00416956306183280, 28.59999999999999787 ) ) ;
#2716 = CARTESIAN_POINT ( 'NONE',  ( -19.99329092510162553, -41.77688266466913802, -1.676882663323953526 ) ) ;
#2717 = CARTESIAN_POINT ( 'NONE',  ( 41.59832728104432675, 19.96895416768791165, 7.599999999999998757 ) ) ;
#2718 = DIRECTION ( 'NONE',  ( 0.000000000000000000, 0.000000000000000000, 1.000000000000000000 ) ) ;
#2719 = CARTESIAN_POINT ( 'NONE',  ( -11.78367193527863854, 21.06335781391385353, 13.59999999999611120 ) ) ;
#2720 = CARTESIAN_POINT ( 'NONE',  ( 18.47776637993690230, -41.97645370996652048, -2.546620517729206057 ) ) ;
#2721 = CARTESIAN_POINT ( 'NONE',  ( -13.39431270868467827, 21.09999999999995524, 14.37237247033399790 ) ) ;
#2722 = CARTESIAN_POINT ( 'NONE',  ( -21.10000000000000142, 39.09999999999832454, 2.000000000000000000 ) ) ;
#2723 = EDGE_CURVE ( 'NONE', #4200, #6297, #3303, .T. ) ;
#2724 = CARTESIAN_POINT ( 'NONE',  ( -20.83565336333852969, 39.85023313853187688, -2.135507035868351888 ) ) ;
#2725 = FACE_OUTER_BOUND ( 'NONE', #7233, .T. ) ;
#2726 = ORIENTED_EDGE ( 'NONE', *, *, #5417, .T. ) ;
#2727 = DIRECTION ( 'NONE',  ( 1.000000000000000000, 0.000000000000000000, 0.000000000000000000 ) ) ;
#2728 = CARTESIAN_POINT ( 'NONE',  ( 21.10000000000000142, 39.10000000000000853, 10.23000000000000043 ) ) ;
#2729 = DIRECTION ( 'NONE',  ( -0.000000000000000000, 0.000000000000000000, 1.000000000000000000 ) ) ;
#2730 = CARTESIAN_POINT ( 'NONE',  ( -19.28511273046710173, -42.58390516619856214, -1.372533052836188538 ) ) ;
#2731 = EDGE_CURVE ( 'NONE', #3053, #633, #91, .T. ) ;
#2732 = CARTESIAN_POINT ( 'NONE',  ( -9.099999999999933920, -7.399999999999876010, 13.60000000000000142 ) ) ;
#2733 = LINE ( 'NONE', #7923, #1559 ) ;
#2734 = CARTESIAN_POINT ( 'NONE',  ( 18.50669107810297476, 41.87035893255005448, -2.969609888568450540 ) ) ;
#2735 = ORIENTED_EDGE ( 'NONE', *, *, #6420, .F. ) ;
#2736 = ORIENTED_EDGE ( 'NONE', *, *, #32, .F. ) ;
#2737 = CARTESIAN_POINT ( 'NONE',  ( 42.43244147772445984, 20.73941876031776488, 28.59999999999999787 ) ) ;
#2738 = CARTESIAN_POINT ( 'NONE',  ( -42.85079035641186351, -20.04147107059661082, 10.03000000000000647 ) ) ;
#2739 = CARTESIAN_POINT ( 'NONE',  ( -21.03798319008017259, -41.16144512839893821, 1.999999999999988676 ) ) ;
#2740 = CARTESIAN_POINT ( 'NONE',  ( -40.60000000000003695, 10.27689577749865890, 7.600000000000000533 ) ) ;
#2741 = AXIS2_PLACEMENT_3D ( 'NONE', #1198, #7277, #1300 ) ;
#2742 = CARTESIAN_POINT ( 'NONE',  ( -20.20481555856608225, 43.20481555856608935, 9.600000000000001421 ) ) ;
#2743 = CARTESIAN_POINT ( 'NONE',  ( 43.10000000000006537, -1.546112270910436015, 13.60000000000000142 ) ) ;
#2744 = CARTESIAN_POINT ( 'NONE',  ( 16.10000000000002274, -42.66766467421546594, -2.432335325784538149 ) ) ;
#2745 =( BOUNDED_SURFACE ( )  B_SPLINE_SURFACE ( 2, 3, ( 
 ( #585, #8777, #1171, #7988, #3500, #4279 ),
 ( #9516, #8677, #8037, #384, #4923, #6555 ),
 ( #2752, #2659, #2806, #1276, #529, #6609 ) ),
 .UNSPECIFIED., .F., .F., .F. ) 
 B_SPLINE_SURFACE_WITH_KNOTS ( ( 3, 3 ),
 ( 4, 2, 4 ),
 ( 0.000000000000000000, 1.000000000000000000 ),
 ( -0.002630000000000000827, 0.005599999999999999943, 0.01123000000000000040 ),
 .UNSPECIFIED. ) 
 GEOMETRIC_REPRESENTATION_ITEM ( )  RATIONAL_B_SPLINE_SURFACE ( (
 ( 1.000000000000000000, 1.000000000000000000, 1.000000000000000000, 1.000000000000000000, 1.000000000000000000, 1.000000000000000000),
 ( 4.000000000000000888, 4.000000000000000888, 4.000000000000000888, 4.000000000000000888, 4.000000000000000888, 4.000000000000000888),
 ( 1.000000000000000000, 1.000000000000000000, 1.000000000000000000, 1.000000000000000000, 1.000000000000000000, 1.000000000000000000) ) ) 
 REPRESENTATION_ITEM ( '' )  SURFACE ( )  );
#2746 = ORIENTED_EDGE ( 'NONE', *, *, #3058, .T. ) ;
#2747 = VECTOR ( 'NONE', #5680, 1000.000000000000000 ) ;
#2748 = VERTEX_POINT ( 'NONE', #7751 ) ;
#2749 = PLANE ( 'NONE',  #5471 ) ;
#2750 = PLANE ( 'NONE',  #6859 ) ;
#2751 = CARTESIAN_POINT ( 'NONE',  ( -19.88114560558391730, 41.47897684480941649, -2.601205755208320980 ) ) ;
#2752 = CARTESIAN_POINT ( 'NONE',  ( -21.10000000000000853, -38.10000000000000853, 10.23000000000000043 ) ) ;
#2753 = CARTESIAN_POINT ( 'NONE',  ( 21.00836052684501709, 40.53510680246194653, -1.430694579963406321 ) ) ;
#2754 = AXIS2_PLACEMENT_3D ( 'NONE', #2273, #50, #8250 ) ;
#2755 = CARTESIAN_POINT ( 'NONE',  ( -43.02770028261002011, -19.89745817072781264, 10.03000000000000469 ) ) ;
#2756 = CARTESIAN_POINT ( 'NONE',  ( 41.50478918532927253, 19.98338607260409105, 7.569999999999992291 ) ) ;
#2757 = CARTESIAN_POINT ( 'NONE',  ( -16.10000000000000142, -47.46000000000000796, -3.000000000000000000 ) ) ;
#2758 = CYLINDRICAL_SURFACE ( 'NONE', #4238, 0.5000000000000004441 ) ;
#2759 = VERTEX_POINT ( 'NONE', #6110 ) ;
#2760 = ORIENTED_EDGE ( 'NONE', *, *, #6854, .T. ) ;
#2761 = CARTESIAN_POINT ( 'NONE',  ( -11.63707660277251144, 21.06157421608184421, 28.60000000000000142 ) ) ;
#2762 = CARTESIAN_POINT ( 'NONE',  ( -19.99887817354087716, -41.52984423246756052, -1.898878173542671632 ) ) ;
#2763 = CARTESIAN_POINT ( 'NONE',  ( 0.000000000000000000, 0.000000000000000000, 25.59999999999999787 ) ) ;
#2764 = FACE_OUTER_BOUND ( 'NONE', #4037, .T. ) ;
#2765 = VECTOR ( 'NONE', #8448, 1000.000000000000000 ) ;
#2766 = DIRECTION ( 'NONE',  ( 1.000000000000000000, 0.000000000000000000, 0.000000000000000000 ) ) ;
#2767 = CARTESIAN_POINT ( 'NONE',  ( -11.11660072352625583, 21.08360980520114225, 13.59999999999740616 ) ) ;
#2768 = EDGE_CURVE ( 'NONE', #1503, #1066, #3893, .T. ) ;
#2769 = B_SPLINE_CURVE_WITH_KNOTS ( 'NONE', 1,
 ( #6277, #4790 ),
 .UNSPECIFIED., .F., .F.,
 ( 2, 2 ),
 ( 0.1747967479675474056, 0.9878048780487792557 ),
 .UNSPECIFIED. ) ;
#2770 = CARTESIAN_POINT ( 'NONE',  ( 19.88114560558273780, -40.47897684481108627, -2.601205755210128423 ) ) ;
#2771 = CARTESIAN_POINT ( 'NONE',  ( -10.45363565765455682, 21.09999999999996945, 17.24428283966332387 ) ) ;
#2772 = DIRECTION ( 'NONE',  ( -0.000000000000000000, -0.000000000000000000, 1.000000000000000000 ) ) ;
#2773 = VECTOR ( 'NONE', #3959, 1000.000000000000000 ) ;
#2774 = PLANE ( 'NONE',  #9293 ) ;
#2775 = ORIENTED_EDGE ( 'NONE', *, *, #7729, .F. ) ;
#2776 = CARTESIAN_POINT ( 'NONE',  ( 18.10000000000000142, 40.10000000000000142, 7.599999999999999645 ) ) ;
#2777 = DIRECTION ( 'NONE',  ( -0.000000000000000000, 0.000000000000000000, -1.000000000000000000 ) ) ;
#2778 = DIRECTION ( 'NONE',  ( -1.000000000000000000, 0.000000000000000000, 0.000000000000000000 ) ) ;
#2779 = CARTESIAN_POINT ( 'NONE',  ( -20.16652091451141970, -42.51642660619835823, -0.3761791733841793883 ) ) ;
#2780 = EDGE_CURVE ( 'NONE', #6066, #2852, #6207, .T. ) ;
#2781 = CARTESIAN_POINT ( 'NONE',  ( 38.10000000000007248, -7.399999999999876010, 29.34999999999999432 ) ) ;
#2782 = CARTESIAN_POINT ( 'NONE',  ( -17.61447628862401871, -9.910842435140837736, 13.59999999999999964 ) ) ;
#2783 = CARTESIAN_POINT ( 'NONE',  ( 20.43669093741035425, 40.53634255459646596, -2.516654121276475919 ) ) ;
#2784 = ORIENTED_EDGE ( 'NONE', *, *, #3832, .F. ) ;
#2785 = ORIENTED_EDGE ( 'NONE', *, *, #5664, .T. ) ;
#2786 = CIRCLE ( 'NONE', #3271, 1.045751311064586631 ) ;
#2787 = CARTESIAN_POINT ( 'NONE',  ( 42.89504420574645849, 20.03820785104653268, 28.60000000000000142 ) ) ;
#2788 = CARTESIAN_POINT ( 'NONE',  ( -39.10000000000007248, -20.22735090365792487, 10.03000000000000647 ) ) ;
#2789 = CARTESIAN_POINT ( 'NONE',  ( -20.66766467421548370, -42.53233532578452269, 2.000000000000000888 ) ) ;
#2790 = CARTESIAN_POINT ( 'NONE',  ( -19.88124999999928022, 42.78749999999893561, -1.781250000000159428 ) ) ;
#2791 = DIRECTION ( 'NONE',  ( -1.000000000000000000, 0.000000000000000000, 0.000000000000000000 ) ) ;
#2792 = ADVANCED_FACE ( 'NONE', ( #6161 ), #4129, .T. ) ;
#2793 = CARTESIAN_POINT ( 'NONE',  ( -19.53070078186479464, 44.00835974909878701, 0.5648970928403849179 ) ) ;
#2794 = CARTESIAN_POINT ( 'NONE',  ( 48.09912211731666787, -3.040415744758881100, 13.60000000000000142 ) ) ;
#2795 = VECTOR ( 'NONE', #5291, 1000.000000000000000 ) ;
#2796 = CARTESIAN_POINT ( 'NONE',  ( 16.10000000000002274, -42.72365611449979639, -2.353450447365248888 ) ) ;
#2797 = FACE_BOUND ( 'NONE', #6536, .T. ) ;
#2798 = ORIENTED_EDGE ( 'NONE', *, *, #2674, .T. ) ;
#2799 = ADVANCED_FACE ( 'NONE', ( #627 ), #5256, .T. ) ;
#2800 = VERTEX_POINT ( 'NONE', #5851 ) ;
#2801 = CARTESIAN_POINT ( 'NONE',  ( 16.85138997391125315, 43.97836521770226170, -1.544499411318377868 ) ) ;
#2802 = CARTESIAN_POINT ( 'NONE',  ( -19.77688266466936540, -41.77688266332219058, -1.893290925103682687 ) ) ;
#2803 = DIRECTION ( 'NONE',  ( 1.000000000000000000, 3.491481338843133750E-15, 0.000000000000000000 ) ) ;
#2804 = VECTOR ( 'NONE', #2624, 1000.000000000000000 ) ;
#2805 = CARTESIAN_POINT ( 'NONE',  ( -19.44544202143072553, 42.44544266091066476, -2.408216675360788095 ) ) ;
#2806 = CARTESIAN_POINT ( 'NONE',  ( -21.10000000000000853, -38.10000000000000853, 4.743333333333334068 ) ) ;
#2807 = CARTESIAN_POINT ( 'NONE',  ( 21.03798432061484291, 39.10000000000080433, -1.061431337114640217 ) ) ;
#2808 = CARTESIAN_POINT ( 'NONE',  ( -18.93786754345053325, 20.31715835568794404, 13.60000000000000320 ) ) ;
#2809 =( BOUNDED_CURVE ( )  B_SPLINE_CURVE ( 2, ( #6729, #1448, #4552 ),
 .UNSPECIFIED., .F., .T. ) 
 B_SPLINE_CURVE_WITH_KNOTS ( ( 3, 3 ),
 ( 0.000000000000000000, 1.000000000000000000 ),
 .UNSPECIFIED. ) 
 CURVE ( )  GEOMETRIC_REPRESENTATION_ITEM ( )  RATIONAL_B_SPLINE_CURVE ( ( 1.000000000000000000, 4.000000000000000888, 1.000000000000000000 ) ) 
 REPRESENTATION_ITEM ( '' )  );
#2810 = CARTESIAN_POINT ( 'NONE',  ( 42.09681646763892360, -17.03497541071245536, 7.599999999999998757 ) ) ;
#2811 = CARTESIAN_POINT ( 'NONE',  ( 41.92027554825765634, 19.87323876972867254, 7.569999999999995843 ) ) ;
#2812 = CARTESIAN_POINT ( 'NONE',  ( -42.73881208845494228, 19.93845260907346884, 7.569999999999995843 ) ) ;
#2813 = DIRECTION ( 'NONE',  ( 0.000000000000000000, 0.000000000000000000, 1.000000000000000000 ) ) ;
#2814 = VECTOR ( 'NONE', #1255, 1000.000000000000000 ) ;
#2815 = ORIENTED_EDGE ( 'NONE', *, *, #2315, .T. ) ;
#2816 = VERTEX_POINT ( 'NONE', #9757 ) ;
#2817 = CARTESIAN_POINT ( 'NONE',  ( -44.10000000000007248, -16.10000000000013642, 13.60000000000000142 ) ) ;
#2818 = CARTESIAN_POINT ( 'NONE',  ( -20.52666543961078460, -39.53640090607060387, -2.426665439611524366 ) ) ;
#2819 = CARTESIAN_POINT ( 'NONE',  ( 20.09948029764445110, -42.87725659433503722, 9.600000000000001421 ) ) ;
#2820 = CARTESIAN_POINT ( 'NONE',  ( -2.480876971092556919E-15, 4.850000000000164846, 25.59999999999999787 ) ) ;
#2821 = DIRECTION ( 'NONE',  ( 1.000000000000000000, 0.000000000000000000, 0.000000000000000000 ) ) ;
#2822 = B_SPLINE_SURFACE_WITH_KNOTS ( 'NONE', 1, 3, ( 
 ( #1127, #2811, #5818, #3503, #2662, #5713, #2864, #9521, #4137, #2756, #3406, #6409, #2030, #9421, #7357, #8780, #3603 ),
 ( #8680, #6613, #1927, #4927, #9621, #1280, #535, #6559, #3749, #8880, #8933, #8141, #4386, #7558, #6062, #5270, #2124 ) ),
 .UNSPECIFIED., .F., .F., .F.,
 ( 2, 2 ),
 ( 4, 3, 2, 2, 2, 2, 2, 4 ),
 ( 0.000000000000000000, 1.000000000000000000 ),
 ( -0.01316216582367078780, 0.000000000000000000, 0.03125000000000000000, 0.06250000000000000000, 0.1250000000000000000, 0.2500000000000000000, 0.5000000000000000000, 1.000000000000000000 ),
 .UNSPECIFIED. ) ;
#2823 = CARTESIAN_POINT ( 'NONE',  ( -13.63412805397749317, 20.56663694238232409, 13.60000000000128217 ) ) ;
#2824 = AXIS2_PLACEMENT_3D ( 'NONE', #3269, #6272, #1088 ) ;
#2825 = CARTESIAN_POINT ( 'NONE',  ( 19.53069457996119596, -39.53510680246272813, -2.908360526847080241 ) ) ;
#2826 = CARTESIAN_POINT ( 'NONE',  ( -14.07077768596493073, -4.683295608348751138, 28.59999999999999787 ) ) ;
#2827 = ADVANCED_FACE ( 'NONE', ( #9019 ), #1464, .F. ) ;
#2828 = CARTESIAN_POINT ( 'NONE',  ( 40.27566523582176217, -7.374442018031769130, 28.59999999999999076 ) ) ;
#2829 = FACE_OUTER_BOUND ( 'NONE', #4176, .T. ) ;
#2830 = VERTEX_POINT ( 'NONE', #6597 ) ;
#2832 = AXIS2_PLACEMENT_3D ( 'NONE', #8008, #7913, #5729 ) ;
#2831 = LINE ( 'NONE', #6527, #9259 ) ;
#2833 = FACE_OUTER_BOUND ( 'NONE', #9638, .T. ) ;
#2834 = CARTESIAN_POINT ( 'NONE',  ( -16.10000000000037446, 44.10000000000000853, 2.000000000000000000 ) ) ;
#2835 = CARTESIAN_POINT ( 'NONE',  ( -18.77590753265975820, -42.35933284383412456, -2.086191087460991689 ) ) ;
#2836 = VECTOR ( 'NONE', #5199, 1000.000000000000000 ) ;
#2837 = DIRECTION ( 'NONE',  ( -0.000000000000000000, 0.000000000000000000, 1.000000000000000000 ) ) ;
#2838 = CARTESIAN_POINT ( 'NONE',  ( -4.364199060615334746E-15, 14.83538406167147095, 23.89999999999999147 ) ) ;
#2839 = CARTESIAN_POINT ( 'NONE',  ( 41.86608078789134879, 19.93521075431608836, 7.569999999999863505 ) ) ;
#2840 = CARTESIAN_POINT ( 'NONE',  ( -20.51642660619948444, 43.16652091451245354, -0.3761791733842308472 ) ) ;
#2841 = VERTEX_POINT ( 'NONE', #4370 ) ;
#2842 = VERTEX_POINT ( 'NONE', #2158 ) ;
#2843 = CARTESIAN_POINT ( 'NONE',  ( 42.62097167963855782, -12.18491380514351441, 13.60000000000000320 ) ) ;
#2844 = CARTESIAN_POINT ( 'NONE',  ( -40.36892443157351806, -20.09568880630078525, 7.570000000000545626 ) ) ;
#2845 = CARTESIAN_POINT ( 'NONE',  ( -21.10000000000000853, -38.10000000000000853, 2.000000000000002220 ) ) ;
#2846 = CARTESIAN_POINT ( 'NONE',  ( -19.84999999999926246, 42.84999999999892850, -1.750000000000155431 ) ) ;
#2847 = CARTESIAN_POINT ( 'NONE',  ( 10.77689577749880101, 40.60000000000000142, -22.10446822030533198 ) ) ;
#2848 = CARTESIAN_POINT ( 'NONE',  ( -18.35000000000000142, -39.66698729810778445, 4.585786437626904188 ) ) ;
#2849 = VECTOR ( 'NONE', #2881, 1000.000000000000000 ) ;
#2850 = CARTESIAN_POINT ( 'NONE',  ( 16.85139133128610567, -42.97836642101423621, -1.544491257877188328 ) ) ;
#2851 = CARTESIAN_POINT ( 'NONE',  ( 42.15647620517582084, -19.12238420223613033, 10.03000000000000647 ) ) ;
#2852 = VERTEX_POINT ( 'NONE', #5950 ) ;
#2853 = ADVANCED_FACE ( 'NONE', ( #6798 ), #1313, .F. ) ;
#2854 = EDGE_LOOP ( 'NONE', ( #7879, #5274, #1181, #677 ) ) ;
#2855 = CARTESIAN_POINT ( 'NONE',  ( 0.000000000000000000, 0.000000000000000000, 2.000000000000000000 ) ) ;
#2856 = CARTESIAN_POINT ( 'NONE',  ( -17.53623954460129042, -42.33662852272815513, -2.589176070332817936 ) ) ;
#2857 = DIRECTION ( 'NONE',  ( -1.000000000000000000, -5.115210249675201216E-16, 0.000000000000000000 ) ) ;
#2858 = CARTESIAN_POINT ( 'NONE',  ( -19.30725802099747668, 42.30725910198365369, -2.560380266705772900 ) ) ;
#2859 = CARTESIAN_POINT ( 'NONE',  ( 38.10000000000007958, -7.399999999999875122, 18.60000000000000497 ) ) ;
#2860 = CARTESIAN_POINT ( 'NONE',  ( 20.20487506273860134, 43.05194259113387290, -1.105758781158491688 ) ) ;
#2861 = EDGE_CURVE ( 'NONE', #5807, #6993, #6442, .T. ) ;
#2862 = CARTESIAN_POINT ( 'NONE',  ( -41.96487654685698487, 20.03982962038198679, 7.599999999999998757 ) ) ;
#2863 = CARTESIAN_POINT ( 'NONE',  ( 42.04829580384468102, -18.83714683070188656, 7.599999999999999645 ) ) ;
#2864 = CARTESIAN_POINT ( 'NONE',  ( 41.73751285395521649, 19.93872658585932101, 7.569999999999997620 ) ) ;
#2865 = CARTESIAN_POINT ( 'NONE',  ( -42.50514369042461738, 19.98331538500458393, 7.570000000000066009 ) ) ;
#2866 = CARTESIAN_POINT ( 'NONE',  ( -44.05304772075469799, 18.79246757328744977, 13.60000000000000142 ) ) ;
#2867 = ORIENTED_EDGE ( 'NONE', *, *, #441, .T. ) ;
#2868 = CARTESIAN_POINT ( 'NONE',  ( -42.95410382469246713, -19.67437739003196384, 7.600000000000000533 ) ) ;
#2869 = CARTESIAN_POINT ( 'NONE',  ( -20.60000000000000142, -38.10000000000000853, -2.500000000000000444 ) ) ;
#2870 = CARTESIAN_POINT ( 'NONE',  ( 18.27566523584788172, -43.07444201803193806, 9.600000000000003197 ) ) ;
#2871 = CARTESIAN_POINT ( 'NONE',  ( 43.10000000000006537, -6.217596512550435328, 14.79820372910570825 ) ) ;
#2872 = LINE ( 'NONE', #5874, #4491 ) ;
#2873 = CARTESIAN_POINT ( 'NONE',  ( -13.83846290436598636, 20.23563650606295639, 13.60000000000390763 ) ) ;
#2874 = CARTESIAN_POINT ( 'NONE',  ( 18.47580180201122957, -42.26129501556570744, -2.340186441589714672 ) ) ;
#2875 = CARTESIAN_POINT ( 'NONE',  ( -14.09999999999993570, 16.09999999999996945, 28.59999999999999787 ) ) ;
#2876 = DIRECTION ( 'NONE',  ( 1.000000000000000000, 0.000000000000000000, 0.000000000000000000 ) ) ;
#2877 = CARTESIAN_POINT ( 'NONE',  ( -20.81355453544554024, 39.09999999999908482, -2.184496668613517212 ) ) ;
#2878 = ORIENTED_EDGE ( 'NONE', *, *, #1194, .F. ) ;
#2879 = CARTESIAN_POINT ( 'NONE',  ( -21.10000000000000142, 44.10000000000001563, 10.23000000000000043 ) ) ;
#2880 = CARTESIAN_POINT ( 'NONE',  ( -20.20481555856608225, -42.20481555856608935, 9.600000000000001421 ) ) ;
#2881 = DIRECTION ( 'NONE',  ( 0.000000000000000000, 0.000000000000000000, -1.000000000000000000 ) ) ;
#2882 = CARTESIAN_POINT ( 'NONE',  ( -19.72831132817721311, -42.96197724028829867, 0.5646006254752317099 ) ) ;
#2883 =( NAMED_UNIT ( * ) PLANE_ANGLE_UNIT ( ) SI_UNIT ( $, .RADIAN. ) );
#2884 = CARTESIAN_POINT ( 'NONE',  ( -20.72365611449979994, 43.45345044736523477, 2.000000000000000888 ) ) ;
#2885 = CARTESIAN_POINT ( 'NONE',  ( -19.97040907923978281, 42.97040907923948794, -1.495219409409465960 ) ) ;
#2886 = VERTEX_POINT ( 'NONE', #4517 ) ;
#2887 = ORIENTED_EDGE ( 'NONE', *, *, #3108, .F. ) ;
#2888 = CARTESIAN_POINT ( 'NONE',  ( 42.10733879021319126, 20.87483915154478353, 28.59999999999999432 ) ) ;
#2889 = CARTESIAN_POINT ( 'NONE',  ( -42.92027554825812530, -19.87323876972731895, 7.569999999999997620 ) ) ;
#2890 = CARTESIAN_POINT ( 'NONE',  ( -40.65000000000005542, 15.49999999999987033, 13.60000000000000142 ) ) ;
#2891 = LINE ( 'NONE', #6742, #5477 ) ;
#2892 = ADVANCED_FACE ( 'NONE', ( #8178, #7544 ), #723, .F. ) ;
#2893 = CARTESIAN_POINT ( 'NONE',  ( -40.80000000000003979, 10.27689577749865890, 7.600000000000000533 ) ) ;
#2894 = CARTESIAN_POINT ( 'NONE',  ( -16.86546493963008331, 44.10000000000000853, 2.000000000000001332 ) ) ;
#2895 = EDGE_CURVE ( 'NONE', #4800, #7213, #8560, .T. ) ;
#2896 = CARTESIAN_POINT ( 'NONE',  ( 47.76892731083998456, -7.494795557120633944, 13.60000000000000497 ) ) ;
#2897 = CARTESIAN_POINT ( 'NONE',  ( 18.52398588804340918, -43.10819241021798831, -0.4239866012125607653 ) ) ;
#2898 = CARTESIAN_POINT ( 'NONE',  ( 19.59521940940663143, 42.97040907924121456, -1.870409079243656070 ) ) ;
#2899 = ORIENTED_EDGE ( 'NONE', *, *, #9245, .F. ) ;
#2900 = VERTEX_POINT ( 'NONE', #8126 ) ;
#2901 = VERTEX_POINT ( 'NONE', #3587 ) ;
#2902 = CARTESIAN_POINT ( 'NONE',  ( 16.10000000000000853, 43.81355453544552603, -2.184496668613509662 ) ) ;
#2903 = CARTESIAN_POINT ( 'NONE',  ( -17.53634271284347790, -42.43669093743163501, -2.516654121255092136 ) ) ;
#2904 = CARTESIAN_POINT ( 'NONE',  ( 42.01613699022782811, 19.25301621602734770, 7.600000000000001421 ) ) ;
#2905 = CARTESIAN_POINT ( 'NONE',  ( -19.16143133711470981, 39.09999999999900666, -2.937984320614856593 ) ) ;
#2906 = CARTESIAN_POINT ( 'NONE',  ( -21.08542865622441198, -39.87180854719694167, 9.600000000000003197 ) ) ;
#2907 = EDGE_CURVE ( 'NONE', #2189, #8868, #2064, .T. ) ;
#2908 = CARTESIAN_POINT ( 'NONE',  ( -42.62671102339632512, 19.96384476362795724, 7.600000000000002309 ) ) ;
#2909 = CARTESIAN_POINT ( 'NONE',  ( 21.10000000000000142, -41.22000000000271314, 2.000000000000000000 ) ) ;
#2910 = DIRECTION ( 'NONE',  ( -1.000000000000000000, 0.000000000000000000, 0.000000000000000000 ) ) ;
#2911 = CARTESIAN_POINT ( 'NONE',  ( -42.90450979681320831, 19.88097846064587415, 7.569999999999995843 ) ) ;
#2912 = LINE ( 'NONE', #5076, #940 ) ;
#2913 = ORIENTED_EDGE ( 'NONE', *, *, #6999, .F. ) ;
#2914 = DIRECTION ( 'NONE',  ( -0.000000000000000000, -0.000000000000000000, -1.000000000000000000 ) ) ;
#2915 = CARTESIAN_POINT ( 'NONE',  ( 43.10000000000006537, 21.10000000000015419, 14.25000000000000888 ) ) ;
#2916 = CARTESIAN_POINT ( 'NONE',  ( 18.38329560835597931, -43.07077768596503375, 9.600000000000001421 ) ) ;
#2917 = DIRECTION ( 'NONE',  ( 0.000000000000000000, 0.000000000000000000, 1.000000000000000000 ) ) ;
#2918 = VECTOR ( 'NONE', #4443, 1000.000000000000000 ) ;
#2919 = DIRECTION ( 'NONE',  ( -1.000000000000000000, 0.000000000000000000, 0.000000000000000000 ) ) ;
#2920 = CARTESIAN_POINT ( 'NONE',  ( -14.09999999999993570, 16.09999999999996945, 18.60000000000000497 ) ) ;
#2921 = CARTESIAN_POINT ( 'NONE',  ( 18.78705471579200648, -41.91325460346636333, -2.465170449773292916 ) ) ;
#2922 = CARTESIAN_POINT ( 'NONE',  ( -18.10000000000000142, -34.46026316928586652, 6.000000000000000000 ) ) ;
#2923 = FACE_OUTER_BOUND ( 'NONE', #416, .T. ) ;
#2924 = ORIENTED_EDGE ( 'NONE', *, *, #6935, .F. ) ;
#2925 = CIRCLE ( 'NONE', #4655, 1.379999999999999227 ) ;
#2926 = B_SPLINE_CURVE_WITH_KNOTS ( 'NONE', 1,
 ( #2681, #5684 ),
 .UNSPECIFIED., .F., .F.,
 ( 2, 2 ),
 ( 0.1747967479675474056, 0.9878048780487789227 ),
 .UNSPECIFIED. ) ;
#2927 = CARTESIAN_POINT ( 'NONE',  ( -19.88124999999923403, 42.88124999999890719, -1.687500000000142775 ) ) ;
#2928 = ORIENTED_EDGE ( 'NONE', *, *, #1265, .F. ) ;
#2929 = EDGE_CURVE ( 'NONE', #9352, #8068, #82, .T. ) ;
#2930 = CARTESIAN_POINT ( 'NONE',  ( -21.10000000000000142, 44.10000000000001563, -3.630000000000000782 ) ) ;
#2931 = CARTESIAN_POINT ( 'NONE',  ( -42.62994004719503494, -19.96301418375911041, 7.599999999999999645 ) ) ;
#2932 = CARTESIAN_POINT ( 'NONE',  ( 39.75686589507863289, -5.246243034807624106, 26.00375696519229862 ) ) ;
#2933 = CARTESIAN_POINT ( 'NONE',  ( -19.40343044518382953, -42.36974095710334609, -1.585375912804925402 ) ) ;
#2934 = AXIS2_PLACEMENT_3D ( 'NONE', #1916, #5939, #7532 ) ;
#2935 = CARTESIAN_POINT ( 'NONE',  ( -21.05646371664030880, 41.77855064893170578, 2.000000000000000888 ) ) ;
#2936 = DIRECTION ( 'NONE',  ( -1.000000000000000000, -3.491481338843133750E-15, 0.000000000000000000 ) ) ;
#2937 = CARTESIAN_POINT ( 'NONE',  ( -19.84999999999926246, 42.84999999999892850, -1.750000000000155431 ) ) ;
#2938 = ORIENTED_EDGE ( 'NONE', *, *, #1659, .F. ) ;
#2939 = AXIS2_PLACEMENT_3D ( 'NONE', #7528, #6784, #169 ) ;
#2940 = EDGE_CURVE ( 'NONE', #1654, #5411, #9256, .T. ) ;
#2941 = ORIENTED_EDGE ( 'NONE', *, *, #5198, .F. ) ;
#2942 = CARTESIAN_POINT ( 'NONE',  ( 20.18619108749785696, -40.77590760189499264, -2.259332843797935197 ) ) ;
#2943 = CARTESIAN_POINT ( 'NONE',  ( -42.26981359786804404, -20.01447571160631966, 7.569999999999995843 ) ) ;
#2944 = LINE ( 'NONE', #2061, #7318 ) ;
#2945 = CARTESIAN_POINT ( 'NONE',  ( -18.05596892353833027, -9.253534534311684823, 13.60000000000000142 ) ) ;
#2946 = DIRECTION ( 'NONE',  ( 0.000000000000000000, -1.000000000000000000, 0.000000000000000000 ) ) ;
#2947 = CARTESIAN_POINT ( 'NONE',  ( -42.28028477983851019, 20.12044396547346636, 9.599999999999859313 ) ) ;
#2948 = CARTESIAN_POINT ( 'NONE',  ( 18.50669107810068681, -43.06960988856646111, -0.7703589325513559016 ) ) ;
#2949 = VECTOR ( 'NONE', #8823, 1000.000000000000000 ) ;
#2950 = CARTESIAN_POINT ( 'NONE',  ( -17.50000000000000000, -37.50000000000000000, 6.000000000000000000 ) ) ;
#2951 = ORIENTED_EDGE ( 'NONE', *, *, #5921, .F. ) ;
#2952 = ORIENTED_EDGE ( 'NONE', *, *, #8114, .T. ) ;
#2953 = EDGE_LOOP ( 'NONE', ( #9698, #2746, #255, #8534 ) ) ;
#2954 = CARTESIAN_POINT ( 'NONE',  ( 16.85004868582021942, 43.74141831540798364, -2.327525915159603276 ) ) ;
#2955 = CARTESIAN_POINT ( 'NONE',  ( -16.85023373485024223, -42.23550808394510625, -2.735652922899151296 ) ) ;
#2956 = CARTESIAN_POINT ( 'NONE',  ( 42.07740851021367234, 18.16306628582325899, 7.599999999999999645 ) ) ;
#2957 = EDGE_CURVE ( 'NONE', #9712, #3412, #5150, .T. ) ;
#2958 = CARTESIAN_POINT ( 'NONE',  ( -19.54258782409708672, -42.98866520347229425, 9.600000000000004974 ) ) ;
#2959 = CARTESIAN_POINT ( 'NONE',  ( -41.01456311779851660, 20.08138178950364150, 7.600000000000001421 ) ) ;
#2960 = LINE ( 'NONE', #4385, #1973 ) ;
#2961 = CARTESIAN_POINT ( 'NONE',  ( -6.319581223306072004E-14, 18.10000000000000142, 10.59999999999999964 ) ) ;
#2962 = DIRECTION ( 'NONE',  ( 0.000000000000000000, -1.000000000000000000, 0.000000000000000000 ) ) ;
#2963 = CARTESIAN_POINT ( 'NONE',  ( 39.35000000000001563, -4.399999999999876010, 23.89999999999999858 ) ) ;
#2964 = AXIS2_PLACEMENT_3D ( 'NONE', #1787, #7070, #7815 ) ;
#2965 = ORIENTED_EDGE ( 'NONE', *, *, #3025, .T. ) ;
#2966 = CARTESIAN_POINT ( 'NONE',  ( 39.60000000000006537, -7.395043836444306962, 20.89999999999999858 ) ) ;
#2967 = CARTESIAN_POINT ( 'NONE',  ( 18.10000000000000142, -34.46026316928586652, 6.000000000000000000 ) ) ;
#2968 = CARTESIAN_POINT ( 'NONE',  ( 18.33773021340960341, -43.07237354602655444, 9.600000000000001421 ) ) ;
#2969 = LINE ( 'NONE', #7, #3138 ) ;
#2970 = CARTESIAN_POINT ( 'NONE',  ( -20.60000000000000853, -38.10000000000002274, -2.500000000000002665 ) ) ;
#2971 = CARTESIAN_POINT ( 'NONE',  ( -18.99201367540691976, 19.78663668145261312, 13.60000000000000142 ) ) ;
#2972 = STYLED_ITEM ( 'NONE', ( #66 ), #6158 ) ;
#2973 = CARTESIAN_POINT ( 'NONE',  ( 16.85036882629959720, -42.13651264737228530, -2.769259530924307100 ) ) ;
#2974 = CARTESIAN_POINT ( 'NONE',  ( -14.08542865622434093, -4.171808547113855958, 28.59999999999999787 ) ) ;
#2975 = DIRECTION ( 'NONE',  ( 0.000000000000000000, -0.000000000000000000, -1.000000000000000000 ) ) ;
#2976 = ORIENTED_EDGE ( 'NONE', *, *, #2230, .T. ) ;
#2977 = CARTESIAN_POINT ( 'NONE',  ( -21.09802463877586476, 39.09999999999947562, 0.4688325137343146154 ) ) ;
#2978 = ORIENTED_EDGE ( 'NONE', *, *, #2768, .F. ) ;
#2979 = EDGE_CURVE ( 'NONE', #9067, #4969, #1891, .T. ) ;
#2980 = CARTESIAN_POINT ( 'NONE',  ( 23.21000000000000441, -43.10000000000000853, -3.000000000000000000 ) ) ;
#2981 = FACE_OUTER_BOUND ( 'NONE', #4240, .T. ) ;
#2982 = CARTESIAN_POINT ( 'NONE',  ( -19.09999999999993747, 9.933333333333346005, 13.60000000000000142 ) ) ;
#2983 = AXIS2_PLACEMENT_3D ( 'NONE', #5528, #1636, #2430 ) ;
#2984 = CARTESIAN_POINT ( 'NONE',  ( -16.09999999999992681, -42.81355453544555445, -2.184496668613528314 ) ) ;
#2985 = EDGE_CURVE ( 'NONE', #7973, #5833, #4796, .T. ) ;
#2986 = CARTESIAN_POINT ( 'NONE',  ( -40.10000000000006537, 18.10000000000012221, 10.59999999999999964 ) ) ;
#2987 = DIRECTION ( 'NONE',  ( -1.000000000000000000, 0.000000000000000000, 0.000000000000000000 ) ) ;
#2988 = AXIS2_PLACEMENT_3D ( 'NONE', #5633, #8742, #7271 ) ;
#2989 = CARTESIAN_POINT ( 'NONE',  ( -20.05407719602099448, 42.92614600124078095, -1.450366643527342347 ) ) ;
#2990 = VERTEX_POINT ( 'NONE', #1754 ) ;
#2991 = ORIENTED_EDGE ( 'NONE', *, *, #7516, .F. ) ;
#2992 = DIRECTION ( 'NONE',  ( -1.000000000000000000, 0.000000000000000000, 0.000000000000000000 ) ) ;
#2993 = CARTESIAN_POINT ( 'NONE',  ( 16.10000000000002274, -42.28449666861352796, -2.713554535445537041 ) ) ;
#2994 = CARTESIAN_POINT ( 'NONE',  ( 21.00836052684415733, -41.53069457996025449, 0.5648931975373283620 ) ) ;
#2995 = CARTESIAN_POINT ( 'NONE',  ( -12.26519108914825118, -12.33787463312400234, 13.60000000000000497 ) ) ;
#2996 = VECTOR ( 'NONE', #935, 1000.000000000000000 ) ;
#2997 = CARTESIAN_POINT ( 'NONE',  ( -19.16144512839907676, 44.03798319008014772, 2.000000000000001776 ) ) ;
#2998 = EDGE_CURVE ( 'NONE', #9167, #1356, #5404, .T. ) ;
#2999 = CARTESIAN_POINT ( 'NONE',  ( 47.67222146963754881, -7.852190108908479793, 13.59999999999999787 ) ) ;
#3000 = CARTESIAN_POINT ( 'NONE',  ( 18.69057582615961977, -43.06069831984497398, 1.245127502117561846 ) ) ;
#3001 = CARTESIAN_POINT ( 'NONE',  ( 19.19424047815761725, 43.13248562931720187, -2.032485629319359610 ) ) ;
#3002 = ORIENTED_EDGE ( 'NONE', *, *, #877, .T. ) ;
#3003 = ORIENTED_EDGE ( 'NONE', *, *, #6233, .F. ) ;
#3004 = CIRCLE ( 'NONE', #1264, 0.7500000000000006661 ) ;
#3005 = ORIENTED_EDGE ( 'NONE', *, *, #1474, .F. ) ;
#3006 = DIRECTION ( 'NONE',  ( -0.000000000000000000, -0.000000000000000000, -1.000000000000000000 ) ) ;
#3007 = CARTESIAN_POINT ( 'NONE',  ( -18.80422545706652571, -41.55059604045698762, -2.671739524703312441 ) ) ;
#3008 = CARTESIAN_POINT ( 'NONE',  ( -14.47142857142857331, -33.63450639421993316, 0.000000000000000000 ) ) ;
#3009 = CARTESIAN_POINT ( 'NONE',  ( -19.39755730796877842, -43.00743052736713423, 9.600000000000001421 ) ) ;
#3010 = AXIS2_PLACEMENT_3D ( 'NONE', #6681, #1999, #460 ) ;
#3011 = EDGE_CURVE ( 'NONE', #2213, #4285, #7781, .T. ) ;
#3012 = CARTESIAN_POINT ( 'NONE',  ( -21.07025860286480778, 41.39770951319329839, 9.600000000000004974 ) ) ;
#3013 = FACE_OUTER_BOUND ( 'NONE', #2281, .T. ) ;
#3014 = DIRECTION ( 'NONE',  ( 1.916821520416347353E-16, -1.000000000000000000, 0.000000000000000000 ) ) ;
#3015 = CARTESIAN_POINT ( 'NONE',  ( 41.62671102339356111, -19.96384476362788973, 7.599999999999998757 ) ) ;
#3016 = CARTESIAN_POINT ( 'NONE',  ( -42.99638483701527747, 19.41849497126051816, 7.600000000000001421 ) ) ;
#3017 = ORIENTED_EDGE ( 'NONE', *, *, #8267, .F. ) ;
#3018 = CARTESIAN_POINT ( 'NONE',  ( 21.10000000000000142, 39.10000000000187725, 2.000000000000000888 ) ) ;
#3019 = CARTESIAN_POINT ( 'NONE',  ( -14.06979218642864105, 18.41047241443264681, 28.60000000000000142 ) ) ;
#3020 = CARTESIAN_POINT ( 'NONE',  ( -20.20852092909323972, -41.92439472599568262, -1.260309619338440656 ) ) ;
#3021 = DIRECTION ( 'NONE',  ( -1.000000000000000000, 0.000000000000000000, 0.000000000000000000 ) ) ;
#3022 = CARTESIAN_POINT ( 'NONE',  ( 40.10000000000006537, -5.149999999999875122, 27.72132034355963981 ) ) ;
#3023 = CARTESIAN_POINT ( 'NONE',  ( -16.09999999999996589, -43.10000000000000853, 2.000000000000000000 ) ) ;
#3024 = CARTESIAN_POINT ( 'NONE',  ( -18.98482429349487433, 19.85888180100808498, 13.60000000000000497 ) ) ;
#3025 = EDGE_CURVE ( 'NONE', #8361, #2842, #1012, .T. ) ;
#3026 = CARTESIAN_POINT ( 'NONE',  ( 17.53477213430621262, -40.95400498820382751, -3.012384954163481954 ) ) ;
#3027 = CARTESIAN_POINT ( 'NONE',  ( 16.10000000000000142, -38.10000000000001563, -3.000000000000000000 ) ) ;
#3028 = CARTESIAN_POINT ( 'NONE',  ( 41.97118357197018668, -19.58280725471343331, 7.569999999999790674 ) ) ;
#3029 = ORIENTED_EDGE ( 'NONE', *, *, #7939, .T. ) ;
#3030 = LINE ( 'NONE', #655, #7730 ) ;
#3031 = ORIENTED_EDGE ( 'NONE', *, *, #6233, .T. ) ;
#3032 = CARTESIAN_POINT ( 'NONE',  ( -16.10000000000037446, 44.10000000000000853, 2.000000000000000000 ) ) ;
#3033 = EDGE_CURVE ( 'NONE', #1917, #1738, #7140, .T. ) ;
#3034 = CARTESIAN_POINT ( 'NONE',  ( -42.65624352877708247, -19.95781337680891809, 7.600000000000001421 ) ) ;
#3035 = PLANE ( 'NONE',  #6542 ) ;
#3036 = CARTESIAN_POINT ( 'NONE',  ( -14.09999999999993570, -2.399999999999876010, 13.60000000000000142 ) ) ;
#3037 = CARTESIAN_POINT ( 'NONE',  ( -16.85321727930340785, -43.04464014978489672, -0.9653777089934753031 ) ) ;
#3038 = EDGE_CURVE ( 'NONE', #3556, #2213, #7418, .T. ) ;
#3039 = CARTESIAN_POINT ( 'NONE',  ( -15.75471797905900928, 21.09999999999994458, 13.65881169646656979 ) ) ;
#3040 = CARTESIAN_POINT ( 'NONE',  ( 41.97108259092917137, 19.58340741532169815, 7.569999999999999396 ) ) ;
#3041 = CARTESIAN_POINT ( 'NONE',  ( -44.10000000000007248, 16.09999999999986287, 13.60000000000000142 ) ) ;
#3042 = VERTEX_POINT ( 'NONE', #6483 ) ;
#3043 = ORIENTED_EDGE ( 'NONE', *, *, #4368, .T. ) ;
#3044 = B_SPLINE_SURFACE_WITH_KNOTS ( 'NONE', 3, 3, ( 
 ( #8296, #7708, #6116, #5377, #1730, #3850, #791, #198, #6212, #9130, #3065, #838 ),
 ( #7757, #4735, #3950, #6961, #6816, #9224, #988, #3992, #245, #6862, #48, #6067 ),
 ( #9084, #2321, #5331, #8348, #7614, #431, #1217, #8578, #7938, #2703, #4088, #9413 ),
 ( #1967, #8535, #1772, #9367, #7248, #7985, #8624, #1168, #7798, #4778, #1079, #1122 ),
 ( #8674, #292, #9466, #1029, #3353, #8719, #3309, #1868, #3448, #6453, #7843, #4876 ),
 ( #1820, #7894, #4038, #6353, #7146, #5707, #4131, #338, #7199, #381, #3397, #2655 ),
 ( #6401, #1919, #7053, #4920, #6311, #4970, #5662, #5567, #4177, #7101, #2609, #478 ),
 ( #5614, #4228, #6261, #9322, #4826, #9275, #2521, #5524, #2563, #6500, #8774, #8870 ),
 ( #4323, #6703, #8132, #7295, #5066, #3593, #3644, #634, #5856, #8033, #7400, #3496 ),
 ( #5905, #9713, #581, #5756, #8925, #6658, #9662, #5958, #525, #2069, #2023, #2215 ),
 ( #3543, #6551, #2954, #4473, #8975, #9561, #2801, #2115, #5808, #678, #8082, #4275 ),
 ( #7347, #3691, #5217, #2902, #8236, #2165, #6604, #5172, #7499, #5115, #1272, #8184 ) ),
 .UNSPECIFIED., .F., .F., .F.,
 ( 4, 2, 2, 2, 2, 4 ),
 ( 4, 2, 2, 2, 2, 4 ),
 ( 0.000000000000000000, 0.06250000000000000000, 0.1250000000000000000, 0.2500000000000000000, 0.5000000000000000000, 1.000000000000000000 ),
 ( 0.000000000000000000, 0.06250000000000000000, 0.1250000000000000000, 0.2500000000000000000, 0.5000000000000000000, 1.000000000000000000 ),
 .UNSPECIFIED. ) ;
#3045 = CARTESIAN_POINT ( 'NONE',  ( 20.45345044736523477, -38.10000000000000853, -2.623656114499797187 ) ) ;
#3046 = CARTESIAN_POINT ( 'NONE',  ( 20.62161365322423734, -40.79115110422722523, -1.722049639536078924 ) ) ;
#3047 = EDGE_CURVE ( 'NONE', #2901, #7293, #6407, .T. ) ;
#3048 = FACE_OUTER_BOUND ( 'NONE', #8384, .T. ) ;
#3049 = CARTESIAN_POINT ( 'NONE',  ( -39.10000000000007248, 20.20481555856279954, 9.600000000000001421 ) ) ;
#3050 = CARTESIAN_POINT ( 'NONE',  ( 18.48851315123327410, -42.91268977490358338, -1.313330664769121414 ) ) ;
#3051 = CARTESIAN_POINT ( 'NONE',  ( 20.83999999999846509, 39.10000000000000853, -3.000000000000000000 ) ) ;
#3052 = ORIENTED_EDGE ( 'NONE', *, *, #4902, .F. ) ;
#3053 = VERTEX_POINT ( 'NONE', #1901 ) ;
#3054 = ORIENTED_EDGE ( 'NONE', *, *, #2979, .F. ) ;
#3055 = PLANE ( 'NONE',  #9568 ) ;
#3056 = CARTESIAN_POINT ( 'NONE',  ( -20.59999999999981313, -38.84999999999955378, -2.500000000000192291 ) ) ;
#3057 = CARTESIAN_POINT ( 'NONE',  ( 11.50000000000000000, -37.50000000000000000, 6.000000000000000000 ) ) ;
#3058 = EDGE_CURVE ( 'NONE', #9478, #8382, #8754, .T. ) ;
#3059 = CARTESIAN_POINT ( 'NONE',  ( -21.07131387799097055, -40.36820079462643918, 9.600000000000001421 ) ) ;
#3060 = CARTESIAN_POINT ( 'NONE',  ( -40.08893986351341709, 20.09636902247494206, 7.599999999999998757 ) ) ;
#3061 = CARTESIAN_POINT ( 'NONE',  ( 16.10000000000000853, 42.92029505639006004, -2.832220329304566242 ) ) ;
#3062 = CARTESIAN_POINT ( 'NONE',  ( 41.10905543776747351, -20.02887602816799983, 7.600000000000000533 ) ) ;
#3063 = CARTESIAN_POINT ( 'NONE',  ( -42.98954201474521142, 19.47021393932177347, 7.600000000000001421 ) ) ;
#3064 = ORIENTED_EDGE ( 'NONE', *, *, #3358, .T. ) ;
#3065 = CARTESIAN_POINT ( 'NONE',  ( 20.59999999999814690, 43.59999999999874376, 1.249999999999557021 ) ) ;
#3066 = CARTESIAN_POINT ( 'NONE',  ( -42.88984178720487250, -19.88984571103815213, 7.599999999999999645 ) ) ;
#3067 = CARTESIAN_POINT ( 'NONE',  ( -43.07229497478791558, -18.31994558796316497, 7.570000000000272955 ) ) ;
#3068 = CARTESIAN_POINT ( 'NONE',  ( 6.282812589274898535E-16, -5.649999999999930189, 25.59999999999999787 ) ) ;
#3069 = CARTESIAN_POINT ( 'NONE',  ( -43.10000000000006537, -8.261500752994470738E-15, 7.599999999999999645 ) ) ;
#3070 = CARTESIAN_POINT ( 'NONE',  ( -43.17863251328986252, -18.32329648377635323, 9.600000000000386891 ) ) ;
#3071 = VECTOR ( 'NONE', #5847, 1000.000000000000000 ) ;
#3072 = CARTESIAN_POINT ( 'NONE',  ( -16.10000000000000497, -43.10000000000000853, 4.533333333333334991 ) ) ;
#3073 = DIRECTION ( 'NONE',  ( 0.000000000000000000, 0.000000000000000000, -1.000000000000000000 ) ) ;
#3074 = CARTESIAN_POINT ( 'NONE',  ( 42.31763701899361507, -7.110039766346700318, 28.59999999999999432 ) ) ;
#3075 = VERTEX_POINT ( 'NONE', #8015 ) ;
#3076 = CARTESIAN_POINT ( 'NONE',  ( -19.41380356356557257, 44.00416956306269611, 9.600000000000001421 ) ) ;
#3077 = PRODUCT_RELATED_PRODUCT_CATEGORY ( 'part', '', ( #1154 ) ) ;
#3078 = ORIENTED_EDGE ( 'NONE', *, *, #4013, .T. ) ;
#3079 = DIRECTION ( 'NONE',  ( -1.000000000000000000, 0.000000000000000000, 0.000000000000000000 ) ) ;
#3080 = AXIS2_PLACEMENT_3D ( 'NONE', #8150, #5040, #451 ) ;
#3081 = CARTESIAN_POINT ( 'NONE',  ( -39.10000000000005826, -20.10000000000013642, 7.599999999999999645 ) ) ;
#3082 = DIRECTION ( 'NONE',  ( -1.000000000000000000, 0.000000000000000000, 0.000000000000000000 ) ) ;
#3083 = CARTESIAN_POINT ( 'NONE',  ( -14.09999999999993570, 9.933333333333346005, 13.60000000000000142 ) ) ;
#3084 = EDGE_CURVE ( 'NONE', #4744, #120, #1579, .T. ) ;
#3085 = CARTESIAN_POINT ( 'NONE',  ( -17.53634255459487434, -42.61665412127500474, -2.336690937411742830 ) ) ;
#3086 = CARTESIAN_POINT ( 'NONE',  ( -20.20481555856607869, 0.000000000000000000, 9.600000000000001421 ) ) ;
#3087 = EDGE_CURVE ( 'NONE', #8783, #7224, #2588, .T. ) ;
#3088 = VECTOR ( 'NONE', #1598, 1000.000000000000000 ) ;
#3089 = CARTESIAN_POINT ( 'NONE',  ( -20.59999999999981313, -38.84999999999955378, -2.500000000000192291 ) ) ;
#3090 = CARTESIAN_POINT ( 'NONE',  ( -20.24561279931063495, 42.62905563817770371, -1.529055847158576231 ) ) ;
#3091 = ORIENTED_EDGE ( 'NONE', *, *, #652, .F. ) ;
#3092 = ORIENTED_EDGE ( 'NONE', *, *, #2268, .T. ) ;
#3093 =( BOUNDED_CURVE ( )  B_SPLINE_CURVE ( 2, ( #8569, #4122, #7930 ),
 .UNSPECIFIED., .F., .T. ) 
 B_SPLINE_CURVE_WITH_KNOTS ( ( 3, 3 ),
 ( 0.000000000000000000, 0.009199074514668538483 ),
 .UNSPECIFIED. ) 
 CURVE ( )  GEOMETRIC_REPRESENTATION_ITEM ( )  RATIONAL_B_SPLINE_CURVE ( ( 1.000000000000000000, 4.000000000000000888, 1.000000000000000000 ) ) 
 REPRESENTATION_ITEM ( '' )  );
#3094 = DIRECTION ( 'NONE',  ( 0.000000000000000000, 0.000000000000000000, -1.000000000000000000 ) ) ;
#3095 = DIRECTION ( 'NONE',  ( -0.000000000000000000, 0.000000000000000000, -1.000000000000000000 ) ) ;
#3096 = CARTESIAN_POINT ( 'NONE',  ( 20.51642667442951051, -40.47617900287363568, -2.066520830951481535 ) ) ;
#3097 = FACE_OUTER_BOUND ( 'NONE', #7983, .T. ) ;
#3098 = CARTESIAN_POINT ( 'NONE',  ( -16.86011572819060689, 40.58231510585771673, -2.997698119810882300 ) ) ;
#3099 = VECTOR ( 'NONE', #848, 1000.000000000000000 ) ;
#3100 = CARTESIAN_POINT ( 'NONE',  ( -20.60000000000000853, 43.60000000000001563, 2.000000000000000888 ) ) ;
#3101 = DIRECTION ( 'NONE',  ( -0.000000000000000000, -0.000000000000000000, 1.000000000000000000 ) ) ;
#3102 = CARTESIAN_POINT ( 'NONE',  ( -11.41306639158629288, -7.371177330694341556, 18.60000000000123777 ) ) ;
#3103 = CARTESIAN_POINT ( 'NONE',  ( -23.20999999999999730, 44.10000000000000853, -3.000000000000000000 ) ) ;
#3104 = ORIENTED_EDGE ( 'NONE', *, *, #4060, .T. ) ;
#3105 = VERTEX_POINT ( 'NONE', #1107 ) ;
#3106 = DIRECTION ( 'NONE',  ( 0.000000000000000000, -1.000000000000000000, 0.000000000000000000 ) ) ;
#3107 = DIRECTION ( 'NONE',  ( -1.000000000000000000, 0.000000000000000000, 0.000000000000000000 ) ) ;
#3108 = EDGE_CURVE ( 'NONE', #7855, #7041, #2386, .T. ) ;
#3109 = CARTESIAN_POINT ( 'NONE',  ( -14.09999999999993570, -2.399999999999875566, 25.26666666666666572 ) ) ;
#3110 = EDGE_CURVE ( 'NONE', #2529, #6669, #8956, .T. ) ;
#3111 = CARTESIAN_POINT ( 'NONE',  ( -20.27774806692646337, -42.81364017787043963, 9.600000000000001421 ) ) ;
#3112 = AXIS2_PLACEMENT_3D ( 'NONE', #5317, #8974, #4472 ) ;
#3113 = DIRECTION ( 'NONE',  ( 1.000000000000000000, 0.000000000000000000, 0.000000000000000000 ) ) ;
#3114 = CARTESIAN_POINT ( 'NONE',  ( -11.70268623409459430, 36.24285714285714022, 6.000000000000000000 ) ) ;
#3115 = CARTESIAN_POINT ( 'NONE',  ( -21.10000000000000142, 45.34000000000006736, -3.000000000000000000 ) ) ;
#3116 = EDGE_CURVE ( 'NONE', #7972, #4307, #7885, .T. ) ;
#3117 = CARTESIAN_POINT ( 'NONE',  ( -43.04829580383783849, 18.83714683069840135, 7.600000000000003197 ) ) ;
#3118 = ORIENTED_EDGE ( 'NONE', *, *, #845, .F. ) ;
#3119 = CARTESIAN_POINT ( 'NONE',  ( 10.77689577749880101, 40.10000000000000142, 0.000000000000000000 ) ) ;
#3120 = CARTESIAN_POINT ( 'NONE',  ( 42.05142201890303966, -19.72179701815525377, 9.600000000000044054 ) ) ;
#3121 = VECTOR ( 'NONE', #5513, 1000.000000000000000 ) ;
#3122 = CARTESIAN_POINT ( 'NONE',  ( -43.06115651372429909, -18.63684803177372018, 7.569999999999997620 ) ) ;
#3123 = CARTESIAN_POINT ( 'NONE',  ( -9.099999999999933920, -7.399999999999876010, 28.59999999999999787 ) ) ;
#3124 = CARTESIAN_POINT ( 'NONE',  ( 5.366666666666692898, -43.10000000000000853, 2.000000000000000000 ) ) ;
#3125 = CARTESIAN_POINT ( 'NONE',  ( -43.07597369116206210, -19.60148538755476011, 9.600000000000248335 ) ) ;
#3126 = DIRECTION ( 'NONE',  ( 1.000000000000000000, 0.000000000000000000, 0.000000000000000000 ) ) ;
#3127 = CARTESIAN_POINT ( 'NONE',  ( 16.84999992087521292, -42.52044598952556242, -2.579554010477117298 ) ) ;
#3128 = AXIS2_PLACEMENT_3D ( 'NONE', #9443, #4201, #2727 ) ;
#3129 = AXIS2_PLACEMENT_3D ( 'NONE', #4700, #2533, #8457 ) ;
#3130 = CARTESIAN_POINT ( 'NONE',  ( 39.60000000000006537, 14.83538406167147095, 0.000000000000000000 ) ) ;
#3131 = CARTESIAN_POINT ( 'NONE',  ( 41.96631460140426384, -7.213921820960381481, 28.59999999999999787 ) ) ;
#3132 = ORIENTED_EDGE ( 'NONE', *, *, #4347, .T. ) ;
#3133 = CARTESIAN_POINT ( 'NONE',  ( -20.93063647162199814, 42.90107979774546720, 9.599999999999999645 ) ) ;
#3134 = ORIENTED_EDGE ( 'NONE', *, *, #1652, .F. ) ;
#3135 = CARTESIAN_POINT ( 'NONE',  ( -42.59832728104109378, -19.96895416768800402, 7.599999999999997868 ) ) ;
#3136 = CARTESIAN_POINT ( 'NONE',  ( 21.09769885324979910, 39.86011889369919459, 0.5177116373604521149 ) ) ;
#3137 = CARTESIAN_POINT ( 'NONE',  ( 16.10000000000000142, -38.10000000000001563, -3.000000000000000000 ) ) ;
#3138 = VECTOR ( 'NONE', #5976, 1000.000000000000000 ) ;
#3139 = CARTESIAN_POINT ( 'NONE',  ( -18.59020365706778222, -43.13238374522482133, 0.5647522647001084195 ) ) ;
#3140 = DIRECTION ( 'NONE',  ( -1.000000000000000000, 0.000000000000000000, -1.826024711554534653E-16 ) ) ;
#3141 = MANIFOLD_SOLID_BREP ( 'Cut-Extrude7', #4668 ) ;
#3142 = EDGE_CURVE ( 'NONE', #5523, #7332, #3004, .T. ) ;
#3143 = CARTESIAN_POINT ( 'NONE',  ( -15.89630197757001540, 21.09999999999994458, 13.65106774866377037 ) ) ;
#3144 = CARTESIAN_POINT ( 'NONE',  ( -21.10819241021736303, 41.52398660120772433, -0.4239858880468330149 ) ) ;
#3145 = ORIENTED_EDGE ( 'NONE', *, *, #5804, .T. ) ;
#3146 = VECTOR ( 'NONE', #3219, 1000.000000000000000 ) ;
#3147 = CARTESIAN_POINT ( 'NONE',  ( 20.93222032930457743, 39.10000000000088960, -1.820295056390003552 ) ) ;
#3148 = CARTESIAN_POINT ( 'NONE',  ( 20.13248562931365271, -41.19424047815982703, -2.032485629318264042 ) ) ;
#3149 = CARTESIAN_POINT ( 'NONE',  ( -19.07219162504251386, -4.725448087698097765, 13.60000000000000142 ) ) ;
#3150 = CARTESIAN_POINT ( 'NONE',  ( -18.79115110422813117, 42.82204963953397936, -2.521613653226942198 ) ) ;
#3151 = CARTESIAN_POINT ( 'NONE',  ( -20.26129501559922019, 41.47580190091712637, -2.340186441550847096 ) ) ;
#3152 = AXIS2_PLACEMENT_3D ( 'NONE', #6940, #2248, #6841 ) ;
#3153 = VECTOR ( 'NONE', #9082, 1000.000000000000000 ) ;
#3154 = CARTESIAN_POINT ( 'NONE',  ( 19.78749999999716280, -41.88124999999995168, -1.781250000002830403 ) ) ;
#3155 = CARTESIAN_POINT ( 'NONE',  ( -11.71004394060899756, -7.359127595603030869, 18.60000000000062315 ) ) ;
#3156 = CARTESIAN_POINT ( 'NONE',  ( 19.28511347610281490, 42.47253210955766178, -2.483905225747752077 ) ) ;
#3157 = VERTEX_POINT ( 'NONE', #710 ) ;
#3158 = B_SPLINE_CURVE_WITH_KNOTS ( 'NONE', 3,
 ( #6139, #2401, #6235, #8513 ),
 .UNSPECIFIED., .F., .F.,
 ( 4, 4 ),
 ( -0.002002744692617852706, -2.273736754432320595E-13 ),
 .UNSPECIFIED. ) ;
#3159 = ORIENTED_EDGE ( 'NONE', *, *, #5715, .F. ) ;
#3160 = ORIENTED_EDGE ( 'NONE', *, *, #272, .T. ) ;
#3161 = DIRECTION ( 'NONE',  ( 1.000000000000000000, 0.000000000000000000, 0.000000000000000000 ) ) ;
#3162 = CARTESIAN_POINT ( 'NONE',  ( 42.09665274125306667, 17.05569862190631980, 7.600000000000000533 ) ) ;
#3163 = AXIS2_PLACEMENT_3D ( 'NONE', #7654, #833, #1576 ) ;
#3164 = CARTESIAN_POINT ( 'NONE',  ( 41.94666447902292106, 19.97874451843433619, 9.600000000000001421 ) ) ;
#3165 = CARTESIAN_POINT ( 'NONE',  ( -19.38919738757331501, 43.31939565370281287, -1.665286873931438816 ) ) ;
#3166 = CARTESIAN_POINT ( 'NONE',  ( 13.54575131106458663, 35.89999999999999147, -2.957831373953969667 ) ) ;
#3167 = CARTESIAN_POINT ( 'NONE',  ( 19.52984423246653023, -41.99887817354282049, -1.898878173545506254 ) ) ;
#3168 = CARTESIAN_POINT ( 'NONE',  ( 41.44838226707532414, -19.99238023628604921, 7.599999999999999645 ) ) ;
#3169 = ADVANCED_FACE ( 'NONE', ( #4260 ), #8112, .T. ) ;
#3170 = DIRECTION ( 'NONE',  ( -0.000000000000000000, -0.000000000000000000, 1.000000000000000000 ) ) ;
#3171 = ORIENTED_EDGE ( 'NONE', *, *, #4025, .F. ) ;
#3172 = CARTESIAN_POINT ( 'NONE',  ( 38.10000000000007248, -7.399999999999876010, 23.89999999999999858 ) ) ;
#3173 = CARTESIAN_POINT ( 'NONE',  ( -43.03901575552434622, -18.97631169180020194, 7.599999999999998757 ) ) ;
#3174 = CARTESIAN_POINT ( 'NONE',  ( -21.09802543199290525, -38.09999999999997300, 0.4688596676702332933 ) ) ;
#3175 = DIRECTION ( 'NONE',  ( -0.000000000000000000, 0.000000000000000000, 1.000000000000000000 ) ) ;
#3176 = DIRECTION ( 'NONE',  ( 1.000000000000000000, -0.000000000000000000, 0.000000000000000000 ) ) ;
#3177 = EDGE_CURVE ( 'NONE', #1258, #6153, #5385, .T. ) ;
#3178 = CARTESIAN_POINT ( 'NONE',  ( 18.10000000000000142, -43.10000000000000853, 7.599999999999999645 ) ) ;
#3179 = CARTESIAN_POINT ( 'NONE',  ( 41.76978910882296958, -20.06364008707243229, 10.03000000000000469 ) ) ;
#3180 = CARTESIAN_POINT ( 'NONE',  ( 18.48376891750370987, -41.59829718317202918, -2.744270599667204991 ) ) ;
#3181 = CARTESIAN_POINT ( 'NONE',  ( 17.50000000000000000, -37.50000000000000000, 6.000000000000000000 ) ) ;
#3182 = PLANE ( 'NONE',  #4715 ) ;
#3183 = ORIENTED_EDGE ( 'NONE', *, *, #1472, .F. ) ;
#3184 = CARTESIAN_POINT ( 'NONE',  ( -21.06938128774558905, 41.42161314647648851, 9.599999999999999645 ) ) ;
#3185 = EDGE_LOOP ( 'NONE', ( #3295, #4459, #5577, #8107, #3270, #1102 ) ) ;
#3186 = CARTESIAN_POINT ( 'NONE',  ( -16.10000000000028564, 43.60000000000002274, -2.499999999999995115 ) ) ;
#3187 = LINE ( 'NONE', #5441, #7846 ) ;
#3188 = CYLINDRICAL_SURFACE ( 'NONE', #6719, 0.5000000000000004441 ) ;
#3189 = CARTESIAN_POINT ( 'NONE',  ( -20.19474083638179351, 43.84802577744958541, 1.999999999999994893 ) ) ;
#3190 = CYLINDRICAL_SURFACE ( 'NONE', #7035, 0.5000000000000004441 ) ;
#3191 = CARTESIAN_POINT ( 'NONE',  ( -20.56517033146753448, 42.91325482561000371, -0.6870551976211402012 ) ) ;
#3192 = VERTEX_POINT ( 'NONE', #4356 ) ;
#3193 = PLANE ( 'NONE',  #8650 ) ;
#3194 = CARTESIAN_POINT ( 'NONE',  ( 20.64662036395442613, -41.97645406692547709, -0.3777666453315366435 ) ) ;
#3195 = DIRECTION ( 'NONE',  ( -0.000000000000000000, -0.000000000000000000, 1.000000000000000000 ) ) ;
#3196 = CARTESIAN_POINT ( 'NONE',  ( -17.53523670167398407, 41.59020129874751603, -3.032384039207645099 ) ) ;
#3197 = CARTESIAN_POINT ( 'NONE',  ( 40.38973471204244703, -21.07054652695223851, 13.60000000000000497 ) ) ;
#3198 = CARTESIAN_POINT ( 'NONE',  ( 16.10000000000000142, -12.36666666664434899, -3.000000000000000000 ) ) ;
#3199 = CARTESIAN_POINT ( 'NONE',  ( -13.37297674841577333, -7.068960234768034034, 13.59999999999936193 ) ) ;
#3200 = CARTESIAN_POINT ( 'NONE',  ( 19.63979096058015372, 42.82769126167118401, -1.969314526571315893 ) ) ;
#3201 = VERTEX_POINT ( 'NONE', #7380 ) ;
#3202 = ORIENTED_EDGE ( 'NONE', *, *, #4638, .F. ) ;
#3203 = CYLINDRICAL_SURFACE ( 'NONE', #9252, 0.5000000000000004441 ) ;
#3204 = CARTESIAN_POINT ( 'NONE',  ( 20.52666543961013801, -39.53640090607131441, -2.426665439612249120 ) ) ;
#3205 = DIRECTION ( 'NONE',  ( -1.000000000000000000, 0.000000000000000000, -1.826024711554534160E-16 ) ) ;
#3206 = CARTESIAN_POINT ( 'NONE',  ( 20.12889382622926249, 43.86802747807834635, 9.600000000000001421 ) ) ;
#3207 = EDGE_CURVE ( 'NONE', #3192, #6738, #9138, .T. ) ;
#3208 = CARTESIAN_POINT ( 'NONE',  ( -18.81398651894424745, 43.84663627708677325, -1.272168514784085991 ) ) ;
#3209 = CARTESIAN_POINT ( 'NONE',  ( 18.60000000000000142, 40.10000000000000142, 6.000000000000000000 ) ) ;
#3210 = DIRECTION ( 'NONE',  ( 0.000000000000000000, 0.000000000000000000, 1.000000000000000000 ) ) ;
#3211 = FACE_OUTER_BOUND ( 'NONE', #8746, .T. ) ;
#3212 = EDGE_LOOP ( 'NONE', ( #6838, #305, #7133, #9426 ) ) ;
#3213 = ORIENTED_EDGE ( 'NONE', *, *, #264, .T. ) ;
#3214 = CARTESIAN_POINT ( 'NONE',  ( 42.13401292488034500, -19.12056661060238838, 9.599999999999941025 ) ) ;
#3215 = CARTESIAN_POINT ( 'NONE',  ( -21.02120089170494666, -40.84582436512611991, -0.7458205113267076802 ) ) ;
#3216 = CARTESIAN_POINT ( 'NONE',  ( 0.000000000000000000, -18.10000000000013642, 10.59999999999999964 ) ) ;
#3217 = ADVANCED_FACE ( 'NONE', ( #1352 ), #9436, .T. ) ;
#3218 = CARTESIAN_POINT ( 'NONE',  ( 20.19474083638178641, -42.84802577744956409, 2.000000000000000000 ) ) ;
#3219 = DIRECTION ( 'NONE',  ( 0.000000000000000000, 0.000000000000000000, 1.000000000000000000 ) ) ;
#3220 = DIRECTION ( 'NONE',  ( 0.000000000000000000, 1.000000000000000000, 0.000000000000000000 ) ) ;
#3221 = CARTESIAN_POINT ( 'NONE',  ( 0.000000000000000000, 43.20481555856608935, 9.600000000000001421 ) ) ;
#3222 = CARTESIAN_POINT ( 'NONE',  ( 43.00743052736725502, -5.697557307966429896, 28.60000000000001208 ) ) ;
#3223 = ORIENTED_EDGE ( 'NONE', *, *, #7426, .F. ) ;
#3224 = CARTESIAN_POINT ( 'NONE',  ( -20.31763701899273755, 43.81003976634785602, 9.600000000000003197 ) ) ;
#3225 = ORIENTED_EDGE ( 'NONE', *, *, #3261, .F. ) ;
#3226 = CARTESIAN_POINT ( 'NONE',  ( -18.10000000000000142, -40.10000000000000142, 7.599999999999999645 ) ) ;
#3227 = CARTESIAN_POINT ( 'NONE',  ( -17.66698729810778445, 40.35000000000000142, 4.585786437626904188 ) ) ;
#3228 = CARTESIAN_POINT ( 'NONE',  ( -16.10000000000028564, 43.60000000000002274, -2.499999999999995115 ) ) ;
#3229 = DIRECTION ( 'NONE',  ( -0.000000000000000000, -0.000000000000000000, 1.000000000000000000 ) ) ;
#3230 = EDGE_CURVE ( 'NONE', #3767, #2900, #3626, .T. ) ;
#3231 = ADVANCED_FACE ( 'NONE', ( #4410 ), #7434, .F. ) ;
#3232 = CARTESIAN_POINT ( 'NONE',  ( -16.23738238258332345, 24.88570964850271849, 13.59999999999999076 ) ) ;
#3233 = CARTESIAN_POINT ( 'NONE',  ( -15.56167973260449955, 21.09999999999994102, 13.67147618957026722 ) ) ;
#3234 = CARTESIAN_POINT ( 'NONE',  ( 41.99439879137889875, 19.96608599112148141, 10.02999999999995850 ) ) ;
#3235 = EDGE_CURVE ( 'NONE', #3437, #148, #5975, .T. ) ;
#3236 = CARTESIAN_POINT ( 'NONE',  ( -20.44018644158594000, 41.47580180201175182, -2.161295015564172584 ) ) ;
#3237 = ORIENTED_EDGE ( 'NONE', *, *, #4995, .F. ) ;
#3238 = CARTESIAN_POINT ( 'NONE',  ( -18.69057582616203561, -38.85487249788151587, -2.960698319845980198 ) ) ;
#3239 = CARTESIAN_POINT ( 'NONE',  ( -43.88525032197433262, -20.07265072837507347, 13.60000000000000142 ) ) ;
#3240 = CARTESIAN_POINT ( 'NONE',  ( 20.59999999999945786, -38.84999999999995168, -2.500000000000544009 ) ) ;
#3241 = CARTESIAN_POINT ( 'NONE',  ( -17.53640090607056479, -42.52666543961080237, -2.426665439611524366 ) ) ;
#3242 = CARTESIAN_POINT ( 'NONE',  ( -16.10000000000028919, 43.53233532578457243, -2.567664674215445419 ) ) ;
#3243 = CARTESIAN_POINT ( 'NONE',  ( 19.19424047815767409, -42.13248562931699581, -2.032485629319437770 ) ) ;
#3244 = CARTESIAN_POINT ( 'NONE',  ( -44.10000000000007248, 16.09999999999986287, 12.26666666666666750 ) ) ;
#3245 = CARTESIAN_POINT ( 'NONE',  ( -13.37297674791683200, -7.068960233685925409, 18.59999999999936904 ) ) ;
#3246 = CARTESIAN_POINT ( 'NONE',  ( 19.72107589630678248, 42.25136987915374931, -2.340402825289952027 ) ) ;
#3247 = ORIENTED_EDGE ( 'NONE', *, *, #508, .T. ) ;
#3248 = VERTEX_POINT ( 'NONE', #158 ) ;
#3249 =( GEOMETRIC_REPRESENTATION_CONTEXT ( 3 ) GLOBAL_UNCERTAINTY_ASSIGNED_CONTEXT ( ( #5277 ) ) GLOBAL_UNIT_ASSIGNED_CONTEXT ( ( #4209, #7037, #8657 ) ) REPRESENTATION_CONTEXT ( 'NONE', 'WORKASPACE' ) );
#3250 = DIRECTION ( 'NONE',  ( 1.000000000000000000, 0.000000000000000000, 0.000000000000000000 ) ) ;
#3251 = CARTESIAN_POINT ( 'NONE',  ( -14.09999999999993570, -2.399999999999876010, 23.84999999999998010 ) ) ;
#3252 = DIRECTION ( 'NONE',  ( 0.000000000000000000, 0.000000000000000000, 1.000000000000000000 ) ) ;
#3253 = CIRCLE ( 'NONE', #1344, 0.8457513110646033283 ) ;
#3254 = CARTESIAN_POINT ( 'NONE',  ( -17.08448482983821748, -43.10000000000001563, 9.600000000000003197 ) ) ;
#3255 = CARTESIAN_POINT ( 'NONE',  ( -19.28511347610357518, 43.58390522574389081, -1.372532109555909985 ) ) ;
#3256 = DIRECTION ( 'NONE',  ( 0.000000000000000000, -0.05233595624294377913, 0.9986295347545739443 ) ) ;
#3257 = CARTESIAN_POINT ( 'NONE',  ( -39.10000000000009379, 21.09999999999986642, 13.60000000000000142 ) ) ;
#3258 = CARTESIAN_POINT ( 'NONE',  ( 13.14382459174531093, 34.26759571749821731, 6.000000000000000000 ) ) ;
#3259 = AXIS2_PLACEMENT_3D ( 'NONE', #7705, #6349, #5473 ) ;
#3260 = ORIENTED_EDGE ( 'NONE', *, *, #5408, .F. ) ;
#3261 = EDGE_CURVE ( 'NONE', #538, #2519, #1734, .T. ) ;
#3262 = ORIENTED_EDGE ( 'NONE', *, *, #560, .F. ) ;
#3263 = LINE ( 'NONE', #3119, #5778 ) ;
#3264 = CARTESIAN_POINT ( 'NONE',  ( -43.09665274125146084, -17.05569862189783592, 7.599999999999998757 ) ) ;
#3265 = CARTESIAN_POINT ( 'NONE',  ( 20.58390522574162773, 42.28511347610301385, -1.372532109557281332 ) ) ;
#3266 = CARTESIAN_POINT ( 'NONE',  ( 21.10000000000000497, -38.10000000000000853, 4.743333333333334068 ) ) ;
#3267 = DIRECTION ( 'NONE',  ( 1.000000000000000000, 0.000000000000000000, 0.000000000000000000 ) ) ;
#3268 = CARTESIAN_POINT ( 'NONE',  ( -43.93063647162040297, 19.90107979775750735, 13.59999999999999787 ) ) ;
#3269 = CARTESIAN_POINT ( 'NONE',  ( -12.25038463814561318, -36.20000000000000284, 0.000000000000000000 ) ) ;
#3270 = ORIENTED_EDGE ( 'NONE', *, *, #7540, .F. ) ;
#3271 = AXIS2_PLACEMENT_3D ( 'NONE', #6901, #4524, #3161 ) ;
#3272 = ORIENTED_EDGE ( 'NONE', *, *, #5893, .F. ) ;
#3273 = ORIENTED_EDGE ( 'NONE', *, *, #7873, .T. ) ;
#3274 = CARTESIAN_POINT ( 'NONE',  ( -14.47142857142857331, -33.63450639421993316, 6.000000000000000000 ) ) ;
#3275 = DIRECTION ( 'NONE',  ( 1.000000000000000000, 0.000000000000000000, -0.000000000000000000 ) ) ;
#3276 = CARTESIAN_POINT ( 'NONE',  ( 38.80759269820543977, 20.09837432113770816, 7.600000000000003197 ) ) ;
#3277 = CYLINDRICAL_SURFACE ( 'NONE', #1219, 0.5000000000000004441 ) ;
#3278 = CARTESIAN_POINT ( 'NONE',  ( -10.11397892034778501, 26.09709413163853498, 13.60000000000000142 ) ) ;
#3279 = AXIS2_PLACEMENT_3D ( 'NONE', #7501, #6013, #2217 ) ;
#3280 = CARTESIAN_POINT ( 'NONE',  ( -15.17986483605264070, 21.09999999999994102, 13.70664490569021510 ) ) ;
#3281 = DIRECTION ( 'NONE',  ( -0.000000000000000000, -0.000000000000000000, -1.000000000000000000 ) ) ;
#3282 = EDGE_CURVE ( 'NONE', #3494, #3437, #6596, .T. ) ;
#3283 = CARTESIAN_POINT ( 'NONE',  ( -20.64662036395671052, 42.97645406692636527, -0.3777666453302839233 ) ) ;
#3284 = EDGE_LOOP ( 'NONE', ( #2620, #2080, #4696, #9749, #1078, #1604, #5532, #6298, #9659, #7797 ) ) ;
#3285 = CARTESIAN_POINT ( 'NONE',  ( -17.53524773529936098, -40.59020365706977174, -3.032383745226414629 ) ) ;
#3286 = VECTOR ( 'NONE', #1003, 1000.000000000000000 ) ;
#3287 = CARTESIAN_POINT ( 'NONE',  ( -44.07037261525415772, -18.39456583594460426, 13.60000000000000320 ) ) ;
#3288 = CARTESIAN_POINT ( 'NONE',  ( 21.14340405412233537, -39.54556998013442382, 0.5544094322163712896 ) ) ;
#3289 = CARTESIAN_POINT ( 'NONE',  ( -19.99887817354039399, -41.99887817354041886, -1.429844232469295706 ) ) ;
#3290 = ADVANCED_FACE ( 'NONE', ( #7014 ), #4692, .F. ) ;
#3291 = CARTESIAN_POINT ( 'NONE',  ( 43.06979218642874230, -18.41047241443295945, 13.60000000000000497 ) ) ;
#3292 = CARTESIAN_POINT ( 'NONE',  ( -10.47395986553320668, -7.396411983075676488, 18.59999999999753584 ) ) ;
#3293 = CARTESIAN_POINT ( 'NONE',  ( 16.85000007912372411, 43.52044598952561927, -2.579554010477044024 ) ) ;
#3294 = ORIENTED_EDGE ( 'NONE', *, *, #1398, .F. ) ;
#3295 = ORIENTED_EDGE ( 'NONE', *, *, #6398, .T. ) ;
#3296 = CARTESIAN_POINT ( 'NONE',  ( -9.099999999999937472, -12.39999999999987601, 13.60000000000000142 ) ) ;
#3297 = DIRECTION ( 'NONE',  ( -0.000000000000000000, -0.000000000000000000, -1.000000000000000000 ) ) ;
#3298 = FACE_OUTER_BOUND ( 'NONE', #4361, .T. ) ;
#3299 = CARTESIAN_POINT ( 'NONE',  ( 20.99246996001728505, 42.51270507532227327, 9.600000000000001421 ) ) ;
#3300 = CIRCLE ( 'NONE', #4858, 0.5000000000000004441 ) ;
#3301 = AXIS2_PLACEMENT_3D ( 'NONE', #7865, #4894, #4107 ) ;
#3302 = CARTESIAN_POINT ( 'NONE',  ( -18.84582436512716797, 44.02120089170553996, -0.7458205113266495045 ) ) ;
#3303 = LINE ( 'NONE', #9173, #3468 ) ;
#3304 = LINE ( 'NONE', #6956, #5338 ) ;
#3305 = DIRECTION ( 'NONE',  ( -0.000000000000000000, -0.000000000000000000, 1.000000000000000000 ) ) ;
#3306 = ORIENTED_EDGE ( 'NONE', *, *, #6707, .F. ) ;
#3307 = AXIS2_PLACEMENT_3D ( 'NONE', #1840, #4848, #1101 ) ;
#3308 = ORIENTED_EDGE ( 'NONE', *, *, #3623, .F. ) ;
#3309 = CARTESIAN_POINT ( 'NONE',  ( 19.72107519403527931, 43.44040297829957353, -1.151370243528499815 ) ) ;
#3310 = CARTESIAN_POINT ( 'NONE',  ( 5.366666666666556118, 44.10000000000000853, 2.000000000000000000 ) ) ;
#3311 = CARTESIAN_POINT ( 'NONE',  ( -43.09829147979327502, 19.60471939032871802, 10.03000000000014147 ) ) ;
#3312 = CARTESIAN_POINT ( 'NONE',  ( 20.10546131035906825, 42.85240843124262966, -1.470476168575503451 ) ) ;
#3313 = AXIS2_PLACEMENT_3D ( 'NONE', #5061, #8077, #4466 ) ;
#3314 = CARTESIAN_POINT ( 'NONE',  ( 41.11145600558445068, -20.02802452186665505, 7.569999999999995843 ) ) ;
#3315 = CARTESIAN_POINT ( 'NONE',  ( 37.50000000000000000, 15.50000000000000000, 7.599999999999999645 ) ) ;
#3316 = CARTESIAN_POINT ( 'NONE',  ( -43.98804278005447088, 19.54737320415800639, 13.60000000000000497 ) ) ;
#3317 = CARTESIAN_POINT ( 'NONE',  ( 40.60000000000006537, 14.74336270281590622, 7.599999999999999645 ) ) ;
#3318 = ORIENTED_EDGE ( 'NONE', *, *, #909, .F. ) ;
#3319 = ORIENTED_EDGE ( 'NONE', *, *, #8898, .T. ) ;
#3320 = EDGE_LOOP ( 'NONE', ( #2951, #97, #6031, #8634 ) ) ;
#3321 = CARTESIAN_POINT ( 'NONE',  ( 23.21000000000000085, -43.10000000000000853, 2.000000000000000000 ) ) ;
#3322 = DIRECTION ( 'NONE',  ( 0.000000000000000000, 0.000000000000000000, 1.000000000000000000 ) ) ;
#3323 = CARTESIAN_POINT ( 'NONE',  ( 38.10000000000005826, 20.10000000000013287, 7.599999999999999645 ) ) ;
#3324 = EDGE_CURVE ( 'NONE', #2530, #8836, #933, .T. ) ;
#3325 = DIRECTION ( 'NONE',  ( -1.000000000000000000, 0.000000000000000000, 0.000000000000000000 ) ) ;
#3326 = CARTESIAN_POINT ( 'NONE',  ( -14.05336653358780907, 18.82591600510842866, 13.60000000000001208 ) ) ;
#3327 = CARTESIAN_POINT ( 'NONE',  ( -14.48594054675443488, 21.09999999999994813, 13.82297405864342466 ) ) ;
#3328 = CARTESIAN_POINT ( 'NONE',  ( -20.72365630556133453, 39.09999999999929088, -2.353450214291536113 ) ) ;
#3329 = B_SPLINE_CURVE_WITH_KNOTS ( 'NONE', 3,
 ( #4289, #3511, #1288, #5974, #8940, #2870, #2968, #8992, #2916, #8001, #3559, #8839, #3658, #1234, #5919, #8201, #4245, #7266, #493, #6516, #5131, #9529, #543, #5772, #8788, #5825, #4393, #5036, #6567, #2819, #2084, #1333, #5871, #7416, #8096, #8148, #4340, #8886, #2131, #646, #6671, #8443, #841, #9226, #890, #2324, #1584, #1681, #945, #8351, #2380, #5279, #5333, #9038, #6820, #5228, #3953, #6964, #3903, #6070, #1485, #6169 ),
 .UNSPECIFIED., .F., .F.,
 ( 4, 1, 1, 1, 1, 1, 1, 1, 2, 2, 1, 1, 1, 1, 1, 1, 2, 2, 1, 1, 1, 1, 2, 2, 2, 1, 1, 1, 1, 2, 2, 1, 1, 1, 1, 1, 2, 2, 1, 1, 1, 1, 1, 1, 2, 2, 4 ),
 ( 0.000000000000000000, 0.1249999999999082956, 0.1874999999998624434, 0.2187499999998395173, 0.2343749999998288314, 0.2421874999998227251, 0.2460937499998205047, 0.2480468749998201439, 0.2490234374998198941, 0.2499999999998196443, 0.3124999999998543387, 0.3437499999998716027, 0.3593749999998802069, 0.3671874999998838707, 0.3710937499998855360, 0.3730468749998868683, 0.3740234374998875344, 0.3749999999998882005, 0.4062499999999272249, 0.4218749999999469313, 0.4296874999999574229, 0.4335937499999624190, 0.4355468749999651390, 0.4374999999999678590, 0.5000000000000566214, 0.5312500000001009193, 0.5468750000001221245, 0.5546875000001330047, 0.5585937500001385558, 0.5605468750001414424, 0.5625000000001443290, 0.5937500000002056133, 0.6093750000002374767, 0.6171875000002544631, 0.6210937500002630118, 0.6230468750002672307, 0.6240234375002683409, 0.6250000000002695622, 0.6875000000003138600, 0.7187500000003348433, 0.7343750000003453904, 0.7421875000003507195, 0.7460937500003523848, 0.7480468750003532730, 0.7490234375003536060, 0.7500000000003540501, 1.000000000000000000 ),
 .UNSPECIFIED. ) ;
#3330 = ORIENTED_EDGE ( 'NONE', *, *, #7119, .T. ) ;
#3331 = CARTESIAN_POINT ( 'NONE',  ( -16.85321927254869223, -41.06536417594589494, -2.944641141383466998 ) ) ;
#3332 = CARTESIAN_POINT ( 'NONE',  ( -41.40303354164312566, -21.07006491942930992, 13.60000000000000142 ) ) ;
#3333 = CARTESIAN_POINT ( 'NONE',  ( 21.06069827924501325, -40.69057942229015623, 1.245125173468811131 ) ) ;
#3334 = CARTESIAN_POINT ( 'NONE',  ( -20.18619108749748392, -42.35933284379371599, -0.6759076018948863007 ) ) ;
#3335 = EDGE_CURVE ( 'NONE', #9342, #1342, #6967, .T. ) ;
#3336 = DIRECTION ( 'NONE',  ( 0.000000000000000000, 0.000000000000000000, 1.000000000000000000 ) ) ;
#3337 = CARTESIAN_POINT ( 'NONE',  ( -16.02831456730385895, -11.31767541537728761, 13.60000000000000497 ) ) ;
#3338 = CARTESIAN_POINT ( 'NONE',  ( 19.85240843124089238, 42.57047616857383332, -2.005461310365091343 ) ) ;
#3339 = ORIENTED_EDGE ( 'NONE', *, *, #3142, .T. ) ;
#3340 = VERTEX_POINT ( 'NONE', #5481 ) ;
#3341 = ADVANCED_FACE ( 'NONE', ( #4740 ), #5521, .T. ) ;
#3342 = CARTESIAN_POINT ( 'NONE',  ( 43.09627965690840767, 17.24942143392123839, 28.59999999999999432 ) ) ;
#3343 = CARTESIAN_POINT ( 'NONE',  ( 16.10000000000000142, 44.10000000000000853, 9.600000000000001421 ) ) ;
#3344 = CARTESIAN_POINT ( 'NONE',  ( -20.60000000000001563, -42.60000000000000853, 2.000000000000001332 ) ) ;
#3345 = CARTESIAN_POINT ( 'NONE',  ( 20.43244147772671226, 43.73941876031593523, 9.599999999999999645 ) ) ;
#3346 = CARTESIAN_POINT ( 'NONE',  ( -19.62905584715762686, 43.24561279931045732, -1.529055638179089849 ) ) ;
#3347 = B_SPLINE_CURVE_WITH_KNOTS ( 'NONE', 3,
 ( #4789, #1042, #1834, #2437 ),
 .UNSPECIFIED., .F., .F.,
 ( 4, 4 ),
 ( -0.002002744692617852706, -2.273736754432320595E-13 ),
 .UNSPECIFIED. ) ;
#3348 = CARTESIAN_POINT ( 'NONE',  ( 47.25866404504311902, -8.895160883677329267, 13.60000000000000320 ) ) ;
#3349 = CARTESIAN_POINT ( 'NONE',  ( 19.24003503370361656, -42.38772446907880465, -1.704069416294901718 ) ) ;
#3350 = CARTESIAN_POINT ( 'NONE',  ( -44.10000000000007248, 16.09999999999986287, 13.90000000000000036 ) ) ;
#3351 = EDGE_CURVE ( 'NONE', #4227, #4786, #4333, .T. ) ;
#3352 = EDGE_LOOP ( 'NONE', ( #2376, #8869, #4425, #47, #6550, #3505, #4109, #5141 ) ) ;
#3353 = CARTESIAN_POINT ( 'NONE',  ( 19.62905563817568577, 43.24561279931140945, -1.529055847161415738 ) ) ;
#3354 = CARTESIAN_POINT ( 'NONE',  ( -19.88124999999923403, 42.88124999999890719, -1.687500000000142775 ) ) ;
#3355 = CARTESIAN_POINT ( 'NONE',  ( 20.24561279930823687, 42.62905584715760909, -1.529055638180976118 ) ) ;
#3356 = CARTESIAN_POINT ( 'NONE',  ( 41.70005921271030047, -19.94728329632247110, 7.570000000000064233 ) ) ;
#3357 = DIRECTION ( 'NONE',  ( 0.000000000000000000, -1.000000000000000000, 0.000000000000000000 ) ) ;
#3358 = EDGE_CURVE ( 'NONE', #2529, #4227, #5028, .T. ) ;
#3359 = CARTESIAN_POINT ( 'NONE',  ( -41.33773021340046228, 21.07237354602637680, 13.60000000000000675 ) ) ;
#3360 = CARTESIAN_POINT ( 'NONE',  ( 42.18995682188426599, -18.64347490967656285, 10.03000000000000647 ) ) ;
#3361 = VERTEX_POINT ( 'NONE', #8629 ) ;
#3362 = VERTEX_POINT ( 'NONE', #6508 ) ;
#3363 = ORIENTED_EDGE ( 'NONE', *, *, #6350, .T. ) ;
#3364 = CARTESIAN_POINT ( 'NONE',  ( -12.54086757463634250, 20.98888856329179475, 28.60000000000000142 ) ) ;
#3365 = CARTESIAN_POINT ( 'NONE',  ( -11.09999999999993570, -3.649999999999875566, 27.72132034355963981 ) ) ;
#3366 = CARTESIAN_POINT ( 'NONE',  ( 41.41023997488863984, 19.99745538570734382, 7.600000000000001421 ) ) ;
#3367 = CARTESIAN_POINT ( 'NONE',  ( -13.90229016919582250, 20.07579555301287755, 13.59999999999355502 ) ) ;
#3368 = CARTESIAN_POINT ( 'NONE',  ( -11.67636020423351084, 21.09999999999996234, 16.01945880231623676 ) ) ;
#3369 = DIRECTION ( 'NONE',  ( -1.000000000000000000, 0.000000000000000000, 0.000000000000000000 ) ) ;
#3370 = CARTESIAN_POINT ( 'NONE',  ( 37.50000000000000000, 15.50000000000000000, 25.59999999999999787 ) ) ;
#3371 = ORIENTED_EDGE ( 'NONE', *, *, #9343, .T. ) ;
#3372 = EDGE_CURVE ( 'NONE', #2886, #538, #8040, .T. ) ;
#3373 = CARTESIAN_POINT ( 'NONE',  ( -16.09999999999996945, -41.73078873175653314, -2.864313294364404516 ) ) ;
#3374 = CARTESIAN_POINT ( 'NONE',  ( -44.10000000000007248, -16.10000000000013642, 13.60000000000000142 ) ) ;
#3375 = DIRECTION ( 'NONE',  ( 1.000000000000000000, 0.000000000000000000, 0.000000000000000000 ) ) ;
#3376 = ADVANCED_FACE ( 'NONE', ( #5763 ), #6523, .T. ) ;
#3377 = CARTESIAN_POINT ( 'NONE',  ( 42.09948029764398569, -20.87725659433515091, 13.59999999999999787 ) ) ;
#3378 = CARTESIAN_POINT ( 'NONE',  ( -11.94550832070212287, -12.35445643760323620, 13.60000000000000497 ) ) ;
#3379 = CARTESIAN_POINT ( 'NONE',  ( 20.53233532578452980, 39.10000000000093934, -2.567664674215469844 ) ) ;
#3380 = ORIENTED_EDGE ( 'NONE', *, *, #5571, .F. ) ;
#3381 = ORIENTED_EDGE ( 'NONE', *, *, #3939, .T. ) ;
#3382 = DIRECTION ( 'NONE',  ( 1.000000000000000000, 0.000000000000000000, 0.000000000000000000 ) ) ;
#3383 = FACE_OUTER_BOUND ( 'NONE', #3726, .T. ) ;
#3384 =( BOUNDED_CURVE ( )  B_SPLINE_CURVE ( 2, ( #9759, #2112, #9066 ),
 .UNSPECIFIED., .F., .F. ) 
 B_SPLINE_CURVE_WITH_KNOTS ( ( 3, 3 ),
 ( 0.000000000000000000, 0.009199074514668573177 ),
 .UNSPECIFIED. ) 
 CURVE ( )  GEOMETRIC_REPRESENTATION_ITEM ( )  RATIONAL_B_SPLINE_CURVE ( ( 1.000000000000000000, 4.000000000000000000, 1.000000000000000000 ) ) 
 REPRESENTATION_ITEM ( '' )  );
#3385 = CARTESIAN_POINT ( 'NONE',  ( -20.67955401047467845, -42.52044598952348053, 1.250000079124382601 ) ) ;
#3386 = CARTESIAN_POINT ( 'NONE',  ( -20.13248562931390495, -42.13248562931393337, -1.094240478160070529 ) ) ;
#3387 = AXIS2_PLACEMENT_3D ( 'NONE', #888, #9323, #6914 ) ;
#3388 = CARTESIAN_POINT ( 'NONE',  ( -19.09999999999993747, 16.09999999999996945, 13.60000000000000142 ) ) ;
#3389 = CARTESIAN_POINT ( 'NONE',  ( -16.86011889369868300, 44.09769885324990923, 0.5177116373613082079 ) ) ;
#3390 = CARTESIAN_POINT ( 'NONE',  ( 43.10000000000006537, -1.919032709453123209, 13.60000000000000142 ) ) ;
#3391 = CARTESIAN_POINT ( 'NONE',  ( 20.05194259113154942, -42.20487506274093903, -1.105758781158789672 ) ) ;
#3392 = CARTESIAN_POINT ( 'NONE',  ( 38.10000000000007248, -20.10000000000013642, 7.599999999999999645 ) ) ;
#3393 = ORIENTED_EDGE ( 'NONE', *, *, #930, .T. ) ;
#3394 = ADVANCED_FACE ( 'NONE', ( #1975 ), #2822, .F. ) ;
#3395 = AXIS2_PLACEMENT_3D ( 'NONE', #698, #3760, #9731 ) ;
#3396 = ORIENTED_EDGE ( 'NONE', *, *, #8877, .F. ) ;
#3397 = CARTESIAN_POINT ( 'NONE',  ( 19.84072066215072283, 43.94989146761561472, 1.249108750849014848 ) ) ;
#3398 = EDGE_CURVE ( 'NONE', #8523, #6925, #5952, .T. ) ;
#3399 = CARTESIAN_POINT ( 'NONE',  ( -19.77688266467013278, 42.99329092510228634, -1.676882663323860490 ) ) ;
#3400 = CARTESIAN_POINT ( 'NONE',  ( -19.82769126166984819, 42.63979096058168494, -1.969314526568540336 ) ) ;
#3401 = CARTESIAN_POINT ( 'NONE',  ( -5.366666666666637830, -38.10000000000000853, -3.000000000000000000 ) ) ;
#3402 = CARTESIAN_POINT ( 'NONE',  ( 20.74141812957308062, 39.85004899478293794, -2.327526155830018872 ) ) ;
#3403 = CIRCLE ( 'NONE', #8923, 0.5000000000000004441 ) ;
#3404 = EDGE_CURVE ( 'NONE', #6803, #9273, #6710, .T. ) ;
#3405 = CARTESIAN_POINT ( 'NONE',  ( 41.99745538570706316, -19.41023997489186925, 7.600000000000000533 ) ) ;
#3406 = CARTESIAN_POINT ( 'NONE',  ( 41.26981359786757508, 20.01447571160663230, 7.569999999999992291 ) ) ;
#3407 = LINE ( 'NONE', #5482, #3716 ) ;
#3408 = CARTESIAN_POINT ( 'NONE',  ( -40.87180854722426915, 21.08542865622425921, 13.60000000000000142 ) ) ;
#3409 = LINE ( 'NONE', #7494, #6607 ) ;
#3410 = ORIENTED_EDGE ( 'NONE', *, *, #7144, .F. ) ;
#3411 = ORIENTED_EDGE ( 'NONE', *, *, #4641, .T. ) ;
#3412 = VERTEX_POINT ( 'NONE', #9032 ) ;
#3413 = CARTESIAN_POINT ( 'NONE',  ( -13.86802747807821667, 20.12889382622917367, 28.60000000000000497 ) ) ;
#3414 = CARTESIAN_POINT ( 'NONE',  ( 11.56666666666663978, 10.63333333333354958, 19.81666666666668064 ) ) ;
#3415 = CARTESIAN_POINT ( 'NONE',  ( 40.93756930551595019, 20.04172511989132488, 7.600000000000000533 ) ) ;
#3416 = CARTESIAN_POINT ( 'NONE',  ( 43.10000000000006537, -3.752947460804248792, 17.24498878356100917 ) ) ;
#3417 = B_SPLINE_CURVE_WITH_KNOTS ( 'NONE', 3,
 ( #5120, #4180, #3401, #435 ),
 .UNSPECIFIED., .F., .F.,
 ( 4, 4 ),
 ( 0.000000000000000000, 1.000000000000000000 ),
 .UNSPECIFIED. ) ;
#3418 = FACE_OUTER_BOUND ( 'NONE', #6724, .T. ) ;
#3419 = EDGE_CURVE ( 'NONE', #7247, #5522, #641, .T. ) ;
#3420 = AXIS2_PLACEMENT_3D ( 'NONE', #2214, #8235, #3382 ) ;
#3421 = VECTOR ( 'NONE', #3802, 1000.000000000000000 ) ;
#3422 = CARTESIAN_POINT ( 'NONE',  ( -13.81513182303928211, 21.09999999999995168, 14.08070759593324972 ) ) ;
#3423 = CARTESIAN_POINT ( 'NONE',  ( 19.19424047815761725, 43.13248562931719476, -2.032485629319359166 ) ) ;
#3424 = CARTESIAN_POINT ( 'NONE',  ( -21.06069827924509141, 41.69057942228985780, 1.245125173469443292 ) ) ;
#3425 = DIRECTION ( 'NONE',  ( -3.491481338843133750E-15, 1.000000000000000000, 0.000000000000000000 ) ) ;
#3426 = ORIENTED_EDGE ( 'NONE', *, *, #5965, .F. ) ;
#3427 = CARTESIAN_POINT ( 'NONE',  ( -20.66766467421548370, -42.53233532578452269, 2.000000000000000888 ) ) ;
#3428 = CARTESIAN_POINT ( 'NONE',  ( -43.14833751234656489, -20.86170419352132299, 13.60000000000000142 ) ) ;
#3429 = VECTOR ( 'NONE', #4725, 1000.000000000000000 ) ;
#3430 = EDGE_CURVE ( 'NONE', #2244, #7996, #92, .T. ) ;
#3431 = CARTESIAN_POINT ( 'NONE',  ( 41.81049812224701157, -20.94883644206499795, 13.60000000000000142 ) ) ;
#3432 = CARTESIAN_POINT ( 'NONE',  ( -14.10000000000000142, 35.89999999999999147, -3.000000000000000000 ) ) ;
#3433 = CARTESIAN_POINT ( 'NONE',  ( 20.59999999999999787, 39.10000000000093223, -2.499999999999999556 ) ) ;
#3434 = VECTOR ( 'NONE', #4973, 1000.000000000000000 ) ;
#3435 = CARTESIAN_POINT ( 'NONE',  ( 18.48851315123497940, 42.41333066476760649, -2.812689774905478668 ) ) ;
#3436 = EDGE_LOOP ( 'NONE', ( #7830, #2081, #4415, #9068 ) ) ;
#3437 = VERTEX_POINT ( 'NONE', #787 ) ;
#3438 = CARTESIAN_POINT ( 'NONE',  ( 39.08448482975020255, 21.10000000000013642, 28.60000000000000497 ) ) ;
#3439 = DIRECTION ( 'NONE',  ( -1.916821520416347353E-16, 1.000000000000000000, 0.000000000000000000 ) ) ;
#3440 = CARTESIAN_POINT ( 'NONE',  ( -21.03798432061486778, -38.10000000000000853, -1.061431337114670637 ) ) ;
#3441 = CARTESIAN_POINT ( 'NONE',  ( -19.88124999999823928, -41.88124999999826059, -1.687500000000242695 ) ) ;
#3442 = FACE_OUTER_BOUND ( 'NONE', #8222, .T. ) ;
#3443 = AXIS2_PLACEMENT_3D ( 'NONE', #911, #6649, #5107 ) ;
#3444 = CARTESIAN_POINT ( 'NONE',  ( 42.78162464621549788, -6.648109840212457655, 13.60000000000419007 ) ) ;
#3445 = CARTESIAN_POINT ( 'NONE',  ( 18.77943311167122076, -42.43424731000029482, -1.995318914484739414 ) ) ;
#3446 = ORIENTED_EDGE ( 'NONE', *, *, #2020, .F. ) ;
#3447 = ORIENTED_EDGE ( 'NONE', *, *, #751, .F. ) ;
#3448 = CARTESIAN_POINT ( 'NONE',  ( 19.88114560558008748, 43.70120575520662953, -0.3789768448123263522 ) ) ;
#3449 = VECTOR ( 'NONE', #4531, 1000.000000000000000 ) ;
#3450 = CARTESIAN_POINT ( 'NONE',  ( -19.21722931859322969, 43.27005963225142438, -1.869498654789209402 ) ) ;
#3451 = CARTESIAN_POINT ( 'NONE',  ( -19.36030961933778727, 42.92439472599691896, -2.108520929095425434 ) ) ;
#3452 = CARTESIAN_POINT ( 'NONE',  ( 42.20481556043914395, 16.73468093440490989, 9.599999999999637268 ) ) ;
#3453 = CARTESIAN_POINT ( 'NONE',  ( 20.20852091177571097, 42.36030968756978154, -1.824394736385424043 ) ) ;
#3454 = EDGE_CURVE ( 'NONE', #1179, #9352, #312, .T. ) ;
#3455 = CARTESIAN_POINT ( 'NONE',  ( -43.00441549215545933, -19.94544354189829249, 10.03000000000000469 ) ) ;
#3456 = CARTESIAN_POINT ( 'NONE',  ( 38.10000000000007248, -21.10000000000013642, 9.499999999999984013 ) ) ;
#3457 = CARTESIAN_POINT ( 'NONE',  ( -39.10000000000008669, 20.09842776662136998, 7.569999999999995843 ) ) ;
#3458 = AXIS2_PLACEMENT_3D ( 'NONE', #9127, #3170, #3799 ) ;
#3459 = CARTESIAN_POINT ( 'NONE',  ( -43.31763701899723884, 20.81003976634460884, 13.60000000000000497 ) ) ;
#3460 = VERTEX_POINT ( 'NONE', #9769 ) ;
#3461 = ORIENTED_EDGE ( 'NONE', *, *, #1106, .F. ) ;
#3462 = ORIENTED_EDGE ( 'NONE', *, *, #8829, .T. ) ;
#3463 = EDGE_CURVE ( 'NONE', #1121, #5033, #4582, .T. ) ;
#3464 = CARTESIAN_POINT ( 'NONE',  ( -12.81049812225307249, 20.94883644206507611, 28.59999999999999787 ) ) ;
#3465 = PLANE ( 'NONE',  #4008 ) ;
#3466 = FACE_OUTER_BOUND ( 'NONE', #7856, .T. ) ;
#3467 = CARTESIAN_POINT ( 'NONE',  ( 43.10000000000006537, -6.932147671869986816, 14.19404353412887865 ) ) ;
#3468 = VECTOR ( 'NONE', #4581, 1000.000000000000000 ) ;
#3469 = CARTESIAN_POINT ( 'NONE',  ( -13.28033628363238527, 20.81432212399424841, 18.59999999999871179 ) ) ;
#3470 = CARTESIAN_POINT ( 'NONE',  ( 18.79115110422700496, -41.82204963953652310, -2.521613653229923813 ) ) ;
#3471 = CARTESIAN_POINT ( 'NONE',  ( -15.18436161866049794, 21.09999999999994102, 13.70616079290423350 ) ) ;
#3472 = DIRECTION ( 'NONE',  ( -0.000000000000000000, -0.000000000000000000, -1.000000000000000000 ) ) ;
#3473 = AXIS2_PLACEMENT_3D ( 'NONE', #823, #8471, #6244 ) ;
#3474 = CARTESIAN_POINT ( 'NONE',  ( -21.04464014978493225, 39.85321727930299573, -0.9653777089931777633 ) ) ;
#3475 = CARTESIAN_POINT ( 'NONE',  ( 12.00266051915829379, 37.36355750022128319, -2.957831373953969667 ) ) ;
#3476 = VERTEX_POINT ( 'NONE', #1524 ) ;
#3477 = CARTESIAN_POINT ( 'NONE',  ( 43.10000000000006537, 21.10000000000015419, 9.600000000000003197 ) ) ;
#3478 = CARTESIAN_POINT ( 'NONE',  ( 11.54698956548142874, -36.88868297538241592, 6.000000000000000000 ) ) ;
#3479 = CARTESIAN_POINT ( 'NONE',  ( -17.23397459621556393, 40.10000000000000142, 6.000000000000000000 ) ) ;
#3480 = CARTESIAN_POINT ( 'NONE',  ( -19.81645280243005658, -41.91801530243010632, -1.716452802432064662 ) ) ;
#3481 =( BOUNDED_CURVE ( )  B_SPLINE_CURVE ( 2, ( #1895, #3477, #6480 ),
 .UNSPECIFIED., .F., .T. ) 
 B_SPLINE_CURVE_WITH_KNOTS ( ( 3, 3 ),
 ( 0.000000000000000000, 0.009199074514668574912 ),
 .UNSPECIFIED. ) 
 CURVE ( )  GEOMETRIC_REPRESENTATION_ITEM ( )  RATIONAL_B_SPLINE_CURVE ( ( 1.000000000000000000, 4.000000000000000888, 1.000000000000000000 ) ) 
 REPRESENTATION_ITEM ( '' )  );
#3482 = CARTESIAN_POINT ( 'NONE',  ( 43.06840992987352479, -18.44748514795182714, 13.59999999999999964 ) ) ;
#3483 = CARTESIAN_POINT ( 'NONE',  ( -19.09689647980839666, -3.824215753282388608, 13.60000000000000497 ) ) ;
#3484 = CARTESIAN_POINT ( 'NONE',  ( 20.42752591515692728, 39.85004868582149840, -2.641418315407166872 ) ) ;
#3485 = ORIENTED_EDGE ( 'NONE', *, *, #1750, .F. ) ;
#3486 = ORIENTED_EDGE ( 'NONE', *, *, #9543, .F. ) ;
#3487 = CARTESIAN_POINT ( 'NONE',  ( 42.91392182095907515, 19.96631460141577463, 28.59999999999999076 ) ) ;
#3488 = CARTESIAN_POINT ( 'NONE',  ( -39.10000000000007248, -20.09842776662164354, 7.569999999999997620 ) ) ;
#3489 = CARTESIAN_POINT ( 'NONE',  ( -20.77173927811637455, -41.55059805170223086, -0.7042241279783638674 ) ) ;
#3490 = CYLINDRICAL_SURFACE ( 'NONE', #7692, 0.5000000000000004441 ) ;
#3491 = DIRECTION ( 'NONE',  ( -1.000000000000000000, 0.000000000000000000, 0.000000000000000000 ) ) ;
#3492 = CARTESIAN_POINT ( 'NONE',  ( 43.09717490100866399, -3.375214665517713541, 13.59999999999934950 ) ) ;
#3493 = CARTESIAN_POINT ( 'NONE',  ( 18.47580190091629149, -42.44018644155217856, -2.161295015603139635 ) ) ;
#3494 = VERTEX_POINT ( 'NONE', #5222 ) ;
#3495 = ORIENTED_EDGE ( 'NONE', *, *, #3108, .T. ) ;
#3496 = CARTESIAN_POINT ( 'NONE',  ( 18.77855064893186210, 44.05646371664033012, 1.999999999999996669 ) ) ;
#3497 = CARTESIAN_POINT ( 'NONE',  ( -19.59521940940866358, 42.97040907923969399, -1.870409079240821670 ) ) ;
#3498 = ADVANCED_FACE ( 'NONE', ( #9669 ), #8243, .F. ) ;
#3499 = CARTESIAN_POINT ( 'NONE',  ( -19.25136987915204756, 42.72107589630791580, -2.340402825287509980 ) ) ;
#3500 = CARTESIAN_POINT ( 'NONE',  ( -16.10000000000000497, -43.10000000000000853, -1.753333333333333632 ) ) ;
#3501 = CARTESIAN_POINT ( 'NONE',  ( 20.91268977490054937, 41.48851315123480532, -1.313330664766420464 ) ) ;
#3502 = CARTESIAN_POINT ( 'NONE',  ( 41.95868652844557545, -19.65190566093134450, 7.599999999999998757 ) ) ;
#3503 = CARTESIAN_POINT ( 'NONE',  ( 41.88915203886691074, 19.88843285399503813, 7.569999999999995843 ) ) ;
#3504 = CARTESIAN_POINT ( 'NONE',  ( -44.06641683701862888, 18.49873699102083791, 13.59999999999999964 ) ) ;
#3505 = ORIENTED_EDGE ( 'NONE', *, *, #5846, .T. ) ;
#3506 = ORIENTED_EDGE ( 'NONE', *, *, #5238, .F. ) ;
#3507 = ORIENTED_EDGE ( 'NONE', *, *, #9671, .F. ) ;
#3508 = ADVANCED_FACE ( 'NONE', ( #1377 ), #7410, .T. ) ;
#3509 = CARTESIAN_POINT ( 'NONE',  ( -13.73941876031636511, 20.43244147772579566, 28.59999999999999787 ) ) ;
#3510 = CARTESIAN_POINT ( 'NONE',  ( -20.66766467421546949, -38.10000000000000853, -2.432335325784534596 ) ) ;
#3511 = CARTESIAN_POINT ( 'NONE',  ( 16.59264819293970561, -43.10000000000001563, 9.600000000000003197 ) ) ;
#3512 = CARTESIAN_POINT ( 'NONE',  ( 43.10000000000006537, -7.702456480972650787, 13.84446367729711369 ) ) ;
#3513 = CARTESIAN_POINT ( 'NONE',  ( -13.59590899138337861, 20.60661465333437548, 13.60000000000193765 ) ) ;
#3514 = CARTESIAN_POINT ( 'NONE',  ( 19.61774815287713025, -41.89950662132351056, -1.921437596429961703 ) ) ;
#3515 = CARTESIAN_POINT ( 'NONE',  ( -14.07131387799090660, -4.668200794619387750, 28.60000000000000142 ) ) ;
#3516 = CARTESIAN_POINT ( 'NONE',  ( 39.24942143388590665, -7.396279656908230749, 28.59999999999999432 ) ) ;
#3517 = CARTESIAN_POINT ( 'NONE',  ( -21.09802463877586476, 39.09999999999947562, 0.4688325137343146154 ) ) ;
#3518 = ORIENTED_EDGE ( 'NONE', *, *, #7197, .F. ) ;
#3519 = EDGE_CURVE ( 'NONE', #4560, #1121, #9271, .T. ) ;
#3520 = CARTESIAN_POINT ( 'NONE',  ( 43.10000000000006537, -12.08295866739850766, 13.60000000000000142 ) ) ;
#3521 = DIRECTION ( 'NONE',  ( 1.000000000000000000, 0.000000000000000000, 0.000000000000000000 ) ) ;
#3522 = CARTESIAN_POINT ( 'NONE',  ( 40.26502874845724733, -5.131618419794400587, 26.11838158020551859 ) ) ;
#3523 = CARTESIAN_POINT ( 'NONE',  ( -19.76528687392909589, -42.31939565370176837, -1.289197387574211096 ) ) ;
#3524 = EDGE_CURVE ( 'NONE', #7293, #8544, #5484, .T. ) ;
#3525 = CARTESIAN_POINT ( 'NONE',  ( 38.10000000000007248, -7.399999999999876010, 12.84999999999999964 ) ) ;
#3526 = APPLICATION_PROTOCOL_DEFINITION ( 'draft international standard', 'automotive_design', 1998, #5158 ) ;
#3527 = CARTESIAN_POINT ( 'NONE',  ( -17.38846680001133649, -10.18245839257006224, 13.60000000000000142 ) ) ;
#3528 = CARTESIAN_POINT ( 'NONE',  ( 19.53070078186425107, 40.53510290716091902, -2.908359749100104086 ) ) ;
#3529 = ORIENTED_EDGE ( 'NONE', *, *, #1259, .T. ) ;
#3530 = ORIENTED_EDGE ( 'NONE', *, *, #2393, .T. ) ;
#3531 = CARTESIAN_POINT ( 'NONE',  ( 42.12889382622908130, 20.86802747807858438, 28.60000000000000142 ) ) ;
#3532 = CARTESIAN_POINT ( 'NONE',  ( -41.64347490967604415, -20.18995682188009155, 10.03000000000000291 ) ) ;
#3533 = CARTESIAN_POINT ( 'NONE',  ( 20.67955401047388975, -42.52044598952314658, 1.249999920875271009 ) ) ;
#3534 = CARTESIAN_POINT ( 'NONE',  ( -15.35877070275499356, -11.65904935531686171, 13.59999999999999964 ) ) ;
#3535 = AXIS2_PLACEMENT_3D ( 'NONE', #4947, #5592, #8603 ) ;
#3536 = DIRECTION ( 'NONE',  ( 0.000000000000000000, 1.000000000000000000, 0.000000000000000000 ) ) ;
#3537 = CARTESIAN_POINT ( 'NONE',  ( -17.53524773529954928, 44.13238374522615715, -0.4902036570703203755 ) ) ;
#3538 = CARTESIAN_POINT ( 'NONE',  ( 41.09025454377471931, -12.34758512044451528, 13.60000000000000497 ) ) ;
#3539 = CARTESIAN_POINT ( 'NONE',  ( 19.77688266466790168, -41.99329092510313188, -1.676882663326551892 ) ) ;
#3540 = VERTEX_POINT ( 'NONE', #2559 ) ;
#3541 = VECTOR ( 'NONE', #943, 1000.000000000000000 ) ;
#3542 = VERTEX_POINT ( 'NONE', #7049 ) ;
#3543 = CARTESIAN_POINT ( 'NONE',  ( 16.84999999999946141, 43.60000000000116671, -2.500000000001667111 ) ) ;
#3544 = CARTESIAN_POINT ( 'NONE',  ( -19.92439472599647843, -41.36030961933695949, -2.108520929095591079 ) ) ;
#3545 = CARTESIAN_POINT ( 'NONE',  ( -19.55036664352652309, 43.05407719602091987, -1.826146001242166861 ) ) ;
#3546 = CARTESIAN_POINT ( 'NONE',  ( -19.61774815287905227, 42.89950662132217474, -1.921437596427094663 ) ) ;
#3547 = CARTESIAN_POINT ( 'NONE',  ( 43.10000000000006537, 16.10000000000013287, 9.600000000000001421 ) ) ;
#3548 = CARTESIAN_POINT ( 'NONE',  ( 20.58390516619694210, 42.47253305283437186, -1.185112730470746056 ) ) ;
#3549 = EDGE_CURVE ( 'NONE', #1829, #6973, #3300, .T. ) ;
#3550 = VECTOR ( 'NONE', #6830, 1000.000000000000000 ) ;
#3551 = CARTESIAN_POINT ( 'NONE',  ( 16.10000000000001208, -43.10000000000000142, 1.234538920767837666 ) ) ;
#3552 = CARTESIAN_POINT ( 'NONE',  ( 21.10000000000000142, -43.10000000000000853, -3.630000000000000782 ) ) ;
#3553 = CARTESIAN_POINT ( 'NONE',  ( -42.91986027556428951, 19.87352962426987801, 7.569999999999995843 ) ) ;
#3554 = CARTESIAN_POINT ( 'NONE',  ( -44.10000000000007248, 16.09999999999986287, 13.60000000000000142 ) ) ;
#3555 = ORIENTED_EDGE ( 'NONE', *, *, #2512, .F. ) ;
#3556 = VERTEX_POINT ( 'NONE', #3114 ) ;
#3557 = FACE_OUTER_BOUND ( 'NONE', #4510, .T. ) ;
#3558 = CARTESIAN_POINT ( 'NONE',  ( -20.27338287872886724, -40.77269184024900284, -2.173382878730252266 ) ) ;
#3559 = CARTESIAN_POINT ( 'NONE',  ( 18.39402075846455276, -43.07039211818126745, 9.600000000000001421 ) ) ;
#3560 = LINE ( 'NONE', #1937, #8631 ) ;
#3561 = CARTESIAN_POINT ( 'NONE',  ( -12.99732606612792907, 20.90947459357967375, 13.60000000000064269 ) ) ;
#3562 = CARTESIAN_POINT ( 'NONE',  ( 19.70386467895100324, -41.60982081021194290, -2.101201801808882053 ) ) ;
#3563 = CARTESIAN_POINT ( 'NONE',  ( -14.09999999999993570, -2.399999999999876010, 28.59999999999999787 ) ) ;
#3564 = CARTESIAN_POINT ( 'NONE',  ( 38.10000000000007958, -7.399999999999876010, 28.59999999999999787 ) ) ;
#3565 = VECTOR ( 'NONE', #3305, 1000.000000000000000 ) ;
#3566 = DIRECTION ( 'NONE',  ( 0.000000000000000000, 0.000000000000000000, 1.000000000000000000 ) ) ;
#3567 = VERTEX_POINT ( 'NONE', #7655 ) ;
#3568 = FACE_OUTER_BOUND ( 'NONE', #4886, .T. ) ;
#3569 = CARTESIAN_POINT ( 'NONE',  ( 21.10000000000000142, 44.10000000000000853, -1.753333333333333854 ) ) ;
#3570 = CYLINDRICAL_SURFACE ( 'NONE', #3010, 0.5000000000000004441 ) ;
#3571 = CARTESIAN_POINT ( 'NONE',  ( -19.36030961933659000, -42.20852092909376552, -1.824394725998012667 ) ) ;
#3572 = EDGE_CURVE ( 'NONE', #37, #476, #3304, .T. ) ;
#3573 = SURFACE_SIDE_STYLE ('',( #7481 ) ) ;
#3574 = CARTESIAN_POINT ( 'NONE',  ( -21.10000000000000853, 39.86546107923174276, 1.999999999999997335 ) ) ;
#3575 = CARTESIAN_POINT ( 'NONE',  ( 42.06115651372383013, 18.63684803177447336, 7.569999999999995843 ) ) ;
#3576 = PLANE ( 'NONE',  #2514 ) ;
#3577 = ORIENTED_EDGE ( 'NONE', *, *, #4703, .F. ) ;
#3578 = ORIENTED_EDGE ( 'NONE', *, *, #552, .T. ) ;
#3579 = AXIS2_PLACEMENT_3D ( 'NONE', #5892, #6646, #4958 ) ;
#3580 = CARTESIAN_POINT ( 'NONE',  ( 40.44748514794608951, 21.06840992987408612, 28.59999999999999432 ) ) ;
#3581 = DIRECTION ( 'NONE',  ( 1.000000000000000000, 3.491481338843133750E-15, 0.000000000000000000 ) ) ;
#3582 = CARTESIAN_POINT ( 'NONE',  ( 20.74141812957200770, -42.42752615582804054, 1.249951005217379674 ) ) ;
#3583 = CARTESIAN_POINT ( 'NONE',  ( -18.86919946695770278, -6.991081321670983506, 13.60000000000000497 ) ) ;
#3584 = EDGE_CURVE ( 'NONE', #4709, #8758, #1673, .T. ) ;
#3585 = CYLINDRICAL_SURFACE ( 'NONE', #6746, 2.000000000000001776 ) ;
#3586 = CARTESIAN_POINT ( 'NONE',  ( -20.59999999999951470, 43.59999999999944720, 1.250000000000049738 ) ) ;
#3587 = CARTESIAN_POINT ( 'NONE',  ( -44.10000000000007248, 16.09999999999986287, 9.600000000000001421 ) ) ;
#3588 = AXIS2_PLACEMENT_3D ( 'NONE', #6942, #179, #4564 ) ;
#3589 = CARTESIAN_POINT ( 'NONE',  ( 19.92030272036264549, -42.93221865287134875, 2.000000000000000000 ) ) ;
#3590 = CARTESIAN_POINT ( 'NONE',  ( 42.10000000000006537, 0.000000000000000000, 7.599999999999999645 ) ) ;
#3591 = EDGE_LOOP ( 'NONE', ( #9526, #7159, #1381, #5170 ) ) ;
#3592 = ORIENTED_EDGE ( 'NONE', *, *, #3398, .F. ) ;
#3593 = CARTESIAN_POINT ( 'NONE',  ( 18.48376891750218576, 43.84427059966539986, -1.498297183173730396 ) ) ;
#3594 = CARTESIAN_POINT ( 'NONE',  ( -19.80406933661236479, -41.24003477612500745, -2.287724532159752133 ) ) ;
#3595 = EDGE_CURVE ( 'NONE', #5053, #4470, #4773, .T. ) ;
#3596 = DIRECTION ( 'NONE',  ( 0.000000000000000000, -1.000000000000000000, 0.000000000000000000 ) ) ;
#3597 = AXIS2_PLACEMENT_3D ( 'NONE', #7116, #8640, #4056 ) ;
#3598 = CARTESIAN_POINT ( 'NONE',  ( -19.91325482561114057, 41.78705519762022647, -2.465170331468794274 ) ) ;
#3599 = LINE ( 'NONE', #5759, #9114 ) ;
#3600 = CARTESIAN_POINT ( 'NONE',  ( 20.94989146761690435, 39.85089124915135272, -1.740720662154424891 ) ) ;
#3601 = CARTESIAN_POINT ( 'NONE',  ( -41.99338584793494533, 20.03778840825122387, 7.599999999999999645 ) ) ;
#3602 = CARTESIAN_POINT ( 'NONE',  ( 16.10000000000002984, -43.09802543199293012, 0.4688596676702487254 ) ) ;
#3603 = CARTESIAN_POINT ( 'NONE',  ( 38.10000000000005116, 20.09842776662163999, 7.569999999999995843 ) ) ;
#3604 = CARTESIAN_POINT ( 'NONE',  ( -42.12183440812586355, 20.15653691405336190, 10.03000000000000469 ) ) ;
#3605 = CARTESIAN_POINT ( 'NONE',  ( -44.09011195108238468, 17.84967719365545591, 13.59999999999999964 ) ) ;
#3606 = ORIENTED_EDGE ( 'NONE', *, *, #3404, .F. ) ;
#3607 = FACE_OUTER_BOUND ( 'NONE', #9400, .T. ) ;
#3608 = CARTESIAN_POINT ( 'NONE',  ( -20.14786261771864417, -41.34565534668953291, -1.903597371100422153 ) ) ;
#3609 = DIRECTION ( 'NONE',  ( 0.000000000000000000, 0.000000000000000000, -1.000000000000000000 ) ) ;
#3610 = CARTESIAN_POINT ( 'NONE',  ( 43.10000000000007958, -5.964284807251035936, 15.04484143189079504 ) ) ;
#3611 = DIRECTION ( 'NONE',  ( 1.000000000000000000, 0.000000000000000000, 0.000000000000000000 ) ) ;
#3612 = CARTESIAN_POINT ( 'NONE',  ( -14.09999999999993570, 16.82135399909044793, 18.60000000000516707 ) ) ;
#3613 = VECTOR ( 'NONE', #6372, 1000.000000000000000 ) ;
#3614 = CARTESIAN_POINT ( 'NONE',  ( 19.68537544719459120, -41.40343074669997492, -2.269741039323380782 ) ) ;
#3615 = CARTESIAN_POINT ( 'NONE',  ( -14.07037261525401206, -4.694565835944707111, 28.59999999999999787 ) ) ;
#3616 = CARTESIAN_POINT ( 'NONE',  ( 40.65000000000005542, -15.49999999999987033, 13.60000000000000142 ) ) ;
#3617 = ORIENTED_EDGE ( 'NONE', *, *, #8227, .T. ) ;
#3618 = CARTESIAN_POINT ( 'NONE',  ( -21.03798319008017614, 39.09999999999930509, -1.061445128398958326 ) ) ;
#3619 = ORIENTED_EDGE ( 'NONE', *, *, #6172, .T. ) ;
#3620 = DIRECTION ( 'NONE',  ( 1.916821520416347599E-16, -1.000000000000000000, 0.000000000000000000 ) ) ;
#3621 = CARTESIAN_POINT ( 'NONE',  ( -12.46026316928586297, 40.10000000000000142, 0.000000000000000000 ) ) ;
#3622 = DIRECTION ( 'NONE',  ( 1.000000000000000000, 0.000000000000000000, 0.000000000000000000 ) ) ;
#3623 = EDGE_CURVE ( 'NONE', #5411, #429, #1725, .T. ) ;
#3624 = CARTESIAN_POINT ( 'NONE',  ( -19.52984423246752144, -41.99887817354090913, -1.898878173542671632 ) ) ;
#3625 = VECTOR ( 'NONE', #142, 1000.000000000000000 ) ;
#3626 = LINE ( 'NONE', #8164, #8830 ) ;
#3627 = CARTESIAN_POINT ( 'NONE',  ( -20.81355405299227357, 43.28449770133367025, 2.000000000000000444 ) ) ;
#3628 = CARTESIAN_POINT ( 'NONE',  ( 42.01454375441900879, 19.26958562560401234, 7.569999999999997620 ) ) ;
#3629 = CARTESIAN_POINT ( 'NONE',  ( -19.97040907923997111, 42.59521940940827278, -1.870409079240805461 ) ) ;
#3630 = VERTEX_POINT ( 'NONE', #5562 ) ;
#3631 = ORIENTED_EDGE ( 'NONE', *, *, #9371, .T. ) ;
#3632 = CARTESIAN_POINT ( 'NONE',  ( 42.81003976634080743, 20.31763701899939534, 28.59999999999999432 ) ) ;
#3633 = CARTESIAN_POINT ( 'NONE',  ( -9.099999999999933920, -7.399999999999876010, 25.26666666666666572 ) ) ;
#3634 = CARTESIAN_POINT ( 'NONE',  ( 20.68917607032994610, -42.33662852272659194, 0.5637604553971661270 ) ) ;
#3635 = EDGE_CURVE ( 'NONE', #6679, #7855, #8806, .T. ) ;
#3636 = CARTESIAN_POINT ( 'NONE',  ( -18.48045904818180318, -8.395090375205873201, 13.60000000000000320 ) ) ;
#3637 = DIRECTION ( 'NONE',  ( 0.000000000000000000, 0.000000000000000000, -1.000000000000000000 ) ) ;
#3638 = CARTESIAN_POINT ( 'NONE',  ( -20.45345021429153931, 43.72365630556132032, 2.000000000000000888 ) ) ;
#3639 = CARTESIAN_POINT ( 'NONE',  ( -42.93560524260701783, 19.98414113284518123, 9.599999999999994316 ) ) ;
#3640 = CARTESIAN_POINT ( 'NONE',  ( 18.77854727961332060, -43.05646374350416750, 2.000000000000003553 ) ) ;
#3641 = CARTESIAN_POINT ( 'NONE',  ( 19.52984423246647339, 42.99887817354303365, -1.898878173545438086 ) ) ;
#3642 = ORIENTED_EDGE ( 'NONE', *, *, #3812, .T. ) ;
#3643 = ORIENTED_EDGE ( 'NONE', *, *, #6303, .F. ) ;
#3644 = CARTESIAN_POINT ( 'NONE',  ( 18.48851293541902763, 43.91268936809998991, -1.313333905468961005 ) ) ;
#3645 = CARTESIAN_POINT ( 'NONE',  ( -19.91159499246785813, -41.72404729317313610, -1.811594992469754972 ) ) ;
#3646 = CARTESIAN_POINT ( 'NONE',  ( 41.90155197451054647, 19.86571348516760338, 7.600000000000004974 ) ) ;
#3647 = CARTESIAN_POINT ( 'NONE',  ( -16.10000000000018971, 39.09999999999961062, -3.000000000000000888 ) ) ;
#3648 =( REPRESENTATION_RELATIONSHIP ('NONE','NONE', #6422, #366 ) REPRESENTATION_RELATIONSHIP_WITH_TRANSFORMATION ( #5002 )SHAPE_REPRESENTATION_RELATIONSHIP( ) );
#3649 = CARTESIAN_POINT ( 'NONE',  ( -21.10000000000001563, -38.59264819287631809, 9.600000000000006750 ) ) ;
#3650 = CARTESIAN_POINT ( 'NONE',  ( -41.00747221968580192, 20.08155764929716014, 7.599999999999997868 ) ) ;
#3651 = DIRECTION ( 'NONE',  ( 0.000000000000000000, 0.000000000000000000, -1.000000000000000000 ) ) ;
#3652 = CARTESIAN_POINT ( 'NONE',  ( 18.10000000000000142, -40.10000000000000142, 7.599999999999999645 ) ) ;
#3653 = CARTESIAN_POINT ( 'NONE',  ( -43.00737088955448684, 19.97436538983444620, 10.03000000000000469 ) ) ;
#3654 = ADVANCED_FACE ( 'NONE', ( #3895 ), #8390, .F. ) ;
#3655 = CARTESIAN_POINT ( 'NONE',  ( -44.07025860286483265, 18.39770951319348313, 13.60000000000000142 ) ) ;
#3656 = EDGE_LOOP ( 'NONE', ( #9165, #1543, #9710, #6464 ) ) ;
#3657 = CARTESIAN_POINT ( 'NONE',  ( -42.94742540629392380, -19.70545446987808447, 7.599999999999998757 ) ) ;
#3658 = CARTESIAN_POINT ( 'NONE',  ( 18.63707660278509337, -43.06157421608018865, 9.599999999999999645 ) ) ;
#3659 = CARTESIAN_POINT ( 'NONE',  ( 43.10000000000006537, -8.352371649981629176, 13.72144497467932922 ) ) ;
#3660 = DIRECTION ( 'NONE',  ( 0.000000000000000000, 0.000000000000000000, -1.000000000000000000 ) ) ;
#3661 = CARTESIAN_POINT ( 'NONE',  ( -13.70552583274701419, 20.47613984634877227, 13.59999999999870823 ) ) ;
#3662 = EDGE_CURVE ( 'NONE', #4047, #3412, #1608, .T. ) ;
#3663 = CARTESIAN_POINT ( 'NONE',  ( 19.64449125787339057, -38.85139133128647160, -2.878366421013050402 ) ) ;
#3664 = CARTESIAN_POINT ( 'NONE',  ( 0.000000000000000000, -43.10000000000000853, 9.600000000000001421 ) ) ;
#3665 = CARTESIAN_POINT ( 'NONE',  ( -37.50000000000005684, 15.49999999999987033, 13.60000000000000142 ) ) ;
#3666 = ORIENTED_EDGE ( 'NONE', *, *, #9646, .T. ) ;
#3667 = CARTESIAN_POINT ( 'NONE',  ( -20.52666543961043644, 43.52666543961033341, 0.5635990939286488199 ) ) ;
#3668 = ORIENTED_EDGE ( 'NONE', *, *, #3758, .F. ) ;
#3669 = CARTESIAN_POINT ( 'NONE',  ( -21.10000000000000142, 39.10000000000001563, -3.630000000000000338 ) ) ;
#3670 = CARTESIAN_POINT ( 'NONE',  ( -39.54118413884317107, -20.09958493382359634, 7.599999999999998757 ) ) ;
#3671 = FACE_OUTER_BOUND ( 'NONE', #7697, .T. ) ;
#3672 = CARTESIAN_POINT ( 'NONE',  ( -19.33080941177757950, -42.08137278453455110, -1.981372784536199028 ) ) ;
#3673 = DIRECTION ( 'NONE',  ( -0.000000000000000000, -0.000000000000000000, 1.000000000000000000 ) ) ;
#3674 = DIRECTION ( 'NONE',  ( -0.000000000000000000, -0.000000000000000000, 1.000000000000000000 ) ) ;
#3675 = CARTESIAN_POINT ( 'NONE',  ( 42.09842776662157604, 16.10000000000013287, 7.569999999999995843 ) ) ;
#3676 = ADVANCED_FACE ( 'NONE', ( #143 ), #8240, .T. ) ;
#3677 = DIRECTION ( 'NONE',  ( 1.000000000000000000, 3.491481338843134539E-15, -0.000000000000000000 ) ) ;
#3678 = ORIENTED_EDGE ( 'NONE', *, *, #9689, .F. ) ;
#3679 = VERTEX_POINT ( 'NONE', #229 ) ;
#3680 = CARTESIAN_POINT ( 'NONE',  ( 20.00359737109775438, -41.34565534669119558, -2.047862617722529421 ) ) ;
#3681 = CARTESIAN_POINT ( 'NONE',  ( -42.85220486461444267, -19.90646997416442687, 7.569999999999997620 ) ) ;
#3682 = CARTESIAN_POINT ( 'NONE',  ( 20.02143759642087417, -41.89950662132504533, -1.517748158600101815 ) ) ;
#3683 = CARTESIAN_POINT ( 'NONE',  ( -10.71683410572409123, -12.38912378112695656, 13.60000000000000320 ) ) ;
#3684 = DIRECTION ( 'NONE',  ( -0.000000000000000000, -0.000000000000000000, -1.000000000000000000 ) ) ;
#3685 = CARTESIAN_POINT ( 'NONE',  ( -42.60148538755207426, 20.07597369116286501, 9.599999999999928590 ) ) ;
#3686 = CARTESIAN_POINT ( 'NONE',  ( 20.13409537327670051, -42.80530425361520486, 0.5640123293690435524 ) ) ;
#3687 = CARTESIAN_POINT ( 'NONE',  ( 19.84999999999704201, 42.85000000000004405, -1.750000000002673639 ) ) ;
#3688 = ORIENTED_EDGE ( 'NONE', *, *, #6843, .F. ) ;
#3689 = VERTEX_POINT ( 'NONE', #6246 ) ;
#3690 = ORIENTED_EDGE ( 'NONE', *, *, #7900, .T. ) ;
#3691 = CARTESIAN_POINT ( 'NONE',  ( 16.10000000000000853, 43.66766467421545883, -2.432335325784531044 ) ) ;
#3692 = CARTESIAN_POINT ( 'NONE',  ( -19.70386467095152838, -41.60982067037944887, -2.101201844129985119 ) ) ;
#3693 = CARTESIAN_POINT ( 'NONE',  ( -21.10000000000000142, -38.10000000000000853, 9.600000000000001421 ) ) ;
#3694 = CARTESIAN_POINT ( 'NONE',  ( -20.87725659433477787, -42.09948029764466071, 9.599999999999999645 ) ) ;
#3695 = CARTESIAN_POINT ( 'NONE',  ( -42.68693878881547477, 19.95143768548572183, 7.600000000000000533 ) ) ;
#3696 = CARTESIAN_POINT ( 'NONE',  ( 21.10000000000000142, 48.46000000000000796, -3.000000000000000000 ) ) ;
#3697 = CARTESIAN_POINT ( 'NONE',  ( 16.10000000000000853, 43.53233532578455822, -2.567664674215427656 ) ) ;
#3698 = CARTESIAN_POINT ( 'NONE',  ( 41.81906979863392593, -19.91869900328513765, 7.599999999999998757 ) ) ;
#3699 = EDGE_CURVE ( 'NONE', #5411, #476, #298, .T. ) ;
#3700 = AXIS2_PLACEMENT_3D ( 'NONE', #3784, #5897, #6694 ) ;
#3701 = CARTESIAN_POINT ( 'NONE',  ( -9.099999999999951683, 21.09999999999996945, 28.59999999999999432 ) ) ;
#3702 = ORIENTED_EDGE ( 'NONE', *, *, #5893, .T. ) ;
#3703 = DIRECTION ( 'NONE',  ( -1.000000000000000000, 0.000000000000000000, 0.000000000000000000 ) ) ;
#3704 = CARTESIAN_POINT ( 'NONE',  ( -21.10000000000000142, -38.10000000000000142, 7.066666666666668206 ) ) ;
#3705 = PRODUCT_DEFINITION_CONTEXT ( 'detailed design', #1812, 'design' ) ;
#3706 = CARTESIAN_POINT ( 'NONE',  ( -14.09999999999993570, 9.933333333333354886, 18.60000000000000142 ) ) ;
#3707 = LINE ( 'NONE', #5920, #6585 ) ;
#3708 = ADVANCED_FACE ( 'NONE', ( #824 ), #973, .T. ) ;
#3709 = DIRECTION ( 'NONE',  ( 7.709882115452476194E-16, -1.000000000000000000, 0.000000000000000000 ) ) ;
#3710 = CARTESIAN_POINT ( 'NONE',  ( 16.10000000000002274, -42.28449666861352796, -2.713554535445537041 ) ) ;
#3711 = CARTESIAN_POINT ( 'NONE',  ( -43.06364008707100055, -19.76978910882841944, 10.03000000000000469 ) ) ;
#3712 = CARTESIAN_POINT ( 'NONE',  ( -43.20481555856615330, 16.09999999999986287, 9.600000000000001421 ) ) ;
#3713 = DIRECTION ( 'NONE',  ( 1.000000000000000000, -0.000000000000000000, 0.000000000000000000 ) ) ;
#3714 = CARTESIAN_POINT ( 'NONE',  ( -16.59264819285533932, 44.10000000000001563, 9.600000000000004974 ) ) ;
#3715 = ORIENTED_EDGE ( 'NONE', *, *, #203, .T. ) ;
#3716 = VECTOR ( 'NONE', #3357, 1000.000000000000000 ) ;
#3717 = CARTESIAN_POINT ( 'NONE',  ( -5.366666666666667140, -38.10000000000000853, -3.000000000000001776 ) ) ;
#3718 = CARTESIAN_POINT ( 'NONE',  ( -42.53210728984821287, -19.98042114943638836, 7.599999999999998757 ) ) ;
#3719 = CARTESIAN_POINT ( 'NONE',  ( 20.10000000000000142, -38.10000000000000853, -3.000000000000000444 ) ) ;
#3720 = CARTESIAN_POINT ( 'NONE',  ( -20.42752615582799081, -42.74141812957235942, 1.249951005217939226 ) ) ;
#3721 = B_SPLINE_CURVE_WITH_KNOTS ( 'NONE', 3,
 ( #2404, #9108, #4462, #2993, #5250, #4512, #7539, #769, #3781, #6092, #2352, #1607 ),
 .UNSPECIFIED., .F., .F.,
 ( 4, 2, 2, 2, 2, 4 ),
 ( 0.000000000000000000, 0.06250000000000000000, 0.1250000000000000000, 0.2500000000000000000, 0.5000000000000000000, 1.000000000000000000 ),
 .UNSPECIFIED. ) ;
#3722 = AXIS2_PLACEMENT_3D ( 'NONE', #7840, #241, #4085 ) ;
#3723 = CARTESIAN_POINT ( 'NONE',  ( -40.59999999999996589, -12.19689577749904608, -15.40511026734024824 ) ) ;
#3724 = DIRECTION ( 'NONE',  ( -1.000000000000000000, -1.110223024625155531E-13, 0.000000000000000000 ) ) ;
#3725 = CARTESIAN_POINT ( 'NONE',  ( -17.66698729810778445, -40.35000000000000142, 7.599999999999999645 ) ) ;
#3726 = EDGE_LOOP ( 'NONE', ( #3518, #8883, #6100, #2878 ) ) ;
#3727 = ORIENTED_EDGE ( 'NONE', *, *, #1075, .F. ) ;
#3728 = CARTESIAN_POINT ( 'NONE',  ( 20.33662852272748367, -39.53623954460217504, -2.589176070333554236 ) ) ;
#3729 = ADVANCED_FACE ( 'NONE', ( #8474 ), #7552, .T. ) ;
#3730 = CARTESIAN_POINT ( 'NONE',  ( 20.05407719601854666, -41.92614600124100832, -1.450366643529603872 ) ) ;
#3731 = CARTESIAN_POINT ( 'NONE',  ( -11.23092192654828025, -12.37787646435181266, 13.60000000000000142 ) ) ;
#3732 = CARTESIAN_POINT ( 'NONE',  ( -20.35072599843659802, 41.47587029890646448, -2.250725998437147712 ) ) ;
#3733 = CARTESIAN_POINT ( 'NONE',  ( 48.10042434154807722, -2.293264059026939083, 13.60000000000000142 ) ) ;
#3734 = CARTESIAN_POINT ( 'NONE',  ( 19.53070078186156522, -43.00835974909762172, 0.5648970928390506518 ) ) ;
#3735 = AXIS2_PLACEMENT_3D ( 'NONE', #5648, #1907, #4909 ) ;
#3736 = VECTOR ( 'NONE', #4586, 1000.000000000000000 ) ;
#3737 = DIRECTION ( 'NONE',  ( 0.000000000000000000, -1.000000000000000000, 0.000000000000000000 ) ) ;
#3738 = EDGE_LOOP ( 'NONE', ( #2736, #1120, #2257, #4161 ) ) ;
#3739 = ORIENTED_EDGE ( 'NONE', *, *, #9563, .T. ) ;
#3740 = ORIENTED_EDGE ( 'NONE', *, *, #1140, .T. ) ;
#3741 = CARTESIAN_POINT ( 'NONE',  ( 19.84999999999711306, -41.84999999999978826, -1.750000000002728928 ) ) ;
#3742 = CARTESIAN_POINT ( 'NONE',  ( -19.68537591280358257, -41.40343044518466087, -2.269740957105407020 ) ) ;
#3743 = ADVANCED_FACE ( 'NONE', ( #5003 ), #1903, .T. ) ;
#3744 = DIRECTION ( 'NONE',  ( 0.000000000000000000, -0.000000000000000000, 1.000000000000000000 ) ) ;
#3745 = CARTESIAN_POINT ( 'NONE',  ( -19.72889785856161993, -42.96164780065868172, 9.600000000000001421 ) ) ;
#3746 = AXIS2_PLACEMENT_3D ( 'NONE', #4899, #406, #1145 ) ;
#3747 = CARTESIAN_POINT ( 'NONE',  ( -21.07006491942914650, 41.40303354164331040, 9.600000000000004974 ) ) ;
#3748 = CARTESIAN_POINT ( 'NONE',  ( -44.10000000000007248, 16.09999999999986287, 13.60000000000000142 ) ) ;
#3749 = CARTESIAN_POINT ( 'NONE',  ( 41.60471939032742483, 20.09829147979329633, 10.03000000000000647 ) ) ;
#3750 = DIRECTION ( 'NONE',  ( 0.000000000000000000, 0.000000000000000000, 1.000000000000000000 ) ) ;
#3751 = CARTESIAN_POINT ( 'NONE',  ( -43.04116199736554904, 18.94573865730919238, 7.600000000000001421 ) ) ;
#3752 = CIRCLE ( 'NONE', #4693, 4.000000000000000000 ) ;
#3753 = ORIENTED_EDGE ( 'NONE', *, *, #9479, .T. ) ;
#3754 = LINE ( 'NONE', #8989, #1846 ) ;
#3755 = CARTESIAN_POINT ( 'NONE',  ( -20.44040297829874930, -41.25137024352394377, -1.621075194039217848 ) ) ;
#3756 = DIRECTION ( 'NONE',  ( -1.000000000000000000, 0.000000000000000000, 0.000000000000000000 ) ) ;
#3757 = CARTESIAN_POINT ( 'NONE',  ( 41.96816119399191791, -19.96834341766045640, 9.600000000000001421 ) ) ;
#3758 = EDGE_CURVE ( 'NONE', #5438, #7019, #2733, .T. ) ;
#3759 = CARTESIAN_POINT ( 'NONE',  ( -21.09999999999999787, -38.09999999999998721, -1.999999999999997113 ) ) ;
#3760 = DIRECTION ( 'NONE',  ( 0.000000000000000000, -0.000000000000000000, -1.000000000000000000 ) ) ;
#3761 = CARTESIAN_POINT ( 'NONE',  ( -11.59927203774038773, -7.362229142858288000, 28.59999999999999787 ) ) ;
#3762 = CARTESIAN_POINT ( 'NONE',  ( 41.90646997415944242, -19.85220486461714273, 7.569999999999995843 ) ) ;
#3763 = EDGE_CURVE ( 'NONE', #6900, #7603, #9350, .T. ) ;
#3764 = VERTEX_POINT ( 'NONE', #7231 ) ;
#3765 =( BOUNDED_CURVE ( )  B_SPLINE_CURVE ( 3, ( #5023, #5666, #6457, #2120 ),
 .UNSPECIFIED., .F., .F. ) 
 B_SPLINE_CURVE_WITH_KNOTS ( ( 4, 4 ),
 ( 0.4437075293097322293, 0.7082097770065195474 ),
 .UNSPECIFIED. ) 
 CURVE ( )  GEOMETRIC_REPRESENTATION_ITEM ( )  RATIONAL_B_SPLINE_CURVE ( ( 1.000000000000000000, 0.9941783727022076578, 0.9941783727022076578, 1.000000000000000000 ) ) 
 REPRESENTATION_ITEM ( '' )  );
#3766 = DIRECTION ( 'NONE',  ( -0.000000000000000000, -0.000000000000000000, -1.000000000000000000 ) ) ;
#3767 = VERTEX_POINT ( 'NONE', #412 ) ;
#3768 = CARTESIAN_POINT ( 'NONE',  ( -21.09999999999675069, 44.10000000000001563, 0.1233333333333327120 ) ) ;
#3769 = CARTESIAN_POINT ( 'NONE',  ( -40.03497541068562526, -20.09681646764391161, 7.600000000000000533 ) ) ;
#3770 = B_SPLINE_CURVE_WITH_KNOTS ( 'NONE', 3,
 ( #8136, #9566, #1222, #482, #7351, #8722, #4134, #5070, #1323, #4232, #7942, #5710, #7149, #7251, #9417, #3452, #6404 ),
 .UNSPECIFIED., .F., .F.,
 ( 4, 3, 2, 2, 2, 2, 2, 4 ),
 ( 0.000000000000000000, 2.843264893196438602E-05, 0.0001485224504853555332, 0.0002686122520387466397, 0.0005087918551455290154, 0.0009891510613590935499, 0.001949869473786222619, 0.003871306298640480974 ),
 .UNSPECIFIED. ) ;
#3771 = CARTESIAN_POINT ( 'NONE',  ( 21.09769811981056975, 40.58231510585827806, 1.239884271808683325 ) ) ;
#3772 = CARTESIAN_POINT ( 'NONE',  ( 13.49999999999999645, 37.50000000000000000, 2.000000000000000000 ) ) ;
#3773 = VECTOR ( 'NONE', #5126, 1000.000000000000000 ) ;
#3774 = AXIS2_PLACEMENT_3D ( 'NONE', #7016, #6361, #2479 ) ;
#3775 = CARTESIAN_POINT ( 'NONE',  ( -15.35904714635228885, 21.09999999999995168, 13.68870242732166354 ) ) ;
#3776 = EDGE_CURVE ( 'NONE', #1367, #7766, #5790, .T. ) ;
#3777 = CARTESIAN_POINT ( 'NONE',  ( -19.95340664962894905, 42.75079123681254600, -1.744660021920366955 ) ) ;
#3778 = ORIENTED_EDGE ( 'NONE', *, *, #7353, .F. ) ;
#3779 = ORIENTED_EDGE ( 'NONE', *, *, #6707, .T. ) ;
#3780 = CARTESIAN_POINT ( 'NONE',  ( 20.16652091451214801, -40.47617917338453708, -2.416426606202376703 ) ) ;
#3781 = CARTESIAN_POINT ( 'NONE',  ( 16.10000000000002274, -40.77854727961332770, -2.956463743504130992 ) ) ;
#3782 = CARTESIAN_POINT ( 'NONE',  ( 20.27338287872785827, -40.77269184025017523, -2.173382878731822121 ) ) ;
#3783 = CARTESIAN_POINT ( 'NONE',  ( -19.84999999999829967, -41.84999999999831033, -1.750000000000268008 ) ) ;
#3784 = CARTESIAN_POINT ( 'NONE',  ( -12.17735045483277290, 36.39999999999999147, 6.000000000000000000 ) ) ;
#3785 = CARTESIAN_POINT ( 'NONE',  ( 0.000000000000000000, 0.000000000000000000, 7.599999999999999645 ) ) ;
#3786 = CARTESIAN_POINT ( 'NONE',  ( 20.60000000000000142, -42.59999999999998721, 1.999999999999999112 ) ) ;
#3787 = CARTESIAN_POINT ( 'NONE',  ( -20.83999999999998565, 39.10000000000000853, -3.000000000000000000 ) ) ;
#3788 = VERTEX_POINT ( 'NONE', #1802 ) ;
#3789 = ORIENTED_EDGE ( 'NONE', *, *, #3549, .T. ) ;
#3790 = ORIENTED_EDGE ( 'NONE', *, *, #2731, .F. ) ;
#3791 = CARTESIAN_POINT ( 'NONE',  ( -17.23397459621556393, -40.60000000000000142, 6.000000000000000000 ) ) ;
#3792 = CARTESIAN_POINT ( 'NONE',  ( -19.53070078186496517, -39.53510290715910003, -2.908359749099364677 ) ) ;
#3793 = CARTESIAN_POINT ( 'NONE',  ( 21.03798432061485713, -41.16143133711470625, 2.000000000000000444 ) ) ;
#3794 = CARTESIAN_POINT ( 'NONE',  ( -18.39770951319325576, -43.07025860286484686, 9.600000000000001421 ) ) ;
#3795 = CARTESIAN_POINT ( 'NONE',  ( -42.50095778074619801, 19.98492167713310508, 7.599999999999999645 ) ) ;
#3796 = LINE ( 'NONE', #228, #6701 ) ;
#3797 = CARTESIAN_POINT ( 'NONE',  ( -44.10000000000007248, -8.261500752994470738E-15, 13.60000000000000142 ) ) ;
#3798 = CARTESIAN_POINT ( 'NONE',  ( 39.34585462766046504, -20.09372723667694771, 7.599999999999997868 ) ) ;
#3799 = DIRECTION ( 'NONE',  ( -1.000000000000000000, 0.000000000000000000, 0.000000000000000000 ) ) ;
#3800 = ADVANCED_FACE ( 'NONE', ( #7827 ), #7877, .T. ) ;
#3801 = ORIENTED_EDGE ( 'NONE', *, *, #3235, .F. ) ;
#3802 = DIRECTION ( 'NONE',  ( 1.000000000000000000, -0.000000000000000000, 0.000000000000000000 ) ) ;
#3803 = CARTESIAN_POINT ( 'NONE',  ( -13.98247474094919518, 19.58902559124397769, 28.59999999999999076 ) ) ;
#3804 = CARTESIAN_POINT ( 'NONE',  ( -20.96197724028981568, -39.53539937452399045, -1.628311328180136242 ) ) ;
#3805 = DIRECTION ( 'NONE',  ( -0.000000000000000000, -0.000000000000000000, -1.000000000000000000 ) ) ;
#3806 = CARTESIAN_POINT ( 'NONE',  ( -42.88083581185800597, 19.90471379356469583, 7.569999999999995843 ) ) ;
#3807 = PLANE ( 'NONE',  #7179 ) ;
#3808 = CARTESIAN_POINT ( 'NONE',  ( -43.04175772303072023, -19.76437442640588671, 9.600000000000111555 ) ) ;
#3809 = CARTESIAN_POINT ( 'NONE',  ( 17.53523670167312076, -40.59020129874912897, -3.032384039208707360 ) ) ;
#3810 = CARTESIAN_POINT ( 'NONE',  ( -11.49873699103321911, -7.366416837017388808, 28.60000000000000497 ) ) ;
#3811 = CARTESIAN_POINT ( 'NONE',  ( 42.09842776847938950, -16.73444870839506748, 7.569999999999995843 ) ) ;
#3812 = EDGE_CURVE ( 'NONE', #6487, #9221, #8607, .T. ) ;
#3813 = ORIENTED_EDGE ( 'NONE', *, *, #1651, .F. ) ;
#3814 = CARTESIAN_POINT ( 'NONE',  ( -20.07265072837382647, 43.88525032197475184, 9.600000000000001421 ) ) ;
#3815 = EDGE_LOOP ( 'NONE', ( #9010, #7018, #8649, #7694 ) ) ;
#3816 = CARTESIAN_POINT ( 'NONE',  ( -21.10000000000000142, 39.10000000000001563, 10.23000000000000043 ) ) ;
#3817 = CARTESIAN_POINT ( 'NONE',  ( -11.69689577749890219, 41.30000000000000426, -22.10446822030533198 ) ) ;
#3818 = LINE ( 'NONE', #5491, #3550 ) ;
#3819 = DIRECTION ( 'NONE',  ( 1.000000000000000000, -0.000000000000000000, 0.000000000000000000 ) ) ;
#3820 = CARTESIAN_POINT ( 'NONE',  ( -18.80422412797631182, -42.77173927811657705, -1.450598051704527380 ) ) ;
#3821 = CARTESIAN_POINT ( 'NONE',  ( 16.10000000000001563, 43.96431189082512248, -1.630797051691062149 ) ) ;
#3822 = CARTESIAN_POINT ( 'NONE',  ( -44.10000000000007248, -16.10000000000013998, 9.600000000000001421 ) ) ;
#3823 = EDGE_CURVE ( 'NONE', #3875, #1880, #7735, .T. ) ;
#3824 = ADVANCED_FACE ( 'NONE', ( #8805 ), #7483, .F. ) ;
#3825 = CARTESIAN_POINT ( 'NONE',  ( -20.84427107285087644, 42.59829425105107958, -0.3837692129254534623 ) ) ;
#3826 = VERTEX_POINT ( 'NONE', #2054 ) ;
#3827 = ORIENTED_EDGE ( 'NONE', *, *, #1177, .T. ) ;
#3828 = B_SPLINE_SURFACE_WITH_KNOTS ( 'NONE', 3, 3, ( 
 ( #7667, #892, #6918, #154, #2428, #947, #1083, #5526, #5570, #9370, #1925, #8678 ),
 ( #249, #2523, #2612, #6357, #7848, #436, #1872, #1032, #8581, #7104, #7150, #4135 ),
 ( #1775, #1126, #7012, #7801, #9418, #3453, #4091, #9279, #2660, #385, #3402, #9471 ),
 ( #1823, #8538, #5711, #6405, #4042, #7058, #6458, #7989, #2708, #295, #4924, #5667 ),
 ( #4181, #4829, #3312, #4781, #3355, #5617, #8723, #8628, #4880, #341, #7897, #7943 ),
 ( #1172, #7203, #1972, #6313, #4974, #1223, #3265, #6265, #9326, #2566, #3600, #8875 ),
 ( #2074, #2860, #7406, #4233, #531, #3548, #2121, #5121, #3501, #2753, #9517, #7301 ),
 ( #6610, #9618, #8137, #8827, #7252, #5861, #9567, #5071, #483, #1373, #6505, #2807 ),
 ( #1277, #4383, #2028, #5760, #586, #5816, #8778, #8087, #7352, #5024, #1324, #8038 ),
 ( #4280, #4329, #6556, #6132, #8458, #5442, #958, #6783, #9050, #9148, #3136, #4601 ),
 ( #8413, #7582, #5347, #3867, #3917, #907, #2396, #8311, #7677, #3771, #4553, #6183 ),
 ( #2287, #4650, #214, #807, #5393, #6230, #6036, #5293, #1695, #3965, #1645, #6930 ) ),
 .UNSPECIFIED., .F., .F., .F.,
 ( 4, 2, 2, 2, 2, 4 ),
 ( 4, 2, 2, 2, 2, 4 ),
 ( 0.000000000000000000, 0.06250000000000000000, 0.1250000000000000000, 0.2500000000000000000, 0.5000000000000000000, 1.000000000000000000 ),
 ( 0.000000000000000000, 0.06250000000000000000, 0.1250000000000000000, 0.2500000000000000000, 0.5000000000000000000, 1.000000000000000000 ),
 .UNSPECIFIED. ) ;
#3829 = CARTESIAN_POINT ( 'NONE',  ( 20.60000000000000142, -38.10000000000000853, -2.499999999999996891 ) ) ;
#3830 = CARTESIAN_POINT ( 'NONE',  ( 20.80530392117140792, -42.13409614037338002, 0.5640113025903487065 ) ) ;
#3831 = CARTESIAN_POINT ( 'NONE',  ( -16.10000000000028209, 41.77854727961320691, -2.956463743504133213 ) ) ;
#3832 = EDGE_CURVE ( 'NONE', #5423, #3837, #8907, .T. ) ;
#3833 = CARTESIAN_POINT ( 'NONE',  ( -20.13248562931546815, 42.19424047815892465, -2.032485629316192366 ) ) ;
#3834 = CARTESIAN_POINT ( 'NONE',  ( 19.84999999999711306, -41.84999999999978826, -1.750000000002728928 ) ) ;
#3835 = CARTESIAN_POINT ( 'NONE',  ( -13.52111552372870840, -6.972249807664024246, 13.60000000000092157 ) ) ;
#3836 = CARTESIAN_POINT ( 'NONE',  ( 23.21000000000000085, 44.10000000000000853, 2.000000000000000000 ) ) ;
#3837 = VERTEX_POINT ( 'NONE', #1403 ) ;
#3838 = ORIENTED_EDGE ( 'NONE', *, *, #5627, .T. ) ;
#3839 = ORIENTED_EDGE ( 'NONE', *, *, #8234, .F. ) ;
#3840 = CARTESIAN_POINT ( 'NONE',  ( -14.09999999999993570, 21.09999999999995168, 29.35000000000000142 ) ) ;
#3841 = CARTESIAN_POINT ( 'NONE',  ( -20.19474083638177220, -38.10000000000000853, -2.748025777449570217 ) ) ;
#3842 = DIRECTION ( 'NONE',  ( 1.000000000000000000, -0.000000000000000000, 0.000000000000000000 ) ) ;
#3843 = CARTESIAN_POINT ( 'NONE',  ( 18.10000000000000142, 34.46026316928586652, 6.000000000000000000 ) ) ;
#3844 = DIRECTION ( 'NONE',  ( -1.000000000000000000, 0.000000000000000000, 0.000000000000000000 ) ) ;
#3845 = CARTESIAN_POINT ( 'NONE',  ( 37.50000000000000000, 15.50000000000000000, 34.62551937541124403 ) ) ;
#3846 = CARTESIAN_POINT ( 'NONE',  ( -21.10000000000000142, 48.46000000000000796, -3.000000000000000000 ) ) ;
#3847 = B_SPLINE_CURVE_WITH_KNOTS ( 'NONE', 3,
 ( #4928, #1176, #7208, #4236 ),
 .UNSPECIFIED., .F., .F.,
 ( 4, 4 ),
 ( 0.000000000000000000, 1.000000000000000000 ),
 .UNSPECIFIED. ) ;
#3848 = CARTESIAN_POINT ( 'NONE',  ( -42.96834341765797660, -19.96816119399719369, 9.600000000000003197 ) ) ;
#3849 = VERTEX_POINT ( 'NONE', #5154 ) ;
#3850 = CARTESIAN_POINT ( 'NONE',  ( 20.08137278453225250, 43.08137278453482111, -1.230809411781379703 ) ) ;
#3851 = CARTESIAN_POINT ( 'NONE',  ( -43.03778840825295049, -18.99338584792812057, 7.599999999999999645 ) ) ;
#3852 = CARTESIAN_POINT ( 'NONE',  ( -20.84427107285088354, -40.48376921292387465, -1.498294251052994408 ) ) ;
#3853 = DIRECTION ( 'NONE',  ( 1.916821520416347599E-16, -1.000000000000000000, 0.000000000000000000 ) ) ;
#3854 = EDGE_CURVE ( 'NONE', #1616, #60, #3927, .T. ) ;
#3855 = DIRECTION ( 'NONE',  ( 1.000000000000000000, 0.000000000000000000, 0.000000000000000000 ) ) ;
#3856 = CARTESIAN_POINT ( 'NONE',  ( 16.10000000000001918, -43.10000000000000853, 2.000000000000000000 ) ) ;
#3857 = CARTESIAN_POINT ( 'NONE',  ( -19.09999999999993747, 16.09999999999996945, 13.60000000000000142 ) ) ;
#3858 = CARTESIAN_POINT ( 'NONE',  ( 17.63114033232972488, -38.10000000000000853, -2.998025431992921153 ) ) ;
#3859 = DIRECTION ( 'NONE',  ( -0.000000000000000000, -0.000000000000000000, -1.000000000000000000 ) ) ;
#3860 = CARTESIAN_POINT ( 'NONE',  ( 42.86170419352094996, -6.448337512346605571, 28.60000000000000142 ) ) ;
#3861 = ORIENTED_EDGE ( 'NONE', *, *, #8206, .F. ) ;
#3862 = CARTESIAN_POINT ( 'NONE',  ( -21.06641683701780110, 41.49873699102722924, 9.599999999999999645 ) ) ;
#3863 = ORIENTED_EDGE ( 'NONE', *, *, #1995, .T. ) ;
#3864 = CARTESIAN_POINT ( 'NONE',  ( 18.47000000000205588, -38.10000000000000853, -3.000000000000000000 ) ) ;
#3865 = VECTOR ( 'NONE', #461, 1000.000000000000000 ) ;
#3866 = DIRECTION ( 'NONE',  ( 0.000000000000000000, 0.000000000000000000, 1.000000000000000000 ) ) ;
#3867 = CARTESIAN_POINT ( 'NONE',  ( 20.83565336333722229, 43.23550703586700905, 1.249766861466672374 ) ) ;
#3868 = CARTESIAN_POINT ( 'NONE',  ( 17.23397459621556393, 40.10000000000000142, 7.599999999999999645 ) ) ;
#3869 = CARTESIAN_POINT ( 'NONE',  ( -17.53623914502614767, -42.68917621106781013, -2.236628345232174464 ) ) ;
#3870 = CARTESIAN_POINT ( 'NONE',  ( -19.73079705169109133, 43.96431189082514379, 2.000000000000001776 ) ) ;
#3871 = AXIS2_PLACEMENT_3D ( 'NONE', #5084, #8099, #4343 ) ;
#3872 = CARTESIAN_POINT ( 'NONE',  ( -44.10000000000007248, -16.10000000000013642, 12.26666666666666927 ) ) ;
#3873 = CARTESIAN_POINT ( 'NONE',  ( -20.62161405296005867, 42.82204809657497435, -0.6911517737902527214 ) ) ;
#3874 = VERTEX_POINT ( 'NONE', #3725 ) ;
#3875 = VERTEX_POINT ( 'NONE', #5993 ) ;
#3876 = LINE ( 'NONE', #7593, #8977 ) ;
#3877 = CARTESIAN_POINT ( 'NONE',  ( 20.02143759642408227, -41.61774815287930096, -1.799506621325555056 ) ) ;
#3878 = CYLINDRICAL_SURFACE ( 'NONE', #1212, 0.5000000000000004441 ) ;
#3879 = CARTESIAN_POINT ( 'NONE',  ( -16.85023313853295690, 43.23550703586808197, -2.735653363338657051 ) ) ;
#3880 = EDGE_CURVE ( 'NONE', #8428, #2189, #1080, .T. ) ;
#3881 = AXIS2_PLACEMENT_3D ( 'NONE', #8090, #7411, #8727 ) ;
#3882 = CARTESIAN_POINT ( 'NONE',  ( -20.52666543961101908, 40.53640090607038360, -2.426665439611345398 ) ) ;
#3883 = CARTESIAN_POINT ( 'NONE',  ( 40.63707660275228761, -21.06157421608543245, 13.59999999999999964 ) ) ;
#3884 = CARTESIAN_POINT ( 'NONE',  ( -12.45772195407463201, -7.301939378529446856, 13.59999999999907594 ) ) ;
#3885 = CARTESIAN_POINT ( 'NONE',  ( 18.47897684480902925, 42.88114560558637578, -2.601205755211099646 ) ) ;
#3886 = ORIENTED_EDGE ( 'NONE', *, *, #2929, .F. ) ;
#3887 = ORIENTED_EDGE ( 'NONE', *, *, #6102, .T. ) ;
#3888 = EDGE_CURVE ( 'NONE', #8758, #815, #2350, .T. ) ;
#3889 = CARTESIAN_POINT ( 'NONE',  ( 40.10000000000006537, 0.000000000000000000, 7.599999999999999645 ) ) ;
#3890 = CARTESIAN_POINT ( 'NONE',  ( -9.099999999999951683, 21.09999999999996945, 29.35000000000000142 ) ) ;
#3891 = LINE ( 'NONE', #9213, #5159 ) ;
#3892 = CARTESIAN_POINT ( 'NONE',  ( 39.37007898487775748, 20.20208039536886346, 9.600000000000001421 ) ) ;
#3893 = LINE ( 'NONE', #7001, #8986 ) ;
#3894 = AXIS2_PLACEMENT_3D ( 'NONE', #3475, #2914, #7511 ) ;
#3895 = FACE_OUTER_BOUND ( 'NONE', #1830, .T. ) ;
#3896 = LINE ( 'NONE', #6908, #8598 ) ;
#3897 = CARTESIAN_POINT ( 'NONE',  ( -43.09672409429501272, 17.04630792284035223, 7.600000000000001421 ) ) ;
#3898 = ORIENTED_EDGE ( 'NONE', *, *, #7025, .F. ) ;
#3899 = DIRECTION ( 'NONE',  ( -1.000000000000000000, 0.000000000000000000, 0.000000000000000000 ) ) ;
#3900 = CARTESIAN_POINT ( 'NONE',  ( 42.08863698948616872, -19.52038923086133337, 9.599999999999944578 ) ) ;
#3901 = CARTESIAN_POINT ( 'NONE',  ( -21.00835974909846016, -41.53070078186416225, 0.5648970928404384306 ) ) ;
#3902 = CIRCLE ( 'NONE', #902, 0.5000000000000004441 ) ;
#3903 = CARTESIAN_POINT ( 'NONE',  ( 21.07025860286481844, -40.39770951319325576, 9.600000000000001421 ) ) ;
#3904 = DIRECTION ( 'NONE',  ( 1.000000000000000000, 0.000000000000000000, 0.000000000000000000 ) ) ;
#3905 = CARTESIAN_POINT ( 'NONE',  ( 18.10000000000000142, -40.10000000000000142, 4.585786437626904188 ) ) ;
#3906 = CARTESIAN_POINT ( 'NONE',  ( -42.97887522778146518, -19.94645722640592922, 9.600000000000111555 ) ) ;
#3907 = CARTESIAN_POINT ( 'NONE',  ( 36.94098300562506410, -12.39999999999987601, 13.60000000000000142 ) ) ;
#3908 = CARTESIAN_POINT ( 'NONE',  ( 16.85487249788114639, -40.69057582616284918, -2.960698319846480242 ) ) ;
#3909 = VECTOR ( 'NONE', #4699, 1000.000000000000000 ) ;
#3910 = LINE ( 'NONE', #3221, #4182 ) ;
#3911 = CARTESIAN_POINT ( 'NONE',  ( 42.97576400432688359, -5.936672138729823800, 28.59999999999999432 ) ) ;
#3912 = VERTEX_POINT ( 'NONE', #4412 ) ;
#3913 = CARTESIAN_POINT ( 'NONE',  ( -18.38973471204374377, 44.07054652695209995, 9.599999999999997868 ) ) ;
#3914 = VERTEX_POINT ( 'NONE', #6735 ) ;
#3915 = CARTESIAN_POINT ( 'NONE',  ( -20.83999999999999986, -43.10000000000000853, 2.000000000000000000 ) ) ;
#3916 = CARTESIAN_POINT ( 'NONE',  ( 22.36666666666676306, -7.399999999999876010, 18.60000000000000142 ) ) ;
#3917 = CARTESIAN_POINT ( 'NONE',  ( 20.86925953092190866, 43.13651264737001867, 1.249631173699513154 ) ) ;
#3918 = CARTESIAN_POINT ( 'NONE',  ( 17.23397459621556393, -40.10000000000000142, 6.000000000000000000 ) ) ;
#3919 = CARTESIAN_POINT ( 'NONE',  ( -18.47776637993664295, -42.64662051772511120, -1.876453709964882144 ) ) ;
#3920 = CARTESIAN_POINT ( 'NONE',  ( 16.10000000000002274, 43.93221865287139849, -1.820302720362560134 ) ) ;
#3921 = CARTESIAN_POINT ( 'NONE',  ( -18.13196673330915587, 21.09999999999994102, 13.60000000000001030 ) ) ;
#3922 = ADVANCED_FACE ( 'NONE', ( #7436 ), #4305, .F. ) ;
#3923 = CARTESIAN_POINT ( 'NONE',  ( 10.77689577749880101, 40.60000000000000142, 7.599999999999998757 ) ) ;
#3924 = CARTESIAN_POINT ( 'NONE',  ( -20.20852092909454356, 42.36030961933717975, -1.824394725997871225 ) ) ;
#3925 = B_SPLINE_CURVE_WITH_KNOTS ( 'NONE', 3,
 ( #993, #2474, #53, #4689 ),
 .UNSPECIFIED., .F., .F.,
 ( 4, 4 ),
 ( -0.002002744692617852706, -2.273736754432320595E-13 ),
 .UNSPECIFIED. ) ;
#3926 = VERTEX_POINT ( 'NONE', #663 ) ;
#3927 = CIRCLE ( 'NONE', #4074, 0.5000000000000004441 ) ;
#3928 = ADVANCED_FACE ( 'NONE', ( #9645 ), #5233, .F. ) ;
#3929 = DIRECTION ( 'NONE',  ( 0.000000000000000000, 0.000000000000000000, 1.000000000000000000 ) ) ;
#3930 = CARTESIAN_POINT ( 'NONE',  ( 20.84427107284886915, -41.59829425105019141, -0.3837692129264633767 ) ) ;
#3931 = CARTESIAN_POINT ( 'NONE',  ( -18.48851293542162821, 42.41333390546464699, -2.812689368099399623 ) ) ;
#3932 = AXIS2_PLACEMENT_3D ( 'NONE', #2684, #459, #2144 ) ;
#3933 = CIRCLE ( 'NONE', #3458, 0.5000000000000004441 ) ;
#3934 = CARTESIAN_POINT ( 'NONE',  ( -19.33080941177851741, 43.08137278453501295, -1.981372784536060250 ) ) ;
#3935 = CARTESIAN_POINT ( 'NONE',  ( -13.67206547453063514, -6.821352548861315590, 13.59999999999938680 ) ) ;
#3936 = CARTESIAN_POINT ( 'NONE',  ( 16.85036955926086932, 43.13650671140500492, -2.769261433319206045 ) ) ;
#3937 = ORIENTED_EDGE ( 'NONE', *, *, #4095, .F. ) ;
#3938 = ORIENTED_EDGE ( 'NONE', *, *, #1659, .T. ) ;
#3939 = EDGE_CURVE ( 'NONE', #9262, #8283, #3158, .T. ) ;
#3940 = ORIENTED_EDGE ( 'NONE', *, *, #8473, .F. ) ;
#3941 = CARTESIAN_POINT ( 'NONE',  ( 19.99887817353972963, -41.52984423246894607, -1.898878173544845893 ) ) ;
#3942 = FACE_OUTER_BOUND ( 'NONE', #3352, .T. ) ;
#3943 = CARTESIAN_POINT ( 'NONE',  ( 19.90107979775213565, 43.93063647162023244, 9.600000000000001421 ) ) ;
#3944 = CARTESIAN_POINT ( 'NONE',  ( -19.92439472599678751, 43.20852092909407816, -1.260309619338419340 ) ) ;
#3945 = PLANE ( 'NONE',  #157 ) ;
#3946 = CARTESIAN_POINT ( 'NONE',  ( 16.10000000000002274, -42.60000000000001563, -2.500000000000008438 ) ) ;
#3947 = CARTESIAN_POINT ( 'NONE',  ( -44.10000000000007248, 21.09999999999984510, 11.69999999999999574 ) ) ;
#3948 = EDGE_LOOP ( 'NONE', ( #7158, #8771, #1881, #7463 ) ) ;
#3949 = EDGE_LOOP ( 'NONE', ( #9364, #1692, #9308, #778 ) ) ;
#3950 = CARTESIAN_POINT ( 'NONE',  ( 19.84466002191767942, 42.95340664962895971, -1.650791238052635279 ) ) ;
#3951 = CARTESIAN_POINT ( 'NONE',  ( -43.06167168020596137, -18.60658263647045629, 7.599999999999997868 ) ) ;
#3952 = CARTESIAN_POINT ( 'NONE',  ( -20.96197628536931035, -41.72831701804324211, 0.5646033801838161725 ) ) ;
#3953 = CARTESIAN_POINT ( 'NONE',  ( 21.06979218642876006, -40.41047241443202154, 9.600000000000001421 ) ) ;
#3954 = DIRECTION ( 'NONE',  ( -0.000000000000000000, -0.000000000000000000, 1.000000000000000000 ) ) ;
#3955 = DIRECTION ( 'NONE',  ( 0.9986295347545739443, 1.914194583140931995E-16, 0.05233595624294377913 ) ) ;
#3956 = ADVANCED_FACE ( 'NONE', ( #8463 ), #7029, .F. ) ;
#3957 = DIRECTION ( 'NONE',  ( 1.000000000000000000, 0.000000000000000000, 0.000000000000000000 ) ) ;
#3958 = DIRECTION ( 'NONE',  ( 3.486696385013195963E-15, -0.9986295347545739443, 0.05233595624294377913 ) ) ;
#3959 = DIRECTION ( 'NONE',  ( -0.000000000000000000, -0.000000000000000000, 1.000000000000000000 ) ) ;
#3960 = CARTESIAN_POINT ( 'NONE',  ( 43.07006491942916426, -4.703033541643701021, 28.60000000000000497 ) ) ;
#3961 = VERTEX_POINT ( 'NONE', #7681 ) ;
#3962 = CARTESIAN_POINT ( 'NONE',  ( -19.51270507531947729, 43.99246996001783572, 9.600000000000003197 ) ) ;
#3963 = ORIENTED_EDGE ( 'NONE', *, *, #2625, .F. ) ;
#3964 = LINE ( 'NONE', #7067, #8582 ) ;
#3965 = CARTESIAN_POINT ( 'NONE',  ( 21.09802463877586476, 40.63116748626602259, 1.999999999999990008 ) ) ;
#3966 = CARTESIAN_POINT ( 'NONE',  ( 40.60000000000006537, 16.25663729718409556, 7.599999999999999645 ) ) ;
#3967 = CARTESIAN_POINT ( 'NONE',  ( -16.09999999999997655, -42.66766467421548015, -2.432335325784537261 ) ) ;
#3968 = CARTESIAN_POINT ( 'NONE',  ( -18.78295866748109333, 21.09999999999993392, 13.60000000000000142 ) ) ;
#3969 = CARTESIAN_POINT ( 'NONE',  ( -21.06960988856536332, 41.87035893254600438, -0.4066910781038496903 ) ) ;
#3970 = ORIENTED_EDGE ( 'NONE', *, *, #6880, .T. ) ;
#3971 = CARTESIAN_POINT ( 'NONE',  ( -44.00416956306378324, -19.41380356356388148, 13.59999999999999609 ) ) ;
#3972 = CARTESIAN_POINT ( 'NONE',  ( 20.84427059966216689, -40.48376891750324091, -1.498297183171186653 ) ) ;
#3973 = CARTESIAN_POINT ( 'NONE',  ( -19.33080941177758305, -42.08137278453455110, -1.981372784536199472 ) ) ;
#3974 = CARTESIAN_POINT ( 'NONE',  ( -17.53510290715960807, 42.53070078186492964, -2.908359749099258540 ) ) ;
#3975 = EDGE_CURVE ( 'NONE', #7603, #3542, #4710, .T. ) ;
#3976 = CARTESIAN_POINT ( 'NONE',  ( 19.72404729317200278, -41.91159499246953146, -1.811594992472383980 ) ) ;
#3977 = DIRECTION ( 'NONE',  ( 1.000000000000000000, 1.916821520416347353E-16, -0.000000000000000000 ) ) ;
#3978 = CARTESIAN_POINT ( 'NONE',  ( -13.76936832391766607, -6.672157922322722534, 18.60000000000061249 ) ) ;
#3979 = CARTESIAN_POINT ( 'NONE',  ( 16.10000000000000853, 43.53233532578455822, -2.567664674215427656 ) ) ;
#3980 = ORIENTED_EDGE ( 'NONE', *, *, #6268, .T. ) ;
#3981 = ORIENTED_EDGE ( 'NONE', *, *, #9563, .F. ) ;
#3982 = DIRECTION ( 'NONE',  ( -0.000000000000000000, -0.000000000000000000, 1.000000000000000000 ) ) ;
#3983 = CARTESIAN_POINT ( 'NONE',  ( 37.50000000000005684, -15.49999999999987033, 10.59999999999999964 ) ) ;
#3984 = CARTESIAN_POINT ( 'NONE',  ( 5.366666666666486840, 39.10000000000001563, -3.000000000000000000 ) ) ;
#3985 = CARTESIAN_POINT ( 'NONE',  ( 40.32364808234078168, 20.17861417217168807, 9.600000000000001421 ) ) ;
#3986 = CARTESIAN_POINT ( 'NONE',  ( -18.78705519762050358, 43.56517033146791817, -1.813254825611649634 ) ) ;
#3987 = CARTESIAN_POINT ( 'NONE',  ( 0.000000000000000000, 18.10000000000012221, 25.59999999999999787 ) ) ;
#3988 = CARTESIAN_POINT ( 'NONE',  ( 19.91159499246636599, -41.91159499246893461, -1.624047293177403262 ) ) ;
#3989 = CARTESIAN_POINT ( 'NONE',  ( 38.78515570071581209, -20.09889575078083368, 7.599999999999998757 ) ) ;
#3990 = ORIENTED_EDGE ( 'NONE', *, *, #720, .T. ) ;
#3991 = ORIENTED_EDGE ( 'NONE', *, *, #3087, .F. ) ;
#3992 = CARTESIAN_POINT ( 'NONE',  ( 20.18619108749586744, 43.35933284379429153, -0.6759076018968301902 ) ) ;
#3993 = CARTESIAN_POINT ( 'NONE',  ( -43.07740851021263495, -18.16306628579244986, 7.599999999999996980 ) ) ;
#3994 = CARTESIAN_POINT ( 'NONE',  ( -42.88842729702029999, -19.88915931806457138, 7.569999999999997620 ) ) ;
#3995 = CARTESIAN_POINT ( 'NONE',  ( -40.79999999999996163, -11.69689577749904430, 7.600000000000000533 ) ) ;
#3996 = CARTESIAN_POINT ( 'NONE',  ( 19.73079705169110554, -42.96431189082512958, 2.000000000000001776 ) ) ;
#3997 = EDGE_CURVE ( 'NONE', #1342, #1759, #6446, .T. ) ;
#3998 = DIRECTION ( 'NONE',  ( 0.000000000000000000, 1.000000000000000000, 0.000000000000000000 ) ) ;
#3999 = CARTESIAN_POINT ( 'NONE',  ( -21.10000000000000142, -40.10000000000000142, 7.599999999999999645 ) ) ;
#4000 = CARTESIAN_POINT ( 'NONE',  ( -43.96164780065984701, 19.72889785856658662, 13.60000000000000142 ) ) ;
#4001 = DIRECTION ( 'NONE',  ( 0.000000000000000000, 0.000000000000000000, 1.000000000000000000 ) ) ;
#4002 = ORIENTED_EDGE ( 'NONE', *, *, #4870, .F. ) ;
#4003 = ORIENTED_EDGE ( 'NONE', *, *, #272, .F. ) ;
#4004 = EDGE_CURVE ( 'NONE', #2508, #6643, #5139, .T. ) ;
#4005 = CARTESIAN_POINT ( 'NONE',  ( -17.53640090607056479, -42.52666543961080237, -2.426665439611524366 ) ) ;
#4006 = CARTESIAN_POINT ( 'NONE',  ( 6.633333333333400361, -7.399999999999876010, 13.60000000000000142 ) ) ;
#4007 = CARTESIAN_POINT ( 'NONE',  ( 39.03497541068105647, 20.09681646764306606, 7.600000000000001421 ) ) ;
#4008 = AXIS2_PLACEMENT_3D ( 'NONE', #6515, #8000, #5870 ) ;
#4009 = FACE_OUTER_BOUND ( 'NONE', #379, .T. ) ;
#4010 = LINE ( 'NONE', #8511, #7013 ) ;
#4011 = CARTESIAN_POINT ( 'NONE',  ( -11.69250326068294044, 21.09999999999996589, 16.00355265761490386 ) ) ;
#4012 = CARTESIAN_POINT ( 'NONE',  ( -20.13248562931546815, 42.19424047815892465, -2.032485629316192366 ) ) ;
#4013 = EDGE_CURVE ( 'NONE', #5007, #4873, #3876, .T. ) ;
#4014 = VERTEX_POINT ( 'NONE', #72 ) ;
#4015 = CARTESIAN_POINT ( 'NONE',  ( -16.09999999999999076, -38.86546107923214066, -3.000000000000001332 ) ) ;
#4016 = CARTESIAN_POINT ( 'NONE',  ( -43.99246996001816257, -19.51270507531902254, 13.60000000000000142 ) ) ;
#4017 = CARTESIAN_POINT ( 'NONE',  ( 21.10000000000001208, -38.10000000000000853, 1.234535060370017812 ) ) ;
#4018 = CARTESIAN_POINT ( 'NONE',  ( -19.97040907923872055, -41.97040907923874187, -1.495219409409530797 ) ) ;
#4019 = AXIS2_PLACEMENT_3D ( 'NONE', #8519, #274, #2546 ) ;
#4020 = CARTESIAN_POINT ( 'NONE',  ( 38.10000000000007958, -21.10000000000013642, 13.60000000000000142 ) ) ;
#4021 = LINE ( 'NONE', #3432, #1026 ) ;
#4022 = CARTESIAN_POINT ( 'NONE',  ( -14.10000000071095627, -3.087639341448910280, 13.59999999999877041 ) ) ;
#4023 = CARTESIAN_POINT ( 'NONE',  ( 18.79115177378879764, 42.82204809657861233, -2.521614052964289865 ) ) ;
#4024 = ORIENTED_EDGE ( 'NONE', *, *, #1224, .T. ) ;
#4025 = EDGE_CURVE ( 'NONE', #2990, #3875, #9020, .T. ) ;
#4026 = ORIENTED_EDGE ( 'NONE', *, *, #1988, .F. ) ;
#4027 = CARTESIAN_POINT ( 'NONE',  ( 43.07037261525420035, 18.39456583594452610, 28.60000000000000497 ) ) ;
#4028 = LINE ( 'NONE', #7043, #1690 ) ;
#4029 = DIRECTION ( 'NONE',  ( -0.000000000000000000, -0.000000000000000000, -1.000000000000000000 ) ) ;
#4030 = CARTESIAN_POINT ( 'NONE',  ( 21.07054652695211772, 41.38973471204602106, 9.600000000000003197 ) ) ;
#4031 = CARTESIAN_POINT ( 'NONE',  ( -19.82204963953362054, 43.62161365322570816, -0.6911511042284802508 ) ) ;
#4032 = EDGE_CURVE ( 'NONE', #9067, #8465, #817, .T. ) ;
#4033 = CARTESIAN_POINT ( 'NONE',  ( 21.10000000000000142, -40.10000000000000142, 7.599999999999999645 ) ) ;
#4034 = CARTESIAN_POINT ( 'NONE',  ( -18.60000000000000142, -39.23397459621556749, 7.599999999999999645 ) ) ;
#4035 = VECTOR ( 'NONE', #5136, 1000.000000000000000 ) ;
#4036 = ORIENTED_EDGE ( 'NONE', *, *, #441, .F. ) ;
#4037 = EDGE_LOOP ( 'NONE', ( #1467, #2093, #1617, #4360, #7721 ) ) ;
#4038 = CARTESIAN_POINT ( 'NONE',  ( 19.36030961933555972, 43.20852092909589715, -1.824394726000989397 ) ) ;
#4039 = B_SPLINE_CURVE_WITH_KNOTS ( 'NONE', 3,
 ( #548, #798, #3906, #5283, #9730, #9, #3808, #6121, #3125, #8400, #4444, #6718, #6823, #3070, #2275, #4637, #2328 ),
 .UNSPECIFIED., .F., .F.,
 ( 4, 3, 2, 2, 2, 2, 2, 4 ),
 ( 0.000000000000000000, 2.843264893358776532E-05, 0.0001485224504868437633, 0.0002686122520400997240, 0.0005087918551466115913, 0.0009891510613596356510, 0.001949869473785683337, 0.003871306298637779142 ),
 .UNSPECIFIED. ) ;
#4040 = CARTESIAN_POINT ( 'NONE',  ( -43.08138178950360242, -18.01456311779994834, 7.599999999999999645 ) ) ;
#4041 = CARTESIAN_POINT ( 'NONE',  ( -43.01447571160564820, 19.26981359786969961, 7.570000000000132623 ) ) ;
#4042 = CARTESIAN_POINT ( 'NONE',  ( 20.20120180180283498, 42.60982081021062839, -1.603864678955364997 ) ) ;
#4043 = CARTESIAN_POINT ( 'NONE',  ( 41.85347564444703039, -19.90574283814316559, 7.569999999999995843 ) ) ;
#4044 = PLANE ( 'NONE',  #94 ) ;
#4045 = CARTESIAN_POINT ( 'NONE',  ( -43.98574326795750977, 19.56481889561219845, 13.60000000000000320 ) ) ;
#4046 = DIRECTION ( 'NONE',  ( -0.000000000000000000, -1.000000000000000000, -0.000000000000000000 ) ) ;
#4047 = VERTEX_POINT ( 'NONE', #9752 ) ;
#4048 = AXIS2_PLACEMENT_3D ( 'NONE', #4723, #9120, #5262 ) ;
#4049 = ORIENTED_EDGE ( 'NONE', *, *, #2723, .F. ) ;
#4050 = ORIENTED_EDGE ( 'NONE', *, *, #9245, .T. ) ;
#4051 = EDGE_CURVE ( 'NONE', #3042, #2390, #2357, .T. ) ;
#4052 = CARTESIAN_POINT ( 'NONE',  ( -16.09999999999996589, -42.60000000000000853, -2.500000000000000444 ) ) ;
#4053 = CARTESIAN_POINT ( 'NONE',  ( 15.50000000000000000, -37.50000000000000000, 6.000000000000000000 ) ) ;
#4054 = CARTESIAN_POINT ( 'NONE',  ( 39.47116016949728134, 20.09230172891009758, 7.600000000000000533 ) ) ;
#4055 = B_SPLINE_CURVE_WITH_KNOTS ( 'NONE', 3,
 ( #2345, #3089, #1699, #4752, #8512, #6138, #4706, #4557, #812, #860, #4656, #1747 ),
 .UNSPECIFIED., .F., .F.,
 ( 4, 2, 2, 2, 2, 4 ),
 ( 0.000000000000000000, 0.5000000000000000000, 0.7500000000000000000, 0.8750000000000000000, 0.9375000000000000000, 1.000000000000000000 ),
 .UNSPECIFIED. ) ;
#4056 = DIRECTION ( 'NONE',  ( 1.000000000000000000, 0.000000000000000000, 0.000000000000000000 ) ) ;
#4057 = DIRECTION ( 'NONE',  ( -0.000000000000000000, -0.000000000000000000, -1.000000000000000000 ) ) ;
#4058 = CIRCLE ( 'NONE', #9106, 1.379999999999999227 ) ;
#4059 = VECTOR ( 'NONE', #7723, 1000.000000000000000 ) ;
#4060 = EDGE_CURVE ( 'NONE', #5522, #6900, #1874, .T. ) ;
#4061 = CARTESIAN_POINT ( 'NONE',  ( -14.33518302996098370, 21.09999999999995168, 13.86092045499221292 ) ) ;
#4062 = CARTESIAN_POINT ( 'NONE',  ( 19.33080941177664158, 43.08137278453687458, -1.981372784539122467 ) ) ;
#4063 = CARTESIAN_POINT ( 'NONE',  ( 13.49999999999999645, 37.50000000000000000, 6.000000000000000000 ) ) ;
#4064 = EDGE_LOOP ( 'NONE', ( #5054, #326, #6033, #7948 ) ) ;
#4065 = CARTESIAN_POINT ( 'NONE',  ( -18.52398588804632951, -40.52398660120889673, -3.008192410218447410 ) ) ;
#4066 = AXIS2_PLACEMENT_3D ( 'NONE', #4590, #2917, #8398 ) ;
#4067 = CARTESIAN_POINT ( 'NONE',  ( -41.41047241443135363, -21.06979218642898743, 13.60000000000000142 ) ) ;
#4068 = CARTESIAN_POINT ( 'NONE',  ( 21.06960953871569231, -40.50669127814486359, -0.7703644272509218016 ) ) ;
#4069 = CARTESIAN_POINT ( 'NONE',  ( -20.00359737109800307, -42.14786261771803311, -1.245655346691244558 ) ) ;
#4070 = ADVANCED_FACE ( 'NONE', ( #177 ), #3193, .F. ) ;
#4071 = CARTESIAN_POINT ( 'NONE',  ( 41.54086757463660717, -20.98888856329197239, 13.60000000000000142 ) ) ;
#4072 = DIRECTION ( 'NONE',  ( 0.000000000000000000, 0.000000000000000000, 1.000000000000000000 ) ) ;
#4073 = CARTESIAN_POINT ( 'NONE',  ( -18.63938393216454514, -8.049457714652636042, 13.59999999999999787 ) ) ;
#4074 = AXIS2_PLACEMENT_3D ( 'NONE', #1454, #4507, #5887 ) ;
#4075 = CARTESIAN_POINT ( 'NONE',  ( 19.99887817353966568, 42.52984423246928003, -1.898878173544802817 ) ) ;
#4076 = ORIENTED_EDGE ( 'NONE', *, *, #2020, .T. ) ;
#4077 = ORIENTED_EDGE ( 'NONE', *, *, #7011, .F. ) ;
#4078 = CARTESIAN_POINT ( 'NONE',  ( 43.04485155125967566, 18.95942014065350278, 28.59999999999999432 ) ) ;
#4079 = CARTESIAN_POINT ( 'NONE',  ( 12.90031711825083427, -34.69976218936863432, 0.000000000000000000 ) ) ;
#4080 = CARTESIAN_POINT ( 'NONE',  ( 20.98901496049338533, 42.53988389866425024, 9.599999999999999645 ) ) ;
#4081 = VECTOR ( 'NONE', #2678, 1000.000000000000000 ) ;
#4082 = CARTESIAN_POINT ( 'NONE',  ( -19.68284921675946109, 43.15917927406423615, -1.582849217054437707 ) ) ;
#4083 = CARTESIAN_POINT ( 'NONE',  ( 43.06335781416353825, -5.083671935308151646, 18.59999999999870823 ) ) ;
#4084 = CARTESIAN_POINT ( 'NONE',  ( 19.84999999999711306, -41.84999999999978826, -1.750000000002728928 ) ) ;
#4085 = DIRECTION ( 'NONE',  ( -1.000000000000000000, 0.000000000000000000, 0.000000000000000000 ) ) ;
#4086 = AXIS2_PLACEMENT_3D ( 'NONE', #4151, #8694, #6524 ) ;
#4087 = ORIENTED_EDGE ( 'NONE', *, *, #8702, .T. ) ;
#4088 = CARTESIAN_POINT ( 'NONE',  ( 20.42752615582717723, 43.74141812957218889, 1.249951005217395883 ) ) ;
#4089 = CARTESIAN_POINT ( 'NONE',  ( -16.85000000000002984, 43.59999999999989484, -2.500000000000114575 ) ) ;
#4090 = CARTESIAN_POINT ( 'NONE',  ( -43.06115088677240976, 18.63729749817517956, 7.569999999999995843 ) ) ;
#4091 = CARTESIAN_POINT ( 'NONE',  ( 20.27005963224960183, 42.21722931859363115, -1.869498654791027503 ) ) ;
#4092 = COLOUR_RGB ( '',0.7921568627450980005, 0.8196078431372548767, 0.9333333333333333481 ) ;
#4093 = DIRECTION ( 'NONE',  ( 0.000000000000000000, -0.000000000000000000, 1.000000000000000000 ) ) ;
#4094 = CARTESIAN_POINT ( 'NONE',  ( -16.09999999999996589, -43.10000000000000853, 2.000000000000000000 ) ) ;
#4095 = EDGE_CURVE ( 'NONE', #9712, #1665, #3721, .T. ) ;
#4096 = CARTESIAN_POINT ( 'NONE',  ( -41.36820079462862765, 21.07131387799082844, 13.60000000000000320 ) ) ;
#4097 = CARTESIAN_POINT ( 'NONE',  ( 42.20481555856615330, 0.000000000000000000, 9.600000000000001421 ) ) ;
#4098 = VERTEX_POINT ( 'NONE', #4612 ) ;
#4099 = ORIENTED_EDGE ( 'NONE', *, *, #9169, .T. ) ;
#4100 = ORIENTED_EDGE ( 'NONE', *, *, #4902, .T. ) ;
#4101 = CARTESIAN_POINT ( 'NONE',  ( -12.53988389866325015, 20.98901496049338533, 28.59999999999999787 ) ) ;
#4102 = CARTESIAN_POINT ( 'NONE',  ( 38.05901699319150566, -12.39999999999987601, 13.60000000000000142 ) ) ;
#4103 = CARTESIAN_POINT ( 'NONE',  ( 41.30663401241517363, 20.00993986118705337, 7.599999999999997868 ) ) ;
#4104 = DIRECTION ( 'NONE',  ( -1.000000000000000000, 0.000000000000000000, 0.000000000000000000 ) ) ;
#4105 = CARTESIAN_POINT ( 'NONE',  ( -19.10000000081831928, 16.84764720967316975, 13.60000000000000497 ) ) ;
#4106 = CARTESIAN_POINT ( 'NONE',  ( -11.73016544567167685, 21.09999999999995524, 15.96643331247790698 ) ) ;
#4107 = DIRECTION ( 'NONE',  ( -1.000000000000000000, 0.000000000000000000, 0.000000000000000000 ) ) ;
#4108 = LINE ( 'NONE', #1892, #462 ) ;
#4109 = ORIENTED_EDGE ( 'NONE', *, *, #1149, .T. ) ;
#4110 = CARTESIAN_POINT ( 'NONE',  ( -20.35072599843611130, -40.47587029890632238, -2.250725998437342668 ) ) ;
#4111 = CARTESIAN_POINT ( 'NONE',  ( -42.56481889561280951, -20.98574326795730371, 13.59999999999999964 ) ) ;
#4112 = FACE_OUTER_BOUND ( 'NONE', #5463, .T. ) ;
#4113 = B_SPLINE_CURVE_WITH_KNOTS ( 'NONE', 3,
 ( #3748, #3244, #6245, #9257 ),
 .UNSPECIFIED., .F., .F.,
 ( 4, 4 ),
 ( 0.000000000000000000, 0.6666666666666667407 ),
 .UNSPECIFIED. ) ;
#4114 = EDGE_CURVE ( 'NONE', #7996, #9210, #5600, .T. ) ;
#4115 = CARTESIAN_POINT ( 'NONE',  ( 42.09664412391346389, -20.87811096940468758, 13.59999999999999964 ) ) ;
#4116 = CARTESIAN_POINT ( 'NONE',  ( -19.10000000078556326, -3.112081972875907709, 13.60000000000000142 ) ) ;
#4117 = CARTESIAN_POINT ( 'NONE',  ( 20.13409537327907017, 40.53598767063085262, -2.705304253617971444 ) ) ;
#4118 = ORIENTED_EDGE ( 'NONE', *, *, #2504, .T. ) ;
#4119 = ORIENTED_EDGE ( 'NONE', *, *, #6180, .F. ) ;
#4120 = CARTESIAN_POINT ( 'NONE',  ( -14.60000000000000142, 34.11769309494244595, 6.000000000000000000 ) ) ;
#4121 = CARTESIAN_POINT ( 'NONE',  ( -21.10000000000000853, -38.10000000000000853, 1.234538920767859205 ) ) ;
#4122 = CARTESIAN_POINT ( 'NONE',  ( -44.10000000000007248, -21.10000000000013642, 9.600000000000001421 ) ) ;
#4123 = ADVANCED_FACE ( 'NONE', ( #4852 ), #8748, .F. ) ;
#4124 = CARTESIAN_POINT ( 'NONE',  ( 18.42161314647569270, 44.06938128774580576, 9.600000000000003197 ) ) ;
#4125 = CARTESIAN_POINT ( 'NONE',  ( -19.25137024352502380, 43.44040297829941011, -1.621075194039141909 ) ) ;
#4126 = CARTESIAN_POINT ( 'NONE',  ( 42.56663694238437046, -6.934128053975984862, 13.59999999999935838 ) ) ;
#4127 = CARTESIAN_POINT ( 'NONE',  ( 19.99887817353901553, -41.99887817354142072, -1.429844232471595422 ) ) ;
#4128 = CARTESIAN_POINT ( 'NONE',  ( -44.10000000000007248, 21.09999999999984510, 7.299999999999999822 ) ) ;
#4129 =( BOUNDED_SURFACE ( )  B_SPLINE_SURFACE ( 2, 3, ( 
 ( #6955, #1766, #239, #1672, #6255, #5418, #9217, #4676, #9270, #7139, #7933, #8028, #6347, #4819, #1074, #6448, #2017, #2602, #4170, #1268, #7837, #4083, #7242, #5751, #1161, #9461, #7192, #2698 ),
 ( #5609, #8617, #425, #1863, #6395, #4869, #6495, #7888, #474, #7291, #1117, #4126, #4271, #375, #1914, #3444, #5702, #8715, #1962, #4964, #9361, #1211, #8769, #3492, #9509, #520, #3390, #2743 ),
 ( #7980, #4222, #5014, #9408, #3538, #6546, #9557, #2650, #5561, #8572, #334, #7096, #5655, #8668, #1813, #3348, #4915, #2999, #2896, #8229, #9656, #8917, #6005, #7395, #2794, #3733, #6745, #5898 ) ),
 .UNSPECIFIED., .F., .F., .F. ) 
 B_SPLINE_SURFACE_WITH_KNOTS ( ( 3, 3 ),
 ( 4, 2, 2, 2, 2, 2, 2, 2, 2, 2, 2, 2, 2, 4 ),
 ( 0.000000000000000000, 1.000000000000000000 ),
 ( 0.000000000000000000, 0.002243032412800348430, 0.003364548619200522644, 0.004486064825600696859, 0.006729097238401045289, 0.007850613444801219504, 0.008972129651201393719, 0.01009364585760156793, 0.01121516206400174215, 0.01233667827040191636, 0.01345819447680209058, 0.01570122688960243901, 0.01682274309600261322, 0.01794425930240278744 ),
 .UNSPECIFIED. ) 
 GEOMETRIC_REPRESENTATION_ITEM ( )  RATIONAL_B_SPLINE_SURFACE ( (
 ( 1.000000000000000000, 1.000000000000000000, 1.000000000000000000, 1.000000000000000000, 1.000000000000000000, 1.000000000000000000, 1.000000000000000000, 1.000000000000000000, 1.000000000000000000, 1.000000000000000000, 1.000000000000000000, 1.000000000000000000, 1.000000000000000000, 1.000000000000000000, 1.000000000000000000, 1.000000000000000000, 1.000000000000000000, 1.000000000000000000, 1.000000000000000000, 1.000000000000000000, 1.000000000000000000, 1.000000000000000000, 1.000000000000000000, 1.000000000000000000, 1.000000000000000000, 1.000000000000000000, 1.000000000000000000, 1.000000000000000000),
 ( 4.000000000000000888, 4.000000000000000888, 4.000000000000000888, 4.000000000000000888, 4.000000000000000888, 4.000000000000000888, 4.000000000000000888, 4.000000000000000888, 4.000000000000000888, 4.000000000000000888, 4.000000000000000888, 4.000000000000000888, 4.000000000000000888, 4.000000000000000888, 4.000000000000000888, 4.000000000000000888, 4.000000000000000888, 4.000000000000000888, 4.000000000000000888, 4.000000000000000888, 4.000000000000000888, 4.000000000000000888, 4.000000000000000888, 4.000000000000000888, 4.000000000000000888, 4.000000000000000888, 4.000000000000000888, 4.000000000000000888),
 ( 1.000000000000000000, 1.000000000000000000, 1.000000000000000000, 1.000000000000000000, 1.000000000000000000, 1.000000000000000000, 1.000000000000000000, 1.000000000000000000, 1.000000000000000000, 1.000000000000000000, 1.000000000000000000, 1.000000000000000000, 1.000000000000000000, 1.000000000000000000, 1.000000000000000000, 1.000000000000000000, 1.000000000000000000, 1.000000000000000000, 1.000000000000000000, 1.000000000000000000, 1.000000000000000000, 1.000000000000000000, 1.000000000000000000, 1.000000000000000000, 1.000000000000000000, 1.000000000000000000, 1.000000000000000000, 1.000000000000000000) ) ) 
 REPRESENTATION_ITEM ( '' )  SURFACE ( )  );
#4130 = ORIENTED_EDGE ( 'NONE', *, *, #5335, .T. ) ;
#4131 = CARTESIAN_POINT ( 'NONE',  ( 19.47253210955215152, 43.58390522574440240, -1.185113476107423569 ) ) ;
#4132 = CARTESIAN_POINT ( 'NONE',  ( -16.10000000000028919, 43.66766467421548015, -2.432335325784541702 ) ) ;
#4133 = CARTESIAN_POINT ( 'NONE',  ( -19.73078873175658288, 39.09999999999939035, -2.864313294364400964 ) ) ;
#4134 = CARTESIAN_POINT ( 'NONE',  ( 42.04175772303017311, 19.76437442640802900, 9.599999999999637268 ) ) ;
#4135 = CARTESIAN_POINT ( 'NONE',  ( 20.66766467421546949, 39.10000000000093934, -2.432335325784538149 ) ) ;
#4136 = CARTESIAN_POINT ( 'NONE',  ( 41.96895416768404630, -19.59832728105089217, 7.599999999999998757 ) ) ;
#4137 = CARTESIAN_POINT ( 'NONE',  ( 41.58280725470958572, 19.97118357197432204, 7.569999999999995843 ) ) ;
#4138 = CARTESIAN_POINT ( 'NONE',  ( -18.77855064893186565, -43.05646371664033012, 2.000000000000000444 ) ) ;
#4139 = CARTESIAN_POINT ( 'NONE',  ( -43.66090659504127558, 20.53880138776192510, 13.60000000000000320 ) ) ;
#4140 = CARTESIAN_POINT ( 'NONE',  ( 41.97354894124988078, -20.00867571954951529, 10.03000000000000647 ) ) ;
#4141 = ORIENTED_EDGE ( 'NONE', *, *, #6294, .F. ) ;
#4142 = ORIENTED_EDGE ( 'NONE', *, *, #8383, .T. ) ;
#4143 = EDGE_CURVE ( 'NONE', #6899, #120, #146, .T. ) ;
#4144 = ORIENTED_EDGE ( 'NONE', *, *, #5177, .F. ) ;
#4145 = CARTESIAN_POINT ( 'NONE',  ( -12.65631831747198355, 20.97389364417027835, 28.60000000000000853 ) ) ;
#4146 = CARTESIAN_POINT ( 'NONE',  ( -20.83565292289890891, -38.85023373485027776, -2.135508083945626190 ) ) ;
#4147 = CARTESIAN_POINT ( 'NONE',  ( 41.17468780750780866, 20.02362310408382129, 7.600000000000000533 ) ) ;
#4148 = CARTESIAN_POINT ( 'NONE',  ( -16.09999999999996589, -42.60000000000000853, -2.500000000000000444 ) ) ;
#4149 = DIRECTION ( 'NONE',  ( 0.05226442768871387284, 0.05226442768871387284, -0.9972646886342373396 ) ) ;
#4150 = CARTESIAN_POINT ( 'NONE',  ( -11.59365623277243529, 21.09999999999996234, 16.10092968816861259 ) ) ;
#4151 = CARTESIAN_POINT ( 'NONE',  ( 15.50000000000000000, -37.50000000000000000, 2.000000000000000000 ) ) ;
#4152 = ORIENTED_EDGE ( 'NONE', *, *, #822, .T. ) ;
#4153 = CARTESIAN_POINT ( 'NONE',  ( -20.93221865287138428, -41.92030272036257088, 2.000000000000011102 ) ) ;
#4154 = CARTESIAN_POINT ( 'NONE',  ( -40.08448482970813131, -21.10000000000013642, 13.60000000000000320 ) ) ;
#4155 = CARTESIAN_POINT ( 'NONE',  ( 20.91268936809693457, -40.48851293542005436, -1.313333905466358864 ) ) ;
#4156 = FACE_OUTER_BOUND ( 'NONE', #826, .T. ) ;
#4157 = DIRECTION ( 'NONE',  ( 0.000000000000000000, 0.000000000000000000, 1.000000000000000000 ) ) ;
#4158 = AXIS2_PLACEMENT_3D ( 'NONE', #9480, #8786, #5769 ) ;
#4159 = CARTESIAN_POINT ( 'NONE',  ( -16.88495146251537804, -10.68625830451476411, 13.60000000000000142 ) ) ;
#4160 = CARTESIAN_POINT ( 'NONE',  ( 20.52044598952383581, 39.84999992087649900, -2.579554010476047043 ) ) ;
#4161 = ORIENTED_EDGE ( 'NONE', *, *, #4775, .F. ) ;
#4162 = ORIENTED_EDGE ( 'NONE', *, *, #7758, .F. ) ;
#4163 = CARTESIAN_POINT ( 'NONE',  ( 43.07444201803195227, 18.27566523583007552, 28.59999999999999432 ) ) ;
#4164 = FACE_OUTER_BOUND ( 'NONE', #9465, .T. ) ;
#4165 = CARTESIAN_POINT ( 'NONE',  ( -20.38772453215744207, -41.80406933661134872, -1.140034776126269467 ) ) ;
#4166 = ADVANCED_FACE ( 'NONE', ( #6580 ), #1299, .T. ) ;
#4167 = DIRECTION ( 'NONE',  ( -1.000000000000000000, -0.000000000000000000, -0.000000000000000000 ) ) ;
#4168 = AXIS2_PLACEMENT_3D ( 'NONE', #6928, #165, #5489 ) ;
#4169 = DIRECTION ( 'NONE',  ( 0.000000000000000000, 1.000000000000000000, 0.000000000000000000 ) ) ;
#4170 = CARTESIAN_POINT ( 'NONE',  ( 42.90947459174670087, -6.297326065758274360, 18.60000000000128750 ) ) ;
#4171 = CARTESIAN_POINT ( 'NONE',  ( 19.47253305283246050, -42.58390516619979849, -1.185112730472376974 ) ) ;
#4172 = CARTESIAN_POINT ( 'NONE',  ( -43.10000000000006537, 16.09999999999986287, 7.599999999999999645 ) ) ;
#4173 = ADVANCED_FACE ( 'NONE', ( #2833 ), #4300, .F. ) ;
#4174 = AXIS2_PLACEMENT_3D ( 'NONE', #7713, #7761, #7620 ) ;
#4175 = ORIENTED_EDGE ( 'NONE', *, *, #7200, .F. ) ;
#4176 = EDGE_LOOP ( 'NONE', ( #3688, #221, #7064, #8972 ) ) ;
#4177 = CARTESIAN_POINT ( 'NONE',  ( 19.41333066476114411, 43.91268977490177861, -0.3885131512384322194 ) ) ;
#4178 = CARTESIAN_POINT ( 'NONE',  ( -19.33080941177851741, 43.08137278453501295, -1.981372784536060250 ) ) ;
#4179 = CARTESIAN_POINT ( 'NONE',  ( -20.28449770133370578, 39.09999999999925535, -2.713554052992265042 ) ) ;
#4180 = CARTESIAN_POINT ( 'NONE',  ( 5.366666666666689345, -38.10000000000000853, -3.000000000000000000 ) ) ;
#4181 = CARTESIAN_POINT ( 'NONE',  ( 19.99887817353893738, 42.99887817354166941, -1.429844232471540133 ) ) ;
#4182 = VECTOR ( 'NONE', #6221, 1000.000000000000000 ) ;
#4183 = CARTESIAN_POINT ( 'NONE',  ( 42.08318958766309947, -17.93922334540627617, 7.599999999999999645 ) ) ;
#4184 = CARTESIAN_POINT ( 'NONE',  ( 16.10000000000000142, -43.10000000000000853, 10.23000000000000043 ) ) ;
#4185 = CARTESIAN_POINT ( 'NONE',  ( -42.76978910882780838, 20.06364008707083002, 10.03000000000000469 ) ) ;
#4186 = CARTESIAN_POINT ( 'NONE',  ( -43.89929146666848681, 20.02763088765042099, 13.60000000000000142 ) ) ;
#4187 = ORIENTED_EDGE ( 'NONE', *, *, #9006, .F. ) ;
#4188 = VERTEX_POINT ( 'NONE', #8800 ) ;
#4189 = ORIENTED_EDGE ( 'NONE', *, *, #1265, .T. ) ;
#4190 = CARTESIAN_POINT ( 'NONE',  ( -11.14704002023542984, 21.07837550577978547, 28.59999999999999432 ) ) ;
#4191 = CARTESIAN_POINT ( 'NONE',  ( -20.56517033146739593, -40.78705519761953013, -1.813254825611763099 ) ) ;
#4192 = CARTESIAN_POINT ( 'NONE',  ( 41.04627819791258503, 20.03413186302816129, 7.599999999999996980 ) ) ;
#4193 = CARTESIAN_POINT ( 'NONE',  ( 43.10000000000007958, -8.451787737584634641, 13.70974128892148336 ) ) ;
#4194 = CARTESIAN_POINT ( 'NONE',  ( -13.83846290563193726, 20.23563650672662462, 18.60000000000260556 ) ) ;
#4195 = CARTESIAN_POINT ( 'NONE',  ( -12.22230999692121145, 21.09999999999996589, 15.47994539684885495 ) ) ;
#4196 = B_SPLINE_CURVE_WITH_KNOTS ( 'NONE', 3,
 ( #7046, #2466, #2371, #5372, #7792, #9316, #1023 ),
 .UNSPECIFIED., .F., .F.,
 ( 4, 3, 4 ),
 ( 0.000000000000000000, 0.001001535798268690094, 0.002003071596537387561 ),
 .UNSPECIFIED. ) ;
#4197 = LINE ( 'NONE', #7121, #3613 ) ;
#4198 = CARTESIAN_POINT ( 'NONE',  ( -20.96197628536981838, 40.53539661981515962, -1.628317018044646236 ) ) ;
#4199 = DIRECTION ( 'NONE',  ( 0.000000000000000000, -1.000000000000000000, 0.000000000000000000 ) ) ;
#4200 = VERTEX_POINT ( 'NONE', #5144 ) ;
#4201 = DIRECTION ( 'NONE',  ( -0.000000000000000000, -0.000000000000000000, 1.000000000000000000 ) ) ;
#4202 = CARTESIAN_POINT ( 'NONE',  ( 21.10000000000476561, 44.10000000000953690, 4.743333333333334068 ) ) ;
#4203 = CARTESIAN_POINT ( 'NONE',  ( -40.10000000000003695, 10.77689577749866245, 7.600000000000000533 ) ) ;
#4204 = VECTOR ( 'NONE', #6492, 1000.000000000000000 ) ;
#4205 = CIRCLE ( 'NONE', #8784, 3.149999999999999911 ) ;
#4206 = CARTESIAN_POINT ( 'NONE',  ( -19.78749999999831388, -41.88124999999837428, -1.781250000000280886 ) ) ;
#4207 = EDGE_CURVE ( 'NONE', #5902, #1854, #4256, .T. ) ;
#4208 = CARTESIAN_POINT ( 'NONE',  ( 42.93063647161808660, -19.90107979775831026, 13.60000000000000320 ) ) ;
#4209 =( LENGTH_UNIT ( ) NAMED_UNIT ( * ) SI_UNIT ( .MILLI., .METRE. ) );
#4210 = CARTESIAN_POINT ( 'NONE',  ( 19.88124999999710241, 42.78750000000005116, -1.781250000002630562 ) ) ;
#4211 = EDGE_CURVE ( 'NONE', #2830, #7949, #2663, .T. ) ;
#4212 = VECTOR ( 'NONE', #5750, 1000.000000000000000 ) ;
#4213 = CARTESIAN_POINT ( 'NONE',  ( 16.85139133128601330, 42.64449125787535166, -2.878366421013688559 ) ) ;
#4214 = ORIENTED_EDGE ( 'NONE', *, *, #7048, .F. ) ;
#4215 = ORIENTED_EDGE ( 'NONE', *, *, #7857, .T. ) ;
#4216 = CARTESIAN_POINT ( 'NONE',  ( 42.98901496049347770, 19.53988389866378839, 28.60000000000000142 ) ) ;
#4217 = CARTESIAN_POINT ( 'NONE',  ( -41.63729749817542825, -20.06115088677816161, 7.569999999999994067 ) ) ;
#4218 = CARTESIAN_POINT ( 'NONE',  ( -20.70120510767253919, -41.88114788336896765, -0.3789765561408409145 ) ) ;
#4219 = DIRECTION ( 'NONE',  ( -0.000000000000000000, -0.000000000000000000, 1.000000000000000000 ) ) ;
#4220 = CARTESIAN_POINT ( 'NONE',  ( 18.59927203772389248, 44.06222914286019687, 9.600000000000001421 ) ) ;
#4221 =( GEOMETRIC_REPRESENTATION_CONTEXT ( 3 ) GLOBAL_UNCERTAINTY_ASSIGNED_CONTEXT ( ( #8350 ) ) GLOBAL_UNIT_ASSIGNED_CONTEXT ( ( #2344, #5730, #8937 ) ) REPRESENTATION_CONTEXT ( 'NONE', 'WORKASPACE' ) );
#4222 = CARTESIAN_POINT ( 'NONE',  ( 38.84764720966744278, -12.40000000082214981, 13.60000000000000142 ) ) ;
#4223 = CARTESIAN_POINT ( 'NONE',  ( 19.63979096057977358, -42.06931452656839809, -1.727691261673482748 ) ) ;
#4224 = EDGE_CURVE ( 'NONE', #4535, #3362, #9442, .T. ) ;
#4225 = ORIENTED_EDGE ( 'NONE', *, *, #547, .F. ) ;
#4226 = B_SPLINE_CURVE_WITH_KNOTS ( 'NONE', 3,
 ( #8893, #5927, #8058, #5192 ),
 .UNSPECIFIED., .F., .F.,
 ( 4, 4 ),
 ( 0.09523809523809526056, 1.000000000000000000 ),
 .UNSPECIFIED. ) ;
#4227 = VERTEX_POINT ( 'NONE', #8849 ) ;
#4228 = CARTESIAN_POINT ( 'NONE',  ( 18.77590753265905832, 43.35933284383663988, -2.086191087464175808 ) ) ;
#4229 = CARTESIAN_POINT ( 'NONE',  ( -16.10000000000022524, 43.72365611449979639, -2.353450447365238674 ) ) ;
#4230 = AXIS2_PLACEMENT_3D ( 'NONE', #2570, #5576, #8586 ) ;
#4231 = CARTESIAN_POINT ( 'NONE',  ( -19.92439473638280134, 42.36030968756912785, -2.108520911778679618 ) ) ;
#4232 = CARTESIAN_POINT ( 'NONE',  ( 42.08856283237165030, 19.52076669960963073, 9.599999999999639044 ) ) ;
#4233 = CARTESIAN_POINT ( 'NONE',  ( 20.38772453215580072, 42.80406933661190294, -1.140034776127927252 ) ) ;
#4234 = CARTESIAN_POINT ( 'NONE',  ( 42.08187568645325172, -17.99411667355540700, 7.600000000000000533 ) ) ;
#4235 = CARTESIAN_POINT ( 'NONE',  ( -18.10000000000000142, 40.10000000000000142, 6.000000000000000000 ) ) ;
#4236 = CARTESIAN_POINT ( 'NONE',  ( -21.10000000000000142, 39.09999999999832454, 2.000000000000000000 ) ) ;
#4237 = EDGE_CURVE ( 'NONE', #6129, #2886, #7997, .T. ) ;
#4238 = AXIS2_PLACEMENT_3D ( 'NONE', #1977, #7993, #1379 ) ;
#4239 = CARTESIAN_POINT ( 'NONE',  ( 21.09999999999999432, -38.10000000000000853, -1.999999999999998668 ) ) ;
#4240 = EDGE_LOOP ( 'NONE', ( #3642, #6898, #5823, #7535 ) ) ;
#4241 = VERTEX_POINT ( 'NONE', #2880 ) ;
#4242 = ORIENTED_EDGE ( 'NONE', *, *, #5767, .F. ) ;
#4243 = CARTESIAN_POINT ( 'NONE',  ( -13.31763701899589947, 20.81003976634378105, 28.60000000000000142 ) ) ;
#4244 = CARTESIAN_POINT ( 'NONE',  ( -19.84999999999829967, -41.84999999999831033, -1.750000000000268008 ) ) ;
#4245 = CARTESIAN_POINT ( 'NONE',  ( 19.48039098669159586, -42.99643778796479410, 9.600000000000003197 ) ) ;
#4246 = LINE ( 'NONE', #8789, #8792 ) ;
#4247 = EDGE_CURVE ( 'NONE', #1749, #3494, #4205, .T. ) ;
#4248 = DIRECTION ( 'NONE',  ( 0.000000000000000000, 0.000000000000000000, 1.000000000000000000 ) ) ;
#4249 = CARTESIAN_POINT ( 'NONE',  ( 19.20575878115426960, -42.05194259113630295, -2.104875062745644954 ) ) ;
#4250 = CARTESIAN_POINT ( 'NONE',  ( -17.66698729810778445, 40.35000000000000142, 7.599999999999999645 ) ) ;
#4251 = MECHANICAL_DESIGN_GEOMETRIC_PRESENTATION_REPRESENTATION (  '', ( #6622 ), #1741 ) ;
#4252 = CARTESIAN_POINT ( 'NONE',  ( -21.10000000000000853, 39.86546107923174276, 1.999999999999997335 ) ) ;
#4253 = DIRECTION ( 'NONE',  ( 0.000000000000000000, 0.000000000000000000, 1.000000000000000000 ) ) ;
#4254 = VERTEX_POINT ( 'NONE', #5687 ) ;
#4255 = LINE ( 'NONE', #6579, #2795 ) ;
#4256 = LINE ( 'NONE', #6430, #6932 ) ;
#4257 = LINE ( 'NONE', #8850, #794 ) ;
#4258 = CARTESIAN_POINT ( 'NONE',  ( -19.19424047815848411, -42.13248562931479313, -2.032485629316367781 ) ) ;
#4259 = VECTOR ( 'NONE', #5735, 1000.000000000000000 ) ;
#4260 = FACE_OUTER_BOUND ( 'NONE', #7132, .T. ) ;
#4261 = B_SPLINE_CURVE_WITH_KNOTS ( 'NONE', 3,
 ( #2181, #3706, #6716, #5186 ),
 .UNSPECIFIED., .F., .F.,
 ( 4, 4 ),
 ( 0.000000000000000000, 1.000000000000000000 ),
 .UNSPECIFIED. ) ;
#4262 = CARTESIAN_POINT ( 'NONE',  ( -9.099999999999933920, -12.39999999999987601, 13.60000000000000142 ) ) ;
#4263 = CARTESIAN_POINT ( 'NONE',  ( 17.53510680246145625, 42.53069457996413405, -2.908360526847781458 ) ) ;
#4264 = VERTEX_POINT ( 'NONE', #3478 ) ;
#4265 = ORIENTED_EDGE ( 'NONE', *, *, #6122, .T. ) ;
#4266 = CARTESIAN_POINT ( 'NONE',  ( 17.50000000000000000, 37.50000000000000000, 6.000000000000000000 ) ) ;
#4267 = CARTESIAN_POINT ( 'NONE',  ( 10.27689577749880101, 40.60000000000000142, 0.000000000000000000 ) ) ;
#4268 = CARTESIAN_POINT ( 'NONE',  ( 19.91159499246636955, -41.91159499246893461, -1.624047293177403262 ) ) ;
#4269 = CARTESIAN_POINT ( 'NONE',  ( -13.35288200034257322, -12.22411337736470038, 13.60000000000000142 ) ) ;
#4270 = LINE ( 'NONE', #4913, #7701 ) ;
#4271 = CARTESIAN_POINT ( 'NONE',  ( 42.60661465332932352, -6.895908991381054953, 13.60000000000097486 ) ) ;
#4272 = CARTESIAN_POINT ( 'NONE',  ( 20.00359737108587410, -42.14786261772965048, -1.245655325676193970 ) ) ;
#4273 = ORIENTED_EDGE ( 'NONE', *, *, #5568, .T. ) ;
#4274 = ORIENTED_EDGE ( 'NONE', *, *, #9052, .T. ) ;
#4275 = CARTESIAN_POINT ( 'NONE',  ( 16.86546107923215487, 44.10000000000000853, 1.999999999999997113 ) ) ;
#4276 = CARTESIAN_POINT ( 'NONE',  ( -19.25137024352463655, -41.72107519403797227, -2.340402978300684556 ) ) ;
#4277 = CARTESIAN_POINT ( 'NONE',  ( -18.77590760189436381, 43.35933284379524366, -2.086191087499986718 ) ) ;
#4278 = CARTESIAN_POINT ( 'NONE',  ( -19.72404729317407046, 42.91159499246846565, -1.811594992469633514 ) ) ;
#4279 = CARTESIAN_POINT ( 'NONE',  ( -16.10000000000000497, -43.10000000000000853, -3.630000000000000338 ) ) ;
#4280 = CARTESIAN_POINT ( 'NONE',  ( 20.52666543960829770, 43.52666543960942391, 0.5635990939277195633 ) ) ;
#4281 = CARTESIAN_POINT ( 'NONE',  ( 16.10000000000001563, -42.84802794910746826, -2.094734857214223922 ) ) ;
#4282 = CARTESIAN_POINT ( 'NONE',  ( 43.10000000000006537, -21.10000000000013642, 13.90000000000000036 ) ) ;
#4283 = CARTESIAN_POINT ( 'NONE',  ( -16.10000000000000142, 42.22000000000001307, -2.999999999999998224 ) ) ;
#4284 = CYLINDRICAL_SURFACE ( 'NONE', #9128, 0.5000000000000004441 ) ;
#4285 = VERTEX_POINT ( 'NONE', #3621 ) ;
#4286 = VERTEX_POINT ( 'NONE', #1196 ) ;
#4287 = CARTESIAN_POINT ( 'NONE',  ( -9.099999999999951683, 21.09999999999996945, 28.59999999999999432 ) ) ;
#4288 = CARTESIAN_POINT ( 'NONE',  ( -20.02143759642502729, -41.89950662132119419, -1.517748152879898615 ) ) ;
#4289 = CARTESIAN_POINT ( 'NONE',  ( 16.10000000000000142, -43.10000000000000853, 9.600000000000001421 ) ) ;
#4290 = CARTESIAN_POINT ( 'NONE',  ( 43.10000000000007248, -6.768344146082426072, 14.31057981135493939 ) ) ;
#4291 = ADVANCED_FACE ( 'NONE', ( #5093 ), #9540, .T. ) ;
#4292 = CARTESIAN_POINT ( 'NONE',  ( -13.98818812963125069, 19.56998191296462153, 18.60000000000194476 ) ) ;
#4293 = CARTESIAN_POINT ( 'NONE',  ( 19.55059604045632327, -40.80422545706869641, -2.671739524705321944 ) ) ;
#4294 = CARTESIAN_POINT ( 'NONE',  ( -39.10000000000007248, -21.10000000000013642, 9.500000000000017764 ) ) ;
#4295 = CARTESIAN_POINT ( 'NONE',  ( -43.10000000000006537, -16.10000000000013642, 7.599999999999999645 ) ) ;
#4296 = ADVANCED_FACE ( 'NONE', ( #8698 ), #797, .T. ) ;
#4297 = LINE ( 'NONE', #5089, #8816 ) ;
#4298 = ORIENTED_EDGE ( 'NONE', *, *, #7353, .T. ) ;
#4299 = CARTESIAN_POINT ( 'NONE',  ( -42.96834341765797660, -19.96816119399719369, 9.600000000000003197 ) ) ;
#4300 = PLANE ( 'NONE',  #1404 ) ;
#4301 = CARTESIAN_POINT ( 'NONE',  ( -39.10000000000007248, -20.20481555856621725, 9.600000000000001421 ) ) ;
#4302 = CARTESIAN_POINT ( 'NONE',  ( -18.77269184024896020, -42.27338287872890987, -2.173382878730250933 ) ) ;
#4303 = CARTESIAN_POINT ( 'NONE',  ( 43.10000000000006537, -7.399999999999876010, 23.85000000000000853 ) ) ;
#4304 = EDGE_CURVE ( 'NONE', #6020, #7904, #277, .T. ) ;
#4305 = CYLINDRICAL_SURFACE ( 'NONE', #7715, 0.5000000000000004441 ) ;
#4306 = CARTESIAN_POINT ( 'NONE',  ( 20.45345021429152865, 39.10000000000093934, -2.623656305561332669 ) ) ;
#4307 = VERTEX_POINT ( 'NONE', #6035 ) ;
#4308 = ORIENTED_EDGE ( 'NONE', *, *, #220, .T. ) ;
#4309 = CARTESIAN_POINT ( 'NONE',  ( 42.98888856329195107, 19.54086757463626967, 28.59999999999999432 ) ) ;
#4310 = CARTESIAN_POINT ( 'NONE',  ( 38.10000000000007248, -7.399999999999871569, 20.90000000000000213 ) ) ;
#4311 = CARTESIAN_POINT ( 'NONE',  ( 20.10546129867240950, -41.85240843350608486, -1.470476208397999418 ) ) ;
#4312 = CARTESIAN_POINT ( 'NONE',  ( -17.72580431041015459, -9.778356146481598898, 13.60000000000000142 ) ) ;
#4313 = AXIS2_PLACEMENT_3D ( 'NONE', #1845, #4853, #3375 ) ;
#4314 = LINE ( 'NONE', #5060, #2649 ) ;
#4315 = CARTESIAN_POINT ( 'NONE',  ( -18.59020129874766525, 44.13238403920740893, 0.5647632983259310846 ) ) ;
#4316 = CARTESIAN_POINT ( 'NONE',  ( -39.10000000000005826, -20.16987703906391260, 8.933333333709594370 ) ) ;
#4317 = CARTESIAN_POINT ( 'NONE',  ( 18.47617917338227400, -42.51642660620193226, -2.066520914517449903 ) ) ;
#4318 = EDGE_CURVE ( 'NONE', #7213, #6452, #5251, .T. ) ;
#4319 = FACE_OUTER_BOUND ( 'NONE', #904, .T. ) ;
#4320 = ORIENTED_EDGE ( 'NONE', *, *, #3207, .F. ) ;
#4321 = CIRCLE ( 'NONE', #6373, 0.5000000000000004441 ) ;
#4322 = ORIENTED_EDGE ( 'NONE', *, *, #9081, .F. ) ;
#4323 = CARTESIAN_POINT ( 'NONE',  ( 18.47587029890576815, 43.35072599843873320, -2.250725998440358477 ) ) ;
#4324 = CARTESIAN_POINT ( 'NONE',  ( -20.05194259113400079, -41.20575878115507606, -2.104875062742632252 ) ) ;
#4325 = CARTESIAN_POINT ( 'NONE',  ( 20.81355405299226291, -42.28449770133366314, 2.000000000000000888 ) ) ;
#4326 = CARTESIAN_POINT ( 'NONE',  ( -19.70386467895272276, 42.60982081021040102, -2.101201801806184211 ) ) ;
#4327 = APPLICATION_CONTEXT ( 'automotive_design' ) ;
#4328 = FACE_OUTER_BOUND ( 'NONE', #5955, .T. ) ;
#4329 = CARTESIAN_POINT ( 'NONE',  ( 20.61665412127268837, 43.43669093740961529, 0.5636574454034373183 ) ) ;
#4330 = AXIS2_PLACEMENT_3D ( 'NONE', #7814, #448, #1984 ) ;
#4331 = CARTESIAN_POINT ( 'NONE',  ( -41.16306628579284421, 20.07740851021302930, 7.599999999999999645 ) ) ;
#4332 = CARTESIAN_POINT ( 'NONE',  ( 42.03413186303280469, -19.04627819791375032, 7.599999999999999645 ) ) ;
#4333 = LINE ( 'NONE', #8832, #5643 ) ;
#4334 = CARTESIAN_POINT ( 'NONE',  ( -41.31994558796186823, 20.07229497478849467, 7.569999999999995843 ) ) ;
#4335 = CARTESIAN_POINT ( 'NONE',  ( -39.10000000000007248, -20.20481555856621725, 9.600000000000001421 ) ) ;
#4336 = ORIENTED_EDGE ( 'NONE', *, *, #5995, .F. ) ;
#4337 = CARTESIAN_POINT ( 'NONE',  ( 38.10000000000005116, 21.10000000000013287, 6.550000000000000711 ) ) ;
#4338 = AXIS2_PLACEMENT_3D ( 'NONE', #1755, #4072, #9349 ) ;
#4339 = CARTESIAN_POINT ( 'NONE',  ( -19.91801530243009211, -41.81645280243007079, -1.716452802432064662 ) ) ;
#4340 = CARTESIAN_POINT ( 'NONE',  ( 20.86170419352177419, -42.14833751234564829, 9.600000000000001421 ) ) ;
#4341 = CARTESIAN_POINT ( 'NONE',  ( 43.10000000000007248, -7.066044272306667651, 14.10918465479736206 ) ) ;
#4342 = AXIS2_PLACEMENT_3D ( 'NONE', #5886, #8906, #5153 ) ;
#4343 = DIRECTION ( 'NONE',  ( -1.000000000000000000, 0.000000000000000000, 0.000000000000000000 ) ) ;
#4344 = DIRECTION ( 'NONE',  ( -0.000000000000000000, -0.000000000000000000, 1.000000000000000000 ) ) ;
#4345 = CARTESIAN_POINT ( 'NONE',  ( 19.16143133711467073, -38.10000000000000853, -2.937984320614858369 ) ) ;
#4346 = CARTESIAN_POINT ( 'NONE',  ( -13.88097685546609839, -6.387089729910417013, 28.59999999999999432 ) ) ;
#4347 = EDGE_CURVE ( 'NONE', #5807, #2337, #2809, .T. ) ;
#4348 = CARTESIAN_POINT ( 'NONE',  ( -21.05646374350413552, 39.09999999999931930, -0.6785472796132965279 ) ) ;
#4349 = ORIENTED_EDGE ( 'NONE', *, *, #51, .T. ) ;
#4350 = LINE ( 'NONE', #9590, #8626 ) ;
#4351 = DIRECTION ( 'NONE',  ( 0.000000000000000000, -1.000000000000000000, 0.000000000000000000 ) ) ;
#4352 = CYLINDRICAL_SURFACE ( 'NONE', #7261, 1.045751311064586631 ) ;
#4353 = CARTESIAN_POINT ( 'NONE',  ( -19.62905563817695409, -42.24561279930970414, -1.529055847158661940 ) ) ;
#4354 = AXIS2_PLACEMENT_3D ( 'NONE', #234, #9402, #9354 ) ;
#4355 = ADVANCED_FACE ( 'NONE', ( #2981 ), #5241, .F. ) ;
#4356 = CARTESIAN_POINT ( 'NONE',  ( -11.09999999999993570, -3.649999999999875566, 10.59999999999999787 ) ) ;
#4357 = CARTESIAN_POINT ( 'NONE',  ( -21.10000000000000142, 39.09999999999832454, 2.000000000000000000 ) ) ;
#4358 = CARTESIAN_POINT ( 'NONE',  ( 19.84999999999704201, 42.85000000000004405, -1.750000000002673639 ) ) ;
#4359 = CARTESIAN_POINT ( 'NONE',  ( -20.06931452837070395, 42.63979095401636954, -1.727691261267770395 ) ) ;
#4360 = ORIENTED_EDGE ( 'NONE', *, *, #7030, .T. ) ;
#4361 = EDGE_LOOP ( 'NONE', ( #3183, #965, #6079, #7673 ) ) ;
#4362 = AXIS2_PLACEMENT_3D ( 'NONE', #2225, #9489, #8199 ) ;
#4363 = CARTESIAN_POINT ( 'NONE',  ( 41.56481889561099763, 20.98574326795766964, 28.59999999999999787 ) ) ;
#4364 = CARTESIAN_POINT ( 'NONE',  ( -11.84999999999993747, -4.399999999999876010, 10.59999999999999787 ) ) ;
#4365 = CARTESIAN_POINT ( 'NONE',  ( 20.27005963224869944, -41.96949865478737252, -1.117229318595879706 ) ) ;
#4366 = CARTESIAN_POINT ( 'NONE',  ( -9.099999999999937472, -12.39999999999987601, 13.60000000000000142 ) ) ;
#4367 = CARTESIAN_POINT ( 'NONE',  ( 16.10000000000001208, 43.60000000000000853, -2.499999999999979128 ) ) ;
#4368 = EDGE_CURVE ( 'NONE', #3679, #6737, #1496, .T. ) ;
#4369 = DIRECTION ( 'NONE',  ( -0.8386705679454201645, -0.000000000000000000, -0.5446390350150329684 ) ) ;
#4370 = CARTESIAN_POINT ( 'NONE',  ( -20.60000000000000853, 39.09999999999919140, -2.499999999999998668 ) ) ;
#4371 = CIRCLE ( 'NONE', #3746, 1.045751311064586631 ) ;
#4372 = AXIS2_PLACEMENT_3D ( 'NONE', #7374, #609, #6528 ) ;
#4373 = CARTESIAN_POINT ( 'NONE',  ( 18.87036442724621210, -43.06960953871739406, -0.4066912781499648077 ) ) ;
#4374 = CARTESIAN_POINT ( 'NONE',  ( -23.20999999999999730, 44.10000000000000853, 2.000000000000000000 ) ) ;
#4375 = VERTEX_POINT ( 'NONE', #6182 ) ;
#4376 = EDGE_LOOP ( 'NONE', ( #4050, #4609, #3937, #6318, #4322, #4130 ) ) ;
#4377 = DIRECTION ( 'NONE',  ( 0.000000000000000000, 0.000000000000000000, -1.000000000000000000 ) ) ;
#4378 = CARTESIAN_POINT ( 'NONE',  ( -18.78705519762008436, -41.91325482561065030, -2.465170331469013210 ) ) ;
#4379 = CARTESIAN_POINT ( 'NONE',  ( 18.35000000000000142, 39.66698729810778445, 6.000000000000000000 ) ) ;
#4380 = AXIS2_PLACEMENT_3D ( 'NONE', #9677, #842, #3855 ) ;
#4381 = CARTESIAN_POINT ( 'NONE',  ( -16.10000000000018971, 39.86546493962958237, -3.000000000000000888 ) ) ;
#4382 = CARTESIAN_POINT ( 'NONE',  ( -20.98888856329194041, -41.54086757463635138, 9.600000000000001421 ) ) ;
#4383 = CARTESIAN_POINT ( 'NONE',  ( 20.44018644158269993, 43.26129501556205526, -0.3758018020143191751 ) ) ;
#4384 = CARTESIAN_POINT ( 'NONE',  ( -41.60658263647318478, 20.06167168020657243, 7.599999999999996092 ) ) ;
#4385 = CARTESIAN_POINT ( 'NONE',  ( 40.60000000000000142, 1.400084016876096665E-13, 25.59999999999999787 ) ) ;
#4386 = CARTESIAN_POINT ( 'NONE',  ( 40.64347490967370646, 20.18995682188371532, 10.03000000000000647 ) ) ;
#4387 = CARTESIAN_POINT ( 'NONE',  ( -42.94544354189485347, 20.00441549215750570, 10.03000000000000469 ) ) ;
#4388 = FACE_OUTER_BOUND ( 'NONE', #2713, .T. ) ;
#4389 = VECTOR ( 'NONE', #2076, 1000.000000000000000 ) ;
#4390 = VERTEX_POINT ( 'NONE', #9382 ) ;
#4391 = CARTESIAN_POINT ( 'NONE',  ( -13.98866520347210596, 19.54258782409714357, 28.60000000000000142 ) ) ;
#4392 =( BOUNDED_CURVE ( )  B_SPLINE_CURVE ( 2, ( #288, #5517, #8486 ),
 .UNSPECIFIED., .F., .F. ) 
 B_SPLINE_CURVE_WITH_KNOTS ( ( 3, 3 ),
 ( 0.000000000000000000, 1.000000000000000000 ),
 .UNSPECIFIED. ) 
 CURVE ( )  GEOMETRIC_REPRESENTATION_ITEM ( )  RATIONAL_B_SPLINE_CURVE ( ( 1.000000000000000000, 4.000000000000000888, 1.000000000000000000 ) ) 
 REPRESENTATION_ITEM ( '' )  );
#4393 = CARTESIAN_POINT ( 'NONE',  ( 20.07265072837053665, -42.88525032197595976, 9.600000000000003197 ) ) ;
#4394 = CARTESIAN_POINT ( 'NONE',  ( 43.10000000000007248, -9.071049695157633153, 13.65824539747472954 ) ) ;
#4395 = CARTESIAN_POINT ( 'NONE',  ( 9.776895777498797457, 40.80000000000000426, 0.000000000000000000 ) ) ;
#4396 = CARTESIAN_POINT ( 'NONE',  ( -14.05336653330607533, 18.82591600508729712, 18.60000000000000853 ) ) ;
#4397 = AXIS2_PLACEMENT_3D ( 'NONE', #8900, #1998, #2777 ) ;
#4398 = EDGE_CURVE ( 'NONE', #3192, #5330, #1694, .T. ) ;
#4399 = CIRCLE ( 'NONE', #1239, 0.7500000000000006661 ) ;
#4400 = CARTESIAN_POINT ( 'NONE',  ( 19.41333066476407510, -40.48851315123735617, -2.812689774904952866 ) ) ;
#4401 = CARTESIAN_POINT ( 'NONE',  ( -13.81003976634805674, -6.617637018993209885, 28.59999999999999787 ) ) ;
#4402 = CARTESIAN_POINT ( 'NONE',  ( 41.41380356356265224, -7.304169563062173687, 28.59999999999999787 ) ) ;
#4403 = ORIENTED_EDGE ( 'NONE', *, *, #8473, .T. ) ;
#4404 = DIRECTION ( 'NONE',  ( -0.000000000000000000, -0.000000000000000000, -1.000000000000000000 ) ) ;
#4405 = ORIENTED_EDGE ( 'NONE', *, *, #1988, .T. ) ;
#4406 = DIRECTION ( 'NONE',  ( -0.000000000000000000, -0.000000000000000000, 1.000000000000000000 ) ) ;
#4407 = CARTESIAN_POINT ( 'NONE',  ( -14.10000000000000142, -35.70000000000000284, 76.38141135119198566 ) ) ;
#4408 = CARTESIAN_POINT ( 'NONE',  ( 38.10000000000007958, -7.399999999999876010, 28.59999999999999787 ) ) ;
#4409 = CARTESIAN_POINT ( 'NONE',  ( -19.82204809657390854, -42.62161405295893957, -0.6911517737902281855 ) ) ;
#4410 = FACE_OUTER_BOUND ( 'NONE', #5732, .T. ) ;
#4411 = DIRECTION ( 'NONE',  ( -0.000000000000000000, -0.000000000000000000, 1.000000000000000000 ) ) ;
#4412 = CARTESIAN_POINT ( 'NONE',  ( 18.10000000000000142, 39.23397459621556749, 6.000000000000000000 ) ) ;
#4413 = CARTESIAN_POINT ( 'NONE',  ( -7.054473647750090207E-14, 20.20481555856608225, 9.600000000000001421 ) ) ;
#4414 = ORIENTED_EDGE ( 'NONE', *, *, #51, .F. ) ;
#4415 = ORIENTED_EDGE ( 'NONE', *, *, #3572, .T. ) ;
#4416 = CARTESIAN_POINT ( 'NONE',  ( 19.84466002191808442, -41.75079123804993486, -1.853406649631843317 ) ) ;
#4417 = CARTESIAN_POINT ( 'NONE',  ( -42.93583730295358691, -19.86564172759399582, 7.569999999999997620 ) ) ;
#4418 = CARTESIAN_POINT ( 'NONE',  ( 19.84999999999711306, -41.84999999999978826, -1.750000000002728928 ) ) ;
#4419 = CARTESIAN_POINT ( 'NONE',  ( -13.11444849182123384, -12.25623956296970718, 13.60000000000000320 ) ) ;
#4420 = EDGE_CURVE ( 'NONE', #3362, #1616, #2575, .T. ) ;
#4421 = CARTESIAN_POINT ( 'NONE',  ( 38.10000000000007248, -7.399999999999871569, 20.90000000000000213 ) ) ;
#4422 = CARTESIAN_POINT ( 'NONE',  ( 20.43669093740839315, -42.61665412127361208, 0.5636574454032978743 ) ) ;
#4423 = CARTESIAN_POINT ( 'NONE',  ( 18.47587029890576815, 43.35072599843874031, -2.250725998440358477 ) ) ;
#4424 = ORIENTED_EDGE ( 'NONE', *, *, #6431, .T. ) ;
#4425 = ORIENTED_EDGE ( 'NONE', *, *, #3177, .T. ) ;
#4426 = EDGE_CURVE ( 'NONE', #1246, #8783, #9574, .T. ) ;
#4427 = ORIENTED_EDGE ( 'NONE', *, *, #909, .T. ) ;
#4428 = CARTESIAN_POINT ( 'NONE',  ( 18.10000000000000142, 40.10000000000000142, 6.000000000000000000 ) ) ;
#4429 = CARTESIAN_POINT ( 'NONE',  ( -18.47617917338314442, -42.16652091451303619, -2.416426606200896554 ) ) ;
#4430 = CARTESIAN_POINT ( 'NONE',  ( -40.60000000000003695, 10.27689577749865890, -15.40511026734024824 ) ) ;
#4431 = CARTESIAN_POINT ( 'NONE',  ( -20.11584027700529376, -42.87219128650734490, 9.600000000000001421 ) ) ;
#4432 = DIRECTION ( 'NONE',  ( -0.000000000000000000, -0.000000000000000000, 1.000000000000000000 ) ) ;
#4433 = CARTESIAN_POINT ( 'NONE',  ( 21.10000000000000142, -44.33999999999797126, 2.000000000000000000 ) ) ;
#4434 = CARTESIAN_POINT ( 'NONE',  ( -43.01986127612274657, 19.84437849794233344, 9.600000000000102673 ) ) ;
#4435 = CARTESIAN_POINT ( 'NONE',  ( 9.776895777498797457, 40.80000000000000426, -22.10446822030533198 ) ) ;
#4436 = CARTESIAN_POINT ( 'NONE',  ( -42.60088922028047165, -20.07607343086548113, 9.599999999999894840 ) ) ;
#4437 = ORIENTED_EDGE ( 'NONE', *, *, #3854, .T. ) ;
#4438 = CARTESIAN_POINT ( 'NONE',  ( -11.09999999999993570, 0.000000000000000000, 25.59999999999999787 ) ) ;
#4439 = CARTESIAN_POINT ( 'NONE',  ( -42.98492167713464340, -19.50095778073797703, 7.599999999999999645 ) ) ;
#4440 = CARTESIAN_POINT ( 'NONE',  ( -20.10546131036054618, -41.85240843124143595, -1.470476168573441322 ) ) ;
#4441 = DIRECTION ( 'NONE',  ( 0.000000000000000000, -1.000000000000000000, 0.000000000000000000 ) ) ;
#4442 = PLANE ( 'NONE',  #5951 ) ;
#4443 = DIRECTION ( 'NONE',  ( -1.000000000000000000, 0.000000000000000000, 0.000000000000000000 ) ) ;
#4444 = CARTESIAN_POINT ( 'NONE',  ( -43.12044396547376834, -19.28028477984288713, 9.600000000000385114 ) ) ;
#4445 = CARTESIAN_POINT ( 'NONE',  ( 19.55036663456143842, -41.92614600123811641, -1.954077196029403884 ) ) ;
#4446 = CARTESIAN_POINT ( 'NONE',  ( -43.09819200303422804, -19.60531471172258478, 10.03000000000014147 ) ) ;
#4447 = CARTESIAN_POINT ( 'NONE',  ( -14.09999999999993747, -2.892648192813029429, 28.60000000000000142 ) ) ;
#4448 = EDGE_CURVE ( 'NONE', #7307, #3494, #9360, .T. ) ;
#4449 = CARTESIAN_POINT ( 'NONE',  ( 43.10000000000006537, -16.10000000000013642, 13.60000000000000142 ) ) ;
#4450 = VERTEX_POINT ( 'NONE', #1742 ) ;
#4451 = CARTESIAN_POINT ( 'NONE',  ( 0.000000000000000000, -42.10000000000000853, 7.599999999999999645 ) ) ;
#4452 = ORIENTED_EDGE ( 'NONE', *, *, #7075, .F. ) ;
#4453 = CARTESIAN_POINT ( 'NONE',  ( -16.10000000000000142, 44.10000000000000853, 9.600000000000001421 ) ) ;
#4454 = CARTESIAN_POINT ( 'NONE',  ( -41.83714683070989082, -20.04829580383965748, 7.599999999999999645 ) ) ;
#4455 = FACE_OUTER_BOUND ( 'NONE', #9674, .T. ) ;
#4456 = CARTESIAN_POINT ( 'NONE',  ( -20.13409614037322370, -42.80530392117191951, 0.5640113025912276701 ) ) ;
#4457 = DIRECTION ( 'NONE',  ( -1.000000000000000000, 0.000000000000000000, 0.000000000000000000 ) ) ;
#4458 = CARTESIAN_POINT ( 'NONE',  ( -20.35072599843597985, 43.35072599843578445, -0.3758702989075448642 ) ) ;
#4459 = ORIENTED_EDGE ( 'NONE', *, *, #7144, .T. ) ;
#4460 = ORIENTED_EDGE ( 'NONE', *, *, #2002, .T. ) ;
#4461 = CARTESIAN_POINT ( 'NONE',  ( 19.92439473638106762, -41.36030968757039972, -2.108520911781067930 ) ) ;
#4462 = CARTESIAN_POINT ( 'NONE',  ( 16.10000000000002274, -42.45345021429154286, -2.623656305561331781 ) ) ;
#4463 = CARTESIAN_POINT ( 'NONE',  ( 19.88124999999716636, -41.78749999999978115, -1.781250000002683409 ) ) ;
#4464 = CARTESIAN_POINT ( 'NONE',  ( -9.535732031332647907, -12.40000000047947992, 13.60000000000000497 ) ) ;
#4465 = CARTESIAN_POINT ( 'NONE',  ( -19.64449941131542943, 43.97836521770074825, 1.248610026088306180 ) ) ;
#4466 = DIRECTION ( 'NONE',  ( -1.000000000000000000, 0.000000000000000000, 0.000000000000000000 ) ) ;
#4467 = CARTESIAN_POINT ( 'NONE',  ( 18.59020129874454952, -43.13238403920676234, 0.5647632983241954729 ) ) ;
#4468 = DIRECTION ( 'NONE',  ( 1.000000000000000000, 0.000000000000000000, 0.000000000000000000 ) ) ;
#4469 = EDGE_LOOP ( 'NONE', ( #3031, #7032, #3668, #8118 ) ) ;
#4470 = VERTEX_POINT ( 'NONE', #957 ) ;
#4471 = EDGE_CURVE ( 'NONE', #1356, #4745, #6156, .T. ) ;
#4472 = DIRECTION ( 'NONE',  ( -1.000000000000000000, 0.000000000000000000, 0.000000000000000000 ) ) ;
#4473 = CARTESIAN_POINT ( 'NONE',  ( 16.85023313853241334, 43.83565336333992946, -2.135507035870503501 ) ) ;
#4474 = CARTESIAN_POINT ( 'NONE',  ( -19.85240843124199017, -41.57047616857180827, -2.005461310362773641 ) ) ;
#4475 = CARTESIAN_POINT ( 'NONE',  ( 20.84802794910746471, -42.19473485721422890, 2.000000000000001776 ) ) ;
#4476 = CARTESIAN_POINT ( 'NONE',  ( -20.97389364416593338, -41.65631831747983682, 9.600000000000003197 ) ) ;
#4477 = CARTESIAN_POINT ( 'NONE',  ( -19.89950662132226000, 43.02143759642579113, -1.517748152879833112 ) ) ;
#4478 =( BOUNDED_SURFACE ( )  B_SPLINE_SURFACE ( 2, 3, ( 
 ( #8290, #6016, #9031, #2172, #3198, #4717, #6196, #8472 ),
 ( #3696, #9206, #7740, #8983, #4530, #1712, #6989, #6665 ),
 ( #7504, #2265, #7557, #9668, #1523, #2909, #4433, #5964 ) ),
 .UNSPECIFIED., .F., .F., .T. ) 
 B_SPLINE_SURFACE_WITH_KNOTS ( ( 3, 3 ),
 ( 4, 2, 2, 4 ),
 ( 0.000000000000000000, 1.000000000000000000 ),
 ( -0.08856000000000001371, -0.07920000000000002038, -0.001999999999999994837, 0.007360000000000003692 ),
 .UNSPECIFIED. ) 
 GEOMETRIC_REPRESENTATION_ITEM ( )  RATIONAL_B_SPLINE_SURFACE ( (
 ( 1.000000000000000000, 1.000000000000000000, 1.000000000000000000, 1.000000000000000000, 1.000000000000000000, 1.000000000000000000, 1.000000000000000000, 1.000000000000000000),
 ( 4.000000000000000888, 4.000000000000000888, 4.000000000000000888, 4.000000000000000888, 4.000000000000000888, 4.000000000000000888, 4.000000000000000888, 4.000000000000000888),
 ( 1.000000000000000000, 1.000000000000000000, 1.000000000000000000, 1.000000000000000000, 1.000000000000000000, 1.000000000000000000, 1.000000000000000000, 1.000000000000000000) ) ) 
 REPRESENTATION_ITEM ( '' )  SURFACE ( )  );
#4479 = ADVANCED_FACE ( 'NONE', ( #6929 ), #167, .T. ) ;
#4480 = CARTESIAN_POINT ( 'NONE',  ( -42.86571348515941082, 19.90155197451376168, 7.600000000000001421 ) ) ;
#4481 = LINE ( 'NONE', #5179, #1816 ) ;
#4482 = CARTESIAN_POINT ( 'NONE',  ( 20.60000000000006537, 14.83538406167147095, 23.89999999999999503 ) ) ;
#4483 = CARTESIAN_POINT ( 'NONE',  ( 40.99338584793442664, -20.03778840825249219, 7.599999999999999645 ) ) ;
#4484 = VECTOR ( 'NONE', #7825, 1000.000000000000000 ) ;
#4485 = CARTESIAN_POINT ( 'NONE',  ( -43.08209738528560706, 17.98500095814694077, 7.599999999999999645 ) ) ;
#4486 = VERTEX_POINT ( 'NONE', #2622 ) ;
#4487 = DIRECTION ( 'NONE',  ( -1.000000000000000000, 0.000000000000000000, 0.000000000000000000 ) ) ;
#4488 = CARTESIAN_POINT ( 'NONE',  ( 38.10000000000005116, 21.10000000000013287, 29.64999999999999503 ) ) ;
#4489 = DIRECTION ( 'NONE',  ( -0.000000000000000000, -0.000000000000000000, -1.000000000000000000 ) ) ;
#4490 = LINE ( 'NONE', #1634, #1551 ) ;
#4491 = VECTOR ( 'NONE', #2919, 1000.000000000000000 ) ;
#4492 = CARTESIAN_POINT ( 'NONE',  ( 18.60000000000000142, -40.10000000000000142, 6.000000000000000000 ) ) ;
#4493 = CARTESIAN_POINT ( 'NONE',  ( -19.06614171255113632, 18.60269058816227528, 13.60000000000000142 ) ) ;
#4494 = CARTESIAN_POINT ( 'NONE',  ( 18.48851293542079333, -41.41333390546730442, -2.812689368101866094 ) ) ;
#4495 = CARTESIAN_POINT ( 'NONE',  ( -12.90107979775755531, -7.230636471618488770, 28.59999999999999076 ) ) ;
#4496 = DIRECTION ( 'NONE',  ( -0.5773502691896270633, -0.5773502691896283956, -0.5773502691896219563 ) ) ;
#4497 = ORIENTED_EDGE ( 'NONE', *, *, #3110, .F. ) ;
#4498 = CYLINDRICAL_SURFACE ( 'NONE', #6292, 0.7500000000000006661 ) ;
#4499 = VERTEX_POINT ( 'NONE', #5536 ) ;
#4500 = CIRCLE ( 'NONE', #3395, 0.5000000000000004441 ) ;
#4501 = CARTESIAN_POINT ( 'NONE',  ( -18.46999999999999886, -43.10000000000002274, -3.000000000000001776 ) ) ;
#4502 = CARTESIAN_POINT ( 'NONE',  ( -6.319581223306072004E-14, 18.10000000000000142, 7.599999999999999645 ) ) ;
#4503 = LINE ( 'NONE', #1045, #5563 ) ;
#4504 = CARTESIAN_POINT ( 'NONE',  ( -17.53477213430559800, -43.11238495416148453, -0.8540049882029169259 ) ) ;
#4505 = AXIS2_PLACEMENT_3D ( 'NONE', #8531, #7794, #7050 ) ;
#4506 = CARTESIAN_POINT ( 'NONE',  ( -20.60000000000000497, 43.60000000000000853, 2.000000000000001332 ) ) ;
#4507 = DIRECTION ( 'NONE',  ( -0.000000000000000000, -0.000000000000000000, 1.000000000000000000 ) ) ;
#4508 = LINE ( 'NONE', #4413, #147 ) ;
#4509 = ORIENTED_EDGE ( 'NONE', *, *, #8981, .F. ) ;
#4510 = EDGE_LOOP ( 'NONE', ( #8334, #8810, #7829, #3991 ) ) ;
#4511 = CARTESIAN_POINT ( 'NONE',  ( 19.88124999999716991, -41.78749999999978115, -1.781250000002683409 ) ) ;
#4512 = CARTESIAN_POINT ( 'NONE',  ( 16.10000000000002984, -41.92030272036252825, -2.832218652871384634 ) ) ;
#4513 = CARTESIAN_POINT ( 'NONE',  ( 20.96431329436439839, -41.73078873175655445, 2.000000000000000888 ) ) ;
#4514 = CARTESIAN_POINT ( 'NONE',  ( -19.61774815859610044, -41.89950662132444137, -1.921437596424447447 ) ) ;
#4515 = CARTESIAN_POINT ( 'NONE',  ( -19.06537770899291573, 44.04464014978495356, 1.246782720696149260 ) ) ;
#4516 = ADVANCED_FACE ( 'NONE', ( #5629 ), #2438, .F. ) ;
#4517 = CARTESIAN_POINT ( 'NONE',  ( -41.30000000000003979, 9.776895777498653572, 7.600000000000000533 ) ) ;
#4518 = CARTESIAN_POINT ( 'NONE',  ( 18.81398651894190976, -42.84663627708780353, -1.272168514787652249 ) ) ;
#4519 = AXIS2_PLACEMENT_3D ( 'NONE', #929, #6203, #9212 ) ;
#4520 = CARTESIAN_POINT ( 'NONE',  ( -23.20999999999999730, 39.10000000000000853, -3.000000000000000000 ) ) ;
#4521 = EDGE_LOOP ( 'NONE', ( #873, #1729 ) ) ;
#4522 = ORIENTED_EDGE ( 'NONE', *, *, #2679, .F. ) ;
#4523 = ORIENTED_EDGE ( 'NONE', *, *, #156, .F. ) ;
#4524 = DIRECTION ( 'NONE',  ( 0.000000000000000000, 0.000000000000000000, 1.000000000000000000 ) ) ;
#4525 = CARTESIAN_POINT ( 'NONE',  ( -20.42752591515740335, -38.85004868582027626, -2.641418315406868444 ) ) ;
#4526 = CARTESIAN_POINT ( 'NONE',  ( 20.96431329436439839, -41.73078873175655445, 2.000000000000000888 ) ) ;
#4527 = CARTESIAN_POINT ( 'NONE',  ( -18.42161314647848869, -43.06938128774554997, 9.599999999999999645 ) ) ;
#4528 = ADVANCED_FACE ( 'NONE', ( #7813 ), #1798, .T. ) ;
#4529 = CARTESIAN_POINT ( 'NONE',  ( -41.82309165053237621, 20.04972587931722927, 7.600000000000000533 ) ) ;
#4530 = CARTESIAN_POINT ( 'NONE',  ( 21.10000000000000142, -12.36666666664434899, -3.000000000000000000 ) ) ;
#4531 = DIRECTION ( 'NONE',  ( 1.000000000000000000, 3.491481338843133750E-15, 0.000000000000000000 ) ) ;
#4532 = CARTESIAN_POINT ( 'NONE',  ( 41.88984571103283372, -19.88984178720754059, 7.599999999999999645 ) ) ;
#4533 = CARTESIAN_POINT ( 'NONE',  ( -43.04450687065116909, 18.89628922576831371, 7.599999999999998757 ) ) ;
#4534 = AXIS2_PLACEMENT_3D ( 'NONE', #7771, #6977, #1696 ) ;
#4535 = VERTEX_POINT ( 'NONE', #8638 ) ;
#4536 = CARTESIAN_POINT ( 'NONE',  ( 9.776895777498797457, 41.30000000000000426, 7.599999999999999645 ) ) ;
#4537 = CARTESIAN_POINT ( 'NONE',  ( -18.10000000000000142, 40.10000000000000142, 6.000000000000000000 ) ) ;
#4538 = CARTESIAN_POINT ( 'NONE',  ( -20.50821667535888437, -41.44544266090943552, -1.345442021431243029 ) ) ;
#4539 = PLANE ( 'NONE',  #553 ) ;
#4540 = LINE ( 'NONE', #5187, #1072 ) ;
#4541 = CYLINDRICAL_SURFACE ( 'NONE', #1340, 0.5000000000000004441 ) ;
#4542 = DIRECTION ( 'NONE',  ( -0.000000000000000000, -0.000000000000000000, -1.000000000000000000 ) ) ;
#4543 = EDGE_CURVE ( 'NONE', #3914, #7449, #2769, .T. ) ;
#4544 = CARTESIAN_POINT ( 'NONE',  ( 17.53623914502615122, -42.33662834523347840, -2.589176211070628231 ) ) ;
#4545 = CARTESIAN_POINT ( 'NONE',  ( 18.60000000000000142, -40.10000000000000142, 4.585786437626904188 ) ) ;
#4546 = CARTESIAN_POINT ( 'NONE',  ( 42.09948029764406385, -7.177256594334902928, 28.59999999999999787 ) ) ;
#4547 = ORIENTED_EDGE ( 'NONE', *, *, #8898, .F. ) ;
#4548 = CARTESIAN_POINT ( 'NONE',  ( -19.53538422206549896, 43.98959392881931763, 9.600000000000003197 ) ) ;
#4549 = ORIENTED_EDGE ( 'NONE', *, *, #6303, .T. ) ;
#4550 = EDGE_CURVE ( 'NONE', #3961, #2654, #3187, .T. ) ;
#4551 = CARTESIAN_POINT ( 'NONE',  ( -16.10000000000000142, 44.10000000000001563, 7.486666666666669023 ) ) ;
#4552 = CARTESIAN_POINT ( 'NONE',  ( 43.10000000000006537, -2.399999999999876010, 18.59999999999973497 ) ) ;
#4553 = CARTESIAN_POINT ( 'NONE',  ( 21.09999999999989484, 39.86398481210952127, 1.236018685503686765 ) ) ;
#4554 = CARTESIAN_POINT ( 'NONE',  ( -12.17735045483277290, 36.39999999999999147, 6.000000000000000000 ) ) ;
#4555 = CARTESIAN_POINT ( 'NONE',  ( -18.84582051132401403, -43.02120089170443151, -0.7458243651279875541 ) ) ;
#4556 = LINE ( 'NONE', #6833, #5961 ) ;
#4557 = CARTESIAN_POINT ( 'NONE',  ( -19.99887817354087716, -41.52984423246755341, -1.898878173542671632 ) ) ;
#4558 = CARTESIAN_POINT ( 'NONE',  ( -20.27005963225129292, 42.96949865478772068, -1.117229318593972343 ) ) ;
#4559 = ORIENTED_EDGE ( 'NONE', *, *, #7618, .T. ) ;
#4560 = VERTEX_POINT ( 'NONE', #1884 ) ;
#4561 = CARTESIAN_POINT ( 'NONE',  ( 39.99807503365487804, -12.38859539742031046, 13.60000000000000320 ) ) ;
#4562 = DIRECTION ( 'NONE',  ( -0.000000000000000000, -0.000000000000000000, -1.000000000000000000 ) ) ;
#4563 = CARTESIAN_POINT ( 'NONE',  ( 20.44018644158446207, -40.47580180201246236, -2.161295015565654509 ) ) ;
#4564 = DIRECTION ( 'NONE',  ( 1.000000000000000000, 0.000000000000000000, 0.000000000000000000 ) ) ;
#4565 = CARTESIAN_POINT ( 'NONE',  ( -17.53477213430691961, 41.95400498820210800, -3.012384954162199868 ) ) ;
#4566 = VECTOR ( 'NONE', #8865, 1000.000000000000000 ) ;
#4567 = FACE_OUTER_BOUND ( 'NONE', #7387, .T. ) ;
#4568 = CARTESIAN_POINT ( 'NONE',  ( 38.59264819281361980, -21.10000000000013998, 13.60000000000000142 ) ) ;
#4569 = CARTESIAN_POINT ( 'NONE',  ( -13.73761349851703883, -6.726680365418904906, 18.60000000000061249 ) ) ;
#4570 = CARTESIAN_POINT ( 'NONE',  ( 5.366666666657357254, 44.09999999996276898, -2.999999999986036059 ) ) ;
#4571 = EDGE_LOOP ( 'NONE', ( #5171, #3486, #9117, #7936 ) ) ;
#4572 = EDGE_CURVE ( 'NONE', #8836, #1804, #7377, .T. ) ;
#4573 = ORIENTED_EDGE ( 'NONE', *, *, #7154, .F. ) ;
#4574 = AXIS2_PLACEMENT_3D ( 'NONE', #661, #3998, #4093 ) ;
#4575 = EDGE_LOOP ( 'NONE', ( #3827, #3371, #9511, #4119 ) ) ;
#4576 = CYLINDRICAL_SURFACE ( 'NONE', #9726, 4.000000000000000000 ) ;
#4577 = CARTESIAN_POINT ( 'NONE',  ( -20.23550703586798249, -38.85023313853245952, -2.735653363338697019 ) ) ;
#4578 = LINE ( 'NONE', #5466, #754 ) ;
#4579 = CARTESIAN_POINT ( 'NONE',  ( -21.07077768596498757, -40.38329560835244791, 9.599999999999999645 ) ) ;
#4580 = AXIS2_PLACEMENT_3D ( 'NONE', #7678, #908, #6037 ) ;
#4581 = DIRECTION ( 'NONE',  ( 3.491481338843133750E-15, -1.000000000000000000, 0.000000000000000000 ) ) ;
#4582 = LINE ( 'NONE', #4482, #3773 ) ;
#4583 = CARTESIAN_POINT ( 'NONE',  ( 39.12616797110206335, -20.09603600301727866, 7.599999999999996092 ) ) ;
#4584 = CARTESIAN_POINT ( 'NONE',  ( -43.08242835690603556, 17.97130812351396045, 7.599999999999997868 ) ) ;
#4585 = VERTEX_POINT ( 'NONE', #213 ) ;
#4586 = DIRECTION ( 'NONE',  ( -0.000000000000000000, -0.000000000000000000, 1.000000000000000000 ) ) ;
#4587 = CARTESIAN_POINT ( 'NONE',  ( 41.96816119399191791, -19.96834341766045640, 9.600000000000001421 ) ) ;
#4588 = CARTESIAN_POINT ( 'NONE',  ( -20.36974103931895286, -41.40343074669722512, -1.585375447196758936 ) ) ;
#4589 = CARTESIAN_POINT ( 'NONE',  ( 41.96834341765563181, 19.96816119399936795, 9.600000000000001421 ) ) ;
#4590 = CARTESIAN_POINT ( 'NONE',  ( -15.50000000000000000, -37.50000000000000000, 6.000000000000000000 ) ) ;
#4591 = CARTESIAN_POINT ( 'NONE',  ( 20.60000000000000142, -42.59999999999999432, 1.999999999999999556 ) ) ;
#4592 = CARTESIAN_POINT ( 'NONE',  ( 17.58228836263732475, -38.86011889369859773, -2.997698853249977535 ) ) ;
#4593 = CARTESIAN_POINT ( 'NONE',  ( -12.39755730796444411, -7.307430527366941320, 28.59999999999999432 ) ) ;
#4594 = CARTESIAN_POINT ( 'NONE',  ( 41.54086757463647928, -7.288888563291729739, 28.59999999999999787 ) ) ;
#4595 = EDGE_LOOP ( 'NONE', ( #9047, #4152, #187, #9737, #4242, #2006 ) ) ;
#4596 = CARTESIAN_POINT ( 'NONE',  ( -18.36820079462412281, 44.07131387799097411, 9.600000000000003197 ) ) ;
#4597 = ORIENTED_EDGE ( 'NONE', *, *, #7976, .F. ) ;
#4598 = EDGE_CURVE ( 'NONE', #6737, #9273, #8546, .T. ) ;
#4599 = CARTESIAN_POINT ( 'NONE',  ( 20.83999999999846509, -38.10000000000000853, -3.000000000000000000 ) ) ;
#4600 = CARTESIAN_POINT ( 'NONE',  ( -42.17468780751522672, -20.02362310408351931, 7.599999999999999645 ) ) ;
#4601 = CARTESIAN_POINT ( 'NONE',  ( 21.09802543199293368, 39.10000000000061959, 0.4688596676702382893 ) ) ;
#4602 = DIRECTION ( 'NONE',  ( -0.000000000000000000, 0.000000000000000000, -1.000000000000000000 ) ) ;
#4603 = CARTESIAN_POINT ( 'NONE',  ( -19.16143133711470981, -43.03798432061488199, 2.000000000000023093 ) ) ;
#4604 = CARTESIAN_POINT ( 'NONE',  ( 16.10000000000000853, 43.66766467421545883, -2.432335325784531044 ) ) ;
#4605 = EDGE_CURVE ( 'NONE', #4227, #2667, #7796, .T. ) ;
#4606 = DIRECTION ( 'NONE',  ( 1.000000000000000000, 0.000000000000000000, 0.000000000000000000 ) ) ;
#4607 = CARTESIAN_POINT ( 'NONE',  ( -11.09999999999993570, -4.399999999999876010, 27.72132034355963981 ) ) ;
#4608 = CARTESIAN_POINT ( 'NONE',  ( -20.56517044976942898, 41.78705471579223740, -1.813254603464635517 ) ) ;
#4609 = ORIENTED_EDGE ( 'NONE', *, *, #5820, .F. ) ;
#4610 = VERTEX_POINT ( 'NONE', #9577 ) ;
#4611 = CARTESIAN_POINT ( 'NONE',  ( 40.62722672324177609, -12.36522889267583736, 13.60000000000000142 ) ) ;
#4612 = CARTESIAN_POINT ( 'NONE',  ( 11.50000000000000000, 37.50000000000000000, 6.000000000000000000 ) ) ;
#4613 = CARTESIAN_POINT ( 'NONE',  ( 20.56517044976760999, -40.78705471579247188, -1.813254603466079029 ) ) ;
#4614 = CARTESIAN_POINT ( 'NONE',  ( -16.85004868582078075, 43.42752591515747440, -2.641418315406836470 ) ) ;
#4615 = CARTESIAN_POINT ( 'NONE',  ( -19.78749999999926956, 42.88124999999896403, -1.781250000000163869 ) ) ;
#4616 = ADVANCED_FACE ( 'NONE', ( #5824, #542 ), #3465, .F. ) ;
#4617 = CARTESIAN_POINT ( 'NONE',  ( 19.33080941177669843, -42.08137278453664720, -1.981372784539196186 ) ) ;
#4618 = CARTESIAN_POINT ( 'NONE',  ( -9.099999999999933920, -7.399999999999876010, 18.60000000000000142 ) ) ;
#4619 = CARTESIAN_POINT ( 'NONE',  ( 19.76528683176105616, 42.38919717909541163, -2.219395703979559098 ) ) ;
#4620 = ORIENTED_EDGE ( 'NONE', *, *, #5737, .F. ) ;
#4621 = ORIENTED_EDGE ( 'NONE', *, *, #8580, .T. ) ;
#4622 = ORIENTED_EDGE ( 'NONE', *, *, #2188, .T. ) ;
#4623 = CARTESIAN_POINT ( 'NONE',  ( 12.46026316928587185, -40.10000000000000142, 0.000000000000000000 ) ) ;
#4624 = CARTESIAN_POINT ( 'NONE',  ( 42.09659791214821922, 17.06224190603238000, 7.599999999999999645 ) ) ;
#4625 = CARTESIAN_POINT ( 'NONE',  ( 21.08542865622441553, 40.87180854725831836, 9.600000000000003197 ) ) ;
#4626 = DIRECTION ( 'NONE',  ( -1.000000000000000000, 0.000000000000000000, 0.000000000000000000 ) ) ;
#4627 = CARTESIAN_POINT ( 'NONE',  ( 20.52666543960833678, -42.52666543960932444, 0.5635990939276882550 ) ) ;
#4628 = CARTESIAN_POINT ( 'NONE',  ( -21.10000000000000142, -12.36666666664434899, 2.000000000000000000 ) ) ;
#4629 = CARTESIAN_POINT ( 'NONE',  ( -43.09691780243907289, 17.02238548600895029, 7.600000000000000533 ) ) ;
#4630 = ORIENTED_EDGE ( 'NONE', *, *, #4448, .T. ) ;
#4631 = CARTESIAN_POINT ( 'NONE',  ( 39.60000000000006537, -7.390087672888736137, 23.60000000000000142 ) ) ;
#4632 = CARTESIAN_POINT ( 'NONE',  ( 42.17861417216941788, -18.32364808234332898, 9.599999999999663913 ) ) ;
#4633 = CARTESIAN_POINT ( 'NONE',  ( -20.61665412127398156, -42.43669093740984266, 0.5636574454044112059 ) ) ;
#4634 = LINE ( 'NONE', #9086, #8445 ) ;
#4635 = DIRECTION ( 'NONE',  ( 0.000000000000000000, 0.000000000000000000, -1.000000000000000000 ) ) ;
#4636 = FACE_OUTER_BOUND ( 'NONE', #1355, .T. ) ;
#4637 = CARTESIAN_POINT ( 'NONE',  ( -43.20481556043257143, -16.73468093440338933, 9.600000000000111555 ) ) ;
#4638 = EDGE_CURVE ( 'NONE', #8361, #4811, #1233, .T. ) ;
#4639 = CARTESIAN_POINT ( 'NONE',  ( 41.93521075431448963, -19.86608078789402398, 7.569999999999995843 ) ) ;
#4640 = CARTESIAN_POINT ( 'NONE',  ( 16.10000000000000853, -38.10000000000000853, -3.000000000000000000 ) ) ;
#4641 = EDGE_CURVE ( 'NONE', #5696, #7123, #1935, .T. ) ;
#4642 = DIRECTION ( 'NONE',  ( -3.639200510924877443E-15, 1.000000000000000000, 0.000000000000000000 ) ) ;
#4643 = CARTESIAN_POINT ( 'NONE',  ( 43.06979218642874940, -4.710472414432689270, 28.60000000000000853 ) ) ;
#4644 = ORIENTED_EDGE ( 'NONE', *, *, #7931, .F. ) ;
#4645 = CARTESIAN_POINT ( 'NONE',  ( -21.06840992987359940, 41.44748514794807903, 9.600000000000001421 ) ) ;
#4646 = ORIENTED_EDGE ( 'NONE', *, *, #7379, .F. ) ;
#4647 = CARTESIAN_POINT ( 'NONE',  ( -19.84999999999829967, -41.84999999999831033, -1.750000000000268008 ) ) ;
#4648 = CONICAL_SURFACE ( 'NONE', #1335, 3.149999999999999911, 0.7853981633974482790 ) ;
#4649 = CARTESIAN_POINT ( 'NONE',  ( -40.02238548598052148, -20.09691780243969106, 7.599999999999998757 ) ) ;
#4650 = CARTESIAN_POINT ( 'NONE',  ( 20.66766467421546949, 43.53233532578455822, 2.000000000000000888 ) ) ;
#4651 = CARTESIAN_POINT ( 'NONE',  ( 40.60000000000006537, 3.004898722861077065, 27.44510127713908787 ) ) ;
#4652 = CARTESIAN_POINT ( 'NONE',  ( -18.48851293541981278, -42.91268936809795065, -1.313333905465471130 ) ) ;
#4653 = CARTESIAN_POINT ( 'NONE',  ( -19.16144512839907676, 44.03798319008014772, 2.000000000000001776 ) ) ;
#4654 = ADVANCED_FACE ( 'NONE', ( #5081 ), #2246, .T. ) ;
#4655 = AXIS2_PLACEMENT_3D ( 'NONE', #6673, #9580, #2821 ) ;
#4656 = CARTESIAN_POINT ( 'NONE',  ( -19.88124999999834586, -41.78749999999832454, -1.781250000000281108 ) ) ;
#4657 = CARTESIAN_POINT ( 'NONE',  ( -20.96197724028926856, 42.72831132817825051, 0.5646006254751261277 ) ) ;
#4658 = ORIENTED_EDGE ( 'NONE', *, *, #8669, .F. ) ;
#4659 = CARTESIAN_POINT ( 'NONE',  ( 21.05646371664030525, 39.10000000000078302, -0.6785506489318672285 ) ) ;
#4660 = CARTESIAN_POINT ( 'NONE',  ( 20.44040282528439434, -41.25136987915119846, -1.621075896310411490 ) ) ;
#4661 = CARTESIAN_POINT ( 'NONE',  ( -19.07755251244247674, -4.542945180051852994, 13.60000000000000320 ) ) ;
#4662 = CARTESIAN_POINT ( 'NONE',  ( -18.52398660120926266, 41.52398588804617674, -3.008192410218288870 ) ) ;
#4663 = CIRCLE ( 'NONE', #883, 0.5000000000000004441 ) ;
#4664 = B_SPLINE_CURVE_WITH_KNOTS ( 'NONE', 3,
 ( #2277, #752, #3072, #1538 ),
 .UNSPECIFIED., .F., .F.,
 ( 4, 4 ),
 ( 0.000000000000000000, 1.000000000000000000 ),
 .UNSPECIFIED. ) ;
#4665 = CARTESIAN_POINT ( 'NONE',  ( 20.13248562931361718, 42.19424047816021783, -2.032485629318232068 ) ) ;
#4666 = ORIENTED_EDGE ( 'NONE', *, *, #6602, .T. ) ;
#4667 = ORIENTED_EDGE ( 'NONE', *, *, #3177, .F. ) ;
#4668 = CLOSED_SHELL ( 'NONE', ( #7527, #2442, #8842, #8795, #6200, #6471, #4123, #4757, #4291, #8355, #5502, #7320, #4516, #5970, #3217, #9222, #6281, #6727, #1929, #2302, #1900, #4166, #962, #3231, #9255, #4963, #3824, #9554, #9468, #6226, #3743, #9320, #3800, #7026, #1046, #1285, #3922, #5544, #3169, #6663, #6835, #8104, #3376, #735, #1165, #2792, #4528, #3729, #5142, #8594, #3956, #1586, #2364, #985, #1278, #4751, #348, #3290, #1913, #8288, #3928, #3394, #495, #534, #5659, #9017, #9494, #6965, #2587, #2199, #8256, #5421, #8575, #8641, #2827, #6883, #2853, #3498 ) ) ;
#4669 = DIRECTION ( 'NONE',  ( 1.000000000000000000, 0.000000000000000000, 0.000000000000000000 ) ) ;
#4670 = FACE_OUTER_BOUND ( 'NONE', #6414, .T. ) ;
#4671 = DIRECTION ( 'NONE',  ( -0.000000000000000000, 0.000000000000000000, 1.000000000000000000 ) ) ;
#4672 = EDGE_CURVE ( 'NONE', #3476, #5868, #2944, .T. ) ;
#4673 = CARTESIAN_POINT ( 'NONE',  ( 20.94883644206203499, 42.81049812226629570, 9.600000000000003197 ) ) ;
#4674 = CARTESIAN_POINT ( 'NONE',  ( -16.10000000000028209, 43.81355405299228067, -2.184497701333664388 ) ) ;
#4675 = AXIS2_PLACEMENT_3D ( 'NONE', #8479, #7881, #1112 ) ;
#4676 = CARTESIAN_POINT ( 'NONE',  ( 42.07579555242258351, -7.202290165750756756, 18.59999999999871889 ) ) ;
#4677 = VECTOR ( 'NONE', #5698, 1000.000000000000000 ) ;
#4678 = B_SPLINE_CURVE_WITH_KNOTS ( 'NONE', 3,
 ( #1522, #4480, #1427, #736, #5324, #3695, #5862, #7503, #2908, #6708, #3795, #2122, #588, #6611, #2219, #7556, #1375, #9717, #6809, #3601, #9619, #2862, #2316, #4529, #4384, #785, #4331, #43, #7407, #639, #2959, #3650, #9030, #6757, #7355, #5963, #6015, #3060, #6664, #9667, #6061, #2171, #9767, #2264 ),
 .UNSPECIFIED., .F., .F.,
 ( 4, 1, 1, 1, 2, 2, 1, 1, 1, 2, 2, 1, 1, 1, 1, 2, 2, 1, 1, 1, 1, 1, 2, 2, 1, 1, 1, 1, 1, 2, 2, 4 ),
 ( 0.000000000000000000, 0.03125000000002261386, 0.04687500000003352874, 0.05468750000003898964, 0.05859375000004172357, 0.06250000000004445055, 0.09375000000007889522, 0.1093750000000936196, 0.1171875000000984213, 0.1210937500000984768, 0.1250000000000985600, 0.1875000000000592582, 0.2187500000000423550, 0.2343750000000364431, 0.2421875000000309475, 0.2460937500000282829, 0.2500000000000255906, 0.3750000000001424416, 0.4375000000001982303, 0.4687500000002260969, 0.4843750000002375322, 0.4921875000002433054, 0.4960937500002438605, 0.5000000000002443601, 0.6250000000002748912, 0.6875000000002901013, 0.7187500000002977618, 0.7343750000002989831, 0.7421875000002970957, 0.7460937500002960965, 0.7500000000002950973, 1.000000000000000000 ),
 .UNSPECIFIED. ) ;
#4679 = CARTESIAN_POINT ( 'NONE',  ( -39.10000000000009379, 21.09999999999986642, 10.93333333333333357 ) ) ;
#4680 = CARTESIAN_POINT ( 'NONE',  ( 38.10000000000005116, 21.10000000000013287, 15.93333333333333357 ) ) ;
#4681 = CARTESIAN_POINT ( 'NONE',  ( -42.96895416768531817, 19.59832728105782707, 7.599999999999998757 ) ) ;
#4682 = ORIENTED_EDGE ( 'NONE', *, *, #4598, .F. ) ;
#4683 = CARTESIAN_POINT ( 'NONE',  ( 0.000000000000000000, -7.399999999999876010, 28.59999999999999787 ) ) ;
#4684 = CARTESIAN_POINT ( 'NONE',  ( -43.08065053179264225, -18.04353198704208339, 7.599999999999998757 ) ) ;
#4685 = CARTESIAN_POINT ( 'NONE',  ( -20.94989004567994328, -41.84072818405856964, 1.249109874139920251 ) ) ;
#4686 = AXIS2_PLACEMENT_3D ( 'NONE', #7606, #3842, #6903 ) ;
#4687 = LINE ( 'NONE', #201, #6072 ) ;
#4688 = CARTESIAN_POINT ( 'NONE',  ( -43.09842776848380197, 16.73444870839450260, 7.569999999999995843 ) ) ;
#4689 = CARTESIAN_POINT ( 'NONE',  ( -43.10000000000006537, 16.09999999999986287, 7.599999999999999645 ) ) ;
#4690 = CARTESIAN_POINT ( 'NONE',  ( 39.37014037219079654, -20.22463167850217758, 10.03000000000000469 ) ) ;
#4691 = CARTESIAN_POINT ( 'NONE',  ( 16.86546107923215487, -38.10000000000000853, -3.000000000000000888 ) ) ;
#4692 = B_SPLINE_SURFACE_WITH_KNOTS ( 'NONE', 1, 3, ( 
 ( #1825, #9230, #7805, #7059, #4830, #3314, #9327, #5572, #342, #3356, #8584, #8539, #4043, #6314, #9373, #1685, #4639 ),
 ( #9280, #7849, #4690, #2614, #1084, #2567, #7714, #6359, #1034, #6173, #3179, #6219, #949, #297, #5619, #7668, #895 ) ),
 .UNSPECIFIED., .F., .F., .F.,
 ( 2, 2 ),
 ( 4, 2, 2, 2, 2, 2, 3, 4 ),
 ( 0.000000000000000000, 1.000000000000000000 ),
 ( 0.000000000000000000, 0.5000000000000000000, 0.7500000000000000000, 0.8750000000000000000, 0.9375000000000000000, 0.9687500000000000000, 1.000000000000000000, 1.013443191589685544 ),
 .UNSPECIFIED. ) ;
#4693 = AXIS2_PLACEMENT_3D ( 'NONE', #9666, #90, #5267 ) ;
#4694 = CARTESIAN_POINT ( 'NONE',  ( -11.40303354164369765, -7.370064919428961581, 28.60000000000000142 ) ) ;
#4695 = CARTESIAN_POINT ( 'NONE',  ( 42.07265072837252973, -7.185250321975127363, 28.60000000000000142 ) ) ;
#4696 = ORIENTED_EDGE ( 'NONE', *, *, #1627, .T. ) ;
#4697 = CARTESIAN_POINT ( 'NONE',  ( -20.09664412391434496, 43.87811096940431099, 9.600000000000004974 ) ) ;
#4698 = ORIENTED_EDGE ( 'NONE', *, *, #5448, .F. ) ;
#4699 = DIRECTION ( 'NONE',  ( -0.000000000000000000, -1.000000000000000000, -0.000000000000000000 ) ) ;
#4700 = CARTESIAN_POINT ( 'NONE',  ( 18.10000000000000142, -40.10000000000000142, 6.000000000000000000 ) ) ;
#4701 = CARTESIAN_POINT ( 'NONE',  ( 41.88984178720452434, 19.88984571103919663, 7.599999999999999645 ) ) ;
#4702 = CARTESIAN_POINT ( 'NONE',  ( 43.10000000000006537, -4.612663006541509070, 16.38089674934328244 ) ) ;
#4703 = EDGE_CURVE ( 'NONE', #4969, #6948, #5162, .T. ) ;
#4704 = MECHANICAL_DESIGN_GEOMETRIC_PRESENTATION_REPRESENTATION (  '', ( #2972 ), #4221 ) ;
#4705 = CARTESIAN_POINT ( 'NONE',  ( -18.47897655613926560, -42.70120510767312538, -1.781147883371276164 ) ) ;
#4706 = CARTESIAN_POINT ( 'NONE',  ( -20.08137278453451557, -41.33080941177760792, -1.981372784536199028 ) ) ;
#4707 = DIRECTION ( 'NONE',  ( -1.000000000000000000, 0.000000000000000000, 0.000000000000000000 ) ) ;
#4708 = CARTESIAN_POINT ( 'NONE',  ( -20.62161365322607764, 41.79115110422712576, -1.722049639534705356 ) ) ;
#4709 = VERTEX_POINT ( 'NONE', #8965 ) ;
#4710 = CIRCLE ( 'NONE', #1722, 0.5000000000000004441 ) ;
#4711 = CARTESIAN_POINT ( 'NONE',  ( -42.54258782409760187, -20.98866520347226938, 13.60000000000000142 ) ) ;
#4712 = CARTESIAN_POINT ( 'NONE',  ( 20.50821667535734960, -41.44544202142935774, -1.345442660913069632 ) ) ;
#4713 = CARTESIAN_POINT ( 'NONE',  ( -19.72404729317311123, -41.91159499246786879, -1.811594992469754750 ) ) ;
#4714 = CARTESIAN_POINT ( 'NONE',  ( -18.47776637993794324, 42.97645370996402647, -2.546620517726331023 ) ) ;
#4715 = AXIS2_PLACEMENT_3D ( 'NONE', #8358, #6970, #7520 ) ;
#4716 = CARTESIAN_POINT ( 'NONE',  ( -41.32329648377461950, 20.17863251329088925, 9.599999999999994316 ) ) ;
#4717 = CARTESIAN_POINT ( 'NONE',  ( 16.10000000000000142, -41.22000000000271314, -3.000000000000000000 ) ) ;
#4718 = CARTESIAN_POINT ( 'NONE',  ( -14.02446615731814106, -5.535426690993868526, 18.60000000000247056 ) ) ;
#4719 = CARTESIAN_POINT ( 'NONE',  ( 20.08137278453333963, 42.33080941177932033, -1.981372784538169229 ) ) ;
#4720 = ORIENTED_EDGE ( 'NONE', *, *, #3524, .T. ) ;
#4721 = VERTEX_POINT ( 'NONE', #8172 ) ;
#4722 = CYLINDRICAL_SURFACE ( 'NONE', #2008, 0.8457513110646033283 ) ;
#4723 = CARTESIAN_POINT ( 'NONE',  ( -15.50000000000000000, 37.50000000000000000, 0.000000000000000000 ) ) ;
#4724 = EDGE_CURVE ( 'NONE', #9478, #1007, #2155, .T. ) ;
#4725 = DIRECTION ( 'NONE',  ( 0.000000000000000000, 0.000000000000000000, 1.000000000000000000 ) ) ;
#4726 = AXIS2_PLACEMENT_3D ( 'NONE', #4942, #8744, #9537 ) ;
#4727 = CARTESIAN_POINT ( 'NONE',  ( 20.11584027700518362, 43.87219128650722411, 9.600000000000003197 ) ) ;
#4728 = CARTESIAN_POINT ( 'NONE',  ( -19.99887817354147757, 42.99887817354117914, -1.429844232469242193 ) ) ;
#4729 = CARTESIAN_POINT ( 'NONE',  ( 13.06581359191259928, -35.07139021692749026, 0.000000000000000000 ) ) ;
#4730 = CARTESIAN_POINT ( 'NONE',  ( 17.53640090607041202, -42.52666543961281320, -2.426665439613920228 ) ) ;
#4731 = CARTESIAN_POINT ( 'NONE',  ( 38.10000000000007248, -7.399999999999876010, 23.89999999999999858 ) ) ;
#4732 = EDGE_CURVE ( 'NONE', #2632, #5855, #6540, .T. ) ;
#4733 = ORIENTED_EDGE ( 'NONE', *, *, #1297, .T. ) ;
#4734 = VERTEX_POINT ( 'NONE', #5207 ) ;
#4735 = CARTESIAN_POINT ( 'NONE',  ( 19.81645280242879537, 42.91801530243184004, -1.716452802434532687 ) ) ;
#4736 = DIRECTION ( 'NONE',  ( 0.7071067811865474617, 0.000000000000000000, 0.7071067811865474617 ) ) ;
#4737 = CARTESIAN_POINT ( 'NONE',  ( -42.98379500470426251, 19.98768761388532056, 10.03000000000000469 ) ) ;
#4738 = CARTESIAN_POINT ( 'NONE',  ( 18.10000000000000142, 40.10000000000000142, 7.599999999999999645 ) ) ;
#4739 = ADVANCED_FACE ( 'NONE', ( #8762 ), #753, .T. ) ;
#4740 = FACE_OUTER_BOUND ( 'NONE', #1557, .T. ) ;
#4741 = CARTESIAN_POINT ( 'NONE',  ( -16.86546107923214066, -43.10000000000000142, 2.000000000000003997 ) ) ;
#4742 = CARTESIAN_POINT ( 'NONE',  ( -41.39456583594432004, 21.07037261525399785, 13.60000000000000497 ) ) ;
#4743 = CARTESIAN_POINT ( 'NONE',  ( 41.99404106815729421, -19.96669950821645401, 10.03000000000000647 ) ) ;
#4744 = VERTEX_POINT ( 'NONE', #9301 ) ;
#4745 = VERTEX_POINT ( 'NONE', #5688 ) ;
#4746 = CARTESIAN_POINT ( 'NONE',  ( 18.60000000000000142, 39.23397459621556749, 6.000000000000000000 ) ) ;
#4747 = DIRECTION ( 'NONE',  ( 1.000000000000000000, 0.000000000000000000, 0.000000000000000000 ) ) ;
#4748 = FACE_OUTER_BOUND ( 'NONE', #1180, .T. ) ;
#4749 = CARTESIAN_POINT ( 'NONE',  ( -16.09999999999999787, -43.10000000000001563, -2.000000000000011990 ) ) ;
#4750 = CARTESIAN_POINT ( 'NONE',  ( -16.10000000000000497, -43.05646374350416750, -0.6785472796132978601 ) ) ;
#4751 = ADVANCED_FACE ( 'NONE', ( #4112 ), #8699, .T. ) ;
#4752 = CARTESIAN_POINT ( 'NONE',  ( -20.35072599843611130, -40.47587029890632238, -2.250725998437342668 ) ) ;
#4753 = CARTESIAN_POINT ( 'NONE',  ( -20.31939570397610240, 42.38919717909308815, -1.665286831763269637 ) ) ;
#4754 = ORIENTED_EDGE ( 'NONE', *, *, #5594, .F. ) ;
#4755 = CARTESIAN_POINT ( 'NONE',  ( -19.16144512839900926, -38.10000000000000853, -2.937983190080156515 ) ) ;
#4756 = CARTESIAN_POINT ( 'NONE',  ( -43.43244147772765729, -20.73941876031459586, 13.59999999999999964 ) ) ;
#4757 = ADVANCED_FACE ( 'NONE', ( #1795, #4803 ), #361, .F. ) ;
#4758 = CARTESIAN_POINT ( 'NONE',  ( 21.03798319008015127, -38.09999999999998010, -1.061445128398970983 ) ) ;
#4759 = DIRECTION ( 'NONE',  ( 0.000000000000000000, 0.000000000000000000, 1.000000000000000000 ) ) ;
#4760 = EDGE_CURVE ( 'NONE', #5183, #6052, #6058, .T. ) ;
#4761 = CARTESIAN_POINT ( 'NONE',  ( -14.09999999999993570, -2.399999999999876010, 13.60000000000000142 ) ) ;
#4762 =( NAMED_UNIT ( * ) SI_UNIT ( $, .STERADIAN. ) SOLID_ANGLE_UNIT ( ) );
#4763 = CARTESIAN_POINT ( 'NONE',  ( 16.86546493962998383, -43.10000000000000142, 2.000000000000000888 ) ) ;
#4764 = CARTESIAN_POINT ( 'NONE',  ( 16.85004899478165186, 43.42752615583048481, -2.641418129574892415 ) ) ;
#4765 = ORIENTED_EDGE ( 'NONE', *, *, #373, .F. ) ;
#4766 = ORIENTED_EDGE ( 'NONE', *, *, #4247, .F. ) ;
#4767 = CARTESIAN_POINT ( 'NONE',  ( 17.63116748626566732, 39.10000000000079012, -2.998024638775868667 ) ) ;
#4768 = CARTESIAN_POINT ( 'NONE',  ( -39.10000000000005826, -20.10000000000013642, 7.599999999999999645 ) ) ;
#4769 = CARTESIAN_POINT ( 'NONE',  ( 41.95750394833927999, 19.97345285621684852, 9.600000000000001421 ) ) ;
#4770 = PRODUCT ( 'Cover', 'Cover', '', ( #1401 ) ) ;
#4771 = CARTESIAN_POINT ( 'NONE',  ( -19.68537591280381704, 43.36974095710397137, -1.303430445185924880 ) ) ;
#4772 = LINE ( 'NONE', #8342, #6451 ) ;
#4773 = LINE ( 'NONE', #240, #9755 ) ;
#4774 = DIRECTION ( 'NONE',  ( -1.000000000000000000, -1.387778780781444413E-14, 0.000000000000000000 ) ) ;
#4775 = EDGE_CURVE ( 'NONE', #337, #6603, #5048, .T. ) ;
#4776 = ORIENTED_EDGE ( 'NONE', *, *, #3854, .F. ) ;
#4777 = ORIENTED_EDGE ( 'NONE', *, *, #4420, .T. ) ;
#4778 = CARTESIAN_POINT ( 'NONE',  ( 20.13409614037195894, 43.80530392117204741, 0.5640113025900077570 ) ) ;
#4779 = CARTESIAN_POINT ( 'NONE',  ( -43.08109060486859221, -18.02616715161314787, 7.599999999999999645 ) ) ;
#4780 = EDGE_CURVE ( 'NONE', #3788, #9478, #5731, .T. ) ;
#4781 = CARTESIAN_POINT ( 'NONE',  ( 20.20120184412633790, 42.70386467095202221, -1.509820670382859831 ) ) ;
#4782 = CARTESIAN_POINT ( 'NONE',  ( 21.10000000000000142, -43.10000000000000853, 10.23000000000000043 ) ) ;
#4783 = DIRECTION ( 'NONE',  ( -0.000000000000000000, -0.000000000000000000, 1.000000000000000000 ) ) ;
#4784 = CARTESIAN_POINT ( 'NONE',  ( -42.53538422206626279, 20.98959392881906538, 13.59999999999999787 ) ) ;
#4785 = CARTESIAN_POINT ( 'NONE',  ( 42.22735090551574189, -16.73484171501768358, 10.03000000000000647 ) ) ;
#4786 = VERTEX_POINT ( 'NONE', #5146 ) ;
#4787 = ORIENTED_EDGE ( 'NONE', *, *, #8416, .T. ) ;
#4788 = ORIENTED_EDGE ( 'NONE', *, *, #930, .F. ) ;
#4789 = CARTESIAN_POINT ( 'NONE',  ( 42.20481555856616041, -16.10000000000012932, 9.600000000000001421 ) ) ;
#4790 = CARTESIAN_POINT ( 'NONE',  ( 42.10000000000006537, 16.10000000000013287, 7.599999999999999645 ) ) ;
#4791 = PLANE ( 'NONE',  #4330 ) ;
#4792 = CYLINDRICAL_SURFACE ( 'NONE', #7851, 4.000000000000000000 ) ;
#4793 = EDGE_CURVE ( 'NONE', #2113, #4709, #9520, .T. ) ;
#4794 = CARTESIAN_POINT ( 'NONE',  ( -13.46823499190750084, 25.91448451592509272, 13.60000000000000142 ) ) ;
#4795 = CARTESIAN_POINT ( 'NONE',  ( -12.08489009577314732, 21.09999999999995879, 15.61607034543155592 ) ) ;
#4796 = B_SPLINE_CURVE_WITH_KNOTS ( 'NONE', 3,
 ( #2502, #2304, #5311, #7739, #5504, #5407, #3934, #8425, #6945, #8518, #9064, #6097 ),
 .UNSPECIFIED., .F., .F.,
 ( 4, 2, 2, 2, 2, 4 ),
 ( 0.000000000000000000, 0.5000000000000000000, 0.7500000000000000000, 0.8750000000000000000, 0.9375000000000000000, 1.000000000000000000 ),
 .UNSPECIFIED. ) ;
#4797 = LINE ( 'NONE', #9387, #9444 ) ;
#4798 = AXIS2_PLACEMENT_3D ( 'NONE', #4537, #9626, #8200 ) ;
#4799 = CARTESIAN_POINT ( 'NONE',  ( -20.35072599843659802, 41.47587029890646448, -2.250725998437148156 ) ) ;
#4800 = VERTEX_POINT ( 'NONE', #4301 ) ;
#4801 = CARTESIAN_POINT ( 'NONE',  ( -19.91325460346367393, -40.78705471579248609, -2.465170449770433425 ) ) ;
#4802 = CARTESIAN_POINT ( 'NONE',  ( -43.88097685546559035, -20.08708972991271935, 13.60000000000000142 ) ) ;
#4803 = FACE_BOUND ( 'NONE', #7424, .T. ) ;
#4804 = LINE ( 'NONE', #5639, #706 ) ;
#4805 = AXIS2_PLACEMENT_3D ( 'NONE', #2763, #1383, #9578 ) ;
#4806 = B_SPLINE_CURVE_WITH_KNOTS ( 'NONE', 3,
 ( #4367, #4604, #5849, #9654, #6137, #3920, #3821, #8125, #9151, #7633, #858, #6934 ),
 .UNSPECIFIED., .F., .F.,
 ( 4, 2, 2, 2, 2, 4 ),
 ( 0.000000000000000000, 0.06250000000000000000, 0.1250000000000000000, 0.2500000000000000000, 0.5000000000000000000, 1.000000000000000000 ),
 .UNSPECIFIED. ) ;
#4807 = CARTESIAN_POINT ( 'NONE',  ( 43.10000000000006537, -16.10000000000013642, 13.60000000000000142 ) ) ;
#4808 = DIRECTION ( 'NONE',  ( 0.000000000000000000, -1.000000000000000000, 0.000000000000000000 ) ) ;
#4809 = CARTESIAN_POINT ( 'NONE',  ( 19.91159499246661468, 42.72404729317486272, -1.811594992472048693 ) ) ;
#4810 = EDGE_LOOP ( 'NONE', ( #210, #2224, #3202, #2965, #6450 ) ) ;
#4811 = VERTEX_POINT ( 'NONE', #5785 ) ;
#4812 = FACE_OUTER_BOUND ( 'NONE', #6053, .T. ) ;
#4813 = DIRECTION ( 'NONE',  ( 1.000000000000000000, 1.916821520416347353E-16, -0.000000000000000000 ) ) ;
#4814 = PRODUCT_DEFINITION ( 'UNKNOWN', '', #1822, #7466 ) ;
#4815 = DIRECTION ( 'NONE',  ( 1.000000000000000000, 0.000000000000000000, 0.000000000000000000 ) ) ;
#4816 = CARTESIAN_POINT ( 'NONE',  ( 41.28047690216013166, 20.12037981425795508, 9.599999999999997868 ) ) ;
#4817 = EDGE_CURVE ( 'NONE', #7973, #2816, #7162, .T. ) ;
#4818 = CARTESIAN_POINT ( 'NONE',  ( -20.05194259113422461, 43.20487506274107403, -1.105758781156537918 ) ) ;
#4819 = CARTESIAN_POINT ( 'NONE',  ( 42.68109130947892282, -6.809766221261243757, 18.59999999999999787 ) ) ;
#4820 = EDGE_CURVE ( 'NONE', #666, #7274, #6003, .T. ) ;
#4821 = DIRECTION ( 'NONE',  ( 0.000000000000000000, -1.000000000000000000, 0.000000000000000000 ) ) ;
#4822 = CARTESIAN_POINT ( 'NONE',  ( 12.50000000000000000, 35.89999999999999147, -3.000000000000000000 ) ) ;
#4823 = AXIS2_PLACEMENT_3D ( 'NONE', #9244, #9054, #5299 ) ;
#4824 = ORIENTED_EDGE ( 'NONE', *, *, #6692, .T. ) ;
#4825 = ORIENTED_EDGE ( 'NONE', *, *, #6343, .F. ) ;
#4826 = CARTESIAN_POINT ( 'NONE',  ( 18.79115110422580059, 43.62161365322772610, -1.722049639538257404 ) ) ;
#4827 = CARTESIAN_POINT ( 'NONE',  ( 22.36666666666673819, -7.399999999999876010, 18.60000000000000142 ) ) ;
#4828 = CARTESIAN_POINT ( 'NONE',  ( -42.88097846064447793, -19.90450979681560639, 7.569999999999997620 ) ) ;
#4829 = CARTESIAN_POINT ( 'NONE',  ( 20.05407719602289163, 42.92614600123683033, -1.450366634566261359 ) ) ;
#4830 = CARTESIAN_POINT ( 'NONE',  ( 40.63684803176915494, -20.06115651372262576, 7.569999999999995843 ) ) ;
#4831 = CARTESIAN_POINT ( 'NONE',  ( 20.60000000000006537, 14.83538406167147095, 0.000000000000000000 ) ) ;
#4832 = CYLINDRICAL_SURFACE ( 'NONE', #3774, 0.5000000000000004441 ) ;
#4833 = CARTESIAN_POINT ( 'NONE',  ( 0.000000000000000000, 0.000000000000000000, 28.59999999999999787 ) ) ;
#4834 = EDGE_LOOP ( 'NONE', ( #4049, #4956, #6700, #1132, #7477, #7590, #7333 ) ) ;
#4835 = ORIENTED_EDGE ( 'NONE', *, *, #9729, .T. ) ;
#4836 = VERTEX_POINT ( 'NONE', #659 ) ;
#4837 = CARTESIAN_POINT ( 'NONE',  ( 17.50000000000000000, -37.50000000000000000, 6.000000000000000000 ) ) ;
#4838 = CARTESIAN_POINT ( 'NONE',  ( 6.633333333333376380, -7.399999999999876010, 18.60000000000000142 ) ) ;
#4839 = CARTESIAN_POINT ( 'NONE',  ( -11.84999999999993747, 18.09999999999995879, 10.59999999999999787 ) ) ;
#4840 = DIRECTION ( 'NONE',  ( -0.000000000000000000, -0.000000000000000000, -1.000000000000000000 ) ) ;
#4841 = EDGE_CURVE ( 'NONE', #7247, #8820, #1011, .T. ) ;
#4842 = CARTESIAN_POINT ( 'NONE',  ( -20.04509543492725854, -42.04509543492726209, 6.552358489066799407 ) ) ;
#4843 = AXIS2_PLACEMENT_3D ( 'NONE', #931, #3252, #1019 ) ;
#4844 = VECTOR ( 'NONE', #7113, 1000.000000000000000 ) ;
#4845 = CARTESIAN_POINT ( 'NONE',  ( -11.95600004725956467, 21.09999999999995879, 15.74357703164107036 ) ) ;
#4846 = CYLINDRICAL_SURFACE ( 'NONE', #2198, 0.7500000000000006661 ) ;
#4847 = ADVANCED_FACE ( 'NONE', ( #2194 ), #4352, .F. ) ;
#4848 = DIRECTION ( 'NONE',  ( 1.826024711554534653E-16, -0.000000000000000000, -1.000000000000000000 ) ) ;
#4849 = ORIENTED_EDGE ( 'NONE', *, *, #3880, .T. ) ;
#4850 = CARTESIAN_POINT ( 'NONE',  ( -16.85487482653013558, -40.69057942229067493, -2.960698279245683295 ) ) ;
#4851 = AXIS2_PLACEMENT_3D ( 'NONE', #5860, #9470, #2707 ) ;
#4852 = FACE_OUTER_BOUND ( 'NONE', #4834, .T. ) ;
#4853 = DIRECTION ( 'NONE',  ( 0.000000000000000000, 0.000000000000000000, 1.000000000000000000 ) ) ;
#4854 = CARTESIAN_POINT ( 'NONE',  ( 43.07025860286482555, -18.39770951319342984, 13.60000000000000320 ) ) ;
#4855 = DIRECTION ( 'NONE',  ( 1.000000000000000000, 0.000000000000000000, 0.000000000000000000 ) ) ;
#4856 = B_SPLINE_CURVE_WITH_KNOTS ( 'NONE', 3,
 ( #4591, #6822, #8446, #1684, #3218, #5383, #3996, #5429, #6867, #6120, #6217, #5480 ),
 .UNSPECIFIED., .F., .F.,
 ( 4, 2, 2, 2, 2, 4 ),
 ( 0.000000000000000000, 0.06250000000000000000, 0.1250000000000000000, 0.2500000000000000000, 0.5000000000000000000, 1.000000000000000000 ),
 .UNSPECIFIED. ) ;
#4857 = DIRECTION ( 'NONE',  ( -1.000000000000000000, -0.000000000000000000, -0.000000000000000000 ) ) ;
#4858 = AXIS2_PLACEMENT_3D ( 'NONE', #8573, #1814, #289 ) ;
#4859 = CARTESIAN_POINT ( 'NONE',  ( 19.97645370996306013, 41.47776637993940341, -2.546620517728045208 ) ) ;
#4860 = ORIENTED_EDGE ( 'NONE', *, *, #4672, .T. ) ;
#4861 = VERTEX_POINT ( 'NONE', #4203 ) ;
#4862 = CARTESIAN_POINT ( 'NONE',  ( 12.50000000000000888, -35.70000000000000284, 6.000000000000000000 ) ) ;
#4863 = CARTESIAN_POINT ( 'NONE',  ( -44.10000000000007248, -16.10000000000013998, 9.600000000000001421 ) ) ;
#4864 = CARTESIAN_POINT ( 'NONE',  ( -21.11238495416166217, -40.95400498820152535, 0.5652278656929694556 ) ) ;
#4865 = DIRECTION ( 'NONE',  ( 1.000000000000000000, 0.000000000000000000, 0.000000000000000000 ) ) ;
#4866 = CARTESIAN_POINT ( 'NONE',  ( 19.54737320415786428, 43.98804278005452062, 9.599999999999997868 ) ) ;
#4867 = AXIS2_PLACEMENT_3D ( 'NONE', #4833, #8079, #1828 ) ;
#4868 = CARTESIAN_POINT ( 'NONE',  ( -19.37217076275808125, 43.84663610935656664, -0.7139846217385759086 ) ) ;
#4869 = CARTESIAN_POINT ( 'NONE',  ( 41.35206067629155058, -7.313899947862278594, 13.59999999999902975 ) ) ;
#4870 = EDGE_CURVE ( 'NONE', #8145, #4744, #7227, .T. ) ;
#4871 = CARTESIAN_POINT ( 'NONE',  ( 19.25137024352281756, -42.44040297830059671, -1.621075194042428391 ) ) ;
#4872 = CARTESIAN_POINT ( 'NONE',  ( 39.06224190603148116, -20.09659791214673774, 7.600000000000000533 ) ) ;
#4873 = VERTEX_POINT ( 'NONE', #8161 ) ;
#4874 = VECTOR ( 'NONE', #9637, 1000.000000000000000 ) ;
#4875 = ORIENTED_EDGE ( 'NONE', *, *, #4143, .T. ) ;
#4876 = CARTESIAN_POINT ( 'NONE',  ( 20.19473485721422179, 43.84802794910748247, 2.000000000000003997 ) ) ;
#4877 = CARTESIAN_POINT ( 'NONE',  ( -16.85000007912429254, 43.67955401047546360, -2.420445989524578678 ) ) ;
#4878 = B_SPLINE_CURVE_WITH_KNOTS ( 'NONE', 3,
 ( #3032, #657, #5195, #4453 ),
 .UNSPECIFIED., .F., .F.,
 ( 4, 4 ),
 ( 0.000000000000000000, 1.000000000000000000 ),
 .UNSPECIFIED. ) ;
#4879 = CARTESIAN_POINT ( 'NONE',  ( -43.20113888443910355, 18.32435739704038369, 10.03000000000000469 ) ) ;
#4880 = CARTESIAN_POINT ( 'NONE',  ( 20.70120575520598294, 41.47897684480971492, -1.781145605585566116 ) ) ;
#4881 = VECTOR ( 'NONE', #9205, 1000.000000000000000 ) ;
#4882 = CARTESIAN_POINT ( 'NONE',  ( 43.10000000000006537, -21.10000000000013642, 7.299999999999999822 ) ) ;
#4883 = PLANE ( 'NONE',  #5754 ) ;
#4884 = FACE_OUTER_BOUND ( 'NONE', #6960, .T. ) ;
#4885 = CARTESIAN_POINT ( 'NONE',  ( 42.22461654477877602, -17.37032354543280022, 10.03000000000055358 ) ) ;
#4886 = EDGE_LOOP ( 'NONE', ( #9476, #4036, #6352, #2952 ) ) ;
#4887 = ORIENTED_EDGE ( 'NONE', *, *, #7950, .F. ) ;
#4888 = ORIENTED_EDGE ( 'NONE', *, *, #6476, .T. ) ;
#4889 = CARTESIAN_POINT ( 'NONE',  ( -13.48402385466941134, 20.71654195172486723, 28.60000000000000497 ) ) ;
#4890 = DIRECTION ( 'NONE',  ( 0.000000000000000000, 0.000000000000000000, 1.000000000000000000 ) ) ;
#4891 = CARTESIAN_POINT ( 'NONE',  ( 39.04630792284373086, 20.09672409429441231, 7.599999999999998757 ) ) ;
#4892 = CARTESIAN_POINT ( 'NONE',  ( -11.09999999999993570, -3.649999999999875566, 25.59999999999999787 ) ) ;
#4893 = CARTESIAN_POINT ( 'NONE',  ( -14.50548556482656792, 21.09999999999994813, 13.81821124060570583 ) ) ;
#4894 = DIRECTION ( 'NONE',  ( 0.000000000000000000, 0.000000000000000000, 1.000000000000000000 ) ) ;
#4895 = ADVANCED_FACE ( 'NONE', ( #3671 ), #3570, .T. ) ;
#4896 = DIRECTION ( 'NONE',  ( -0.000000000000000000, 0.000000000000000000, 1.000000000000000000 ) ) ;
#4897 = CARTESIAN_POINT ( 'NONE',  ( -6.319581223306072004E-14, 18.10000000000000142, 10.59999999999999964 ) ) ;
#4898 = EDGE_LOOP ( 'NONE', ( #4667, #7683, #280, #5006 ) ) ;
#4899 = CARTESIAN_POINT ( 'NONE',  ( 12.50000000000000000, 35.89999999999999147, 6.000000000000000000 ) ) ;
#4900 = CARTESIAN_POINT ( 'NONE',  ( -42.58902559124452836, -20.98247474094949894, 13.60000000000000142 ) ) ;
#4901 = CARTESIAN_POINT ( 'NONE',  ( 20.61665412127436880, -39.53634255459553515, -2.336690937412459146 ) ) ;
#4902 = EDGE_CURVE ( 'NONE', #7972, #6738, #4257, .T. ) ;
#4903 = CARTESIAN_POINT ( 'NONE',  ( 42.98712545639563132, -19.55436243565116072, 13.60000000000000497 ) ) ;
#4904 = CARTESIAN_POINT ( 'NONE',  ( 37.50000000000005684, -15.49999999999987033, 13.60000000000000142 ) ) ;
#4905 = CARTESIAN_POINT ( 'NONE',  ( -18.01689115187821244, -9.329627455907223421, 13.59999999999999964 ) ) ;
#4906 = CARTESIAN_POINT ( 'NONE',  ( 19.88114788336953254, 41.47897655614225698, -2.601205107676156647 ) ) ;
#4907 = ORIENTED_EDGE ( 'NONE', *, *, #1047, .F. ) ;
#4908 = ORIENTED_EDGE ( 'NONE', *, *, #8751, .F. ) ;
#4909 = DIRECTION ( 'NONE',  ( 1.000000000000000000, 0.000000000000000000, 0.000000000000000000 ) ) ;
#4910 = CARTESIAN_POINT ( 'NONE',  ( 16.10000000000000142, 44.10000000000000853, 4.533333333333334991 ) ) ;
#4911 = CARTESIAN_POINT ( 'NONE',  ( -20.97836642101280802, -38.85139133128611633, -1.544491257874789136 ) ) ;
#4912 = LINE ( 'NONE', #5748, #8944 ) ;
#4913 = CARTESIAN_POINT ( 'NONE',  ( -40.10000000000006537, -18.10000000000013642, 10.59999999999999964 ) ) ;
#4914 = CARTESIAN_POINT ( 'NONE',  ( -16.10000000000015064, 44.09802543199295144, 0.4688596676702619925 ) ) ;
#4915 = CARTESIAN_POINT ( 'NONE',  ( 47.41765109545291779, -8.551935119775139427, 13.59999999999999787 ) ) ;
#4916 = CARTESIAN_POINT ( 'NONE',  ( 19.21722931859130412, -42.27005963225298757, -1.869498654792477677 ) ) ;
#4917 = CARTESIAN_POINT ( 'NONE',  ( 17.23397459621556393, 40.10000000000000142, 7.599999999999999645 ) ) ;
#4918 = ORIENTED_EDGE ( 'NONE', *, *, #3087, .T. ) ;
#4919 = ORIENTED_EDGE ( 'NONE', *, *, #4572, .F. ) ;
#4920 = CARTESIAN_POINT ( 'NONE',  ( 19.24003477612328084, 43.38772453215994318, -1.704069336616809149 ) ) ;
#4921 = CARTESIAN_POINT ( 'NONE',  ( -9.100000021260813199, 21.10003571004895306, 18.60000000000119869 ) ) ;
#4922 = CARTESIAN_POINT ( 'NONE',  ( -19.68284921705373947, 42.68284921675936516, -2.059179274065459087 ) ) ;
#4923 = CARTESIAN_POINT ( 'NONE',  ( -21.10000000000000853, -43.10000000000000853, -1.753333333333333854 ) ) ;
#4924 = CARTESIAN_POINT ( 'NONE',  ( 20.83565292289869220, 39.85023373485147857, -2.135508083946123126 ) ) ;
#4925 = B_SPLINE_CURVE_WITH_KNOTS ( 'NONE', 3,
 ( #6855, #3649, #5909, #2906, #5962, #8191, #41, #3059, #4579, #6756, #5370, #6060, #8239, #7502, #7607, #8980, #1372, #2314, #5321, #1475, #5176, #4382, #4476, #6662, #681, #8930, #7405, #8340, #1575, #3694, #8287, #832, #9076, #638, #3111, #2169, #1425, #6107, #4431, #7455, #734, #2218, #3745, #6706, #9716, #9766, #9122, #5220, #2958, #3009, #6014, #2370, #9029, #2263, #1521, #4527, #7555, #783, #3794, #1810, #3254, #1764 ),
 .UNSPECIFIED., .F., .F.,
 ( 4, 1, 1, 1, 1, 1, 1, 1, 2, 2, 1, 1, 1, 1, 1, 1, 2, 2, 1, 1, 1, 1, 2, 2, 2, 1, 1, 1, 1, 2, 2, 1, 1, 1, 1, 1, 2, 2, 1, 1, 1, 1, 1, 1, 2, 2, 4 ),
 ( 0.000000000000000000, 0.1250000000002162992, 0.1875000000003232969, 0.2187500000003755052, 0.2343750000004015954, 0.2421875000004146405, 0.2460937500004211631, 0.2480468750004244383, 0.2490234375004245215, 0.2500000000004246048, 0.3125000000003718692, 0.3437500000003454459, 0.3593750000003334555, 0.3671875000003261280, 0.3710937500003239631, 0.3730468750003227973, 0.3740234375003221867, 0.3750000000003215761, 0.4062500000002825518, 0.4218750000002640110, 0.4296875000002545741, 0.4335937500002498557, 0.4355468750002488010, 0.4375000000002477463, 0.5000000000002430278, 0.5312500000002411404, 0.5468750000002412515, 0.5546875000002415845, 0.5585937500002416956, 0.5605468750002418066, 0.5625000000002418066, 0.5937500000002331468, 0.6093750000002290390, 0.6171875000002267075, 0.6210937500002257083, 0.6230468750002251532, 0.6240234375002249312, 0.6250000000002247091, 0.6875000000001453282, 0.7187500000001061373, 0.7343750000000871525, 0.7421875000000777156, 0.7460937500000734968, 0.7480468750000712763, 0.7490234375000706102, 0.7500000000000699441, 1.000000000000000000 ),
 .UNSPECIFIED. ) ;
#4926 = CARTESIAN_POINT ( 'NONE',  ( 16.10000000000002274, -42.96431329436439484, -1.630788731756549259 ) ) ;
#4927 = CARTESIAN_POINT ( 'NONE',  ( 41.94571140254451080, 20.00428713161852912, 10.03000000000000647 ) ) ;
#4928 = CARTESIAN_POINT ( 'NONE',  ( -21.10000000000000142, 39.10000000000001563, 9.600000000000001421 ) ) ;
#4929 = CARTESIAN_POINT ( 'NONE',  ( -43.84640685949426597, 20.19274964925191185, 13.60000000000000142 ) ) ;
#4930 = ORIENTED_EDGE ( 'NONE', *, *, #7308, .T. ) ;
#4931 = ORIENTED_EDGE ( 'NONE', *, *, #8772, .F. ) ;
#4932 = ORIENTED_EDGE ( 'NONE', *, *, #4032, .T. ) ;
#4933 = CARTESIAN_POINT ( 'NONE',  ( 15.50000000000000000, 37.50000000000000000, 2.000000000000000000 ) ) ;
#4934 = CARTESIAN_POINT ( 'NONE',  ( -20.72365611449979639, -38.10000000000000853, -2.353450447365241338 ) ) ;
#4935 = CARTESIAN_POINT ( 'NONE',  ( 13.49999999999999645, 37.50000000000000000, 6.000000000000000000 ) ) ;
#4936 = EDGE_CURVE ( 'NONE', #7052, #8973, #5196, .T. ) ;
#4937 = CARTESIAN_POINT ( 'NONE',  ( 43.10000000000006537, -7.859190049335556871, 13.80425466389593048 ) ) ;
#4938 = CARTESIAN_POINT ( 'NONE',  ( -19.04758512044393015, 19.09025454377460917, 13.60000000000001208 ) ) ;
#4939 = EDGE_CURVE ( 'NONE', #8858, #1317, #8174, .T. ) ;
#4940 = CARTESIAN_POINT ( 'NONE',  ( -14.55173878487366679, 21.09999999999994458, 13.80732860242039450 ) ) ;
#4941 = CARTESIAN_POINT ( 'NONE',  ( 41.88984571103283372, -19.88984178720754059, 7.599999999999999645 ) ) ;
#4942 = CARTESIAN_POINT ( 'NONE',  ( 12.04111586979625059, -36.96509760345961126, 6.000000000000000000 ) ) ;
#4943 = CARTESIAN_POINT ( 'NONE',  ( 20.59999999999999432, 43.60000000000002274, 2.000000000000001332 ) ) ;
#4944 = EDGE_LOOP ( 'NONE', ( #7487, #4144, #8600, #2164 ) ) ;
#4945 = DIRECTION ( 'NONE',  ( 1.000000000000000000, 3.491481338843133750E-15, 0.000000000000000000 ) ) ;
#4946 = CARTESIAN_POINT ( 'NONE',  ( 21.10000000000000142, 44.10000000000000853, 10.23000000000000043 ) ) ;
#4947 = CARTESIAN_POINT ( 'NONE',  ( 0.000000000000000000, 0.000000000000000000, 7.599999999999999645 ) ) ;
#4948 = CARTESIAN_POINT ( 'NONE',  ( -19.88124999999823928, -41.88124999999826059, -1.687500000000242695 ) ) ;
#4949 = EDGE_CURVE ( 'NONE', #60, #4535, #9641, .T. ) ;
#4950 = CARTESIAN_POINT ( 'NONE',  ( 42.98574326795722556, -19.56481889561253595, 13.60000000000000320 ) ) ;
#4951 = VECTOR ( 'NONE', #6661, 1000.000000000000000 ) ;
#4952 = DIRECTION ( 'NONE',  ( 1.000000000000000000, 0.000000000000000000, 0.000000000000000000 ) ) ;
#4953 = CARTESIAN_POINT ( 'NONE',  ( -19.00741989729856485, -5.958467100888364953, 13.60000000000000142 ) ) ;
#4954 = CARTESIAN_POINT ( 'NONE',  ( 18.59020129874680549, 40.53523670167523818, -3.032384039208385396 ) ) ;
#4955 = ORIENTED_EDGE ( 'NONE', *, *, #1871, .F. ) ;
#4956 = ORIENTED_EDGE ( 'NONE', *, *, #8175, .T. ) ;
#4957 = CARTESIAN_POINT ( 'NONE',  ( 42.02763088764394439, 20.89929146666903037, 28.60000000000000497 ) ) ;
#4958 = DIRECTION ( 'NONE',  ( -1.000000000000000000, 0.000000000000000000, 0.000000000000000000 ) ) ;
#4959 = CARTESIAN_POINT ( 'NONE',  ( -20.64662051772440421, -41.97645370996252723, -0.3777663799381547061 ) ) ;
#4960 = CARTESIAN_POINT ( 'NONE',  ( -20.27338287872943567, 41.77269184024923732, -2.173382878730059087 ) ) ;
#4961 = AXIS2_PLACEMENT_3D ( 'NONE', #738, #6758, #2589 ) ;
#4962 = LINE ( 'NONE', #517, #8167 ) ;
#4963 = ADVANCED_FACE ( 'NONE', ( #8901, #4998, #1395 ), #5934, .F. ) ;
#4964 = CARTESIAN_POINT ( 'NONE',  ( 42.96876705646161554, -6.001362912420306728, 13.59999999999871889 ) ) ;
#4965 = CARTESIAN_POINT ( 'NONE',  ( 19.40343074669603496, -42.36974103932065105, -1.585375447199836696 ) ) ;
#4966 = ORIENTED_EDGE ( 'NONE', *, *, #3038, .F. ) ;
#4967 = VECTOR ( 'NONE', #7669, 1000.000000000000000 ) ;
#4968 = EDGE_CURVE ( 'NONE', #5879, #5356, #8583, .T. ) ;
#4969 = VERTEX_POINT ( 'NONE', #1250 ) ;
#4970 = CARTESIAN_POINT ( 'NONE',  ( 19.28511273046592933, 43.58390516620036692, -1.372533052839301604 ) ) ;
#4971 = CARTESIAN_POINT ( 'NONE',  ( -16.85004899478213147, 43.74141812957342523, -2.327526155829486409 ) ) ;
#4972 = CARTESIAN_POINT ( 'NONE',  ( -20.03164678249993358, 40.53584101845719800, -2.750005809652165567 ) ) ;
#4973 = DIRECTION ( 'NONE',  ( -1.000000000000000000, -0.000000000000000000, -0.000000000000000000 ) ) ;
#4974 = CARTESIAN_POINT ( 'NONE',  ( 20.36974095710156973, 42.68537591280335874, -1.303430445187615749 ) ) ;
#4975 = VECTOR ( 'NONE', #9197, 1000.000000000000000 ) ;
#4976 = CARTESIAN_POINT ( 'NONE',  ( 42.04172511989462890, -18.93756930551642625, 7.600000000000001421 ) ) ;
#4977 = CARTESIAN_POINT ( 'NONE',  ( 16.10000000000000142, -43.10000000000000853, -1.753333333333333632 ) ) ;
#4978 = CARTESIAN_POINT ( 'NONE',  ( -39.10000000000008669, 20.22735090365765132, 10.03000000000000469 ) ) ;
#4979 = CARTESIAN_POINT ( 'NONE',  ( 21.10000000000000142, -38.10000000000001563, 2.000000000000000000 ) ) ;
#4980 = ORIENTED_EDGE ( 'NONE', *, *, #9126, .F. ) ;
#4981 = ORIENTED_EDGE ( 'NONE', *, *, #1592, .F. ) ;
#4982 = VERTEX_POINT ( 'NONE', #2397 ) ;
#4983 = CARTESIAN_POINT ( 'NONE',  ( -13.08708972991108155, 20.88097685546622628, 28.59999999999999432 ) ) ;
#4984 = CARTESIAN_POINT ( 'NONE',  ( -20.68917607033207418, -39.53623954460118028, -2.236628522728902890 ) ) ;
#4985 = CARTESIAN_POINT ( 'NONE',  ( 40.71416540259459538, 20.05550665149208811, 7.600000000000000533 ) ) ;
#4986 = CARTESIAN_POINT ( 'NONE',  ( 43.10000000000006537, -7.342809858114549115, 13.96340468743564500 ) ) ;
#4987 = CARTESIAN_POINT ( 'NONE',  ( -13.34810984059696359, 20.78162464687776989, 18.60000000000192699 ) ) ;
#4988 = CARTESIAN_POINT ( 'NONE',  ( 19.52984423246652668, -41.99887817354282049, -1.898878173545506254 ) ) ;
#4989 = AXIS2_PLACEMENT_3D ( 'NONE', #469, #5845, #1410 ) ;
#4990 = CARTESIAN_POINT ( 'NONE',  ( -12.18566852150889446, 21.09999999999995524, 15.51623308143342861 ) ) ;
#4991 = CARTESIAN_POINT ( 'NONE',  ( 18.77269184024831716, 43.27338287873149625, -2.173382878733344459 ) ) ;
#4992 = FACE_OUTER_BOUND ( 'NONE', #5138, .T. ) ;
#4993 = CARTESIAN_POINT ( 'NONE',  ( 39.60000000000006537, -4.959016994374864318, 27.72132034355963981 ) ) ;
#4994 = ORIENTED_EDGE ( 'NONE', *, *, #2491, .F. ) ;
#4995 = EDGE_CURVE ( 'NONE', #4873, #9709, #5394, .T. ) ;
#4996 = DIRECTION ( 'NONE',  ( 1.000000000000000000, 0.000000000000000000, 0.000000000000000000 ) ) ;
#4997 = CARTESIAN_POINT ( 'NONE',  ( 21.10000000000000142, 39.10000000000000853, 7.486666666666669023 ) ) ;
#4998 = FACE_BOUND ( 'NONE', #9455, .T. ) ;
#4999 = AXIS2_PLACEMENT_3D ( 'NONE', #8527, #1763, #2368 ) ;
#5000 = CARTESIAN_POINT ( 'NONE',  ( -19.47253210955343761, -42.58390522574286052, -1.185113476104512342 ) ) ;
#5001 = CARTESIAN_POINT ( 'NONE',  ( -39.10000000000009379, 21.09999999999986642, 9.600000000000001421 ) ) ;
#5002 = ITEM_DEFINED_TRANSFORMATION ( 'NONE', 'NONE', #8752,  #4338 ) ;
#5003 = FACE_OUTER_BOUND ( 'NONE', #3284, .T. ) ;
#5004 = VECTOR ( 'NONE', #2109, 1000.000000000000000 ) ;
#5005 = CARTESIAN_POINT ( 'NONE',  ( 19.91325460346284615, 41.78705471579473851, -2.465170449772249750 ) ) ;
#5006 = ORIENTED_EDGE ( 'NONE', *, *, #7803, .T. ) ;
#5007 = VERTEX_POINT ( 'NONE', #9149 ) ;
#5008 = CARTESIAN_POINT ( 'NONE',  ( 42.98959392881931763, 19.53538422206573699, 28.60000000000000853 ) ) ;
#5009 = CARTESIAN_POINT ( 'NONE',  ( -42.52369367399617062, -20.11093151868265139, 10.03000000000000469 ) ) ;
#5010 = CARTESIAN_POINT ( 'NONE',  ( 19.88124999999700648, -41.88124999999963904, -1.687500000002673417 ) ) ;
#5011 = CARTESIAN_POINT ( 'NONE',  ( 18.10000000000000142, -40.10000000000000142, 0.000000000000000000 ) ) ;
#5012 = CARTESIAN_POINT ( 'NONE',  ( 10.27689577749880101, 38.90000000000000568, 7.599999999999999645 ) ) ;
#5013 = CARTESIAN_POINT ( 'NONE',  ( -20.52666543961043644, 43.52666543961033341, 0.5635990939286488199 ) ) ;
#5014 = CARTESIAN_POINT ( 'NONE',  ( 39.59548118336071099, -12.39683023553765118, 13.59999999999999076 ) ) ;
#5015 = CARTESIAN_POINT ( 'NONE',  ( 19.68284921675714827, -42.15917927406501065, -1.582849217057257896 ) ) ;
#5016 = VERTEX_POINT ( 'NONE', #3772 ) ;
#5017 = EDGE_CURVE ( 'NONE', #6375, #1665, #9185, .T. ) ;
#5018 = ORIENTED_EDGE ( 'NONE', *, *, #2086, .F. ) ;
#5019 = CARTESIAN_POINT ( 'NONE',  ( 40.10000000000006537, -18.10000000000013642, 10.59999999999999964 ) ) ;
#5020 = CARTESIAN_POINT ( 'NONE',  ( -19.34565534669047437, 43.14786261771919129, -1.903597371100300695 ) ) ;
#5021 = AXIS2_PLACEMENT_3D ( 'NONE', #3665, #2091, #2876 ) ;
#5022 = CARTESIAN_POINT ( 'NONE',  ( -20.19473485721420403, 39.09999999999920561, -2.748027949107477941 ) ) ;
#5023 = CARTESIAN_POINT ( 'NONE',  ( 40.77737469915371804, -4.078031807554679311, 27.17196819244522743 ) ) ;
#5024 = CARTESIAN_POINT ( 'NONE',  ( 21.13238374522532226, 40.53524773529944980, -0.4902036570712632324 ) ) ;
#5025 = B_SPLINE_CURVE_WITH_KNOTS ( 'NONE', 3,
 ( #7371, #6725, #7523, #2877, #8210, #5237, #6777, #3618, #4348, #2977, #6032, #15 ),
 .UNSPECIFIED., .F., .F.,
 ( 4, 2, 2, 2, 2, 4 ),
 ( 0.000000000000000000, 0.06250000000000000000, 0.1250000000000000000, 0.2500000000000000000, 0.5000000000000000000, 1.000000000000000000 ),
 .UNSPECIFIED. ) ;
#5026 = ADVANCED_FACE ( 'NONE', ( #6133, #1646 ), #6831, .F. ) ;
#5027 = CARTESIAN_POINT ( 'NONE',  ( 16.10000000000001918, -43.10000000000000853, 2.000000000000000000 ) ) ;
#5028 = LINE ( 'NONE', #4235, #4389 ) ;
#5029 = CARTESIAN_POINT ( 'NONE',  ( -16.10000000000000142, -41.22000000000271314, -3.000000000000000000 ) ) ;
#5030 = AXIS2_PLACEMENT_3D ( 'NONE', #3370, #9341, #5588 ) ;
#5031 = CARTESIAN_POINT ( 'NONE',  ( -9.099999999999951683, 21.09999999999996945, 21.93333333333413293 ) ) ;
#5032 = ORIENTED_EDGE ( 'NONE', *, *, #6431, .F. ) ;
#5033 = VERTEX_POINT ( 'NONE', #5348 ) ;
#5034 = CARTESIAN_POINT ( 'NONE',  ( -13.81364017786914999, 20.27774806692493215, 28.60000000000000142 ) ) ;
#5035 = CARTESIAN_POINT ( 'NONE',  ( -19.97040907923911846, -41.59521940940774698, -1.870409079240949790 ) ) ;
#5036 = CARTESIAN_POINT ( 'NONE',  ( 20.08708972991020758, -42.88097685546651405, 9.600000000000001421 ) ) ;
#5037 = CARTESIAN_POINT ( 'NONE',  ( 43.10000000000006537, -8.410049717515297729, 13.71450959289460592 ) ) ;
#5038 = AXIS2_PLACEMENT_3D ( 'NONE', #7492, #8276, #5165 ) ;
#5039 = PLANE ( 'NONE',  #5281 ) ;
#5040 = DIRECTION ( 'NONE',  ( -0.000000000000000000, -0.000000000000000000, -1.000000000000000000 ) ) ;
#5041 = CARTESIAN_POINT ( 'NONE',  ( 19.59521940940668472, -41.97040907924098718, -1.870409079243722017 ) ) ;
#5042 = CARTESIAN_POINT ( 'NONE',  ( 0.000000000000000000, -4.399999999999876010, 25.59999999999999787 ) ) ;
#5043 = LINE ( 'NONE', #6521, #6287 ) ;
#5044 = DIRECTION ( 'NONE',  ( 0.000000000000000000, 0.000000000000000000, 1.000000000000000000 ) ) ;
#5045 = ORIENTED_EDGE ( 'NONE', *, *, #4318, .F. ) ;
#5046 = CARTESIAN_POINT ( 'NONE',  ( -20.72365630556134164, -42.45345021429153576, 1.999999999999996669 ) ) ;
#5047 = DIRECTION ( 'NONE',  ( 1.000000000000000000, 0.000000000000000000, 0.000000000000000000 ) ) ;
#5048 = LINE ( 'NONE', #610, #8725 ) ;
#5049 = CARTESIAN_POINT ( 'NONE',  ( -19.41333066476250835, -42.91268977490077674, -0.3885131512359234485 ) ) ;
#5050 = CARTESIAN_POINT ( 'NONE',  ( 43.10000000000006537, -2.399999999999876010, 12.84999999999999964 ) ) ;
#5051 = DIRECTION ( 'NONE',  ( -0.000000000000000000, -0.000000000000000000, -1.000000000000000000 ) ) ;
#5052 = CARTESIAN_POINT ( 'NONE',  ( 17.58231510585710922, 39.86011572819121085, -2.997698119810964457 ) ) ;
#5053 = VERTEX_POINT ( 'NONE', #4651 ) ;
#5054 = ORIENTED_EDGE ( 'NONE', *, *, #2133, .F. ) ;
#5055 = CARTESIAN_POINT ( 'NONE',  ( 41.01724912190732653, -12.34818762461442532, 13.60000000000000142 ) ) ;
#5056 = CARTESIAN_POINT ( 'NONE',  ( -43.00867571955415514, -19.97354894125177083, 10.03000000000000647 ) ) ;
#5057 = CARTESIAN_POINT ( 'NONE',  ( 19.99329092510034656, -41.77688266332312850, -1.676882664673404744 ) ) ;
#5058 = CARTESIAN_POINT ( 'NONE',  ( -18.27520024098700802, -8.837253498123825324, 13.60000000000000497 ) ) ;
#5059 = ADVANCED_FACE ( 'NONE', ( #8367 ), #763, .F. ) ;
#5060 = CARTESIAN_POINT ( 'NONE',  ( -18.10000000000000142, -40.10000000000000142, 6.000000000000000000 ) ) ;
#5061 = CARTESIAN_POINT ( 'NONE',  ( 15.50000000000000000, 37.50000000000000000, 6.000000000000000000 ) ) ;
#5062 = CARTESIAN_POINT ( 'NONE',  ( 19.28511347610110960, -42.58390522574475057, -1.372532109559149838 ) ) ;
#5063 = CARTESIAN_POINT ( 'NONE',  ( 42.20113888443497530, -18.32435739703928235, 10.02999999999972758 ) ) ;
#5064 = ORIENTED_EDGE ( 'NONE', *, *, #8144, .F. ) ;
#5065 = ORIENTED_EDGE ( 'NONE', *, *, #4543, .F. ) ;
#5066 = CARTESIAN_POINT ( 'NONE',  ( 18.47897655613859413, 43.70120510767547017, -1.781147883374702756 ) ) ;
#5067 = CARTESIAN_POINT ( 'NONE',  ( -19.44544266091043738, -41.44544202143010381, -2.408216675361007031 ) ) ;
#5068 = CARTESIAN_POINT ( 'NONE',  ( 21.10000000000000497, -38.86546107923214066, 2.000000000000000888 ) ) ;
#5069 = CARTESIAN_POINT ( 'NONE',  ( -20.23550808394524836, 39.85023373484984432, -2.735652922899084238 ) ) ;
#5070 = CARTESIAN_POINT ( 'NONE',  ( 42.05119839417455552, 19.72292105550157260, 9.599999999999640821 ) ) ;
#5071 = CARTESIAN_POINT ( 'NONE',  ( 21.02120089170345807, 41.84582436512597781, -0.7458205113274415377 ) ) ;
#5072 = EDGE_CURVE ( 'NONE', #9210, #8730, #8704, .T. ) ;
#5073 = CARTESIAN_POINT ( 'NONE',  ( 16.10000000000002274, -42.66766467421546594, -2.432335325784538149 ) ) ;
#5074 = CARTESIAN_POINT ( 'NONE',  ( 43.10000000000006537, -21.10000000000013642, 9.500000000000007105 ) ) ;
#5075 = CARTESIAN_POINT ( 'NONE',  ( -21.10000000000000142, -44.33999999999795705, -3.000000000000000000 ) ) ;
#5076 = CARTESIAN_POINT ( 'NONE',  ( -43.10000000000006537, -8.261500752994470738E-15, 7.599999999999999645 ) ) ;
#5077 = ORIENTED_EDGE ( 'NONE', *, *, #331, .T. ) ;
#5078 = ORIENTED_EDGE ( 'NONE', *, *, #897, .T. ) ;
#5079 = EDGE_CURVE ( 'NONE', #3630, #9000, #20, .T. ) ;
#5080 = CARTESIAN_POINT ( 'NONE',  ( -9.592648192897831549, 21.09999999999996945, 28.59999999999999787 ) ) ;
#5081 = FACE_OUTER_BOUND ( 'NONE', #5743, .T. ) ;
#5082 = LINE ( 'NONE', #9727, #7021 ) ;
#5083 = CARTESIAN_POINT ( 'NONE',  ( 43.10000000000006537, -8.956241848914729076, 13.66546871164444354 ) ) ;
#5084 = CARTESIAN_POINT ( 'NONE',  ( -15.50000000000000000, -37.50000000000000000, 0.000000000000000000 ) ) ;
#5085 = CARTESIAN_POINT ( 'NONE',  ( -12.99732606576029781, 20.90947459174620704, 18.60000000000064446 ) ) ;
#5086 = CARTESIAN_POINT ( 'NONE',  ( 19.72831132817864841, -39.53539937452551811, -2.861977240291261548 ) ) ;
#5087 = CARTESIAN_POINT ( 'NONE',  ( -14.00416956306436589, -5.713803563545949871, 28.59999999999999076 ) ) ;
#5088 = CARTESIAN_POINT ( 'NONE',  ( 40.36820079462638944, -7.371313877990844254, 28.59999999999999787 ) ) ;
#5089 = CARTESIAN_POINT ( 'NONE',  ( 40.60000000000006537, 17.54098300562517565, 25.59999999999999787 ) ) ;
#5090 = ORIENTED_EDGE ( 'NONE', *, *, #8735, .F. ) ;
#5091 = EDGE_CURVE ( 'NONE', #8820, #5696, #9157, .T. ) ;
#5092 = DIRECTION ( 'NONE',  ( -1.000000000000000000, 0.000000000000000000, 0.000000000000000000 ) ) ;
#5093 = FACE_OUTER_BOUND ( 'NONE', #5462, .T. ) ;
#5094 = DIRECTION ( 'NONE',  ( -0.000000000000000000, -0.000000000000000000, -1.000000000000000000 ) ) ;
#5095 = CARTESIAN_POINT ( 'NONE',  ( -19.57047616857148498, -42.10546131036083750, -1.752408431243652531 ) ) ;
#5096 = FILL_AREA_STYLE ('',( #8903 ) ) ;
#5097 = DIRECTION ( 'NONE',  ( 1.000000000000000000, 0.000000000000000000, 0.000000000000000000 ) ) ;
#5098 = CARTESIAN_POINT ( 'NONE',  ( 18.60000000000000142, 39.23397459621556749, 7.599999999999999645 ) ) ;
#5099 = CARTESIAN_POINT ( 'NONE',  ( 41.98331538500357141, 19.50514369042862484, 7.569999999999997620 ) ) ;
#5100 = CARTESIAN_POINT ( 'NONE',  ( -20.72365611449979994, 43.45345044736523477, 2.000000000000000888 ) ) ;
#5101 = VERTEX_POINT ( 'NONE', #3868 ) ;
#5102 = ORIENTED_EDGE ( 'NONE', *, *, #8955, .F. ) ;
#5103 = CARTESIAN_POINT ( 'NONE',  ( 41.54258782409764450, 20.98866520347227649, 28.60000000000000142 ) ) ;
#5104 = DIRECTION ( 'NONE',  ( 1.000000000000000000, 0.000000000000000000, 0.000000000000000000 ) ) ;
#5105 = CARTESIAN_POINT ( 'NONE',  ( 20.14786261771653386, -42.00359737109874914, -1.245655346693324894 ) ) ;
#5106 = CARTESIAN_POINT ( 'NONE',  ( -11.17347768862570234, -12.37937929537339521, 13.60000000000000497 ) ) ;
#5107 = DIRECTION ( 'NONE',  ( 1.000000000000000000, 0.000000000000000000, 0.000000000000000000 ) ) ;
#5108 = CARTESIAN_POINT ( 'NONE',  ( -20.52044598952398502, 43.67955401047510122, 1.250000079124315766 ) ) ;
#5109 = CARTESIAN_POINT ( 'NONE',  ( -42.95730921019862336, 19.97360932272135159, 9.599999999999994316 ) ) ;
#5110 = CARTESIAN_POINT ( 'NONE',  ( 16.86011889369785877, -43.09769885325029293, 0.5177116373597311361 ) ) ;
#5111 = LINE ( 'NONE', #2306, #1876 ) ;
#5112 = ORIENTED_EDGE ( 'NONE', *, *, #9199, .T. ) ;
#5113 = CONICAL_SURFACE ( 'NONE', #7328, 3.149999999999999911, 0.7853981633974482790 ) ;
#5114 = ORIENTED_EDGE ( 'NONE', *, *, #6350, .F. ) ;
#5115 = CARTESIAN_POINT ( 'NONE',  ( 16.10000000000000142, 44.09802463877585410, 0.4688325137343559157 ) ) ;
#5116 = CARTESIAN_POINT ( 'NONE',  ( -18.81398651894425811, -41.37216851478331137, -2.746636277087862066 ) ) ;
#5117 = CARTESIAN_POINT ( 'NONE',  ( 42.08138178950365216, 18.01456311780293618, 7.599999999999999645 ) ) ;
#5118 = ADVANCED_FACE ( 'NONE', ( #9051 ), #3188, .T. ) ;
#5119 = CARTESIAN_POINT ( 'NONE',  ( -19.19424047815941137, 43.13248562931523367, -2.032485629316226561 ) ) ;
#5120 = CARTESIAN_POINT ( 'NONE',  ( 16.10000000000000142, -38.10000000000001563, -3.000000000000000000 ) ) ;
#5121 = CARTESIAN_POINT ( 'NONE',  ( 20.84663627708471267, 41.81398651894352980, -1.272168514785117610 ) ) ;
#5122 = EDGE_CURVE ( 'NONE', #8730, #7650, #2440, .T. ) ;
#5123 = AXIS2_PLACEMENT_3D ( 'NONE', #4738, #9040, #843 ) ;
#5124 = CARTESIAN_POINT ( 'NONE',  ( 20.59999999999999432, 43.60000000000002274, 2.000000000000001332 ) ) ;
#5125 = CARTESIAN_POINT ( 'NONE',  ( 16.10000000000001208, -42.59999999999999432, -2.499999999999998668 ) ) ;
#5126 = DIRECTION ( 'NONE',  ( -0.000000000000000000, -1.000000000000000000, -0.000000000000000000 ) ) ;
#5127 = DIRECTION ( 'NONE',  ( 1.000000000000000000, 0.000000000000000000, 0.000000000000000000 ) ) ;
#5128 = CARTESIAN_POINT ( 'NONE',  ( -44.00743052736972771, 19.39755730793439170, 13.60000000000000142 ) ) ;
#5129 = ORIENTED_EDGE ( 'NONE', *, *, #3047, .T. ) ;
#5130 = CARTESIAN_POINT ( 'NONE',  ( 43.10000000000006537, 21.10000000000015419, 29.64999999999999503 ) ) ;
#5131 = CARTESIAN_POINT ( 'NONE',  ( 19.53988389866406550, -42.98901496049343507, 9.600000000000001421 ) ) ;
#5132 = CARTESIAN_POINT ( 'NONE',  ( 43.10000000000006537, -7.648854782592105828, 13.85938287226601950 ) ) ;
#5133 = DIRECTION ( 'NONE',  ( 1.000000000000000000, 0.000000000000000000, 0.000000000000000000 ) ) ;
#5134 = DIRECTION ( 'NONE',  ( -1.000000000000000000, 0.000000000000000000, 0.000000000000000000 ) ) ;
#5135 = CARTESIAN_POINT ( 'NONE',  ( 19.33080941177669843, -42.08137278453664720, -1.981372784539196186 ) ) ;
#5136 = DIRECTION ( 'NONE',  ( 1.000000000000000000, 0.000000000000000000, 0.000000000000000000 ) ) ;
#5137 = CARTESIAN_POINT ( 'NONE',  ( 41.27279173385945654, -7.318817590058149136, 28.59999999999999787 ) ) ;
#5138 = EDGE_LOOP ( 'NONE', ( #3678, #2142, #1528, #4427, #7775, #3898, #1715, #524, #2403, #8660, #1316, #8894, #4308, #4630, #4766, #4414 ) ) ;
#5139 =( BOUNDED_CURVE ( )  B_SPLINE_CURVE ( 2, ( #6044, #9060, #9013 ),
 .UNSPECIFIED., .F., .F. ) 
 B_SPLINE_CURVE_WITH_KNOTS ( ( 3, 3 ),
 ( 0.000000000000000000, 1.000000000000000000 ),
 .UNSPECIFIED. ) 
 CURVE ( )  GEOMETRIC_REPRESENTATION_ITEM ( )  RATIONAL_B_SPLINE_CURVE ( ( 2.500000000000000444, 2.499999999999997335, 1.000000000000000000 ) ) 
 REPRESENTATION_ITEM ( '' )  );
#5140 = DIRECTION ( 'NONE',  ( 1.000000000000000000, 0.000000000000000000, 0.000000000000000000 ) ) ;
#5141 = ORIENTED_EDGE ( 'NONE', *, *, #9365, .T. ) ;
#5142 = ADVANCED_FACE ( 'NONE', ( #4455 ), #737, .T. ) ;
#5143 = CARTESIAN_POINT ( 'NONE',  ( -16.10000000000000142, 44.10000000000001563, -1.753333333333333632 ) ) ;
#5144 = CARTESIAN_POINT ( 'NONE',  ( 40.59999999999995879, 14.74336270281543726, 25.59999999999999787 ) ) ;
#5145 = EDGE_CURVE ( 'NONE', #6177, #4470, #2341, .T. ) ;
#5146 = CARTESIAN_POINT ( 'NONE',  ( -18.10000000000000142, 34.46026316928587363, 0.000000000000000000 ) ) ;
#5147 = CARTESIAN_POINT ( 'NONE',  ( -19.24003477612431112, -42.38772453215784708, -1.704069336613690755 ) ) ;
#5148 = AXIS2_PLACEMENT_3D ( 'NONE', #6994, #328, #2551 ) ;
#5149 = AXIS2_PLACEMENT_3D ( 'NONE', #7550, #6951, #137 ) ;
#5150 = B_SPLINE_CURVE_WITH_KNOTS ( 'NONE', 3,
 ( #227, #128, #5457, #6894, #6149, #3243, #4617, #6049, #971, #3976, #3154, #3834 ),
 .UNSPECIFIED., .F., .F.,
 ( 4, 2, 2, 2, 2, 4 ),
 ( 0.000000000000000000, 0.5000000000000000000, 0.7500000000000000000, 0.8750000000000000000, 0.9375000000000000000, 1.000000000000000000 ),
 .UNSPECIFIED. ) ;
#5151 = EDGE_CURVE ( 'NONE', #4786, #6849, #4503, .T. ) ;
#5152 = DIRECTION ( 'NONE',  ( 1.000000000000000000, 0.000000000000000000, 0.000000000000000000 ) ) ;
#5153 = DIRECTION ( 'NONE',  ( -1.000000000000000000, 0.000000000000000000, 0.000000000000000000 ) ) ;
#5154 = CARTESIAN_POINT ( 'NONE',  ( -14.09999999999993570, -2.399999999999876010, 28.59999999999999787 ) ) ;
#5155 = FACE_OUTER_BOUND ( 'NONE', #5579, .T. ) ;
#5156 = ORIENTED_EDGE ( 'NONE', *, *, #4550, .F. ) ;
#5157 = EDGE_LOOP ( 'NONE', ( #6600, #1271, #9321, #2593, #5931, #3578, #2562, #6466, #304, #8048, #2913, #1391, #6498, #8169, #5376, #4175, #369, #2191, #8320, #5509, #2941, #579, #9427, #1879, #8685, #4437 ) ) ;
#5158 = APPLICATION_CONTEXT ( 'automotive_design' ) ;
#5159 = VECTOR ( 'NONE', #1620, 1000.000000000000000 ) ;
#5160 = CARTESIAN_POINT ( 'NONE',  ( 41.39755730794001920, 21.00743052736960692, 28.59999999999999787 ) ) ;
#5161 = CARTESIAN_POINT ( 'NONE',  ( -42.73751285395579202, -19.93872658585959101, 7.569999999999997620 ) ) ;
#5162 = LINE ( 'NONE', #6591, #3071 ) ;
#5163 = DIRECTION ( 'NONE',  ( 0.000000000000000000, -0.05233595624294377913, 0.9986295347545739443 ) ) ;
#5164 = CARTESIAN_POINT ( 'NONE',  ( -20.53233532578454401, 43.66766467421548015, 2.000000000000000888 ) ) ;
#5165 = DIRECTION ( 'NONE',  ( -1.000000000000000000, 0.000000000000000000, 0.000000000000000000 ) ) ;
#5166 = AXIS2_PLACEMENT_3D ( 'NONE', #17, #5932, #8950 ) ;
#5167 = CARTESIAN_POINT ( 'NONE',  ( 19.59829718316589364, -42.84427059966305507, -0.3837689175071233860 ) ) ;
#5168 = CARTESIAN_POINT ( 'NONE',  ( 18.47000000000205588, 44.10000000000000853, 2.000000000000000000 ) ) ;
#5169 = EDGE_LOOP ( 'NONE', ( #8430, #5986, #6686, #3294 ) ) ;
#5170 = ORIENTED_EDGE ( 'NONE', *, *, #322, .F. ) ;
#5171 = ORIENTED_EDGE ( 'NONE', *, *, #1980, .F. ) ;
#5172 = CARTESIAN_POINT ( 'NONE',  ( 16.10000000000001563, 44.03798319008015483, -1.061445128398946558 ) ) ;
#5173 = CARTESIAN_POINT ( 'NONE',  ( -19.92614600123615176, -41.55036663456242962, -1.954077196026616114 ) ) ;
#5174 = CARTESIAN_POINT ( 'NONE',  ( 20.93222032930457033, -41.92029505638997477, 2.000000000000001776 ) ) ;
#5175 = CIRCLE ( 'NONE', #2496, 2.000000000000001776 ) ;
#5176 = CARTESIAN_POINT ( 'NONE',  ( -20.98901496049337467, -41.53988389866471920, 9.600000000000003197 ) ) ;
#5177 = EDGE_CURVE ( 'NONE', #5423, #7767, #5443, .T. ) ;
#5178 = CARTESIAN_POINT ( 'NONE',  ( 18.35000000000000142, -39.66698729810778445, 6.000000000000000000 ) ) ;
#5179 = CARTESIAN_POINT ( 'NONE',  ( -18.10000000000000142, -39.23397459621556749, 6.000000000000000000 ) ) ;
#5180 = CARTESIAN_POINT ( 'NONE',  ( -43.16744196330100891, 18.64239511823559781, 9.600000000000099121 ) ) ;
#5181 = CARTESIAN_POINT ( 'NONE',  ( 40.96487654685545721, -20.03982962038331550, 7.600000000000002309 ) ) ;
#5182 = FACE_OUTER_BOUND ( 'NONE', #7754, .T. ) ;
#5183 = VERTEX_POINT ( 'NONE', #2578 ) ;
#5184 = FACE_OUTER_BOUND ( 'NONE', #1642, .T. ) ;
#5185 = CARTESIAN_POINT ( 'NONE',  ( -42.95587090975468669, -19.66583689297405613, 7.599999999999998757 ) ) ;
#5186 = CARTESIAN_POINT ( 'NONE',  ( -14.09999999999993747, -2.399999999999876010, 18.60000000000000497 ) ) ;
#5187 = CARTESIAN_POINT ( 'NONE',  ( 0.000000000000000000, -18.10000000000013642, 10.59999999999999964 ) ) ;
#5188 = CARTESIAN_POINT ( 'NONE',  ( 11.50000000000000000, 37.50000000000000000, 0.000000000000000000 ) ) ;
#5189 = DIRECTION ( 'NONE',  ( 1.000000000000000000, 0.000000000000000000, 0.000000000000000000 ) ) ;
#5190 = CARTESIAN_POINT ( 'NONE',  ( 19.38919717909234208, -41.76528683176429269, -2.219395703980037826 ) ) ;
#5191 = CARTESIAN_POINT ( 'NONE',  ( -14.09999999999993570, 16.09999999999996945, 21.93333333333333712 ) ) ;
#5192 = CARTESIAN_POINT ( 'NONE',  ( 43.10000000000006537, 16.10000000000013287, 28.59999999999999432 ) ) ;
#5193 = DIRECTION ( 'NONE',  ( 0.000000000000000000, 0.000000000000000000, 1.000000000000000000 ) ) ;
#5194 = ORIENTED_EDGE ( 'NONE', *, *, #3888, .T. ) ;
#5195 = CARTESIAN_POINT ( 'NONE',  ( -16.10000000000000497, 44.10000000000000853, 7.066666666666668206 ) ) ;
#5196 = LINE ( 'NONE', #8109, #4259 ) ;
#5197 = CARTESIAN_POINT ( 'NONE',  ( -19.75079123681189941, -41.95340664962798627, -1.744660021920483084 ) ) ;
#5198 = EDGE_CURVE ( 'NONE', #8868, #3874, #8700, .T. ) ;
#5199 = DIRECTION ( 'NONE',  ( -0.000000000000000000, -0.000000000000000000, -1.000000000000000000 ) ) ;
#5200 = CARTESIAN_POINT ( 'NONE',  ( 20.27338287872605704, 43.27338287872817801, -0.6726918402521367968 ) ) ;
#5201 = CARTESIAN_POINT ( 'NONE',  ( 41.94728329632101804, 19.70005921271669180, 7.569999999999999396 ) ) ;
#5202 = CARTESIAN_POINT ( 'NONE',  ( -20.14786261771912024, 43.00359737109887703, -1.245655346691215692 ) ) ;
#5203 = ORIENTED_EDGE ( 'NONE', *, *, #5618, .T. ) ;
#5204 = ORIENTED_EDGE ( 'NONE', *, *, #5804, .F. ) ;
#5205 = CARTESIAN_POINT ( 'NONE',  ( 19.75079123681094373, -41.84466002192034040, -1.853406649632560299 ) ) ;
#5206 = CARTESIAN_POINT ( 'NONE',  ( 20.96431329436439128, 39.10000000000088249, -1.630788731756567467 ) ) ;
#5207 = CARTESIAN_POINT ( 'NONE',  ( -16.09999999999996589, -42.60000000000000853, -2.500000000000000444 ) ) ;
#5208 = CARTESIAN_POINT ( 'NONE',  ( 38.10000000000007248, -21.10000000000013642, 9.600000000000001421 ) ) ;
#5209 = EDGE_CURVE ( 'NONE', #5842, #3912, #1837, .T. ) ;
#5210 = CARTESIAN_POINT ( 'NONE',  ( -19.91159499246876408, 42.72404729317372585, -1.811594992469624410 ) ) ;
#5211 = CARTESIAN_POINT ( 'NONE',  ( -42.12002029711269557, 20.13407336582522689, 9.599999999999994316 ) ) ;
#5212 = CARTESIAN_POINT ( 'NONE',  ( 17.53524773529787595, -43.13238374522700269, -0.4902036570734640275 ) ) ;
#5213 = CARTESIAN_POINT ( 'NONE',  ( 19.88124999999710241, 42.78750000000005116, -1.781250000002630562 ) ) ;
#5214 = EDGE_LOOP ( 'NONE', ( #8385, #5998, #872, #3506, #828, #4522, #1943, #4076, #2867, #3002, #1027, #4875, #9761, #1408, #9274, #1570, #928, #6275, #2447, #1038, #607, #6587, #3104, #6310, #6949, #445, #2692, #2469, #5194, #580, #837, #2057, #987 ) ) ;
#5215 = VERTEX_POINT ( 'NONE', #5630 ) ;
#5216 = EDGE_LOOP ( 'NONE', ( #1677, #1089 ) ) ;
#5217 = CARTESIAN_POINT ( 'NONE',  ( 16.10000000000000853, 43.72365630556134164, -2.353450214291521903 ) ) ;
#5218 = CARTESIAN_POINT ( 'NONE',  ( -19.34565534668966791, -42.00359737109886282, -2.047862617720418665 ) ) ;
#5219 = CARTESIAN_POINT ( 'NONE',  ( 42.08109060486874853, 18.02616715161852312, 7.599999999999999645 ) ) ;
#5220 = CARTESIAN_POINT ( 'NONE',  ( -19.54737320415789270, -42.98804278005446378, 9.600000000000004974 ) ) ;
#5221 = CARTESIAN_POINT ( 'NONE',  ( -18.60000000000000142, 39.23397459621556749, 4.585786437626904188 ) ) ;
#5222 = CARTESIAN_POINT ( 'NONE',  ( 38.05901699319150566, -12.39999999999987601, 13.60000000000000142 ) ) ;
#5223 = CYLINDRICAL_SURFACE ( 'NONE', #1832, 0.5000000000000004441 ) ;
#5224 = CARTESIAN_POINT ( 'NONE',  ( 21.10000000000000142, -38.10000000000000853, 9.600000000000001421 ) ) ;
#5225 = ORIENTED_EDGE ( 'NONE', *, *, #5122, .F. ) ;
#5226 = PLANE ( 'NONE',  #8147 ) ;
#5227 = CARTESIAN_POINT ( 'NONE',  ( -43.00396021807554803, -19.36132740145813003, 7.599999999999998757 ) ) ;
#5228 = CARTESIAN_POINT ( 'NONE',  ( 21.06938128774561036, -40.42161314647698589, 9.600000000000001421 ) ) ;
#5229 = PLANE ( 'NONE',  #8331 ) ;
#5230 = CARTESIAN_POINT ( 'NONE',  ( -18.78295866748109333, 21.09999999999993392, 13.60000000000000142 ) ) ;
#5231 = LINE ( 'NONE', #8354, #2285 ) ;
#5232 = CARTESIAN_POINT ( 'NONE',  ( 16.85004868582024073, -42.42752591515871785, -2.641418315408134543 ) ) ;
#5233 = B_SPLINE_SURFACE_WITH_KNOTS ( 'NONE', 1, 3, ( 
 ( #3675, #2100, #23, #8219, #3575, #565, #3628, #5099, #3040, #5201, #8066, #6584, #6684, #9596, #9695, #5940, #2839 ),
 ( #8116, #7383, #614, #8958, #6641, #2197, #9055, #9153, #1555, #5353, #8317, #5300, #9198, #2346, #3234, #2444, #218 ) ),
 .UNSPECIFIED., .F., .F., .F.,
 ( 2, 2 ),
 ( 4, 2, 2, 2, 2, 2, 3, 4 ),
 ( 0.000000000000000000, 1.000000000000000000 ),
 ( 0.000000000000000000, 0.5000000000000000000, 0.7500000000000000000, 0.8750000000000000000, 0.9375000000000000000, 0.9687500000000000000, 1.000000000000000000, 1.013443191588596193 ),
 .UNSPECIFIED. ) ;
#5234 = CARTESIAN_POINT ( 'NONE',  ( -13.12889382622898893, -7.168027478078117021, 28.59999999999999787 ) ) ;
#5235 = DIRECTION ( 'NONE',  ( 1.000000000000000000, 0.000000000000000000, 0.000000000000000000 ) ) ;
#5236 = VERTEX_POINT ( 'NONE', #215 ) ;
#5237 = CARTESIAN_POINT ( 'NONE',  ( -20.93221865287136296, 39.09999999999920561, -1.820302720362595883 ) ) ;
#5238 = EDGE_CURVE ( 'NONE', #4721, #3767, #285, .T. ) ;
#5239 = ORIENTED_EDGE ( 'NONE', *, *, #7664, .T. ) ;
#5240 = CARTESIAN_POINT ( 'NONE',  ( 18.47000000000205588, -43.10000000000822951, -3.000000000003083311 ) ) ;
#5241 = PLANE ( 'NONE',  #1540 ) ;
#5242 = CARTESIAN_POINT ( 'NONE',  ( -16.10000000000000142, 39.09999999999836717, -3.000000000000000000 ) ) ;
#5243 = EDGE_CURVE ( 'NONE', #1342, #6090, #1886, .T. ) ;
#5244 = CARTESIAN_POINT ( 'NONE',  ( -17.53583960580045442, -42.85000447008996360, -1.931651259445579027 ) ) ;
#5245 = CYLINDRICAL_SURFACE ( 'NONE', #4342, 2.000000000000001776 ) ;
#5246 = DIRECTION ( 'NONE',  ( 0.000000000000000000, 0.000000000000000000, 1.000000000000000000 ) ) ;
#5247 = ORIENTED_EDGE ( 'NONE', *, *, #6384, .F. ) ;
#5248 = ORIENTED_EDGE ( 'NONE', *, *, #4841, .T. ) ;
#5249 = CARTESIAN_POINT ( 'NONE',  ( 20.59999999999945430, -38.84999999999995168, -2.500000000000544453 ) ) ;
#5250 = CARTESIAN_POINT ( 'NONE',  ( 16.10000000000002984, -42.19474083638178286, -2.748025777449564888 ) ) ;
#5251 = B_SPLINE_CURVE_WITH_KNOTS ( 'NONE', 3,
 ( #3081, #6680, #3670, #854, #1547, #6782, #4649, #3769, #8365, #2395, #6081, #1644, #5292, #6877, #62, #18, #9097, #7676, #9049, #8213, #2339, #9688, #4454, #5346, #112, #762, #5933, #1597, #806, #4600, #6131, #7478, #2238, #2193, #5392, #7581, #707, #3718, #3135, #2931, #9147, #9741, #3034, #8412, #8310, #8951, #8262 ),
 .UNSPECIFIED., .F., .F.,
 ( 4, 1, 1, 1, 1, 1, 2, 2, 1, 1, 1, 1, 1, 2, 2, 1, 1, 1, 1, 1, 2, 2, 1, 1, 1, 1, 2, 2, 1, 1, 1, 1, 2, 2, 4 ),
 ( 0.000000000000000000, 0.1250000000001889600, 0.1875000000002807199, 0.2187500000003295697, 0.2343750000003539946, 0.2421875000003693990, 0.2460937500003738676, 0.2500000000003783640, 0.3750000000004762857, 0.4375000000005280221, 0.4687500000005510037, 0.4843750000005653811, 0.4921875000005696554, 0.4960937500005688783, 0.5000000000005679901, 0.6250000000004412026, 0.6875000000003750333, 0.7187500000003449463, 0.7343750000003267386, 0.7421875000003209655, 0.7460937500003147482, 0.7500000000003085310, 0.8125000000002252643, 0.8437500000001861844, 0.8593750000001696421, 0.8671875000001645351, 0.8710937500001589839, 0.8750000000001534328, 0.9062500000001330047, 0.9218750000001255662, 0.9296875000001221245, 0.9335937500001203482, 0.9355468750001164624, 0.9375000000001126876, 1.000000000000000000 ),
 .UNSPECIFIED. ) ;
#5252 = CARTESIAN_POINT ( 'NONE',  ( 20.20120184412651909, -41.60982067037975440, -1.603864670954996408 ) ) ;
#5253 = ADVANCED_FACE ( 'NONE', ( #8593 ), #4792, .T. ) ;
#5254 = CARTESIAN_POINT ( 'NONE',  ( -14.27741695525860166, -12.05314724918348013, 13.60000000000000142 ) ) ;
#5255 = CARTESIAN_POINT ( 'NONE',  ( -20.19474083638179351, 43.84802577744958541, 1.999999999999994893 ) ) ;
#5256 = CYLINDRICAL_SURFACE ( 'NONE', #3313, 4.000000000000000000 ) ;
#5257 = CARTESIAN_POINT ( 'NONE',  ( 20.03165125944169489, -42.85000447008867752, 0.5641603941974251413 ) ) ;
#5258 = CARTESIAN_POINT ( 'NONE',  ( -5.366666666666667140, 44.10000000000001563, 2.000000000000000000 ) ) ;
#5259 = ORIENTED_EDGE ( 'NONE', *, *, #6531, .T. ) ;
#5260 = EDGE_LOOP ( 'NONE', ( #1605, #915, #8129, #759 ) ) ;
#5261 = ORIENTED_EDGE ( 'NONE', *, *, #2907, .F. ) ;
#5262 = DIRECTION ( 'NONE',  ( 1.000000000000000000, 0.000000000000000000, 0.000000000000000000 ) ) ;
#5263 = CARTESIAN_POINT ( 'NONE',  ( -18.87036442724950547, -40.50669127814648363, -2.969609538718280817 ) ) ;
#5264 = AXIS2_PLACEMENT_3D ( 'NONE', #8952, #6581, #2778 ) ;
#5265 = EDGE_CURVE ( 'NONE', #3460, #3764, #6326, .T. ) ;
#5266 = CARTESIAN_POINT ( 'NONE',  ( 41.99017548658512311, 19.46436809832186299, 7.600000000000000533 ) ) ;
#5267 = DIRECTION ( 'NONE',  ( -1.000000000000000000, 0.000000000000000000, 0.000000000000000000 ) ) ;
#5268 = CARTESIAN_POINT ( 'NONE',  ( 35.65000000013789361, 18.10000000000012577, 34.62551937541124403 ) ) ;
#5269 = CARTESIAN_POINT ( 'NONE',  ( 0.000000000000000000, 43.10000000000000853, 7.599999999999999645 ) ) ;
#5270 = CARTESIAN_POINT ( 'NONE',  ( 38.73484171501706896, 20.22735090552900772, 10.03000000000000647 ) ) ;
#5271 = CARTESIAN_POINT ( 'NONE',  ( 40.00747221968425293, -20.08155764929727383, 7.600000000000001421 ) ) ;
#5272 = EDGE_CURVE ( 'NONE', #9273, #6738, #2025, .T. ) ;
#5273 = CARTESIAN_POINT ( 'NONE',  ( -43.09758742274881627, 16.93242454297054778, 7.599999999999998757 ) ) ;
#5274 = ORIENTED_EDGE ( 'NONE', *, *, #8981, .T. ) ;
#5275 = CARTESIAN_POINT ( 'NONE',  ( -11.09999999999993570, -4.399999999999876010, 27.72132034355963981 ) ) ;
#5276 = CARTESIAN_POINT ( 'NONE',  ( -42.90155197451337443, -19.86571348515890634, 7.599999999999999645 ) ) ;
#5277 = UNCERTAINTY_MEASURE_WITH_UNIT (LENGTH_MEASURE( 1.000000000000000082E-05 ), #4209, 'distance_accuracy_value', 'NONE');
#5278 = CARTESIAN_POINT ( 'NONE',  ( -20.62161405295989880, -40.79115177378858448, -1.722048096576740850 ) ) ;
#5279 = CARTESIAN_POINT ( 'NONE',  ( 21.05304772075218978, -40.79246757331490159, 9.600000000000003197 ) ) ;
#5280 = DIRECTION ( 'NONE',  ( -1.000000000000000000, -1.112002228190261198E-16, 0.000000000000000000 ) ) ;
#5281 = AXIS2_PLACEMENT_3D ( 'NONE', #8054, #3660, #1290 ) ;
#5282 = CARTESIAN_POINT ( 'NONE',  ( 21.10000000000000142, 39.10000000000187725, 2.000000000000000888 ) ) ;
#5283 = CARTESIAN_POINT ( 'NONE',  ( -42.98414113284322013, -19.93560524261028633, 9.600000000000111555 ) ) ;
#5284 = CARTESIAN_POINT ( 'NONE',  ( 16.86011572818968673, -39.58231510585834201, -2.997698119811109674 ) ) ;
#5285 = PLANE ( 'NONE',  #9711 ) ;
#5286 = CARTESIAN_POINT ( 'NONE',  ( 42.06115088678066627, -18.63729749817740000, 7.569999999999995843 ) ) ;
#5287 = EDGE_LOOP ( 'NONE', ( #9399, #1420, #5389, #8773, #6201, #392, #1458, #5290, #5064, #4024, #3064 ) ) ;
#5288 = AXIS2_PLACEMENT_3D ( 'NONE', #364, #9450, #2688 ) ;
#5289 = CARTESIAN_POINT ( 'NONE',  ( -20.48402385466944864, 43.71654195172570212, 9.600000000000001421 ) ) ;
#5290 = ORIENTED_EDGE ( 'NONE', *, *, #4224, .T. ) ;
#5291 = DIRECTION ( 'NONE',  ( -0.000000000000000000, -0.000000000000000000, 1.000000000000000000 ) ) ;
#5292 = CARTESIAN_POINT ( 'NONE',  ( -40.74293942039291494, -20.08744795435150010, 7.600000000000000533 ) ) ;
#5293 = CARTESIAN_POINT ( 'NONE',  ( 21.03798319008016549, 42.16144512839913006, 2.000000000000015543 ) ) ;
#5294 = DIRECTION ( 'NONE',  ( -1.000000000000000000, 0.000000000000000000, 0.000000000000000000 ) ) ;
#5295 = CARTESIAN_POINT ( 'NONE',  ( -16.86546107923214066, -43.10000000000000142, 2.000000000000003997 ) ) ;
#5296 = FILL_AREA_STYLE_COLOUR ( '', #8490 ) ;
#5297 = EDGE_CURVE ( 'NONE', #6439, #7247, #353, .T. ) ;
#5298 = CIRCLE ( 'NONE', #8130, 0.5000000000000004441 ) ;
#5299 = DIRECTION ( 'NONE',  ( 1.000000000000000000, 0.000000000000000000, 0.000000000000000000 ) ) ;
#5300 = CARTESIAN_POINT ( 'NONE',  ( 42.04096527428995245, 19.85251873003142720, 10.03000000000000469 ) ) ;
#5301 = CARTESIAN_POINT ( 'NONE',  ( -20.20852091177755838, 42.92439473638204106, -1.260309687570180026 ) ) ;
#5302 = ORIENTED_EDGE ( 'NONE', *, *, #5446, .T. ) ;
#5303 = ORIENTED_EDGE ( 'NONE', *, *, #859, .F. ) ;
#5304 = CARTESIAN_POINT ( 'NONE',  ( 0.000000000000000000, 0.000000000000000000, 2.000000000000000000 ) ) ;
#5305 = CARTESIAN_POINT ( 'NONE',  ( 20.66766467421546949, 39.10000000000093934, -2.432335325784538149 ) ) ;
#5306 = CARTESIAN_POINT ( 'NONE',  ( 21.04464114138268016, -41.06536417594526256, 1.246780727450349513 ) ) ;
#5307 = CARTESIAN_POINT ( 'NONE',  ( 40.59999999999995168, 16.25663729718458228, 25.59999999999999787 ) ) ;
#5308 = CLOSED_SHELL ( 'NONE', ( #1351, #172, #1052, #8949, #378, #8303, #8018, #6571, #938, #2799, #4616, #2892, #9183, #7811, #5026, #7696, #676, #1549, #8864, #9303, #5554, #473, #8990, #2699, #84, #9075, #1770, #6755, #3508, #4070, #450, #3654, #4173, #2475, #5253, #750, #5928, #8410, #3708, #7560, #6575, #9172, #6522, #722, #232, #4355, #5059, #7174, #1951, #1031, #6902, #5399, #4847, #7588, #7755, #625, #7323, #6087, #7298, #1321, #4479, #410, #521, #4895, #2561, #7507, #8619, #9429, #135, #5118, #7762, #95, #1413, #6321, #7460, #9672, #2078, #6695, #7235, #2177, #6496, #3676, #257, #2251, #8281, #4654, #7553, #5749, #8509, #7745, #574, #7820, #3341, #8362, #4739, #2055, #9604, #9101, #4296 ) ) ;
#5309 = CARTESIAN_POINT ( 'NONE',  ( -18.69057942229089520, 39.85487482652974478, -2.960698279245673525 ) ) ;
#5310 = CARTESIAN_POINT ( 'NONE',  ( -21.10000000000000142, -38.10000000000000853, 2.000000000000000000 ) ) ;
#5311 = CARTESIAN_POINT ( 'NONE',  ( -17.53640090607124691, 43.52666543961096579, -2.426665439611389363 ) ) ;
#5312 = CARTESIAN_POINT ( 'NONE',  ( 18.84582436512433290, -43.02120089170595207, -0.7458205113299318789 ) ) ;
#5313 = CIRCLE ( 'NONE', #4048, 4.000000000000000000 ) ;
#5314 = CARTESIAN_POINT ( 'NONE',  ( -11.09999999999993570, 18.09999999999996234, 7.599999999999999645 ) ) ;
#5315 = VERTEX_POINT ( 'NONE', #959 ) ;
#5316 = ORIENTED_EDGE ( 'NONE', *, *, #3454, .F. ) ;
#5317 = CARTESIAN_POINT ( 'NONE',  ( -11.19689577749890219, 40.80000000000000426, 7.599999999999998757 ) ) ;
#5318 = DIRECTION ( 'NONE',  ( -0.000000000000000000, -0.000000000000000000, -1.000000000000000000 ) ) ;
#5319 = CARTESIAN_POINT ( 'NONE',  ( -18.59020129874768301, -39.53523670167359683, -3.032384039207730808 ) ) ;
#5320 = CARTESIAN_POINT ( 'NONE',  ( 42.09889575078384638, 16.78515570075146712, 7.600000000000003197 ) ) ;
#5321 = CARTESIAN_POINT ( 'NONE',  ( -20.99046056094366364, -41.52861721390511462, 9.600000000000003197 ) ) ;
#5322 = B_SPLINE_SURFACE_WITH_KNOTS ( 'NONE', 3, 3, ( 
 ( #5689, #4948, #7966, #4018, #3289, #7127, #362, #6335, #1199, #6379, #5548, #7083 ),
 ( #4206, #3480, #9393, #6290, #1059, #4069, #318, #3334, #5593, #8604, #1847, #8163 ),
 ( #5885, #5197, #6530, #1301, #1251, #1451, #6636, #9542, #2779, #2195, #3720, #8215 ),
 ( #7432, #1397, #5788, #9691, #7325, #3523, #506, #8851, #2097, #4456, #1348, #611 ),
 ( #3624, #559, #5095, #9642, #4353, #7378, #8802, #4409, #5935, #660, #6682, #7479 ),
 ( #3672, #8954, #3571, #8902, #2933, #709, #5000, #8014, #5837, #2882, #2146, #2000 ),
 ( #4258, #7278, #6582, #5147, #6731, #2730, #2052, #5736, #5049, #9594, #8750, #8064 ),
 ( #4302, #2835, #8110, #8368, #7632, #3820, #857, #4555, #2343, #6881, #1599, #4603 ),
 ( #5395, #6185, #1647, #3919, #4705, #2289, #4652, #2441, #7584, #3139, #170, #8460 ),
 ( #2240, #3085, #3869, #6136, #5244, #9150, #1498, #4504, #809, #2398, #7679, #910 ),
 ( #1697, #7529, #6832, #7727, #6785, #21, #960, #3037, #65, #5350, #6038, #5295 ),
 ( #6084, #3967, #9744, #2984, #5991, #9053, #8313, #1552, #4750, #1139, #7772, #9385 ) ),
 .UNSPECIFIED., .F., .F., .F.,
 ( 4, 2, 2, 2, 2, 4 ),
 ( 4, 2, 2, 2, 2, 4 ),
 ( 0.000000000000000000, 0.06250000000000000000, 0.1250000000000000000, 0.2500000000000000000, 0.5000000000000000000, 1.000000000000000000 ),
 ( 0.000000000000000000, 0.06250000000000000000, 0.1250000000000000000, 0.2500000000000000000, 0.5000000000000000000, 1.000000000000000000 ),
 .UNSPECIFIED. ) ;
#5323 = AXIS2_PLACEMENT_3D ( 'NONE', #8309, #7580, #3079 ) ;
#5324 = CARTESIAN_POINT ( 'NONE',  ( -42.70545446987776472, 19.94742540629392025, 7.600000000000000533 ) ) ;
#5325 = CARTESIAN_POINT ( 'NONE',  ( 16.10000000000001563, 43.45345044736526319, -2.623656114499783865 ) ) ;
#5326 = CARTESIAN_POINT ( 'NONE',  ( -21.10000000000000142, -41.22000000000271314, -3.000000000000000000 ) ) ;
#5327 = EDGE_CURVE ( 'NONE', #1305, #2113, #8459, .T. ) ;
#5328 = CARTESIAN_POINT ( 'NONE',  ( -43.09714857554417478, 16.99274735645995804, 7.599999999999998757 ) ) ;
#5329 = AXIS2_PLACEMENT_3D ( 'NONE', #891, #2381, #2228 ) ;
#5330 = VERTEX_POINT ( 'NONE', #4892 ) ;
#5331 = CARTESIAN_POINT ( 'NONE',  ( 19.77688266332064160, 42.99329092510335926, -1.676882664673692513 ) ) ;
#5332 = CARTESIAN_POINT ( 'NONE',  ( -14.07006491942904880, 18.40303354164372607, 28.60000000000001208 ) ) ;
#5333 = CARTESIAN_POINT ( 'NONE',  ( 21.06222914285901382, -40.59927203773341375, 9.600000000000003197 ) ) ;
#5334 = FACE_OUTER_BOUND ( 'NONE', #8260, .T. ) ;
#5335 = EDGE_CURVE ( 'NONE', #27, #4734, #1746, .T. ) ;
#5336 = DIRECTION ( 'NONE',  ( -0.000000000000000000, -0.000000000000000000, -1.000000000000000000 ) ) ;
#5337 = CARTESIAN_POINT ( 'NONE',  ( -11.19689577749890219, 41.30000000000000426, -6.938893903907228378E-15 ) ) ;
#5338 = VECTOR ( 'NONE', #6111, 1000.000000000000000 ) ;
#5339 = LINE ( 'NONE', #159, #4967 ) ;
#5340 = CARTESIAN_POINT ( 'NONE',  ( -11.39770951319319181, -7.370258602864643294, 28.59999999999999787 ) ) ;
#5341 = CARTESIAN_POINT ( 'NONE',  ( 43.09011195108238468, -4.149677193739901071, 28.59999999999999787 ) ) ;
#5342 = ORIENTED_EDGE ( 'NONE', *, *, #76, .F. ) ;
#5343 = CARTESIAN_POINT ( 'NONE',  ( -20.81364017786937026, 43.27774806692443121, 9.600000000000004974 ) ) ;
#5344 = ORIENTED_EDGE ( 'NONE', *, *, #8175, .F. ) ;
#5345 = DIRECTION ( 'NONE',  ( -1.000000000000000000, 0.000000000000000000, 0.000000000000000000 ) ) ;
#5346 = CARTESIAN_POINT ( 'NONE',  ( -41.89628922577378489, -20.04450687065331493, 7.599999999999998757 ) ) ;
#5347 = CARTESIAN_POINT ( 'NONE',  ( 20.74141831540515923, 43.42752591515638017, 1.249951314178816553 ) ) ;
#5348 = CARTESIAN_POINT ( 'NONE',  ( 20.60000000000006537, -7.399999999999876010, 23.89999999999999503 ) ) ;
#5349 = VECTOR ( 'NONE', #8541, 1000.000000000000000 ) ;
#5350 = CARTESIAN_POINT ( 'NONE',  ( -16.86011572819033333, -43.09769811981069410, 0.5176848941412247607 ) ) ;
#5351 = CARTESIAN_POINT ( 'NONE',  ( 13.54575131106458663, 35.89999999999999147, 0.000000000000000000 ) ) ;
#5352 = CARTESIAN_POINT ( 'NONE',  ( -16.51317222897012371, 21.09999999999994102, 13.62511680673114078 ) ) ;
#5353 = CARTESIAN_POINT ( 'NONE',  ( 42.07320996662632240, 19.72776371185502953, 10.03000000000000824 ) ) ;
#5354 = CARTESIAN_POINT ( 'NONE',  ( -20.66038026670464944, 42.30725802099630073, -1.207259101984423433 ) ) ;
#5355 = VERTEX_POINT ( 'NONE', #6419 ) ;
#5356 = VERTEX_POINT ( 'NONE', #7725 ) ;
#5357 = CARTESIAN_POINT ( 'NONE',  ( 19.81645280242903695, -41.81645280243176188, -1.818015302434603520 ) ) ;
#5358 = CARTESIAN_POINT ( 'NONE',  ( 19.99887817353972963, -41.52984423246895318, -1.898878173544845449 ) ) ;
#5359 = CARTESIAN_POINT ( 'NONE',  ( -19.07506090160576662, -4.631344348377879783, 13.59999999999999787 ) ) ;
#5360 = CARTESIAN_POINT ( 'NONE',  ( -18.47897655614063339, 42.88114788337045269, -2.601205107674399386 ) ) ;
#5361 = DIRECTION ( 'NONE',  ( -0.9986295347545739443, 0.000000000000000000, 0.05233595624294377913 ) ) ;
#5362 = CARTESIAN_POINT ( 'NONE',  ( 40.33773021338272002, -21.07237354602665391, 13.60000000000000142 ) ) ;
#5363 = CARTESIAN_POINT ( 'NONE',  ( -13.67206547413390005, -6.821352548586629538, 18.59999999999938325 ) ) ;
#5364 = CARTESIAN_POINT ( 'NONE',  ( 16.85023373485022091, 43.23550808394647760, -2.735652922900184691 ) ) ;
#5365 = ORIENTED_EDGE ( 'NONE', *, *, #8144, .T. ) ;
#5366 = VERTEX_POINT ( 'NONE', #3966 ) ;
#5367 = ORIENTED_EDGE ( 'NONE', *, *, #859, .T. ) ;
#5368 = CARTESIAN_POINT ( 'NONE',  ( 20.13248562931365626, -41.19424047815982703, -2.032485629318264042 ) ) ;
#5369 = LINE ( 'NONE', #5415, #592 ) ;
#5370 = CARTESIAN_POINT ( 'NONE',  ( -21.07039211818118574, -40.39402075846348339, 9.600000000000001421 ) ) ;
#5371 = EDGE_CURVE ( 'NONE', #6066, #2654, #8953, .T. ) ;
#5372 = CARTESIAN_POINT ( 'NONE',  ( -42.92900344636556298, 19.92909258494802671, 8.600000000927101595 ) ) ;
#5373 = CARTESIAN_POINT ( 'NONE',  ( -11.69689577749890219, 38.90000000000000568, 0.000000000000000000 ) ) ;
#5374 = CARTESIAN_POINT ( 'NONE',  ( 40.60658263645534305, -20.06167168020865788, 7.599999999999998757 ) ) ;
#5375 = CARTESIAN_POINT ( 'NONE',  ( -43.09525126151886809, 17.22341368421472652, 7.599999999999999645 ) ) ;
#5376 = ORIENTED_EDGE ( 'NONE', *, *, #3997, .T. ) ;
#5377 = CARTESIAN_POINT ( 'NONE',  ( 19.97040907923730657, 42.97040907924009900, -1.495219409411808309 ) ) ;
#5378 = CARTESIAN_POINT ( 'NONE',  ( 42.20481555856616041, -16.10000000000012932, 9.600000000000001421 ) ) ;
#5379 = CARTESIAN_POINT ( 'NONE',  ( -20.84663610935585254, -41.37217076275697281, -0.7139846217385601435 ) ) ;
#5380 = FACE_OUTER_BOUND ( 'NONE', #1039, .T. ) ;
#5381 = DIRECTION ( 'NONE',  ( 0.000000000000000000, -0.000000000000000000, -1.000000000000000000 ) ) ;
#5382 = EDGE_CURVE ( 'NONE', #1028, #715, #6369, .T. ) ;
#5383 = CARTESIAN_POINT ( 'NONE',  ( 19.92030272036264549, -42.93221865287134875, 2.000000000000000000 ) ) ;
#5384 = CARTESIAN_POINT ( 'NONE',  ( -19.06824196538102711, 18.54430070254424123, 13.60000000000000497 ) ) ;
#5385 = LINE ( 'NONE', #5838, #1253 ) ;
#5386 = CARTESIAN_POINT ( 'NONE',  ( 16.10000000000002274, -42.60000000000001563, -2.500000000000008438 ) ) ;
#5387 = CARTESIAN_POINT ( 'NONE',  ( -41.30000000000003979, 9.776895777498653572, -15.40511026734024824 ) ) ;
#5388 = CARTESIAN_POINT ( 'NONE',  ( 42.89929146666646886, -6.327630887656066072, 28.60000000000001208 ) ) ;
#5389 = ORIENTED_EDGE ( 'NONE', *, *, #992, .F. ) ;
#5390 = CARTESIAN_POINT ( 'NONE',  ( -21.00743052736773464, 42.39755730794972521, 9.600000000000003197 ) ) ;
#5391 = EDGE_LOOP ( 'NONE', ( #7984, #8504, #4349, #6259 ) ) ;
#5392 = CARTESIAN_POINT ( 'NONE',  ( -42.41849497125706137, -19.99638483701581393, 7.600000000000001421 ) ) ;
#5393 = CARTESIAN_POINT ( 'NONE',  ( 20.84802577744956764, 43.19474083638180417, 2.000000000000005329 ) ) ;
#5394 = LINE ( 'NONE', #3918, #6637 ) ;
#5395 = CARTESIAN_POINT ( 'NONE',  ( -18.47587029890629751, -42.35072599843614682, -2.250725998437342223 ) ) ;
#5396 = CARTESIAN_POINT ( 'NONE',  ( -20.53233532578454401, 43.66766467421548015, 2.000000000000000888 ) ) ;
#5397 = DIRECTION ( 'NONE',  ( -1.826024711554534653E-16, 0.000000000000000000, 1.000000000000000000 ) ) ;
#5398 = DIRECTION ( 'NONE',  ( -0.000000000000000000, -0.000000000000000000, -1.000000000000000000 ) ) ;
#5399 = ADVANCED_FACE ( 'NONE', ( #4009 ), #3277, .F. ) ;
#5400 = CARTESIAN_POINT ( 'NONE',  ( -20.77173952470181462, 42.55059604045607813, -0.7042254570673126546 ) ) ;
#5401 = ORIENTED_EDGE ( 'NONE', *, *, #1682, .F. ) ;
#5402 = CARTESIAN_POINT ( 'NONE',  ( 20.20487506273976308, -41.20575878115602819, -1.951942591137337812 ) ) ;
#5403 = CARTESIAN_POINT ( 'NONE',  ( -19.07767924108212654, -4.538257345639152618, 13.59999999999999787 ) ) ;
#5404 =( BOUNDED_CURVE ( )  B_SPLINE_CURVE ( 2, ( #8330, #4761, #9162 ),
 .UNSPECIFIED., .F., .F. ) 
 B_SPLINE_CURVE_WITH_KNOTS ( ( 3, 3 ),
 ( 0.000000000000000000, 1.000000000000000000 ),
 .UNSPECIFIED. ) 
 CURVE ( )  GEOMETRIC_REPRESENTATION_ITEM ( )  RATIONAL_B_SPLINE_CURVE ( ( 1.000000000000000000, 4.000000000000000888, 1.000000000000000000 ) ) 
 REPRESENTATION_ITEM ( '' )  );
#5405 = CARTESIAN_POINT ( 'NONE',  ( -18.95399462619663566, 40.53477992980907629, -3.012385490977811386 ) ) ;
#5406 = CARTESIAN_POINT ( 'NONE',  ( -20.00359737109955205, 42.34565534669011555, -2.047862617720239697 ) ) ;
#5407 = CARTESIAN_POINT ( 'NONE',  ( -19.19424047815941137, 43.13248562931523367, -2.032485629316227005 ) ) ;
#5408 = EDGE_CURVE ( 'NONE', #2337, #7707, #2126, .T. ) ;
#5409 = CARTESIAN_POINT ( 'NONE',  ( -14.07111531369516833, -4.714879101313679044, 18.60000000000000497 ) ) ;
#5410 = CARTESIAN_POINT ( 'NONE',  ( 18.47580190091650110, 43.26129501560144774, -2.340186441553951280 ) ) ;
#5411 = VERTEX_POINT ( 'NONE', #8689 ) ;
#5412 = ORIENTED_EDGE ( 'NONE', *, *, #3823, .T. ) ;
#5413 = ORIENTED_EDGE ( 'NONE', *, *, #8482, .F. ) ;
#5414 = FACE_OUTER_BOUND ( 'NONE', #6815, .T. ) ;
#5415 = CARTESIAN_POINT ( 'NONE',  ( 12.46026316928587008, 40.10000000000000142, 6.000000000000000000 ) ) ;
#5416 = CARTESIAN_POINT ( 'NONE',  ( 21.04485155125762574, 41.95942014066913828, 9.600000000000003197 ) ) ;
#5417 = EDGE_CURVE ( 'NONE', #3788, #1028, #3560, .T. ) ;
#5418 = CARTESIAN_POINT ( 'NONE',  ( 41.35206067631277449, -7.313899948144859664, 18.59999999999935838 ) ) ;
#5419 = CARTESIAN_POINT ( 'NONE',  ( 18.47587029890581078, -42.35072599843858399, -2.250725998440442854 ) ) ;
#5420 = CARTESIAN_POINT ( 'NONE',  ( -42.99905485595741794, 19.39777772585443572, 7.599999999999996980 ) ) ;
#5421 = ADVANCED_FACE ( 'NONE', ( #2764 ), #6568, .T. ) ;
#5422 = VECTOR ( 'NONE', #5538, 1000.000000000000000 ) ;
#5423 = VERTEX_POINT ( 'NONE', #8002 ) ;
#5424 = LINE ( 'NONE', #4683, #3421 ) ;
#5425 = CARTESIAN_POINT ( 'NONE',  ( -43.07960062175138916, -18.08376142934024244, 7.599999999999998757 ) ) ;
#5426 = CARTESIAN_POINT ( 'NONE',  ( -20.51642667442957801, -42.16652083094783876, -0.3761790028741314185 ) ) ;
#5427 = CARTESIAN_POINT ( 'NONE',  ( -40.09999999999995879, -12.19689577749903187, 7.600000000000000533 ) ) ;
#5428 = B_SPLINE_CURVE_WITH_KNOTS ( 'NONE', 3,
 ( #5915, #8882, #487, #6510, #7305, #5765, #8143, #2127, #5716, #9673, #5821, #6668 ),
 .UNSPECIFIED., .F., .F.,
 ( 4, 2, 2, 2, 2, 4 ),
 ( 0.000000000000000000, 0.5000000000000000000, 0.7500000000000000000, 0.8750000000000000000, 0.9375000000000000000, 1.000000000000000000 ),
 .UNSPECIFIED. ) ;
#5429 = CARTESIAN_POINT ( 'NONE',  ( 19.16144512839901282, -43.03798319008014772, 2.000000000000001776 ) ) ;
#5430 = CARTESIAN_POINT ( 'NONE',  ( -19.05694018902656239, 18.85078661009965018, 13.59999999999999964 ) ) ;
#5431 = AXIS2_PLACEMENT_3D ( 'NONE', #721, #4369, #2946 ) ;
#5432 = CARTESIAN_POINT ( 'NONE',  ( -9.099999999999937472, -12.39999999999987601, 13.60000000000000142 ) ) ;
#5433 = CARTESIAN_POINT ( 'NONE',  ( 16.85138997391118920, -41.64449941131655208, -2.878365217701674528 ) ) ;
#5434 = CARTESIAN_POINT ( 'NONE',  ( -13.43244147772463215, -7.039418760316003443, 28.60000000000000497 ) ) ;
#5435 = CARTESIAN_POINT ( 'NONE',  ( 42.87483915154484748, -6.407338790212254942, 28.59999999999999432 ) ) ;
#5436 = ORIENTED_EDGE ( 'NONE', *, *, #7379, .T. ) ;
#5437 = CARTESIAN_POINT ( 'NONE',  ( -20.98247474095029119, 42.58902559124081932, 9.600000000000001421 ) ) ;
#5438 = VERTEX_POINT ( 'NONE', #1235 ) ;
#5439 = LINE ( 'NONE', #8456, #7956 ) ;
#5440 = AXIS2_PLACEMENT_3D ( 'NONE', #1533, #3175, #9181 ) ;
#5441 = CARTESIAN_POINT ( 'NONE',  ( 12.16353357722453055, 36.89014451012868534, -2.957831373953969667 ) ) ;
#5442 = CARTESIAN_POINT ( 'NONE',  ( 20.96197628536796742, 42.72831701804260973, 0.5646033801831409349 ) ) ;
#5443 = LINE ( 'NONE', #5492, #5422 ) ;
#5444 = CIRCLE ( 'NONE', #5440, 1.379999999999999227 ) ;
#5445 = CARTESIAN_POINT ( 'NONE',  ( 12.50000000000000000, 35.89999999999999147, -2.957831373953969667 ) ) ;
#5446 = EDGE_CURVE ( 'NONE', #9342, #8145, #4246, .T. ) ;
#5447 = CIRCLE ( 'NONE', #1187, 0.5000000000000004441 ) ;
#5448 = EDGE_CURVE ( 'NONE', #1270, #2632, #2969, .T. ) ;
#5449 = CARTESIAN_POINT ( 'NONE',  ( -20.36974095710420940, 42.40343044518451876, -1.585375912804821041 ) ) ;
#5450 = VERTEX_POINT ( 'NONE', #3123 ) ;
#5451 = CARTESIAN_POINT ( 'NONE',  ( -42.90107979776103519, -20.93063647161827845, 13.60000000000000142 ) ) ;
#5452 = CARTESIAN_POINT ( 'NONE',  ( 20.27005965603105508, -41.21722922712752535, -1.869498635605408854 ) ) ;
#5453 = CARTESIAN_POINT ( 'NONE',  ( 40.10000000000001563, -4.399999999999876010, 23.89999999999999858 ) ) ;
#5454 = CARTESIAN_POINT ( 'NONE',  ( -17.63114033232985989, 39.09999999999948272, -2.998025431992920264 ) ) ;
#5455 = VECTOR ( 'NONE', #2962, 1000.000000000000000 ) ;
#5456 = EDGE_CURVE ( 'NONE', #3201, #347, #748, .T. ) ;
#5457 = CARTESIAN_POINT ( 'NONE',  ( 17.53640090607041202, -42.52666543961280610, -2.426665439613918895 ) ) ;
#5458 = CARTESIAN_POINT ( 'NONE',  ( 0.000000000000000000, -7.399999999999876010, 20.89999999999999858 ) ) ;
#5459 = B_SPLINE_CURVE_WITH_KNOTS ( 'NONE', 3,
 ( #7724, #9240, #2487, #6976, #168, #9195, #4701 ),
 .UNSPECIFIED., .F., .F.,
 ( 4, 3, 4 ),
 ( 0.000000000000000000, 0.001001535798268684673, 0.002003071596537372816 ),
 .UNSPECIFIED. ) ;
#5460 = CARTESIAN_POINT ( 'NONE',  ( -10.47395986556968417, -7.396411984408977069, 13.59999999999568132 ) ) ;
#5461 = CARTESIAN_POINT ( 'NONE',  ( 19.68537591280271215, 42.40343044518704829, -2.269740957107769130 ) ) ;
#5462 = EDGE_LOOP ( 'NONE', ( #8717, #7451, #2668, #7627 ) ) ;
#5463 = EDGE_LOOP ( 'NONE', ( #2815, #941, #5239, #3981, #4141, #2162 ) ) ;
#5464 = CARTESIAN_POINT ( 'NONE',  ( 38.88000000000005230, -15.49999999999987033, 10.59999999999999964 ) ) ;
#5465 = CARTESIAN_POINT ( 'NONE',  ( -14.09999999999993570, 21.09999999999995168, 12.84999999999999964 ) ) ;
#5466 = CARTESIAN_POINT ( 'NONE',  ( 17.66698729810778445, 40.35000000000000142, 4.585786437626904188 ) ) ;
#5467 = EDGE_CURVE ( 'NONE', #2530, #9342, #5791, .T. ) ;
#5468 = CARTESIAN_POINT ( 'NONE',  ( 21.07131387799099542, 41.36820079463156929, 9.600000000000003197 ) ) ;
#5469 = CARTESIAN_POINT ( 'NONE',  ( -19.76528683176223922, 43.31939570397578620, -1.289197179094456081 ) ) ;
#5470 = FACE_OUTER_BOUND ( 'NONE', #9441, .T. ) ;
#5471 = AXIS2_PLACEMENT_3D ( 'NONE', #2855, #4377, #1422 ) ;
#5472 = CARTESIAN_POINT ( 'NONE',  ( 19.84999999999711306, -41.84999999999978826, -1.750000000002728928 ) ) ;
#5473 = DIRECTION ( 'NONE',  ( -1.000000000000000000, 0.000000000000000000, -0.000000000000000000 ) ) ;
#5474 = ORIENTED_EDGE ( 'NONE', *, *, #1106, .T. ) ;
#5475 = CARTESIAN_POINT ( 'NONE',  ( -40.80000000000003979, 10.27689577749865713, 10.59999999999999964 ) ) ;
#5476 = CARTESIAN_POINT ( 'NONE',  ( -43.02887602817060753, -19.10905543773778348, 7.599999999999999645 ) ) ;
#5477 = VECTOR ( 'NONE', #6541, 1000.000000000000000 ) ;
#5478 = EDGE_CURVE ( 'NONE', #4014, #2007, #9268, .T. ) ;
#5479 = CARTESIAN_POINT ( 'NONE',  ( -43.02796534580443222, 19.11198588730558257, 7.569999999999995843 ) ) ;
#5480 = CARTESIAN_POINT ( 'NONE',  ( 16.10000000000001918, -43.10000000000000853, 2.000000000000000000 ) ) ;
#5481 = CARTESIAN_POINT ( 'NONE',  ( -43.20481555856299849, -16.10000000000012932, 9.600000000000001421 ) ) ;
#5482 = CARTESIAN_POINT ( 'NONE',  ( 43.10000000000006537, 0.000000000000000000, 13.60000000000000142 ) ) ;
#5483 = CARTESIAN_POINT ( 'NONE',  ( -42.81049812226351037, 20.94883644206099405, 13.60000000000000320 ) ) ;
#5484 = B_SPLINE_CURVE_WITH_KNOTS ( 'NONE', 3,
 ( #6907, #4679, #9218, #3257 ),
 .UNSPECIFIED., .F., .F.,
 ( 4, 4 ),
 ( 0.3333333333333332593, 1.000000000000000000 ),
 .UNSPECIFIED. ) ;
#5485 = CARTESIAN_POINT ( 'NONE',  ( 42.73941876031320675, -6.732441477728485779, 28.59999999999999076 ) ) ;
#5486 = ORIENTED_EDGE ( 'NONE', *, *, #9199, .F. ) ;
#5487 = CARTESIAN_POINT ( 'NONE',  ( -20.08708972991200525, 43.88097685546578219, 9.600000000000003197 ) ) ;
#5488 = EDGE_LOOP ( 'NONE', ( #7398, #4733, #3838, #9353 ) ) ;
#5489 = DIRECTION ( 'NONE',  ( -1.000000000000000000, 0.000000000000000000, 0.000000000000000000 ) ) ;
#5490 = CARTESIAN_POINT ( 'NONE',  ( 38.10000000000007958, -7.399999999999876010, 18.60000000000000142 ) ) ;
#5491 = CARTESIAN_POINT ( 'NONE',  ( -12.46026316928587008, -40.10000000000000142, 6.000000000000000000 ) ) ;
#5492 = CARTESIAN_POINT ( 'NONE',  ( 19.98500088609142722, -41.98500088609143432, 5.405686188542897952 ) ) ;
#5493 = CARTESIAN_POINT ( 'NONE',  ( -14.19479555712720042, 25.76892731083793109, 13.60000000000000142 ) ) ;
#5494 = FACE_OUTER_BOUND ( 'NONE', #36, .T. ) ;
#5495 = CARTESIAN_POINT ( 'NONE',  ( -20.70120575520703810, 42.88114560558267385, -0.3789768448102590059 ) ) ;
#5496 = ORIENTED_EDGE ( 'NONE', *, *, #7976, .T. ) ;
#5498 = VECTOR ( 'NONE', #3737, 1000.000000000000000 ) ;
#5497 = CARTESIAN_POINT ( 'NONE',  ( -20.43669093741100440, -39.53634255459496671, -2.516654121275744060 ) ) ;
#5499 = CARTESIAN_POINT ( 'NONE',  ( -43.97389364416715551, -19.65631831747817415, 13.59999999999999787 ) ) ;
#5500 = CARTESIAN_POINT ( 'NONE',  ( 21.04464014978485409, -38.85321727930372759, -0.9653777089941278922 ) ) ;
#5501 = DIRECTION ( 'NONE',  ( 1.000000000000000000, 0.000000000000000000, 0.000000000000000000 ) ) ;
#5502 = ADVANCED_FACE ( 'NONE', ( #8300 ), #4442, .T. ) ;
#5503 = CIRCLE ( 'NONE', #2832, 4.000000000000000000 ) ;
#5504 = CARTESIAN_POINT ( 'NONE',  ( -18.77269184024984128, 43.27338287872926514, -2.173382878730104384 ) ) ;
#5505 = LINE ( 'NONE', #5269, #2452 ) ;
#5506 = CARTESIAN_POINT ( 'NONE',  ( -9.787169389007409848, -7.399999999999876010, 18.59999999999877218 ) ) ;
#5507 = CARTESIAN_POINT ( 'NONE',  ( 17.53623954460115186, 43.33662852273030808, -2.589176070334858082 ) ) ;
#5508 = VERTEX_POINT ( 'NONE', #8251 ) ;
#5509 = ORIENTED_EDGE ( 'NONE', *, *, #7205, .T. ) ;
#5510 = EDGE_CURVE ( 'NONE', #8046, #1545, #5527, .T. ) ;
#5511 = B_SPLINE_CURVE_WITH_KNOTS ( 'NONE', 3,
 ( #189, #1719, #3204, #779, #6804, #5368, #38, #3941, #8337, #1668, #2416, #3741 ),
 .UNSPECIFIED., .F., .F.,
 ( 4, 2, 2, 2, 2, 4 ),
 ( 0.000000000000000000, 0.5000000000000000000, 0.7500000000000000000, 0.8750000000000000000, 0.9375000000000000000, 1.000000000000000000 ),
 .UNSPECIFIED. ) ;
#5512 = LINE ( 'NONE', #6202, #744 ) ;
#5513 = DIRECTION ( 'NONE',  ( 1.000000000000000000, 0.000000000000000000, 0.000000000000000000 ) ) ;
#5514 = CARTESIAN_POINT ( 'NONE',  ( -14.09999999999993570, -2.399999999999876010, 21.93333333333333357 ) ) ;
#5515 = CARTESIAN_POINT ( 'NONE',  ( 41.88824641057569664, 20.00726332102496130, 9.600000000000001421 ) ) ;
#5516 = CARTESIAN_POINT ( 'NONE',  ( -19.40343074669831225, 43.36974103931964919, -1.585375447196690768 ) ) ;
#5517 = CARTESIAN_POINT ( 'NONE',  ( -14.09999999999993570, 21.09999999999995168, 18.60000000000119513 ) ) ;
#5518 = DIRECTION ( 'NONE',  ( -1.000000000000000000, 0.000000000000000000, 0.000000000000000000 ) ) ;
#5519 = CARTESIAN_POINT ( 'NONE',  ( -44.10000000000007248, 21.09999999999984510, 9.500000000000007105 ) ) ;
#5520 = AXIS2_PLACEMENT_3D ( 'NONE', #8969, #5802, #2253 ) ;
#5521 =( BOUNDED_SURFACE ( )  B_SPLINE_SURFACE ( 2, 3, ( 
 ( #994, #251, #3266, #6266, #2524, #1777 ),
 ( #4782, #9473, #7945, #9570, #1175, #3552 ),
 ( #4184, #7207, #1327, #438, #4977, #485 ) ),
 .UNSPECIFIED., .F., .F., .T. ) 
 B_SPLINE_SURFACE_WITH_KNOTS ( ( 3, 3 ),
 ( 4, 2, 4 ),
 ( 0.000000000000000000, 1.000000000000000000 ),
 ( -0.002630000000000000827, 0.005599999999999999943, 0.01123000000000000040 ),
 .UNSPECIFIED. ) 
 GEOMETRIC_REPRESENTATION_ITEM ( )  RATIONAL_B_SPLINE_SURFACE ( (
 ( 1.000000000000000000, 1.000000000000000000, 1.000000000000000000, 1.000000000000000000, 1.000000000000000000, 1.000000000000000000),
 ( 4.000000000000000888, 4.000000000000000888, 4.000000000000000888, 4.000000000000000888, 4.000000000000000888, 4.000000000000000888),
 ( 1.000000000000000000, 1.000000000000000000, 1.000000000000000000, 1.000000000000000000, 1.000000000000000000, 1.000000000000000000) ) ) 
 REPRESENTATION_ITEM ( '' )  SURFACE ( )  );
#5522 = VERTEX_POINT ( 'NONE', #8993 ) ;
#5523 = VERTEX_POINT ( 'NONE', #2326 ) ;
#5524 = CARTESIAN_POINT ( 'NONE',  ( 18.84582051132293046, 44.02120089170598050, -0.7458243651311735611 ) ) ;
#5525 = CARTESIAN_POINT ( 'NONE',  ( 42.00726332101383775, -19.88824641058913656, 9.599999999999941025 ) ) ;
#5526 = CARTESIAN_POINT ( 'NONE',  ( 20.27338287872782985, 41.77269184025065130, -2.173382878731802137 ) ) ;
#5527 = B_SPLINE_CURVE_WITH_KNOTS ( 'NONE', 3,
 ( #3757, #6769, #9728, #6119, #9087, #7469, #8203 ),
 .UNSPECIFIED., .F., .F.,
 ( 4, 3, 4 ),
 ( 0.000000000000000000, 0.001001535798268697684, 0.002003071596537398837 ),
 .UNSPECIFIED. ) ;
#5528 = CARTESIAN_POINT ( 'NONE',  ( 37.50000000000005684, -15.49999999999987033, 13.60000000000000142 ) ) ;
#5529 = DIRECTION ( 'NONE',  ( 0.000000000000000000, -0.000000000000000000, 1.000000000000000000 ) ) ;
#5530 = CARTESIAN_POINT ( 'NONE',  ( 18.10000000000000142, -39.23397459621556749, 7.599999999999999645 ) ) ;
#5531 = LINE ( 'NONE', #345, #8346 ) ;
#5532 = ORIENTED_EDGE ( 'NONE', *, *, #1501, .T. ) ;
#5533 = ORIENTED_EDGE ( 'NONE', *, *, #5177, .T. ) ;
#5534 = ORIENTED_EDGE ( 'NONE', *, *, #5840, .F. ) ;
#5535 = CARTESIAN_POINT ( 'NONE',  ( -23.20999999999999730, -43.10000000000000853, 2.000000000000000000 ) ) ;
#5536 = CARTESIAN_POINT ( 'NONE',  ( -12.19689577749889509, 40.10000000000000142, 7.599999999999999645 ) ) ;
#5537 = CARTESIAN_POINT ( 'NONE',  ( 39.99411667355085598, 20.08187568645461241, 7.600000000000000533 ) ) ;
#5538 = DIRECTION ( 'NONE',  ( -0.05226442768871387284, 0.05226442768871387284, -0.9972646886342373396 ) ) ;
#5539 = CARTESIAN_POINT ( 'NONE',  ( -14.09999999999993570, 16.09999999999996945, 13.60000000000000497 ) ) ;
#5540 = CARTESIAN_POINT ( 'NONE',  ( -12.86939824808295008, 21.09999999999995524, 14.84637236743341759 ) ) ;
#5541 = CARTESIAN_POINT ( 'NONE',  ( -11.09999999999993570, 18.09999999999996234, 27.72132034355963981 ) ) ;
#5542 = CARTESIAN_POINT ( 'NONE',  ( -20.43424735887655075, 41.77943293000875258, -1.995318862087655409 ) ) ;
#5543 = EDGE_LOOP ( 'NONE', ( #5342, #2035 ) ) ;
#5544 = ADVANCED_FACE ( 'NONE', ( #5334 ), #9133, .T. ) ;
#5545 = CARTESIAN_POINT ( 'NONE',  ( -16.86398481210897415, -38.86398131449554683, -3.000000000000001332 ) ) ;
#5546 = CARTESIAN_POINT ( 'NONE',  ( -42.39755730794150423, -21.00743052737021443, 13.59999999999999964 ) ) ;
#5547 = CARTESIAN_POINT ( 'NONE',  ( 20.96197628536901902, -39.53539661981552911, -1.628317018045567277 ) ) ;
#5548 = CARTESIAN_POINT ( 'NONE',  ( -20.59999999999895337, -42.59999999999897113, 1.250000000000116129 ) ) ;
#5549 = CARTESIAN_POINT ( 'NONE',  ( 42.89929146666713677, -20.02763088765099653, 13.60000000000000497 ) ) ;
#5550 = CARTESIAN_POINT ( 'NONE',  ( -13.63799586716051948, -6.861982708409034792, 13.60000000000216147 ) ) ;
#5551 = CARTESIAN_POINT ( 'NONE',  ( 18.77943311167169682, 43.09531891448293806, -2.334247310002421916 ) ) ;
#5552 = ORIENTED_EDGE ( 'NONE', *, *, #9347, .T. ) ;
#5553 = ORIENTED_EDGE ( 'NONE', *, *, #3335, .T. ) ;
#5554 = ADVANCED_FACE ( 'NONE', ( #6025 ), #5229, .F. ) ;
#5555 = CARTESIAN_POINT ( 'NONE',  ( 13.10036242085809910, -34.29972821642130043, 0.000000000000000000 ) ) ;
#5556 = CARTESIAN_POINT ( 'NONE',  ( -37.50000000000005684, 15.49999999999987033, 3.696770567850254707 ) ) ;
#5557 = CARTESIAN_POINT ( 'NONE',  ( -20.08137278453526875, 42.33080941177805556, -1.981372784536032050 ) ) ;
#5558 = B_SPLINE_CURVE_WITH_KNOTS ( 'NONE', 3,
 ( #6558, #1279, #5668, #9420, #1974, #8779, #9569, #2810, #7944, #7356, #6408, #1225, #6612, #1174, #4183, #8088, #7206, #4234, #9519, #437, #9472, #8140, #2863, #9620, #5817, #4976, #387, #1326, #4332, #6460, #7302, #2709, #5712, #3405, #589, #2661, #7991, #5863, #4136, #7151, #484, #3502, #6506, #8679, #5762, #2029, #8879 ),
 .UNSPECIFIED., .F., .F.,
 ( 4, 1, 1, 1, 1, 1, 2, 2, 1, 1, 1, 1, 1, 2, 2, 1, 1, 1, 1, 1, 2, 2, 1, 1, 1, 1, 2, 2, 1, 1, 1, 1, 2, 2, 4 ),
 ( 0.000000000000000000, 0.1250000000000672518, 0.1875000000001008638, 0.2187500000001176836, 0.2343750000001245393, 0.2421875000001295630, 0.2460937500001304512, 0.2500000000001313394, 0.3750000000001210143, 0.4375000000001172396, 0.4687500000001138534, 0.4843750000001135758, 0.4921875000001132983, 0.4960937500001132427, 0.5000000000001131317, 0.6250000000000918154, 0.6875000000000824896, 0.7187500000000792699, 0.7343750000000774936, 0.7421875000000766054, 0.7460937500000763833, 0.7500000000000760503, 0.8125000000000568434, 0.8437500000000489608, 0.8593750000000449640, 0.8671875000000440759, 0.8710937500000420775, 0.8750000000000400791, 0.9062500000000313083, 0.9218750000000286438, 0.9296875000000273115, 0.9335937500000252021, 0.9355468750000242029, 0.9375000000000230926, 1.000000000000000000 ),
 .UNSPECIFIED. ) ;
#5559 = CARTESIAN_POINT ( 'NONE',  ( 38.10000000000005116, 20.20481555856621370, 9.600000000000001421 ) ) ;
#5560 = CARTESIAN_POINT ( 'NONE',  ( -18.79115177378958279, 43.62161405296044592, -1.722048096576636267 ) ) ;
#5561 = CARTESIAN_POINT ( 'NONE',  ( 44.01629930470084417, -11.85009261390654345, 13.59999999999998366 ) ) ;
#5562 = CARTESIAN_POINT ( 'NONE',  ( 17.35000000000001918, -4.399999999999876010, 25.59999999999999787 ) ) ;
#5563 = VECTOR ( 'NONE', #310, 1000.000000000000000 ) ;
#5564 = CYLINDRICAL_SURFACE ( 'NONE', #3722, 4.000000000000000000 ) ;
#5565 = EDGE_CURVE ( 'NONE', #2058, #2800, #7384, .T. ) ;
#5566 = VERTEX_POINT ( 'NONE', #52 ) ;
#5567 = CARTESIAN_POINT ( 'NONE',  ( 19.37216851477996826, 43.84663627708666667, -0.7139865189478048491 ) ) ;
#5568 = EDGE_CURVE ( 'NONE', #5881, #2701, #4490, .T. ) ;
#5569 = CARTESIAN_POINT ( 'NONE',  ( 41.12002029711199924, -20.13407336582741181, 9.600000000000004974 ) ) ;
#5570 = CARTESIAN_POINT ( 'NONE',  ( 20.35072599843515917, 41.47587029890795662, -2.250725998438688258 ) ) ;
#5571 = EDGE_CURVE ( 'NONE', #3689, #5033, #6865, .T. ) ;
#5572 = CARTESIAN_POINT ( 'NONE',  ( 41.50514369042166152, -19.98331538500425353, 7.570000000000064233 ) ) ;
#5573 = CARTESIAN_POINT ( 'NONE',  ( -40.80000000000003979, 9.776895777498655349, 10.59999999999999964 ) ) ;
#5574 = B_SPLINE_CURVE_WITH_KNOTS ( 'NONE', 3,
 ( #5208, #5895, #2156, #7444 ),
 .UNSPECIFIED., .F., .F.,
 ( 4, 4 ),
 ( 0.3333333333333332593, 1.000000000000000000 ),
 .UNSPECIFIED. ) ;
#5575 = CARTESIAN_POINT ( 'NONE',  ( -42.51270507532218801, 20.99246996001728505, 13.59999999999999964 ) ) ;
#5576 = DIRECTION ( 'NONE',  ( -0.000000000000000000, 0.000000000000000000, 1.000000000000000000 ) ) ;
#5577 = ORIENTED_EDGE ( 'NONE', *, *, #3463, .F. ) ;
#5578 = ORIENTED_EDGE ( 'NONE', *, *, #7228, .F. ) ;
#5579 = EDGE_LOOP ( 'NONE', ( #8280, #5552, #9762, #5225, #986, #244, #5129, #6950 ) ) ;
#5580 = CARTESIAN_POINT ( 'NONE',  ( 11.50000000000000000, 37.50000000000000000, 6.000000000000000000 ) ) ;
#5581 = DIRECTION ( 'NONE',  ( -0.000000000000000000, 0.000000000000000000, -1.000000000000000000 ) ) ;
#5582 = CARTESIAN_POINT ( 'NONE',  ( 41.47021393931093058, 19.98954201474744607, 7.600000000000000533 ) ) ;
#5583 = CARTESIAN_POINT ( 'NONE',  ( -15.50000000000000000, 37.50000000000000000, 6.000000000000000000 ) ) ;
#5584 = CARTESIAN_POINT ( 'NONE',  ( 21.10000000000000142, 0.000000000000000000, 9.600000000000001421 ) ) ;
#5585 = CARTESIAN_POINT ( 'NONE',  ( -12.73418605432515882, 21.09999999999995524, 14.97668554018567022 ) ) ;
#5586 = CARTESIAN_POINT ( 'NONE',  ( -42.88984571103569010, 19.88984178720644991, 7.599999999999999645 ) ) ;
#5587 = VECTOR ( 'NONE', #8550, 1000.000000000000000 ) ;
#5588 = DIRECTION ( 'NONE',  ( 1.000000000000000000, 1.087259077134989335E-15, 0.000000000000000000 ) ) ;
#5589 = VERTEX_POINT ( 'NONE', #9039 ) ;
#5590 = CARTESIAN_POINT ( 'NONE',  ( -20.09531886208659301, -40.77943293000872416, -2.334247358877469924 ) ) ;
#5591 = CARTESIAN_POINT ( 'NONE',  ( -43.98901496049357718, -19.53988389866361430, 13.60000000000000675 ) ) ;
#5592 = DIRECTION ( 'NONE',  ( -0.000000000000000000, 0.000000000000000000, 1.000000000000000000 ) ) ;
#5593 = CARTESIAN_POINT ( 'NONE',  ( -20.26129501559731594, -42.44018644154854059, -0.3758019009180938452 ) ) ;
#5594 = EDGE_CURVE ( 'NONE', #5566, #2748, #917, .T. ) ;
#5595 = VECTOR ( 'NONE', #8705, 1000.000000000000000 ) ;
#5596 = CARTESIAN_POINT ( 'NONE',  ( 13.49999999999999645, -37.50000000000000000, 6.000000000000000000 ) ) ;
#5597 = DIRECTION ( 'NONE',  ( -0.000000000000000000, -0.000000000000000000, -1.000000000000000000 ) ) ;
#5598 = CARTESIAN_POINT ( 'NONE',  ( 18.77854727961330639, 39.10000000000074039, -2.956463743504131436 ) ) ;
#5599 = ORIENTED_EDGE ( 'NONE', *, *, #2413, .F. ) ;
#5600 = B_SPLINE_CURVE_WITH_KNOTS ( 'NONE', 3,
 ( #3374, #1104, #7176, #6239, #9202, #1844, #7081, #6377, #407, #2448, #269, #3287, #9249, #5637, #8602, #3971, #7734, #4016, #2497, #7870, #5591, #1009, #5499, #1705, #6288, #1896, #3239, #4802, #9392, #2634, #7034, #7823, #1752, #4756, #1056, #9300, #3428, #8557, #360, #2542, #7778, #5451, #8653, #6333, #4900, #4111, #8466, #7916, #4711, #5546, #1146, #966, #6984, #223, #317, #1794, #4067, #3332, #9345, #7125, #4154, #2585 ),
 .UNSPECIFIED., .F., .F.,
 ( 4, 1, 1, 1, 1, 1, 1, 1, 2, 2, 1, 1, 1, 1, 1, 1, 2, 2, 1, 1, 1, 1, 2, 2, 2, 1, 1, 1, 1, 2, 2, 1, 1, 1, 1, 1, 2, 2, 1, 1, 1, 1, 1, 1, 2, 2, 4 ),
 ( 0.000000000000000000, 0.1250000000001027789, 0.1875000000001547373, 0.2187500000001807166, 0.2343750000001944278, 0.2421875000002013112, 0.2460937500002047251, 0.2480468750002072786, 0.2490234375002093881, 0.2500000000002114975, 0.3125000000003569922, 0.3437500000004302114, 0.3593750000004667933, 0.3671875000004852785, 0.3710937500004936052, 0.3730468750004977685, 0.3740234375004988787, 0.3750000000005000445, 0.4062500000005282996, 0.4218750000005418999, 0.4296875000005487277, 0.4335937500005514478, 0.4355468750005535017, 0.4375000000005555556, 0.5000000000006182832, 0.5312500000006495915, 0.5468750000006665779, 0.5546875000006749046, 0.5585937500006790124, 0.5605468750006801226, 0.5625000000006813439, 0.5937500000006866729, 0.6093750000006905587, 0.6171875000006925571, 0.6210937500006945555, 0.6230468750006955547, 0.6240234375006952217, 0.6250000000006947776, 0.6875000000005513368, 0.7187500000004807266, 0.7343750000004454215, 0.7421875000004277689, 0.7460937500004189982, 0.7480468750004145573, 0.7490234375004132250, 0.7500000000004118927, 1.000000000000000000 ),
 .UNSPECIFIED. ) ;
#5601 = ORIENTED_EDGE ( 'NONE', *, *, #7326, .F. ) ;
#5602 = CARTESIAN_POINT ( 'NONE',  ( 39.35000000000001563, -4.399999999999876010, 27.72132034355963981 ) ) ;
#5603 = CARTESIAN_POINT ( 'NONE',  ( 0.000000000000000000, -42.20481555856608935, 9.600000000000001421 ) ) ;
#5604 = CARTESIAN_POINT ( 'NONE',  ( -20.80530425361589408, -42.13409537327871135, 0.5640123293702783425 ) ) ;
#5605 = CARTESIAN_POINT ( 'NONE',  ( -20.59999999999895337, -42.59999999999897113, 1.250000000000116129 ) ) ;
#5606 = B_SPLINE_CURVE_WITH_KNOTS ( 'NONE', 3,
 ( #4532, #93, #3698, #7459, #6548, #6813, #144, #7559, #3015, #8244, #6711, #9033, #3168, #1479, #1625, #45, #2175, #3062, #788, #4483, #7506, #5181, #2373, #6018, #5374, #6112, #1430, #8344, #9720, #2267, #2318, #5271, #8292, #1525, #3798, #1578, #4583, #835, #7753, #4872, #1865, #3989, #2518, #3392 ),
 .UNSPECIFIED., .F., .F.,
 ( 4, 1, 1, 1, 2, 2, 1, 1, 1, 2, 2, 1, 1, 1, 1, 2, 2, 1, 1, 1, 1, 1, 2, 2, 1, 1, 1, 1, 1, 2, 2, 4 ),
 ( 0.000000000000000000, 0.03125000000002246814, 0.04687500000003146094, 0.05468750000003622797, 0.05859375000003837902, 0.06250000000004052314, 0.09375000000007091550, 0.1093750000000863337, 0.1171875000000940359, 0.1210937500000977274, 0.1250000000001013911, 0.1875000000001606770, 0.2187500000001874889, 0.2343750000002008671, 0.2421875000002075840, 0.2460937500002086387, 0.2500000000002096656, 0.3750000000002450262, 0.4375000000002627343, 0.4687500000002716716, 0.4843750000002785550, 0.4921875000002795542, 0.4960937500002799982, 0.5000000000002804423, 0.6250000000002441380, 0.6875000000002260414, 0.7187500000002170486, 0.7343750000002124967, 0.7421875000002101652, 0.7460937500002066125, 0.7500000000002029488, 1.000000000000000000 ),
 .UNSPECIFIED. ) ;
#5607 = DIRECTION ( 'NONE',  ( -0.000000000000000000, -1.000000000000000000, -0.000000000000000000 ) ) ;
#5608 = CARTESIAN_POINT ( 'NONE',  ( -16.10000000000023945, 43.84802794910746826, -2.094734857214210155 ) ) ;
#5609 = CARTESIAN_POINT ( 'NONE',  ( 38.10000000000007248, -7.399999999999876010, 13.60000000000000142 ) ) ;
#5610 = CARTESIAN_POINT ( 'NONE',  ( 18.78705519761865972, -42.56517033146960927, -1.813254825615219445 ) ) ;
#5611 = FACE_OUTER_BOUND ( 'NONE', #2669, .T. ) ;
#5612 = EDGE_LOOP ( 'NONE', ( #2481, #5674, #1855, #8962 ) ) ;
#5613 = ORIENTED_EDGE ( 'NONE', *, *, #5983, .T. ) ;
#5614 = CARTESIAN_POINT ( 'NONE',  ( 18.77269184024831716, 43.27338287873149625, -2.173382878733344459 ) ) ;
#5615 = DIRECTION ( 'NONE',  ( 1.000000000000000000, 0.000000000000000000, 0.000000000000000000 ) ) ;
#5616 = AXIS2_PLACEMENT_3D ( 'NONE', #4862, #7787, #3250 ) ;
#5617 = CARTESIAN_POINT ( 'NONE',  ( 20.36974103931747848, 42.40343074669820567, -1.585375447198378973 ) ) ;
#5618 = EDGE_CURVE ( 'NONE', #1515, #1446, #4540, .T. ) ;
#5619 = CARTESIAN_POINT ( 'NONE',  ( 41.96608599111078775, -19.99439879138479981, 10.03000000000000469 ) ) ;
#5620 = PLANE ( 'NONE',  #6868 ) ;
#5621 = CARTESIAN_POINT ( 'NONE',  ( -41.27566523583030289, 21.07444201803174622, 13.59999999999999964 ) ) ;
#5622 = CARTESIAN_POINT ( 'NONE',  ( 42.07343458888318111, -19.72663500523968594, 10.03000000000010772 ) ) ;
#5623 = ORIENTED_EDGE ( 'NONE', *, *, #6909, .T. ) ;
#5624 = CIRCLE ( 'NONE', #2482, 0.5000000000000004441 ) ;
#5625 = ORIENTED_EDGE ( 'NONE', *, *, #7618, .F. ) ;
#5626 = ORIENTED_EDGE ( 'NONE', *, *, #2591, .F. ) ;
#5627 = EDGE_CURVE ( 'NONE', #8731, #4836, #3707, .T. ) ;
#5628 = CARTESIAN_POINT ( 'NONE',  ( -11.38973471204493215, 21.07054652695204311, 28.59999999999999787 ) ) ;
#5629 = FACE_OUTER_BOUND ( 'NONE', #8684, .T. ) ;
#5630 = CARTESIAN_POINT ( 'NONE',  ( 17.50000000000000000, 37.50000000000000000, 2.000000000000000000 ) ) ;
#5631 = CARTESIAN_POINT ( 'NONE',  ( 21.10000000000000142, -38.10000000000000853, 9.600000000000001421 ) ) ;
#5632 = CARTESIAN_POINT ( 'NONE',  ( -12.17343981670623343, 21.09999999999995879, 15.52834654722724217 ) ) ;
#5633 = CARTESIAN_POINT ( 'NONE',  ( 15.50000000000000000, -37.50000000000000000, 6.000000000000000000 ) ) ;
#5634 = DIRECTION ( 'NONE',  ( -0.000000000000000000, -0.000000000000000000, -1.000000000000000000 ) ) ;
#5635 = ORIENTED_EDGE ( 'NONE', *, *, #631, .F. ) ;
#5636 = CARTESIAN_POINT ( 'NONE',  ( -42.92909258494657365, -19.92900344636802501, 8.600000000927101595 ) ) ;
#5637 = CARTESIAN_POINT ( 'NONE',  ( -44.04485155126454288, -18.95942014064384296, 13.60000000000000142 ) ) ;
#5638 = CARTESIAN_POINT ( 'NONE',  ( 21.10819241021608406, -40.52398660120729090, -0.4239858880476837788 ) ) ;
#5639 = CARTESIAN_POINT ( 'NONE',  ( -14.47142857142857331, 33.63450639421993316, 6.000000000000000000 ) ) ;
#5640 = CARTESIAN_POINT ( 'NONE',  ( 43.00743052736721239, -19.39755730796692390, 13.59999999999999787 ) ) ;
#5641 = DIRECTION ( 'NONE',  ( 1.000000000000000000, 0.000000000000000000, 0.000000000000000000 ) ) ;
#5642 = CARTESIAN_POINT ( 'NONE',  ( 19.91159499246661468, 42.72404729317486272, -1.811594992472048693 ) ) ;
#5643 = VECTOR ( 'NONE', #1226, 1000.000000000000000 ) ;
#5644 = CARTESIAN_POINT ( 'NONE',  ( 18.81398651894384955, 42.37216851478631696, -2.746636277090276135 ) ) ;
#5645 = ORIENTED_EDGE ( 'NONE', *, *, #6343, .T. ) ;
#5646 = PRODUCT_DEFINITION_SHAPE ( 'NONE', 'NONE',  #9772 ) ;
#5647 = ORIENTED_EDGE ( 'NONE', *, *, #8928, .T. ) ;
#5648 = CARTESIAN_POINT ( 'NONE',  ( -37.50000000000005684, 15.49999999999987033, 11.83000000000000007 ) ) ;
#5649 = FACE_OUTER_BOUND ( 'NONE', #2953, .T. ) ;
#5650 = CARTESIAN_POINT ( 'NONE',  ( -20.74141831540599057, -42.42752591515669280, 1.249951314179371442 ) ) ;
#5651 = CYLINDRICAL_SURFACE ( 'NONE', #7376, 0.5000000000000004441 ) ;
#5652 = CARTESIAN_POINT ( 'NONE',  ( -14.09999999999993570, 16.09999999999996945, 18.60000000000000142 ) ) ;
#5653 = AXIS2_PLACEMENT_3D ( 'NONE', #9640, #1249, #7226 ) ;
#5654 = VECTOR ( 'NONE', #8220, 1000.000000000000000 ) ;
#5655 = CARTESIAN_POINT ( 'NONE',  ( 46.18153062728322311, -10.40597769981923371, 13.60000000000000142 ) ) ;
#5656 = CARTESIAN_POINT ( 'NONE',  ( 19.96949863559969884, -42.27005965603249393, -1.117229227130629443 ) ) ;
#5657 = PLANE ( 'NONE',  #2934 ) ;
#5658 = ORIENTED_EDGE ( 'NONE', *, *, #5866, .F. ) ;
#5659 = ADVANCED_FACE ( 'NONE', ( #7569 ), #7536, .F. ) ;
#5660 = CIRCLE ( 'NONE', #1096, 2.000000000000001776 ) ;
#5661 = ORIENTED_EDGE ( 'NONE', *, *, #9126, .T. ) ;
#5662 = CARTESIAN_POINT ( 'NONE',  ( 19.30725802099423660, 43.66038026670540972, -1.207259101987554484 ) ) ;
#5663 = CARTESIAN_POINT ( 'NONE',  ( 41.60148538754871339, -20.07597369116287922, 9.599999999999866418 ) ) ;
#5664 = EDGE_CURVE ( 'NONE', #9286, #3788, #153, .T. ) ;
#5665 = CARTESIAN_POINT ( 'NONE',  ( -19.76528687393080119, 42.38919738757319777, -2.219395653703943427 ) ) ;
#5666 = CARTESIAN_POINT ( 'NONE',  ( 40.74890453068680074, -4.018134674071795587, 27.21580840738133134 ) ) ;
#5667 = CARTESIAN_POINT ( 'NONE',  ( 20.81355405299226646, 39.10000000000094644, -2.184497701333688813 ) ) ;
#5668 = CARTESIAN_POINT ( 'NONE',  ( 42.09958493381788003, -16.54118413920818398, 7.599999999999999645 ) ) ;
#5669 = CARTESIAN_POINT ( 'NONE',  ( 38.10000000000007248, -21.10000000000013642, 11.70000000000001883 ) ) ;
#5670 = CARTESIAN_POINT ( 'NONE',  ( -17.63114033232976396, -43.09802543199293723, 2.000000000000000000 ) ) ;
#5671 = CARTESIAN_POINT ( 'NONE',  ( -42.41380356357548465, 21.00416956306117200, 13.60000000000000142 ) ) ;
#5672 = ORIENTED_EDGE ( 'NONE', *, *, #1, .T. ) ;
#5673 = VERTEX_POINT ( 'NONE', #9182 ) ;
#5674 = ORIENTED_EDGE ( 'NONE', *, *, #1526, .F. ) ;
#5675 = EDGE_CURVE ( 'NONE', #3926, #1504, #8444, .T. ) ;
#5676 = CARTESIAN_POINT ( 'NONE',  ( -13.89929146666682769, 20.02763088765133404, 28.60000000000000497 ) ) ;
#5677 = CARTESIAN_POINT ( 'NONE',  ( -20.51642660619955194, -40.47617917338287441, -2.066520914514132556 ) ) ;
#5678 = FACE_OUTER_BOUND ( 'NONE', #4575, .T. ) ;
#5679 = CARTESIAN_POINT ( 'NONE',  ( 43.10000000000006537, -12.08295866739850766, 13.60000000000000142 ) ) ;
#5680 = DIRECTION ( 'NONE',  ( 0.000000000000000000, 1.000000000000000000, 0.000000000000000000 ) ) ;
#5681 = CARTESIAN_POINT ( 'NONE',  ( -13.56677569112967596, 21.09999999999995168, 14.23671250238560049 ) ) ;
#5682 = DIRECTION ( 'NONE',  ( 0.000000000000000000, -1.000000000000000000, 0.000000000000000000 ) ) ;
#5683 = CARTESIAN_POINT ( 'NONE',  ( -21.05646374350413552, 39.09999999999931930, -0.6785472796132965279 ) ) ;
#5684 = CARTESIAN_POINT ( 'NONE',  ( -39.10000000000008669, 20.09999999999986287, 7.599999999999999645 ) ) ;
#5685 = ORIENTED_EDGE ( 'NONE', *, *, #7166, .F. ) ;
#5686 = CYLINDRICAL_SURFACE ( 'NONE', #6108, 4.000000000000000000 ) ;
#5687 = CARTESIAN_POINT ( 'NONE',  ( -18.10000000000000142, -34.46026316928586652, 6.000000000000000000 ) ) ;
#5688 = CARTESIAN_POINT ( 'NONE',  ( -9.099999999999933920, -7.399999999999875122, 18.60000000000000497 ) ) ;
#5689 = CARTESIAN_POINT ( 'NONE',  ( -19.84999999999829967, -41.84999999999831033, -1.750000000000268008 ) ) ;
#5690 = EDGE_CURVE ( 'NONE', #3764, #3105, #7010, .T. ) ;
#5691 = CARTESIAN_POINT ( 'NONE',  ( 41.65631831746857472, -20.97389364417030677, 13.60000000000000142 ) ) ;
#5692 = DIRECTION ( 'NONE',  ( 0.000000000000000000, 0.000000000000000000, 1.000000000000000000 ) ) ;
#5693 = CARTESIAN_POINT ( 'NONE',  ( 20.59999999999945075, 39.85000000000076170, -2.500000000000552003 ) ) ;
#5694 = CARTESIAN_POINT ( 'NONE',  ( 20.35072599843515917, 41.47587029890794952, -2.250725998438688258 ) ) ;
#5695 = ORIENTED_EDGE ( 'NONE', *, *, #6002, .T. ) ;
#5696 = VERTEX_POINT ( 'NONE', #8086 ) ;
#5697 = CARTESIAN_POINT ( 'NONE',  ( 41.96415848944207028, -12.27368803256701746, 13.59999999999999964 ) ) ;
#5698 = DIRECTION ( 'NONE',  ( 1.000000000000000000, 0.000000000000000000, 0.000000000000000000 ) ) ;
#5699 = CARTESIAN_POINT ( 'NONE',  ( -20.27005965603168036, -41.96949863560127625, -1.117229227128261115 ) ) ;
#5700 = CARTESIAN_POINT ( 'NONE',  ( -20.60000000000000853, 39.09999999999919140, -2.499999999999998668 ) ) ;
#5701 = FACE_OUTER_BOUND ( 'NONE', #6210, .T. ) ;
#5702 = CARTESIAN_POINT ( 'NONE',  ( 42.81432212528421388, -6.580336284102073385, 13.60000000000322018 ) ) ;
#5703 = CARTESIAN_POINT ( 'NONE',  ( 16.85000007912375253, -42.67955401047673547, -2.420445989526335495 ) ) ;
#5704 = B_SPLINE_CURVE_WITH_KNOTS ( 'NONE', 3,
 ( #4357, #3574, #1453, #2935, #6397, #6734, #6640, #5992, #3627, #2884, #9007, #4506 ),
 .UNSPECIFIED., .F., .F.,
 ( 4, 2, 2, 2, 2, 4 ),
 ( 0.000000000000000000, 0.5000000000000000000, 0.7500000000000000000, 0.8750000000000000000, 0.9375000000000000000, 1.000000000000000000 ),
 .UNSPECIFIED. ) ;
#5705 = ORIENTED_EDGE ( 'NONE', *, *, #9497, .T. ) ;
#5706 = ORIENTED_EDGE ( 'NONE', *, *, #250, .F. ) ;
#5707 = CARTESIAN_POINT ( 'NONE',  ( 19.44544202142763112, 43.50821667536045112, -1.345442660914557109 ) ) ;
#5708 = LINE ( 'NONE', #9564, #545 ) ;
#5709 = CARTESIAN_POINT ( 'NONE',  ( -20.53233532578454401, 39.09999999999919140, -2.567664674215456966 ) ) ;
#5710 = CARTESIAN_POINT ( 'NONE',  ( 42.13407336582523044, 19.12002029711751661, 9.599999999999637268 ) ) ;
#5711 = CARTESIAN_POINT ( 'NONE',  ( 20.06931452836816732, 42.82769126126699888, -1.539790954019823577 ) ) ;
#5712 = CARTESIAN_POINT ( 'NONE',  ( 41.99905485595852639, -19.39777772584784543, 7.599999999999998757 ) ) ;
#5713 = CARTESIAN_POINT ( 'NONE',  ( 41.81410856141872046, 19.91784294407841571, 7.569999999999997620 ) ) ;
#5714 = CARTESIAN_POINT ( 'NONE',  ( -42.72776371185126010, 20.07320996662739532, 10.03000000000004022 ) ) ;
#5715 = EDGE_CURVE ( 'NONE', #9366, #3914, #3770, .T. ) ;
#5716 = CARTESIAN_POINT ( 'NONE',  ( -20.28449770133370578, 39.09999999999925535, -2.713554052992265042 ) ) ;
#5717 = ORIENTED_EDGE ( 'NONE', *, *, #8482, .T. ) ;
#5718 = VERTEX_POINT ( 'NONE', #5815 ) ;
#5719 = ORIENTED_EDGE ( 'NONE', *, *, #8526, .T. ) ;
#5720 = CARTESIAN_POINT ( 'NONE',  ( 41.96816119399191791, -19.96834341766045640, 9.600000000000001421 ) ) ;
#5721 = CARTESIAN_POINT ( 'NONE',  ( -19.95340664962741783, -41.75079123804822956, -1.744660021921062176 ) ) ;
#5722 = CARTESIAN_POINT ( 'NONE',  ( 41.76578909029812792, 19.93545855426620506, 7.599999999999998757 ) ) ;
#5723 = CARTESIAN_POINT ( 'NONE',  ( 43.10000000000007248, -5.910581154677468696, 15.09774543593371732 ) ) ;
#5724 = CARTESIAN_POINT ( 'NONE',  ( -10.07521466550678113, 21.09717490054166689, 18.60000000000000142 ) ) ;
#5725 =( BOUNDED_CURVE ( )  B_SPLINE_CURVE ( 2, ( #2966, #6714, #1893 ),
 .UNSPECIFIED., .F., .T. ) 
 B_SPLINE_CURVE_WITH_KNOTS ( ( 3, 3 ),
 ( 0.000000000000000000, 0.9999999901031769722 ),
 .UNSPECIFIED. ) 
 CURVE ( )  GEOMETRIC_REPRESENTATION_ITEM ( )  RATIONAL_B_SPLINE_CURVE ( ( 1.287813190155989496, 1.151563789137203697, 1.000000000000000000 ) ) 
 REPRESENTATION_ITEM ( '' )  );
#5726 = CARTESIAN_POINT ( 'NONE',  ( 19.63979095401503017, -41.82769126126810733, -1.969314528374456863 ) ) ;
#5727 = CARTESIAN_POINT ( 'NONE',  ( -12.19676546211579371, 21.09999999999995879, 15.50524176697271628 ) ) ;
#5728 = CARTESIAN_POINT ( 'NONE',  ( 17.66698729810778445, -40.35000000000000142, 4.585786437626904188 ) ) ;
#5729 = DIRECTION ( 'NONE',  ( 1.000000000000000000, 0.000000000000000000, 0.000000000000000000 ) ) ;
#5730 =( NAMED_UNIT ( * ) PLANE_ANGLE_UNIT ( ) SI_UNIT ( $, .RADIAN. ) );
#5731 = CIRCLE ( 'NONE', #2741, 0.5000000000000004441 ) ;
#5732 = EDGE_LOOP ( 'NONE', ( #8921, #7285, #702, #8420 ) ) ;
#5733 = CARTESIAN_POINT ( 'NONE',  ( -20.84802577744958185, -42.19474083638179707, 1.999999999999998224 ) ) ;
#5734 = CARTESIAN_POINT ( 'NONE',  ( 41.79822277959263488, 0.000000000000000000, 25.59999999999999787 ) ) ;
#5735 = DIRECTION ( 'NONE',  ( -0.000000000000000000, -0.000000000000000000, 1.000000000000000000 ) ) ;
#5736 = CARTESIAN_POINT ( 'NONE',  ( -19.37216851478129698, -42.84663627708540901, -0.7139865189449946525 ) ) ;
#5737 = EDGE_CURVE ( 'NONE', #9709, #1804, #1704, .T. ) ;
#5738 = CARTESIAN_POINT ( 'NONE',  ( -44.10000000000007958, 21.09999999999984865, 9.600000000000004974 ) ) ;
#5739 = CIRCLE ( 'NONE', #8437, 0.8457513110646033283 ) ;
#5740 = DIRECTION ( 'NONE',  ( 0.000000000000000000, 0.000000000000000000, 1.000000000000000000 ) ) ;
#5741 = CARTESIAN_POINT ( 'NONE',  ( -14.10000000000000142, 35.89999999999999147, 76.38141135119198566 ) ) ;
#5742 = CARTESIAN_POINT ( 'NONE',  ( 20.13651264737045565, 39.85036882630091526, -2.769259530923511292 ) ) ;
#5743 = EDGE_LOOP ( 'NONE', ( #2366, #1867, #4908, #2295 ) ) ;
#5744 = ORIENTED_EDGE ( 'NONE', *, *, #2895, .F. ) ;
#5745 = CARTESIAN_POINT ( 'NONE',  ( 42.27774806692396936, 20.81364017787025134, 28.60000000000000142 ) ) ;
#5746 = CARTESIAN_POINT ( 'NONE',  ( -42.76867549032322557, -20.06385905547035264, 10.03000000000000647 ) ) ;
#5747 = DIRECTION ( 'NONE',  ( 1.916821520416347599E-16, -1.000000000000000000, 0.000000000000000000 ) ) ;
#5748 = CARTESIAN_POINT ( 'NONE',  ( 17.50000000000000000, 37.50000000000000000, 6.000000000000000000 ) ) ;
#5749 = ADVANCED_FACE ( 'NONE', ( #4328 ), #2745, .T. ) ;
#5750 = DIRECTION ( 'NONE',  ( 1.916821520416347599E-16, -1.000000000000000000, 0.000000000000000000 ) ) ;
#5751 = CARTESIAN_POINT ( 'NONE',  ( 43.09717490054170952, -3.375214665511630852, 18.59999999999805453 ) ) ;
#5752 = CARTESIAN_POINT ( 'NONE',  ( 16.85036955926090485, -42.86926143331945838, -2.036506711406389059 ) ) ;
#5753 = ORIENTED_EDGE ( 'NONE', *, *, #1140, .F. ) ;
#5754 = AXIS2_PLACEMENT_3D ( 'NONE', #4831, #343, #9374 ) ;
#5755 = ORIENTED_EDGE ( 'NONE', *, *, #7982, .F. ) ;
#5756 = CARTESIAN_POINT ( 'NONE',  ( 17.53598767062867481, 43.80530425361854441, -2.034095373283330233 ) ) ;
#5757 = CARTESIAN_POINT ( 'NONE',  ( -19.52984423246846646, 42.99887817354142783, -1.898878173542540182 ) ) ;
#5758 = CARTESIAN_POINT ( 'NONE',  ( -19.96949865478853781, 42.21722931859291350, -2.170059632252459014 ) ) ;
#5759 = CARTESIAN_POINT ( 'NONE',  ( -12.46026316928587008, 40.10000000000000142, 6.000000000000000000 ) ) ;
#5760 = CARTESIAN_POINT ( 'NONE',  ( 20.64662051772270246, 42.97645370996241354, -0.3777663799394139210 ) ) ;
#5761 = VECTOR ( 'NONE', #7935, 1000.000000000000000 ) ;
#5762 = CARTESIAN_POINT ( 'NONE',  ( 41.93545855427214519, -19.76578909028062370, 7.599999999999996980 ) ) ;
#5763 = FACE_OUTER_BOUND ( 'NONE', #2068, .T. ) ;
#5764 = CARTESIAN_POINT ( 'NONE',  ( -16.10000000000000142, -44.33999999999795705, -3.000000000000000000 ) ) ;
#5765 = CARTESIAN_POINT ( 'NONE',  ( -19.73078873175658288, 39.09999999999939035, -2.864313294364400964 ) ) ;
#5766 = ORIENTED_EDGE ( 'NONE', *, *, #600, .T. ) ;
#5767 = EDGE_CURVE ( 'NONE', #2213, #4535, #3599, .T. ) ;
#5768 = ORIENTED_EDGE ( 'NONE', *, *, #8264, .T. ) ;
#5769 = DIRECTION ( 'NONE',  ( -1.000000000000000000, 0.000000000000000000, 0.000000000000000000 ) ) ;
#5770 = CARTESIAN_POINT ( 'NONE',  ( -20.08137278453451557, -41.33080941177760792, -1.981372784536199472 ) ) ;
#5771 =( BOUNDED_CURVE ( )  B_SPLINE_CURVE ( 2, ( #3388, #8027, #5652 ),
 .UNSPECIFIED., .F., .T. ) 
 B_SPLINE_CURVE_WITH_KNOTS ( ( 3, 3 ),
 ( 0.000000000000000000, 1.000000000000000000 ),
 .UNSPECIFIED. ) 
 CURVE ( )  GEOMETRIC_REPRESENTATION_ITEM ( )  RATIONAL_B_SPLINE_CURVE ( ( 1.000000000000000000, 4.000000000000000888, 1.000000000000000000 ) ) 
 REPRESENTATION_ITEM ( '' )  );
#5772 = CARTESIAN_POINT ( 'NONE',  ( 19.81049812224331319, -42.94883644206673523, 9.600000000000003197 ) ) ;
#5773 = CARTESIAN_POINT ( 'NONE',  ( 43.10000000000006537, -8.239680787490973657, 13.73623252491587721 ) ) ;
#5774 = CARTESIAN_POINT ( 'NONE',  ( -21.10000000000000142, -38.10000000000000853, 2.000000000000000000 ) ) ;
#5775 = CARTESIAN_POINT ( 'NONE',  ( -13.59590899133608133, 20.60661465328014685, 18.60000000000064446 ) ) ;
#5776 = EDGE_CURVE ( 'NONE', #1317, #5589, #3765, .T. ) ;
#5777 = CARTESIAN_POINT ( 'NONE',  ( 19.62905563817678711, -41.62905584715923624, -2.145612799314432273 ) ) ;
#5778 = VECTOR ( 'NONE', #98, 1000.000000000000000 ) ;
#5779 = CARTESIAN_POINT ( 'NONE',  ( 20.60000000000006537, -4.399999999999868905, 23.89999999999999503 ) ) ;
#5780 = CARTESIAN_POINT ( 'NONE',  ( 39.87180854719690615, -7.385428656224275912, 28.59999999999999432 ) ) ;
#5781 = CARTESIAN_POINT ( 'NONE',  ( 0.000000000000000000, 0.000000000000000000, 13.60000000000000142 ) ) ;
#5782 = VERTEX_POINT ( 'NONE', #3547 ) ;
#5783 = DIRECTION ( 'NONE',  ( -0.000000000000000000, -0.000000000000000000, 1.000000000000000000 ) ) ;
#5784 = DIRECTION ( 'NONE',  ( -0.8386705679454201645, -0.000000000000000000, -0.5446390350150329684 ) ) ;
#5785 = CARTESIAN_POINT ( 'NONE',  ( 17.35000000000001563, 4.850000000000173728, 25.59999999999999787 ) ) ;
#5786 = VECTOR ( 'NONE', #1000, 1000.000000000000000 ) ;
#5787 = AXIS2_PLACEMENT_3D ( 'NONE', #2286, #3866, #6829 ) ;
#5788 = CARTESIAN_POINT ( 'NONE',  ( -19.63979095401571939, -42.06931452836980156, -1.727691261267886524 ) ) ;
#5789 = CARTESIAN_POINT ( 'NONE',  ( 43.10000000000006537, -7.399999999999876010, 12.84999999999999964 ) ) ;
#5790 = LINE ( 'NONE', #5741, #8341 ) ;
#5791 = CIRCLE ( 'NONE', #2342, 0.5000000000000004441 ) ;
#5792 = CARTESIAN_POINT ( 'NONE',  ( 16.86011889369780192, 40.58228836263895545, -2.997698853250124085 ) ) ;
#5793 = ORIENTED_EDGE ( 'NONE', *, *, #6531, .F. ) ;
#5794 = EDGE_LOOP ( 'NONE', ( #8961, #3495, #2349, #5753 ) ) ;
#5795 = CARTESIAN_POINT ( 'NONE',  ( 41.68693554138101121, -12.30245957142576074, 13.60000000000000320 ) ) ;
#5796 = CARTESIAN_POINT ( 'NONE',  ( -9.099999999999933920, -7.399999999999876010, 21.93333333333333712 ) ) ;
#5797 = CARTESIAN_POINT ( 'NONE',  ( 19.91159499246667153, -41.72404729317457139, -1.811594992472099541 ) ) ;
#5798 = EDGE_CURVE ( 'NONE', #656, #5842, #6114, .T. ) ;
#5799 = CARTESIAN_POINT ( 'NONE',  ( -16.63576609629794234, -10.93547767865036668, 13.59999999999999964 ) ) ;
#5800 = CARTESIAN_POINT ( 'NONE',  ( 18.40303354164304039, 44.07006491942922821, 9.600000000000001421 ) ) ;
#5801 = B_SPLINE_CURVE_WITH_KNOTS ( 'NONE', 3,
 ( #5378, #1631, #2522, #4632, #6962, #3214, #7661, #3900, #6213, #3120, #9225, #2472, #5525, #990, #6262, #8536, #7799 ),
 .UNSPECIFIED., .F., .F.,
 ( 4, 2, 2, 2, 2, 2, 3, 4 ),
 ( 0.000000000000000000, 0.001931104874627088313, 0.002896657311940632144, 0.003379433530597404384, 0.003620821639925790938, 0.003741515694589983565, 0.003862209749254176625, 0.003889706555093848644 ),
 .UNSPECIFIED. ) ;
#5802 = DIRECTION ( 'NONE',  ( -0.000000000000000000, -0.000000000000000000, 1.000000000000000000 ) ) ;
#5803 = CARTESIAN_POINT ( 'NONE',  ( 19.76528683175963508, -42.31939570397610595, -1.289197179097141710 ) ) ;
#5804 = EDGE_CURVE ( 'NONE', #5589, #1317, #2073, .T. ) ;
#5805 = CARTESIAN_POINT ( 'NONE',  ( 42.11093151867866169, -19.52369367400284617, 10.03000000000001002 ) ) ;
#5806 = ORIENTED_EDGE ( 'NONE', *, *, #2591, .T. ) ;
#5807 = VERTEX_POINT ( 'NONE', #2859 ) ;
#5808 = CARTESIAN_POINT ( 'NONE',  ( 16.85487249788121389, 44.06069831984699192, -0.5905758261649722840 ) ) ;
#5809 = CARTESIAN_POINT ( 'NONE',  ( -18.47897684480937031, -41.88114560558356203, -2.601205755208516823 ) ) ;
#5810 = B_SPLINE_SURFACE_WITH_KNOTS ( 'NONE', 3, 3, ( 
 ( #6043, #4511, #5999, #6840, #6091, #8323, #9107, #2247, #1560, #816, #5249, #3829 ),
 ( #2351, #5357, #4416, #7440, #667, #3680, #6688, #2942, #6740, #717, #5945, #8963 ),
 ( #8271, #5205, #8223, #1459, #7538, #4461, #7488, #768, #3780, #3728, #6793, #3045 ),
 ( #5041, #3514, #5726, #549, #3562, #8740, #8890, #602, #6625, #5925, #7269, #2044 ),
 ( #4988, #4445, #7421, #7367, #5777, #3614, #6519, #9533, #2770, #8843, #8793, #7471 ),
 ( #5135, #9681, #8151, #5190, #8056, #1292, #8943, #4293, #9584, #5086, #2185, #1241 ),
 ( #6572, #4249, #2137, #6675, #1388, #650, #8207, #7314, #4400, #2825, #3663, #8005 ),
 ( #1440, #5829, #2089, #2921, #3470, #6473, #8101, #9485, #497, #1989, #1337, #4345 ),
 ( #9633, #2874, #5876, #2720, #7573, #3180, #4494, #6922, #8356, #9188, #1589, #6074 ),
 ( #6028, #9090, #4544, #2387, #10, #7518, #799, #3026, #3809, #8403, #4592, #3858 ),
 ( #2330, #3127, #5232, #9139, #2973, #6720, #5433, #7622, #3908, #5284, #6824, #4691 ),
 ( #5386, #896, #105, #3710, #8997, #6869, #1637, #54, #9042, #846, #1686, #4640 ) ),
 .UNSPECIFIED., .F., .F., .F.,
 ( 4, 2, 2, 2, 2, 4 ),
 ( 4, 2, 2, 2, 2, 4 ),
 ( 0.000000000000000000, 0.06250000000000000000, 0.1250000000000000000, 0.2500000000000000000, 0.5000000000000000000, 1.000000000000000000 ),
 ( 0.000000000000000000, 0.06250000000000000000, 0.1250000000000000000, 0.2500000000000000000, 0.5000000000000000000, 1.000000000000000000 ),
 .UNSPECIFIED. ) ;
#5811 = VECTOR ( 'NONE', #2476, 1000.000000000000000 ) ;
#5812 = CARTESIAN_POINT ( 'NONE',  ( 41.99383965099082161, 19.43765737097970359, 7.599999999999998757 ) ) ;
#5813 = CIRCLE ( 'NONE', #2988, 4.000000000000000000 ) ;
#5814 = CARTESIAN_POINT ( 'NONE',  ( -19.84072066215338737, 39.85089124914972558, -2.849891467617133411 ) ) ;
#5815 = CARTESIAN_POINT ( 'NONE',  ( 40.10000000000006537, -18.10000000000013642, 7.599999999999999645 ) ) ;
#5816 = CARTESIAN_POINT ( 'NONE',  ( 20.84427059966126450, 42.59829718316770908, -0.3837689175057109603 ) ) ;
#5817 = CARTESIAN_POINT ( 'NONE',  ( 42.04256652672474814, -18.92527334355548874, 7.599999999999998757 ) ) ;
#5818 = CARTESIAN_POINT ( 'NONE',  ( 41.90471379356227999, 19.88083581186185356, 7.569999999999995843 ) ) ;
#5819 = CARTESIAN_POINT ( 'NONE',  ( -42.89745817072435585, 20.02770028261242530, 10.03000000000000469 ) ) ;
#5820 = EDGE_CURVE ( 'NONE', #1665, #5879, #3417, .T. ) ;
#5821 = CARTESIAN_POINT ( 'NONE',  ( -20.53233532578454401, 39.09999999999919140, -2.567664674215456966 ) ) ;
#5822 = ORIENTED_EDGE ( 'NONE', *, *, #2385, .T. ) ;
#5823 = ORIENTED_EDGE ( 'NONE', *, *, #5327, .F. ) ;
#5824 = FACE_BOUND ( 'NONE', #1569, .T. ) ;
#5825 = CARTESIAN_POINT ( 'NONE',  ( 20.03820785103570756, -42.89504420574856880, 9.600000000000001421 ) ) ;
#5826 = CARTESIAN_POINT ( 'NONE',  ( 43.10000000000007248, -7.725666881285826015, 13.83829177708630631 ) ) ;
#5827 = VECTOR ( 'NONE', #3101, 1000.000000000000000 ) ;
#5828 = CARTESIAN_POINT ( 'NONE',  ( -14.06728830651953999, 18.52030516780959601, 18.60000000000065157 ) ) ;
#5829 = CARTESIAN_POINT ( 'NONE',  ( 18.77590753265936740, -42.18619108746220547, -2.259332843838641303 ) ) ;
#5830 = FACE_OUTER_BOUND ( 'NONE', #9390, .T. ) ;
#5831 = B_SPLINE_CURVE_WITH_KNOTS ( 'NONE', 3,
 ( #513, #1206, #2843, #9456, #2693, #5697, #8710, #6538, #1956, #9550, #5795, #2059, #5055, #8070, #1307, #569, #5844, #4611, #8374, #1505, #4561, #9699, #9751 ),
 .UNSPECIFIED., .F., .F.,
 ( 4, 1, 1, 1, 1, 1, 2, 2, 1, 1, 1, 1, 1, 1, 2, 2, 4 ),
 ( 0.000000000000000000, 0.1250000000000682232, 0.1875000000001002809, 0.2187500000001163514, 0.2343750000001225409, 0.2421875000001274814, 0.2460937500001299238, 0.2500000000001323386, 0.3750000000002389200, 0.4375000000002922107, 0.4687500000003188005, 0.4843750000003320677, 0.4921875000003405609, 0.4960937500003448353, 0.4980468750003469447, 0.5000000000003490541, 1.000000000000000000 ),
 .UNSPECIFIED. ) ;
#5832 = CARTESIAN_POINT ( 'NONE',  ( -20.60000000000000497, 43.60000000000000853, 2.000000000000001332 ) ) ;
#5833 = VERTEX_POINT ( 'NONE', #8874 ) ;
#5834 = CARTESIAN_POINT ( 'NONE',  ( -42.95525980219156281, -19.95510860986405532, 9.266666667217052122 ) ) ;
#5835 = DIRECTION ( 'NONE',  ( 0.000000000000000000, 0.000000000000000000, -1.000000000000000000 ) ) ;
#5836 = DIRECTION ( 'NONE',  ( -0.000000000000000000, -0.000000000000000000, 1.000000000000000000 ) ) ;
#5837 = CARTESIAN_POINT ( 'NONE',  ( -19.59829425104998535, -42.84427107284977865, -0.3837692129254128837 ) ) ;
#5838 = CARTESIAN_POINT ( 'NONE',  ( 0.000000000000000000, 44.10000000000000853, 9.600000000000001421 ) ) ;
#5839 =( NAMED_UNIT ( * ) PLANE_ANGLE_UNIT ( ) SI_UNIT ( $, .RADIAN. ) );
#5840 = EDGE_CURVE ( 'NONE', #4098, #7123, #3752, .T. ) ;
#5841 = CARTESIAN_POINT ( 'NONE',  ( -19.88124999999928022, 42.78749999999893561, -1.781250000000159428 ) ) ;
#5842 = VERTEX_POINT ( 'NONE', #3843 ) ;
#5843 = VERTEX_POINT ( 'NONE', #6808 ) ;
#5844 = CARTESIAN_POINT ( 'NONE',  ( 40.63839112660448194, -12.36480788056000968, 13.60000000000000320 ) ) ;
#5845 = DIRECTION ( 'NONE',  ( 0.000000000000000000, 0.000000000000000000, -1.000000000000000000 ) ) ;
#5846 = EDGE_CURVE ( 'NONE', #7019, #674, #4925, .T. ) ;
#5847 = DIRECTION ( 'NONE',  ( -0.000000000000000000, -0.000000000000000000, -1.000000000000000000 ) ) ;
#5848 = CARTESIAN_POINT ( 'NONE',  ( -18.90986133632428690, -6.747544310211239349, 13.59999999999999964 ) ) ;
#5849 = CARTESIAN_POINT ( 'NONE',  ( 16.10000000000000853, 43.72365630556134164, -2.353450214291521903 ) ) ;
#5850 = CARTESIAN_POINT ( 'NONE',  ( -20.33662834523111584, 43.68917621106752591, 0.5637608549730347418 ) ) ;
#5851 = CARTESIAN_POINT ( 'NONE',  ( -13.50000000000000000, -37.50000000000000000, 6.000000000000000000 ) ) ;
#5852 = CARTESIAN_POINT ( 'NONE',  ( 19.82204963953059718, -42.62161365322535289, -0.6911511042308582375 ) ) ;
#5853 = CARTESIAN_POINT ( 'NONE',  ( 42.09829147978928887, -19.60471939032876065, 10.02999999999979863 ) ) ;
#5854 = ORIENTED_EDGE ( 'NONE', *, *, #6180, .T. ) ;
#5855 = VERTEX_POINT ( 'NONE', #2513 ) ;
#5856 = CARTESIAN_POINT ( 'NONE',  ( 18.52398660120591245, 44.10819241021798831, -0.4239858880499033922 ) ) ;
#5857 = CARTESIAN_POINT ( 'NONE',  ( -19.47253305283510016, -41.28511273046834873, -2.483905166200714554 ) ) ;
#5858 = CARTESIAN_POINT ( 'NONE',  ( 41.88984178720452434, 19.88984571103919663, 7.599999999999999645 ) ) ;
#5859 = CARTESIAN_POINT ( 'NONE',  ( -19.37216851478374124, 41.81398651894429719, -2.746636277087639133 ) ) ;
#5860 = CARTESIAN_POINT ( 'NONE',  ( 15.50000000000000000, 37.50000000000000000, 6.000000000000000000 ) ) ;
#5861 = CARTESIAN_POINT ( 'NONE',  ( 20.77173927811464793, 42.55059805170212428, -0.7042241279794567710 ) ) ;
#5862 = CARTESIAN_POINT ( 'NONE',  ( -42.67437739003005248, 19.95410382469292188, 7.599999999999999645 ) ) ;
#5863 = CARTESIAN_POINT ( 'NONE',  ( 41.98042114943208958, -19.53210728986017131, 7.599999999999998757 ) ) ;
#5864 = CARTESIAN_POINT ( 'NONE',  ( 18.10000000000000142, 40.10000000000000142, 0.000000000000000000 ) ) ;
#5865 = CARTESIAN_POINT ( 'NONE',  ( -42.85347564445006441, 19.90574283814216372, 7.569999999999995843 ) ) ;
#5866 = EDGE_CURVE ( 'NONE', #9262, #9366, #7170, .T. ) ;
#5867 = EDGE_CURVE ( 'NONE', #6154, #1258, #7408, .T. ) ;
#5868 = VERTEX_POINT ( 'NONE', #472 ) ;
#5869 = CARTESIAN_POINT ( 'NONE',  ( -21.10000000000000142, -38.10000000000000853, 9.600000000000001421 ) ) ;
#5870 = DIRECTION ( 'NONE',  ( -1.000000000000000000, 0.000000000000000000, 0.000000000000000000 ) ) ;
#5871 = CARTESIAN_POINT ( 'NONE',  ( 20.66090659504353155, -42.53880138776013808, 9.600000000000004974 ) ) ;
#5872 = CARTESIAN_POINT ( 'NONE',  ( 43.10000000000007248, -6.440832512307222757, 14.59226551675742733 ) ) ;
#5873 = EDGE_CURVE ( 'NONE', #7041, #5868, #1861, .T. ) ;
#5874 = CARTESIAN_POINT ( 'NONE',  ( -40.60000000000003695, 10.27689577749865890, 7.600000000000000533 ) ) ;
#5875 = CARTESIAN_POINT ( 'NONE',  ( -8.997687380367869636, 21.10040903764042852, 13.60000000000064624 ) ) ;
#5876 = CARTESIAN_POINT ( 'NONE',  ( 18.47617900287268355, -42.16652083095171122, -2.416426674434733801 ) ) ;
#5877 = CARTESIAN_POINT ( 'NONE',  ( -14.07054652695203067, -4.689734712042237241, 28.59999999999999076 ) ) ;
#5878 = CARTESIAN_POINT ( 'NONE',  ( 12.50000000000000000, 35.89999999999999147, 0.000000000000000000 ) ) ;
#5879 = VERTEX_POINT ( 'NONE', #9556 ) ;
#5880 = CARTESIAN_POINT ( 'NONE',  ( -15.50000000000000000, -37.50000000000000000, 6.000000000000000000 ) ) ;
#5881 = VERTEX_POINT ( 'NONE', #9406 ) ;
#5882 = CARTESIAN_POINT ( 'NONE',  ( -21.10000000000000142, 39.10000000000001563, -1.753333333333333632 ) ) ;
#5883 = CARTESIAN_POINT ( 'NONE',  ( 16.10000000000000142, 44.10000000000000853, 10.23000000000000043 ) ) ;
#5884 = CARTESIAN_POINT ( 'NONE',  ( 39.35000000000001563, -4.920930214060099672, 26.32906978593981506 ) ) ;
#5885 = CARTESIAN_POINT ( 'NONE',  ( -19.72404729317311123, -41.91159499246787590, -1.811594992469754972 ) ) ;
#5886 = CARTESIAN_POINT ( 'NONE',  ( -15.50000000000000000, -37.50000000000000000, 6.000000000000000000 ) ) ;
#5887 = DIRECTION ( 'NONE',  ( -1.000000000000000000, 0.000000000000000000, 0.000000000000000000 ) ) ;
#5888 = CARTESIAN_POINT ( 'NONE',  ( -20.44018644154965614, 43.26129501559830715, -0.3758019009181516323 ) ) ;
#5889 = ORIENTED_EDGE ( 'NONE', *, *, #7115, .T. ) ;
#5890 = ORIENTED_EDGE ( 'NONE', *, *, #760, .F. ) ;
#5891 = CARTESIAN_POINT ( 'NONE',  ( 41.63667213872059847, 20.97576400432886956, 28.60000000000000497 ) ) ;
#5892 = CARTESIAN_POINT ( 'NONE',  ( 15.50000000000000000, 37.50000000000000000, 6.000000000000000000 ) ) ;
#5893 = EDGE_CURVE ( 'NONE', #4254, #8428, #4314, .T. ) ;
#5894 = CARTESIAN_POINT ( 'NONE',  ( 19.91801530242885576, -41.81645280243141372, -1.716452802434425662 ) ) ;
#5895 = CARTESIAN_POINT ( 'NONE',  ( 38.10000000000007248, -21.10000000000013642, 10.93333333333333357 ) ) ;
#5896 = CARTESIAN_POINT ( 'NONE',  ( 21.10000000000000142, 39.10000000000000853, 9.600000000000001421 ) ) ;
#5897 = DIRECTION ( 'NONE',  ( 0.000000000000000000, 0.000000000000000000, 1.000000000000000000 ) ) ;
#5898 = CARTESIAN_POINT ( 'NONE',  ( 48.10000000000006537, -1.546112270910429132, 13.60000000000000142 ) ) ;
#5899 = CARTESIAN_POINT ( 'NONE',  ( 17.63116748626569574, -43.09802463877589673, 1.999999999999988676 ) ) ;
#5900 = DIRECTION ( 'NONE',  ( 0.000000000000000000, -0.7071067811865513475, 0.7071067811865437980 ) ) ;
#5901 = ORIENTED_EDGE ( 'NONE', *, *, #9419, .T. ) ;
#5902 = VERTEX_POINT ( 'NONE', #2742 ) ;
#5903 = VECTOR ( 'NONE', #8252, 1000.000000000000000 ) ;
#5904 = ORIENTED_EDGE ( 'NONE', *, *, #3351, .T. ) ;
#5905 = CARTESIAN_POINT ( 'NONE',  ( 17.53640090607038715, 43.52666543961286294, -2.426665439613840736 ) ) ;
#5906 = CARTESIAN_POINT ( 'NONE',  ( -16.85000007912378805, -42.52044598952424082, -2.579554010475728631 ) ) ;
#5907 = CARTESIAN_POINT ( 'NONE',  ( 21.05646371664029814, -40.77855064893187631, 2.000000000000003553 ) ) ;
#5908 = CARTESIAN_POINT ( 'NONE',  ( -16.84999992087576715, 43.52044598952435450, -2.579554010475650472 ) ) ;
#5909 = CARTESIAN_POINT ( 'NONE',  ( -21.09627965690836504, -39.24942143388590665, 9.600000000000001421 ) ) ;
#5910 = CIRCLE ( 'NONE', #8743, 0.5000000000000004441 ) ;
#5911 = CARTESIAN_POINT ( 'NONE',  ( -18.10000000000000142, 39.23397459621556749, 6.000000000000000000 ) ) ;
#5912 = LINE ( 'NONE', #7409, #8282 ) ;
#5913 = CARTESIAN_POINT ( 'NONE',  ( -43.20481556042843607, 16.73477301873886702, 9.600000000000099121 ) ) ;
#5914 = CARTESIAN_POINT ( 'NONE',  ( -42.81532429733444900, 19.91748157575199585, 7.569999999999995843 ) ) ;
#5915 = CARTESIAN_POINT ( 'NONE',  ( -16.10000000000000142, 39.09999999999836717, -3.000000000000000000 ) ) ;
#5916 = ORIENTED_EDGE ( 'NONE', *, *, #7922, .T. ) ;
#5917 = CARTESIAN_POINT ( 'NONE',  ( -20.60000000000001563, -42.60000000000000853, 2.000000000000001332 ) ) ;
#5918 = CARTESIAN_POINT ( 'NONE',  ( -14.03146074138156862, 19.14736041318851534, 28.59999999999999787 ) ) ;
#5919 = CARTESIAN_POINT ( 'NONE',  ( 19.27279173387123734, -43.01881759005529915, 9.599999999999999645 ) ) ;
#5920 = CARTESIAN_POINT ( 'NONE',  ( -11.69689577749890219, 38.90000000000000568, 7.599999999999999645 ) ) ;
#5921 = EDGE_CURVE ( 'NONE', #742, #3764, #4962, .T. ) ;
#5922 = VECTOR ( 'NONE', #7003, 1000.000000000000000 ) ;
#5923 = FACE_OUTER_BOUND ( 'NONE', #8010, .T. ) ;
#5924 = CARTESIAN_POINT ( 'NONE',  ( -11.11660072353843631, 21.08360980613750968, 18.60000000000000142 ) ) ;
#5925 = CARTESIAN_POINT ( 'NONE',  ( 20.13409614037437123, -39.53598869740926602, -2.705303921174785131 ) ) ;
#5926 = CARTESIAN_POINT ( 'NONE',  ( -44.10000000000007248, -16.10000000000013642, 11.69999999999998330 ) ) ;
#5927 = CARTESIAN_POINT ( 'NONE',  ( 43.10000000000006537, 16.10000000000013287, 15.93333333333333002 ) ) ;
#5928 = ADVANCED_FACE ( 'NONE', ( #5701 ), #3585, .F. ) ;
#5929 = EDGE_LOOP ( 'NONE', ( #6499, #1133, #1283, #1703, #6511, #7522, #5717 ) ) ;
#5930 = CARTESIAN_POINT ( 'NONE',  ( -19.84999999999926246, 42.84999999999892850, -1.750000000000155431 ) ) ;
#5931 = ORIENTED_EDGE ( 'NONE', *, *, #3812, .F. ) ;
#5932 = DIRECTION ( 'NONE',  ( 0.000000000000000000, 0.000000000000000000, 1.000000000000000000 ) ) ;
#5933 = CARTESIAN_POINT ( 'NONE',  ( -41.94573865730876605, -20.04116199736793291, 7.600000000000000533 ) ) ;
#5934 = PLANE ( 'NONE',  #8047 ) ;
#5935 = CARTESIAN_POINT ( 'NONE',  ( -19.88114560558157606, -42.70120575520593320, -0.3789768448102063814 ) ) ;
#5936 = AXIS2_PLACEMENT_3D ( 'NONE', #281, #3982, #1761 ) ;
#5937 = AXIS2_PLACEMENT_3D ( 'NONE', #6765, #4253, #3703 ) ;
#5938 = APPLICATION_PROTOCOL_DEFINITION ( 'draft international standard', 'automotive_design', 1998, #7691 ) ;
#5939 = DIRECTION ( 'NONE',  ( 1.000000000000000000, 1.916821520416347353E-16, -0.000000000000000000 ) ) ;
#5940 = CARTESIAN_POINT ( 'NONE',  ( 41.87352962426754743, 19.91986027556591310, 7.569999999999907914 ) ) ;
#5941 = CARTESIAN_POINT ( 'NONE',  ( -19.91159499246866815, 42.91159499246834486, -1.624047293174916584 ) ) ;
#5942 = ORIENTED_EDGE ( 'NONE', *, *, #8245, .F. ) ;
#5943 = ORIENTED_EDGE ( 'NONE', *, *, #8329, .F. ) ;
#5944 = AXIS2_PLACEMENT_3D ( 'NONE', #7789, #9170, #88 ) ;
#5945 = CARTESIAN_POINT ( 'NONE',  ( 20.52044598952384291, -38.85000007912420017, -2.579554010476042603 ) ) ;
#5946 = CARTESIAN_POINT ( 'NONE',  ( -41.32029945714847941, -20.07227657705749380, 7.569999999999721396 ) ) ;
#5947 = DIRECTION ( 'NONE',  ( 0.000000000000000000, -1.000000000000000000, 0.000000000000000000 ) ) ;
#5948 = CARTESIAN_POINT ( 'NONE',  ( -11.22570872365023043, -12.37801558712120809, 13.59999999999999964 ) ) ;
#5949 = CARTESIAN_POINT ( 'NONE',  ( -19.84072818405890359, 43.94989004568004987, 1.249109874139878062 ) ) ;
#5950 = CARTESIAN_POINT ( 'NONE',  ( 13.54575131106458663, 35.89999999999999147, 6.000000000000000000 ) ) ;
#5951 = AXIS2_PLACEMENT_3D ( 'NONE', #3068, #1486, #5280 ) ;
#5952 = B_SPLINE_CURVE_WITH_KNOTS ( 'NONE', 3,
 ( #739, #9079, #686, #6666, #834, #9719, #3061, #2317, #8291, #5325, #3697, #2266 ),
 .UNSPECIFIED., .F., .F.,
 ( 4, 2, 2, 2, 2, 4 ),
 ( 0.000000000000000000, 0.5000000000000000000, 0.7500000000000000000, 0.8750000000000000000, 0.9375000000000000000, 1.000000000000000000 ),
 .UNSPECIFIED. ) ;
#5953 = CARTESIAN_POINT ( 'NONE',  ( 20.16652083094604109, -42.51642667442963130, -0.3761790028760287341 ) ) ;
#5954 = FACE_OUTER_BOUND ( 'NONE', #6563, .T. ) ;
#5955 = EDGE_LOOP ( 'NONE', ( #6351, #4765, #6512, #9463, #2414 ) ) ;
#5956 = ORIENTED_EDGE ( 'NONE', *, *, #8955, .T. ) ;
#5957 = LINE ( 'NONE', #3889, #6564 ) ;
#5958 = CARTESIAN_POINT ( 'NONE',  ( 17.53477213430514681, 44.11238495416311167, -0.8540049882059624897 ) ) ;
#5959 = CARTESIAN_POINT ( 'NONE',  ( -19.40343074669791790, -41.68537544719546162, -2.269741039320968934 ) ) ;
#5960 = CARTESIAN_POINT ( 'NONE',  ( 42.07960062175192917, 18.08376142935700415, 7.599999999999999645 ) ) ;
#5961 = VECTOR ( 'NONE', #3140, 1000.000000000000000 ) ;
#5962 = CARTESIAN_POINT ( 'NONE',  ( -21.07837550577983166, -40.14704002021907314, 9.599999999999999645 ) ) ;
#5963 = CARTESIAN_POINT ( 'NONE',  ( -40.20009818785057121, 20.09532558559254056, 7.599999999999999645 ) ) ;
#5964 = CARTESIAN_POINT ( 'NONE',  ( 21.10000000000000142, -47.46000000000000796, 2.000000000000000000 ) ) ;
#5965 = EDGE_CURVE ( 'NONE', #1179, #3340, #7138, .T. ) ;
#5966 = CARTESIAN_POINT ( 'NONE',  ( -43.13401292487379379, 19.12056661059850171, 9.600000000000099121 ) ) ;
#5967 = CARTESIAN_POINT ( 'NONE',  ( -21.10000000000000142, -41.22000000000271314, 2.000000000000000000 ) ) ;
#5968 = CARTESIAN_POINT ( 'NONE',  ( -43.04099958131981651, 18.94809031714331482, 7.600000000000000533 ) ) ;
#5969 = AXIS2_PLACEMENT_3D ( 'NONE', #4607, #5398, #8418 ) ;
#5970 = ADVANCED_FACE ( 'NONE', ( #3442 ), #1266, .F. ) ;
#5971 = ORIENTED_EDGE ( 'NONE', *, *, #5618, .F. ) ;
#5972 = LINE ( 'NONE', #691, #7838 ) ;
#5973 = CARTESIAN_POINT ( 'NONE',  ( -42.99383965099149663, -19.43765737097475821, 7.600000000000001421 ) ) ;
#5974 = CARTESIAN_POINT ( 'NONE',  ( 17.87180854728019952, -43.08542865622442974, 9.600000000000003197 ) ) ;
#5975 = B_SPLINE_CURVE_WITH_KNOTS ( 'NONE', 3,
 ( #3907, #8497, #7105, #5432 ),
 .UNSPECIFIED., .F., .F.,
 ( 4, 4 ),
 ( 0.02455544479608030503, 1.000000000000000000 ),
 .UNSPECIFIED. ) ;
#5976 = DIRECTION ( 'NONE',  ( -0.000000000000000000, -0.000000000000000000, 1.000000000000000000 ) ) ;
#5977 = CARTESIAN_POINT ( 'NONE',  ( -14.09999999999975984, 34.11769309494245306, 6.000000000000000000 ) ) ;
#5978 = CARTESIAN_POINT ( 'NONE',  ( -18.98809037278265066, 19.82648634617215677, 13.59999999999999964 ) ) ;
#5979 = VECTOR ( 'NONE', #3713, 1000.000000000000000 ) ;
#5980 = CARTESIAN_POINT ( 'NONE',  ( 15.50000000000000000, 37.50000000000000000, 6.000000000000000000 ) ) ;
#5981 = CARTESIAN_POINT ( 'NONE',  ( -14.07039211818113600, -4.694020758462223775, 28.59999999999999787 ) ) ;
#5982 = CARTESIAN_POINT ( 'NONE',  ( 0.000000000000000000, -21.10000000000013642, 13.60000000000000142 ) ) ;
#5983 = EDGE_CURVE ( 'NONE', #4188, #7224, #5175, .T. ) ;
#5984 = ORIENTED_EDGE ( 'NONE', *, *, #5478, .F. ) ;
#5985 = DIRECTION ( 'NONE',  ( 1.000000000000000000, 0.000000000000000000, 0.000000000000000000 ) ) ;
#5986 = ORIENTED_EDGE ( 'NONE', *, *, #3662, .T. ) ;
#5988 = CIRCLE ( 'NONE', #3307, 0.7500000000000006661 ) ;
#5987 = CARTESIAN_POINT ( 'NONE',  ( -21.10000000000476561, 44.10000000000001563, 4.743333333333334068 ) ) ;
#5989 = DIRECTION ( 'NONE',  ( -0.000000000000000000, 1.000000000000000000, 0.000000000000000000 ) ) ;
#5990 = CARTESIAN_POINT ( 'NONE',  ( -14.09999999997854125, 3.766666666666745211, 13.59999999997860698 ) ) ;
#5991 = CARTESIAN_POINT ( 'NONE',  ( -16.09999999999999076, -42.84802577744960672, -2.094740836381767668 ) ) ;
#5992 = CARTESIAN_POINT ( 'NONE',  ( -20.84802794910747892, 43.19473485721421468, 1.999999999999999556 ) ) ;
#5993 = CARTESIAN_POINT ( 'NONE',  ( 20.59999999999999787, 39.10000000000093223, -2.499999999999999556 ) ) ;
#5994 = EDGE_CURVE ( 'NONE', #7603, #7212, #8714, .T. ) ;
#5995 = EDGE_CURVE ( 'NONE', #4390, #4610, #5771, .T. ) ;
#5996 = CARTESIAN_POINT ( 'NONE',  ( -20.59999999999951470, 43.59999999999945430, 1.250000000000049738 ) ) ;
#5997 = ORIENTED_EDGE ( 'NONE', *, *, #4543, .T. ) ;
#5998 = ORIENTED_EDGE ( 'NONE', *, *, #2393, .F. ) ;
#5999 = CARTESIAN_POINT ( 'NONE',  ( 19.91159499246667153, -41.72404729317457139, -1.811594992472099541 ) ) ;
#6000 = CARTESIAN_POINT ( 'NONE',  ( 20.97836642101188076, -41.64449125787320583, 1.248608668713002467 ) ) ;
#6001 = CARTESIAN_POINT ( 'NONE',  ( -12.84943551331545919, -12.28653105570589510, 13.60000000000000142 ) ) ;
#6002 = EDGE_CURVE ( 'NONE', #9559, #8105, #6429, .T. ) ;
#6003 = B_SPLINE_CURVE_WITH_KNOTS ( 'NONE', 3,
 ( #9592, #558, #2051, #4408 ),
 .UNSPECIFIED., .F., .F.,
 ( 4, 4 ),
 ( 0.6866666666666669805, 1.000000000000000000 ),
 .UNSPECIFIED. ) ;
#6004 = CARTESIAN_POINT ( 'NONE',  ( -19.84999999999926246, 42.84999999999892850, -1.750000000000155431 ) ) ;
#6005 = CARTESIAN_POINT ( 'NONE',  ( 48.08249893086715332, -4.534445633800441300, 13.59999999999999787 ) ) ;
#6006 = CARTESIAN_POINT ( 'NONE',  ( 16.10000000000002984, -43.09802543199293012, 0.4688596676702487254 ) ) ;
#6007 = CARTESIAN_POINT ( 'NONE',  ( 17.53640090607038715, 43.52666543961285583, -2.426665439613841180 ) ) ;
#6008 = VERTEX_POINT ( 'NONE', #1961 ) ;
#6009 = ORIENTED_EDGE ( 'NONE', *, *, #3763, .F. ) ;
#6010 = ORIENTED_EDGE ( 'NONE', *, *, #9689, .T. ) ;
#6011 = CARTESIAN_POINT ( 'NONE',  ( -14.09999999999993570, 21.09999999999995168, 18.35000000000001563 ) ) ;
#6012 = CARTESIAN_POINT ( 'NONE',  ( -19.99887817354087716, -41.52984423246755341, -1.898878173542671632 ) ) ;
#6013 = DIRECTION ( 'NONE',  ( -0.000000000000000000, 0.000000000000000000, 1.000000000000000000 ) ) ;
#6014 = CARTESIAN_POINT ( 'NONE',  ( -19.14736041319597248, -43.03146074138078347, 9.600000000000003197 ) ) ;
#6015 = CARTESIAN_POINT ( 'NONE',  ( -40.12616797110053568, 20.09603600301917936, 7.600000000000001421 ) ) ;
#6016 = CARTESIAN_POINT ( 'NONE',  ( 16.10000000000000142, 45.33999999999994657, -3.000000000000000000 ) ) ;
#6017 = DIRECTION ( 'NONE',  ( -0.000000000000000000, -0.000000000000000000, -1.000000000000000000 ) ) ;
#6018 = CARTESIAN_POINT ( 'NONE',  ( 40.82309165052131306, -20.04972587931909089, 7.600000000000004086 ) ) ;
#6019 = CARTESIAN_POINT ( 'NONE',  ( -43.09230172891003008, 17.47116016972598018, 7.600000000000002309 ) ) ;
#6020 = VERTEX_POINT ( 'NONE', #1911 ) ;
#6021 = DIRECTION ( 'NONE',  ( 0.000000000000000000, 0.000000000000000000, 1.000000000000000000 ) ) ;
#6022 = CARTESIAN_POINT ( 'NONE',  ( -13.98712545639545723, 19.55436243565104704, 28.59999999999999076 ) ) ;
#6023 = CARTESIAN_POINT ( 'NONE',  ( -20.31939570397497619, -41.76528683176110235, -1.289197179094478063 ) ) ;
#6024 = CARTESIAN_POINT ( 'NONE',  ( -43.09842776662159025, -16.10000000000013998, 7.569999999999997620 ) ) ;
#6025 = FACE_OUTER_BOUND ( 'NONE', #4898, .T. ) ;
#6026 = PLANE ( 'NONE',  #5123 ) ;
#6027 = CARTESIAN_POINT ( 'NONE',  ( -19.07514152822112763, 18.33112916056802888, 13.60000000000000142 ) ) ;
#6028 = CARTESIAN_POINT ( 'NONE',  ( 17.53640090607041202, -42.52666543961280610, -2.426665439613918895 ) ) ;
#6029 = CARTESIAN_POINT ( 'NONE',  ( 16.10000000000000142, 44.10000000000000853, 9.600000000000001421 ) ) ;
#6030 = CARTESIAN_POINT ( 'NONE',  ( 43.05304772075140818, -5.092467573329484409, 28.59999999999999432 ) ) ;
#6031 = ORIENTED_EDGE ( 'NONE', *, *, #9736, .F. ) ;
#6032 = CARTESIAN_POINT ( 'NONE',  ( -21.10000000000000853, 39.09999999999961773, 1.234535060370021586 ) ) ;
#6033 = ORIENTED_EDGE ( 'NONE', *, *, #6054, .T. ) ;
#6034 = CARTESIAN_POINT ( 'NONE',  ( -18.46999999999999886, -38.10000000000000853, -3.000000000000001776 ) ) ;
#6035 = CARTESIAN_POINT ( 'NONE',  ( -11.84999999999993747, 18.09999999999996234, 25.59999999999999787 ) ) ;
#6036 = CARTESIAN_POINT ( 'NONE',  ( 20.96431189082512248, 42.73079705169115527, 1.999999999999998224 ) ) ;
#6037 = DIRECTION ( 'NONE',  ( 0.000000000000000000, 0.000000000000000000, 1.000000000000000000 ) ) ;
#6038 = CARTESIAN_POINT ( 'NONE',  ( -16.86398131449552551, -43.09999999999980247, 1.236015187890512346 ) ) ;
#6039 = CARTESIAN_POINT ( 'NONE',  ( -40.59999999999996589, -11.69689577749904430, 10.59999999999999964 ) ) ;
#6040 = CARTESIAN_POINT ( 'NONE',  ( -20.67955401047503017, 43.52044598952381449, 1.249999920875783488 ) ) ;
#6041 = ORIENTED_EDGE ( 'NONE', *, *, #7128, .F. ) ;
#6042 = ORIENTED_EDGE ( 'NONE', *, *, #6148, .F. ) ;
#6043 = CARTESIAN_POINT ( 'NONE',  ( 19.84999999999711306, -41.84999999999978826, -1.750000000002728928 ) ) ;
#6044 = CARTESIAN_POINT ( 'NONE',  ( 20.59999999999999432, 43.60000000000002274, 2.000000000000001332 ) ) ;
#6045 = CARTESIAN_POINT ( 'NONE',  ( 20.77173927811536203, -40.80422412797666709, -1.450598051705587643 ) ) ;
#6046 = CARTESIAN_POINT ( 'NONE',  ( -18.96231466086424788, -6.393546808510462753, 13.59999999999999787 ) ) ;
#6047 = EDGE_CURVE ( 'NONE', #1515, #1007, #4270, .T. ) ;
#6048 = CARTESIAN_POINT ( 'NONE',  ( -16.10000000000009734, 44.10000000000002274, 2.000000000000001332 ) ) ;
#6049 = CARTESIAN_POINT ( 'NONE',  ( 19.52984423246652668, -41.99887817354282049, -1.898878173545506254 ) ) ;
#6050 = CARTESIAN_POINT ( 'NONE',  ( 17.58231510585640933, -43.09769811981050935, 1.239884271808692651 ) ) ;
#6051 = CARTESIAN_POINT ( 'NONE',  ( -18.46999999999999886, 44.10000000000001563, -3.000000000000001776 ) ) ;
#6052 = VERTEX_POINT ( 'NONE', #1160 ) ;
#6053 = EDGE_LOOP ( 'NONE', ( #9379, #6103, #1090, #2618 ) ) ;
#6054 = EDGE_CURVE ( 'NONE', #5902, #4241, #624, .T. ) ;
#6055 = EDGE_LOOP ( 'NONE', ( #3223, #5822, #5078, #767 ) ) ;
#6056 = CARTESIAN_POINT ( 'NONE',  ( 20.10000000000000142, 0.000000000000000000, 7.599999999999999645 ) ) ;
#6057 = CARTESIAN_POINT ( 'NONE',  ( -20.53233532578453691, -38.10000000000000853, -2.567664674215466292 ) ) ;
#6058 = CIRCLE ( 'NONE', #4313, 0.5000000000000004441 ) ;
#6059 = DIRECTION ( 'NONE',  ( 0.000000000000000000, 0.000000000000000000, -1.000000000000000000 ) ) ;
#6060 = CARTESIAN_POINT ( 'NONE',  ( -21.07037261525413641, -40.39456583594407846, 9.600000000000001421 ) ) ;
#6061 = CARTESIAN_POINT ( 'NONE',  ( -40.05569862190782970, 20.09665274125339707, 7.599999999999999645 ) ) ;
#6062 = CARTESIAN_POINT ( 'NONE',  ( 39.37032354542992607, 20.22461654477780257, 10.03000000000000647 ) ) ;
#6063 = LINE ( 'NONE', #6760, #5455 ) ;
#6064 = VECTOR ( 'NONE', #4542, 1000.000000000000000 ) ;
#6065 = CARTESIAN_POINT ( 'NONE',  ( 7.672815374512754492E-16, -4.399999999999876010, 26.85000000000003695 ) ) ;
#6066 = VERTEX_POINT ( 'NONE', #5351 ) ;
#6067 = CARTESIAN_POINT ( 'NONE',  ( 20.53233532578451559, 43.66766467421550146, 2.000000000000000888 ) ) ;
#6068 = CARTESIAN_POINT ( 'NONE',  ( -42.93797192884665037, -19.74637280587774768, 7.600000000000001421 ) ) ;
#6069 = CARTESIAN_POINT ( 'NONE',  ( -20.58390522574318027, -41.28511347610244542, -1.372532109555953284 ) ) ;
#6070 = CARTESIAN_POINT ( 'NONE',  ( 21.09011195108232783, -39.84967719372804140, 9.600000000000001421 ) ) ;
#6071 = CARTESIAN_POINT ( 'NONE',  ( -42.90646997416213537, 19.85220486461594191, 7.569999999999995843 ) ) ;
#6072 = VECTOR ( 'NONE', #152, 1000.000000000000000 ) ;
#6073 = DIRECTION ( 'NONE',  ( -0.05233595624294377913, -1.003186872180429239E-17, 0.9986295347545739443 ) ) ;
#6074 = CARTESIAN_POINT ( 'NONE',  ( 18.77855064893188697, -38.10000000000000853, -2.956463716640300277 ) ) ;
#6075 = FACE_OUTER_BOUND ( 'NONE', #7259, .T. ) ;
#6076 = CARTESIAN_POINT ( 'NONE',  ( 43.06222914285856973, -4.899272037741888575, 28.60000000000000497 ) ) ;
#6077 = PRODUCT_DEFINITION_FORMATION_WITH_SPECIFIED_SOURCE ( 'ANY', '', #4770, .NOT_KNOWN. ) ;
#6078 = CARTESIAN_POINT ( 'NONE',  ( -19.81049812225842288, 43.94883644206164064, 9.600000000000001421 ) ) ;
#6079 = ORIENTED_EDGE ( 'NONE', *, *, #3888, .F. ) ;
#6080 = AXIS2_PLACEMENT_3D ( 'NONE', #7482, #4411, #9694 ) ;
#6081 = CARTESIAN_POINT ( 'NONE',  ( -40.22341368414549123, -20.09525126151918784, 7.599999999999999645 ) ) ;
#6082 = CARTESIAN_POINT ( 'NONE',  ( 18.10000000000000142, 40.10000000000000142, 7.599999999999999645 ) ) ;
#6083 = CARTESIAN_POINT ( 'NONE',  ( -14.09999999999993570, -2.399999999999876010, 18.60000000000000142 ) ) ;
#6084 = CARTESIAN_POINT ( 'NONE',  ( -16.09999999999997655, -42.60000000000000853, -2.500000000000003109 ) ) ;
#6085 = CIRCLE ( 'NONE', #1516, 0.8457513110646033283 ) ;
#6086 = CARTESIAN_POINT ( 'NONE',  ( -17.28235439309511534, 21.09999999999994102, 13.60641280171859435 ) ) ;
#6087 = ADVANCED_FACE ( 'NONE', ( #6882 ), #8369, .T. ) ;
#6088 = CARTESIAN_POINT ( 'NONE',  ( -20.81355405299227357, 43.28449770133367025, 2.000000000000000444 ) ) ;
#6089 = ORIENTED_EDGE ( 'NONE', *, *, #9062, .F. ) ;
#6090 = VERTEX_POINT ( 'NONE', #1600 ) ;
#6091 = CARTESIAN_POINT ( 'NONE',  ( 19.99887817353972963, -41.52984423246894607, -1.898878173544845893 ) ) ;
#6092 = CARTESIAN_POINT ( 'NONE',  ( 16.10000000000002274, -39.63116748626566732, -2.998024638775868222 ) ) ;
#6093 = CARTESIAN_POINT ( 'NONE',  ( 20.64662051772404183, -40.47776637993727888, -1.876453709966007466 ) ) ;
#6094 = DIRECTION ( 'NONE',  ( -0.000000000000000000, -0.000000000000000000, 1.000000000000000000 ) ) ;
#6095 = LINE ( 'NONE', #7404, #4951 ) ;
#6096 = CARTESIAN_POINT ( 'NONE',  ( -18.77854727961335968, 44.05646374350415329, 2.000000000000002665 ) ) ;
#6097 = CARTESIAN_POINT ( 'NONE',  ( -19.84999999999926246, 42.84999999999892850, -1.750000000000155431 ) ) ;
#6098 = CARTESIAN_POINT ( 'NONE',  ( -13.17033992910987017, -7.162249807335906659, 13.60000000000122000 ) ) ;
#6099 = CARTESIAN_POINT ( 'NONE',  ( 0.000000000000000000, 43.10000000000000853, 7.599999999999999645 ) ) ;
#6100 = ORIENTED_EDGE ( 'NONE', *, *, #6958, .F. ) ;
#6101 = EDGE_LOOP ( 'NONE', ( #5247, #1906, #953, #3132, #3005, #1407, #2212, #7196 ) ) ;
#6102 = EDGE_CURVE ( 'NONE', #4969, #5330, #440, .T. ) ;
#6103 = ORIENTED_EDGE ( 'NONE', *, *, #7166, .T. ) ;
#6104 = DIRECTION ( 'NONE',  ( 1.000000000000000000, 0.000000000000000000, 0.000000000000000000 ) ) ;
#6105 = FACE_BOUND ( 'NONE', #9247, .T. ) ;
#6106 =( BOUNDED_CURVE ( )  B_SPLINE_CURVE ( 2, ( #149, #2424, #3172 ),
 .UNSPECIFIED., .F., .F. ) 
 B_SPLINE_CURVE_WITH_KNOTS ( ( 3, 3 ),
 ( 0.000000000000000000, 0.001500032751052043575 ),
 .UNSPECIFIED. ) 
 CURVE ( )  GEOMETRIC_REPRESENTATION_ITEM ( )  RATIONAL_B_SPLINE_CURVE ( ( 1.287851817710578217, 1.151585273947910215, 1.000000000000000000 ) ) 
 REPRESENTATION_ITEM ( '' )  );
#6107 = CARTESIAN_POINT ( 'NONE',  ( -20.12889382622945433, -42.86802747807863057, 9.600000000000001421 ) ) ;
#6108 = AXIS2_PLACEMENT_3D ( 'NONE', #8697, #7963, #458 ) ;
#6109 = EDGE_CURVE ( 'NONE', #1491, #1121, #4556, .T. ) ;
#6110 = CARTESIAN_POINT ( 'NONE',  ( -36.12000000000005429, 15.49999999999987033, 10.59999999999999964 ) ) ;
#6111 = DIRECTION ( 'NONE',  ( -0.000000000000000000, -0.000000000000000000, 1.000000000000000000 ) ) ;
#6112 = CARTESIAN_POINT ( 'NONE',  ( 40.31705988610853097, -20.07265512131226259, 7.599999999999998757 ) ) ;
#6113 = CARTESIAN_POINT ( 'NONE',  ( -43.04256652671764272, 18.92527334355270341, 7.600000000000000533 ) ) ;
#6114 = CIRCLE ( 'NONE', #4851, 4.000000000000000000 ) ;
#6115 = ORIENTED_EDGE ( 'NONE', *, *, #4318, .T. ) ;
#6116 = CARTESIAN_POINT ( 'NONE',  ( 19.91159499246630205, 42.91159499246919040, -1.624047293177347528 ) ) ;
#6117 = CARTESIAN_POINT ( 'NONE',  ( 41.93560524260325906, -19.98414113284661298, 9.600000000000004974 ) ) ;
#6118 = CARTESIAN_POINT ( 'NONE',  ( -43.02802452186498527, -19.11145600558879565, 7.569999999999997620 ) ) ;
#6119 = CARTESIAN_POINT ( 'NONE',  ( 41.92900344636276344, -19.92909258494905345, 8.600000000927105148 ) ) ;
#6120 = CARTESIAN_POINT ( 'NONE',  ( 17.63116748626569574, -43.09802463877589673, 1.999999999999988676 ) ) ;
#6121 = CARTESIAN_POINT ( 'NONE',  ( -43.05119839417516658, -19.72292105550002361, 9.600000000000042277 ) ) ;
#6122 = EDGE_CURVE ( 'NONE', #6925, #6643, #4806, .T. ) ;
#6123 = DIRECTION ( 'NONE',  ( -1.000000000000000000, 0.000000000000000000, 0.000000000000000000 ) ) ;
#6124 = DIRECTION ( 'NONE',  ( 0.000000000000000000, 0.000000000000000000, 1.000000000000000000 ) ) ;
#6125 = PLANE ( 'NONE',  #1191 ) ;
#6126 = CARTESIAN_POINT ( 'NONE',  ( 42.09664412391389732, -7.178110969404353447, 28.59999999999999432 ) ) ;
#6127 = EDGE_LOOP ( 'NONE', ( #6260, #7294, #4100, #7510 ) ) ;
#6128 = CARTESIAN_POINT ( 'NONE',  ( -17.24942143384921422, 44.09627965690837925, 9.600000000000003197 ) ) ;
#6129 = VERTEX_POINT ( 'NONE', #2893 ) ;
#6130 = CARTESIAN_POINT ( 'NONE',  ( -19.52984423246752144, -41.99887817354090913, -1.898878173542671632 ) ) ;
#6131 = CARTESIAN_POINT ( 'NONE',  ( -42.30663401242087929, -20.00993986118701073, 7.599999999999996980 ) ) ;
#6132 = CARTESIAN_POINT ( 'NONE',  ( 20.80530425361456182, 43.13409537327823529, 0.5640123293694546680 ) ) ;
#6133 = FACE_BOUND ( 'NONE', #5216, .T. ) ;
#6134 = AXIS2_PLACEMENT_3D ( 'NONE', #864, #3929, #6888 ) ;
#6135 = CIRCLE ( 'NONE', #9756, 0.5000000000000004441 ) ;
#6136 = CARTESIAN_POINT ( 'NONE',  ( -17.53598767062885955, -42.80530425361650515, -2.034095373280487618 ) ) ;
#6137 = CARTESIAN_POINT ( 'NONE',  ( 16.10000000000002274, 43.84802577744959962, -2.094740836381765003 ) ) ;
#6138 = CARTESIAN_POINT ( 'NONE',  ( -20.13248562931475405, -41.19424047815853385, -2.032485629316367781 ) ) ;
#6139 = CARTESIAN_POINT ( 'NONE',  ( 38.10000000000005116, 20.20481555856621370, 9.600000000000001421 ) ) ;
#6140 = CIRCLE ( 'NONE', #2369, 0.5000000000000004441 ) ;
#6141 = CARTESIAN_POINT ( 'NONE',  ( -21.04464114138278674, 42.06536417594494282, 1.246780727450946147 ) ) ;
#6142 = ORIENTED_EDGE ( 'NONE', *, *, #7931, .T. ) ;
#6143 = CARTESIAN_POINT ( 'NONE',  ( 20.84802794910747537, 39.10000000000092513, -2.094734857214223478 ) ) ;
#6144 = CARTESIAN_POINT ( 'NONE',  ( 20.94989146761601617, -41.84072066215222918, 1.249108750848945126 ) ) ;
#6145 = CARTESIAN_POINT ( 'NONE',  ( -19.07708622831555090, -4.560020821559959359, 13.59999999999999964 ) ) ;
#6146 = CARTESIAN_POINT ( 'NONE',  ( -16.85138997391177895, 42.64449941131534416, -2.878365217700898704 ) ) ;
#6147 = CARTESIAN_POINT ( 'NONE',  ( -19.89950662132525139, 42.61774815859664756, -1.921437596424294236 ) ) ;
#6148 = EDGE_CURVE ( 'NONE', #3567, #2816, #7531, .T. ) ;
#6149 = CARTESIAN_POINT ( 'NONE',  ( 18.77269184024835980, -42.27338287873131861, -2.173382878733427948 ) ) ;
#6150 = DIRECTION ( 'NONE',  ( 1.000000000000000000, 0.000000000000000000, 0.000000000000000000 ) ) ;
#6151 = CARTESIAN_POINT ( 'NONE',  ( 17.53598869740817889, 43.13409614037728090, -2.705303921175873150 ) ) ;
#6152 = ORIENTED_EDGE ( 'NONE', *, *, #8043, .T. ) ;
#6153 = VERTEX_POINT ( 'NONE', #7393 ) ;
#6154 = VERTEX_POINT ( 'NONE', #5896 ) ;
#6155 = FACE_OUTER_BOUND ( 'NONE', #4944, .T. ) ;
#6156 =( BOUNDED_CURVE ( )  B_SPLINE_CURVE ( 2, ( #7769, #7022, #351 ),
 .UNSPECIFIED., .F., .T. ) 
 B_SPLINE_CURVE_WITH_KNOTS ( ( 3, 3 ),
 ( 0.000000000000000000, 1.000000000000000000 ),
 .UNSPECIFIED. ) 
 CURVE ( )  GEOMETRIC_REPRESENTATION_ITEM ( )  RATIONAL_B_SPLINE_CURVE ( ( 1.000000000000000000, 4.000000000000000888, 1.000000000000000000 ) ) 
 REPRESENTATION_ITEM ( '' )  );
#6157 = CARTESIAN_POINT ( 'NONE',  ( 13.49999999999999645, -37.50000000000000000, 2.000000000000000000 ) ) ;
#6158 = MANIFOLD_SOLID_BREP ( 'DeleteFace1', #5308 ) ;
#6159 = CARTESIAN_POINT ( 'NONE',  ( 21.09999999999999787, 39.59264819292304338, 9.599999999999999645 ) ) ;
#6160 = CARTESIAN_POINT ( 'NONE',  ( -20.16652083094892944, 43.51642667443042711, -0.3761790028741980874 ) ) ;
#6161 = FACE_OUTER_BOUND ( 'NONE', #7638, .T. ) ;
#6162 = CARTESIAN_POINT ( 'NONE',  ( 20.60000000000000142, -42.59999999999999432, 1.999999999999999556 ) ) ;
#6163 = CARTESIAN_POINT ( 'NONE',  ( -21.10000000000000142, -12.36666666664434899, -3.000000000000000000 ) ) ;
#6164 = CARTESIAN_POINT ( 'NONE',  ( -43.00993986118484713, 19.30663401243982946, 7.600000000000001421 ) ) ;
#6165 = EDGE_LOOP ( 'NONE', ( #4887, #7439, #4918, #619 ) ) ;
#6166 = CARTESIAN_POINT ( 'NONE',  ( -12.25038463814561318, -36.20000000000000284, 6.000000000000000000 ) ) ;
#6167 = CARTESIAN_POINT ( 'NONE',  ( -5.366666666666909613, 44.10000000000000853, 2.000000000000000000 ) ) ;
#6168 = CARTESIAN_POINT ( 'NONE',  ( -20.85000447008943070, -42.03165125944383362, 0.5641603941986788051 ) ) ;
#6169 = CARTESIAN_POINT ( 'NONE',  ( 21.10000000000000142, -38.10000000000000853, 9.600000000000001421 ) ) ;
#6170 = CARTESIAN_POINT ( 'NONE',  ( -42.96834341765797660, -19.96816119399719369, 9.600000000000003197 ) ) ;
#6171 = CARTESIAN_POINT ( 'NONE',  ( -19.06596421169042088, 18.60750802217085464, 13.60000000000000320 ) ) ;
#6172 = EDGE_CURVE ( 'NONE', #6309, #3361, #1994, .T. ) ;
#6173 = CARTESIAN_POINT ( 'NONE',  ( 41.72776371184771449, -20.07320996662803125, 10.03000000000007397 ) ) ;
#6174 = LINE ( 'NONE', #2431, #2765 ) ;
#6175 = CARTESIAN_POINT ( 'NONE',  ( -13.19274964925069149, -7.146406859495548325, 28.59999999999999076 ) ) ;
#6176 = CARTESIAN_POINT ( 'NONE',  ( 42.02796534581100474, -19.11198588730822934, 7.569999999999995843 ) ) ;
#6177 = VERTEX_POINT ( 'NONE', #8915 ) ;
#6178 = CARTESIAN_POINT ( 'NONE',  ( -19.48039098668930436, 43.99643778796590254, 9.600000000000001421 ) ) ;
#6179 = ORIENTED_EDGE ( 'NONE', *, *, #2861, .T. ) ;
#6180 = EDGE_CURVE ( 'NONE', #1931, #3849, #3754, .T. ) ;
#6181 = CARTESIAN_POINT ( 'NONE',  ( -16.84999999999951825, -42.59999999999982379, -2.500000000000194955 ) ) ;
#6182 = CARTESIAN_POINT ( 'NONE',  ( 41.88984178720452434, 19.88984571103919663, 7.599999999999999645 ) ) ;
#6183 = CARTESIAN_POINT ( 'NONE',  ( 21.10000000000000853, 39.10000000000048459, 1.234538920767856318 ) ) ;
#6184 = CARTESIAN_POINT ( 'NONE',  ( -16.10000000000000142, 13.36666666666557290, -3.000000000000000000 ) ) ;
#6185 = CARTESIAN_POINT ( 'NONE',  ( -18.47580180201152089, -42.44018644158546749, -2.161295015564361321 ) ) ;
#6186 = CARTESIAN_POINT ( 'NONE',  ( -18.77854727961335968, 44.05646374350415329, 2.000000000000002665 ) ) ;
#6187 =( BOUNDED_CURVE ( )  B_SPLINE_CURVE ( 2, ( #321, #2732, #7230 ),
 .UNSPECIFIED., .F., .T. ) 
 B_SPLINE_CURVE_WITH_KNOTS ( ( 3, 3 ),
 ( 0.000000000000000000, 1.000000000000000000 ),
 .UNSPECIFIED. ) 
 CURVE ( )  GEOMETRIC_REPRESENTATION_ITEM ( )  RATIONAL_B_SPLINE_CURVE ( ( 1.000000000000000000, 4.000000000000000888, 1.000000000000000000 ) ) 
 REPRESENTATION_ITEM ( '' )  );
#6188 = CARTESIAN_POINT ( 'NONE',  ( -18.78295866748109333, 21.09999999999993392, 13.60000000000000142 ) ) ;
#6189 = CARTESIAN_POINT ( 'NONE',  ( -20.86926143331740846, 43.13650671140302961, 1.249630440738698889 ) ) ;
#6190 = EDGE_CURVE ( 'NONE', #2701, #6899, #3902, .T. ) ;
#6191 = ORIENTED_EDGE ( 'NONE', *, *, #7900, .F. ) ;
#6192 = B_SPLINE_SURFACE_WITH_KNOTS ( 'NONE', 3, 3, ( 
 ( #2937, #765, #5941, #2885, #8960, #1502, #1455, #6736, #4458, #2200, #5996, #8117 ),
 ( #5841, #25, #7485, #6586, #2989, #5202, #9009, #7589, #5888, #2243, #6040, #8268 ),
 ( #9598, #3777, #9056, #2294, #8908, #5301, #4558, #8318, #2840, #8856, #2101, #5100 ),
 ( #3629, #1354, #4359, #7385, #617, #2150, #2402, #3191, #3283, #1603, #68, #6088 ),
 ( #7031, #7636, #9200, #6284, #3090, #9103, #914, #3873, #5495, #8419, #6189, #7731 ),
 ( #813, #6885, #3924, #4753, #5449, #9297, #2539, #5400, #3825, #4657, #7774, #1006 ),
 ( #4012, #1653, #6980, #2446, #2493, #2347, #5354, #7682, #8464, #8554, #1702, #6938 ),
 ( #8371, #174, #5542, #4608, #4708, #266, #1791, #964, #3969, #861, #6141, #219 ),
 ( #4799, #3236, #1748, #6236, #118, #9246, #8514, #6837, #3144, #9154, #3424, #454 ),
 ( #6477, #314, #1244, #1941, #7819, #4198, #2631, #1143, #2047, #357, #7171, #501 ),
 ( #6330, #6374, #403, #2724, #9488, #9439, #1993, #3474, #7122, #6426, #8648, #4252 ),
 ( #7961, #7866, #3328, #7222, #2680, #2582, #1192, #9389, #5683, #3517, #8599, #7076 ) ),
 .UNSPECIFIED., .F., .F., .F.,
 ( 4, 2, 2, 2, 2, 4 ),
 ( 4, 2, 2, 2, 2, 4 ),
 ( 0.000000000000000000, 0.06250000000000000000, 0.1250000000000000000, 0.2500000000000000000, 0.5000000000000000000, 1.000000000000000000 ),
 ( 0.000000000000000000, 0.06250000000000000000, 0.1250000000000000000, 0.2500000000000000000, 0.5000000000000000000, 1.000000000000000000 ),
 .UNSPECIFIED. ) ;
#6193 = CARTESIAN_POINT ( 'NONE',  ( 20.96197724028819209, -41.72831132817766786, 0.5646006254744602160 ) ) ;
#6194 = CARTESIAN_POINT ( 'NONE',  ( -16.10000000000036380, 42.92030272036262772, -2.832218652871359321 ) ) ;
#6195 = CARTESIAN_POINT ( 'NONE',  ( 41.48039098667793212, -20.99643778796698257, 13.59999999999999964 ) ) ;
#6196 = CARTESIAN_POINT ( 'NONE',  ( 16.10000000000000142, -44.33999999999797126, -3.000000000000000000 ) ) ;
#6197 = CARTESIAN_POINT ( 'NONE',  ( -11.41306639156805325, -7.371177330027691710, 13.60000000000216147 ) ) ;
#6198 = CARTESIAN_POINT ( 'NONE',  ( 16.10000000000001563, 43.45345044736526319, -2.623656114499783865 ) ) ;
#6199 = ORIENTED_EDGE ( 'NONE', *, *, #9632, .T. ) ;
#6200 = ADVANCED_FACE ( 'NONE', ( #5184 ), #1433, .F. ) ;
#6201 = ORIENTED_EDGE ( 'NONE', *, *, #8329, .T. ) ;
#6202 = CARTESIAN_POINT ( 'NONE',  ( -11.84999999999993747, 18.09999999999996234, 27.72132034355963981 ) ) ;
#6203 = DIRECTION ( 'NONE',  ( -0.000000000000000000, -0.000000000000000000, 1.000000000000000000 ) ) ;
#6204 = CARTESIAN_POINT ( 'NONE',  ( 42.09650699025748821, 17.07292860328746187, 7.599999999999998757 ) ) ;
#6205 = CARTESIAN_POINT ( 'NONE',  ( 20.14833751234622383, 43.86170419352166761, 9.600000000000001421 ) ) ;
#6206 = CARTESIAN_POINT ( 'NONE',  ( -18.48851315123532757, 43.91268977490231151, -1.313330664765422373 ) ) ;
#6207 = LINE ( 'NONE', #3166, #3625 ) ;
#6208 = DIRECTION ( 'NONE',  ( 0.000000000000000000, 0.000000000000000000, 1.000000000000000000 ) ) ;
#6209 = CARTESIAN_POINT ( 'NONE',  ( 0.000000000000000000, -20.10000000000013642, 7.599999999999999645 ) ) ;
#6210 = EDGE_LOOP ( 'NONE', ( #6778, #3617, #3970, #9057 ) ) ;
#6211 = ORIENTED_EDGE ( 'NONE', *, *, #3335, .F. ) ;
#6212 = CARTESIAN_POINT ( 'NONE',  ( 20.35072599843324070, 43.35072599843510943, -0.3758702989091248781 ) ) ;
#6213 = CARTESIAN_POINT ( 'NONE',  ( 42.07607343086156249, -19.60088922028218050, 9.599999999999734968 ) ) ;
#6214 = CARTESIAN_POINT ( 'NONE',  ( -21.06960988856527095, -40.50669107810225711, -0.7703589325479968108 ) ) ;
#6215 = LINE ( 'NONE', #6768, #7338 ) ;
#6216 = CARTESIAN_POINT ( 'NONE',  ( -42.97118357197407335, 19.58280725471230710, 7.570000000000132623 ) ) ;
#6217 = CARTESIAN_POINT ( 'NONE',  ( 16.86546493962998383, -43.10000000000000142, 2.000000000000000888 ) ) ;
#6218 = CIRCLE ( 'NONE', #4798, 0.5000000000000004441 ) ;
#6219 = CARTESIAN_POINT ( 'NONE',  ( 41.85251873002457046, -20.04096527429229724, 10.03000000000000469 ) ) ;
#6220 = CARTESIAN_POINT ( 'NONE',  ( -20.45345044736524542, -42.72365611449979639, 1.999999999999987121 ) ) ;
#6221 = DIRECTION ( 'NONE',  ( -1.000000000000000000, 0.000000000000000000, 0.000000000000000000 ) ) ;
#6222 = FACE_OUTER_BOUND ( 'NONE', #134, .T. ) ;
#6223 = ORIENTED_EDGE ( 'NONE', *, *, #631, .T. ) ;
#6224 = CARTESIAN_POINT ( 'NONE',  ( -20.66090659504347471, 43.53880138776057152, 9.600000000000001421 ) ) ;
#6225 = ORIENTED_EDGE ( 'NONE', *, *, #9729, .F. ) ;
#6226 = ADVANCED_FACE ( 'NONE', ( #2725 ), #743, .T. ) ;
#6227 = DIRECTION ( 'NONE',  ( -1.000000000000000000, 0.000000000000000000, 0.000000000000000000 ) ) ;
#6228 = CIRCLE ( 'NONE', #4019, 0.5000000000000004441 ) ;
#6229 = CARTESIAN_POINT ( 'NONE',  ( -11.84999999999993747, 18.09999999999995879, 27.72132034355963981 ) ) ;
#6230 = CARTESIAN_POINT ( 'NONE',  ( 20.93221865287137007, 42.92030272036262062, 1.999999999999993117 ) ) ;
#6231 = CARTESIAN_POINT ( 'NONE',  ( -18.10000000000000142, 40.10000000000000142, 4.585786437626904188 ) ) ;
#6232 = CARTESIAN_POINT ( 'NONE',  ( -15.59516088367128894, 25.25866404504686002, 13.59999999999999076 ) ) ;
#6233 = EDGE_CURVE ( 'NONE', #1628, #8319, #7279, .T. ) ;
#6234 = DIRECTION ( 'NONE',  ( 1.000000000000000000, 0.000000000000000000, 1.826024711554534653E-16 ) ) ;
#6235 = CARTESIAN_POINT ( 'NONE',  ( 38.10000000000004405, 20.13493851953499458, 8.266666666911563155 ) ) ;
#6236 = CARTESIAN_POINT ( 'NONE',  ( -20.64662051772562279, 41.47776637993695914, -1.876453709964702066 ) ) ;
#6237 = ORIENTED_EDGE ( 'NONE', *, *, #7863, .T. ) ;
#6238 = CARTESIAN_POINT ( 'NONE',  ( -19.37217076275831928, -40.81398462173779507, -2.746636109357793565 ) ) ;
#6239 = CARTESIAN_POINT ( 'NONE',  ( -44.08542865622445817, -17.87180854711649047, 13.59999999999999964 ) ) ;
#6240 = CARTESIAN_POINT ( 'NONE',  ( 21.09769885324959304, -39.58228836263810990, 1.239881106300543268 ) ) ;
#6241 = CARTESIAN_POINT ( 'NONE',  ( -16.09999999999997655, -42.60000000000000853, -2.500000000000003109 ) ) ;
#6242 = CARTESIAN_POINT ( 'NONE',  ( -16.10000000000029630, 43.45345021429154997, -2.623656305561330004 ) ) ;
#6243 = AXIS2_PLACEMENT_3D ( 'NONE', #5445, #7634, #8462 ) ;
#6244 = DIRECTION ( 'NONE',  ( 1.000000000000000000, 0.000000000000000000, 0.000000000000000000 ) ) ;
#6245 = CARTESIAN_POINT ( 'NONE',  ( -44.10000000000007248, 16.09999999999986287, 10.93333333333333357 ) ) ;
#6246 = CARTESIAN_POINT ( 'NONE',  ( 20.60000000000006537, -7.399999999999875122, 20.89999999999999503 ) ) ;
#6247 = CARTESIAN_POINT ( 'NONE',  ( 19.34565534668876907, 43.00359737110123604, -2.047862617723292811 ) ) ;
#6248 = ORIENTED_EDGE ( 'NONE', *, *, #7540, .T. ) ;
#6249 = ORIENTED_EDGE ( 'NONE', *, *, #8416, .F. ) ;
#6250 = FACE_OUTER_BOUND ( 'NONE', #729, .T. ) ;
#6251 = CARTESIAN_POINT ( 'NONE',  ( 19.73079705169110198, 39.10000000000089670, -2.864311890825118834 ) ) ;
#6252 = CARTESIAN_POINT ( 'NONE',  ( -4.364199060615334746E-15, -7.399999999999876010, 23.89999999999999147 ) ) ;
#6253 = CARTESIAN_POINT ( 'NONE',  ( 41.52038923085489586, 20.08863698949004473, 9.599999999999997868 ) ) ;
#6254 = CARTESIAN_POINT ( 'NONE',  ( -17.53584101845784460, 43.85000580965181882, -1.931646782500276771 ) ) ;
#6255 = CARTESIAN_POINT ( 'NONE',  ( 40.82591600508796859, -7.353366533305972119, 18.60000000000065512 ) ) ;
#6256 = AXIS2_PLACEMENT_3D ( 'NONE', #4430, #3596, #8238 ) ;
#6257 = DIRECTION ( 'NONE',  ( -0.7071067811865474617, 8.659560562354932858E-17, 0.7071067811865474617 ) ) ;
#6258 = PLANE ( 'NONE',  #3259 ) ;
#6259 = ORIENTED_EDGE ( 'NONE', *, *, #1968, .F. ) ;
#6260 = ORIENTED_EDGE ( 'NONE', *, *, #176, .F. ) ;
#6261 = CARTESIAN_POINT ( 'NONE',  ( 18.77943293000762637, 43.43424735887843724, -1.995318862091086221 ) ) ;
#6262 = CARTESIAN_POINT ( 'NONE',  ( 41.97874451842695720, -19.94666447902785578, 9.599999999999941025 ) ) ;
#6263 = CIRCLE ( 'NONE', #7845, 0.5000000000000004441 ) ;
#6264 = CARTESIAN_POINT ( 'NONE',  ( -43.02861363587174992, 19.89588082672269564, 10.03000000000000469 ) ) ;
#6265 = CARTESIAN_POINT ( 'NONE',  ( 20.77173952470021234, 41.80422545706606741, -1.450596040458935976 ) ) ;
#6266 = CARTESIAN_POINT ( 'NONE',  ( 21.10000000000000497, -38.10000000000000853, 0.1233333333333331561 ) ) ;
#6267 = CARTESIAN_POINT ( 'NONE',  ( 34.35000000000005116, -15.49999999999987033, 13.60000000000000142 ) ) ;
#6268 = EDGE_CURVE ( 'NONE', #2830, #9412, #8152, .T. ) ;
#6269 = PRODUCT_DEFINITION_SHAPE ( 'NONE', 'NONE',  #296 ) ;
#6270 = VECTOR ( 'NONE', #1095, 1000.000000000000000 ) ;
#6271 = CARTESIAN_POINT ( 'NONE',  ( -43.97576400432843258, 19.63667213872548345, 13.60000000000000497 ) ) ;
#6272 = DIRECTION ( 'NONE',  ( 0.000000000000000000, 0.000000000000000000, -1.000000000000000000 ) ) ;
#6273 = ORIENTED_EDGE ( 'NONE', *, *, #9479, .F. ) ;
#6274 = ORIENTED_EDGE ( 'NONE', *, *, #5446, .F. ) ;
#6275 = ORIENTED_EDGE ( 'NONE', *, *, #5371, .T. ) ;
#6276 = LINE ( 'NONE', #4837, #9687 ) ;
#6277 = CARTESIAN_POINT ( 'NONE',  ( 42.20481555856299849, 16.10000000000012577, 9.600000000000001421 ) ) ;
#6278 = CARTESIAN_POINT ( 'NONE',  ( 39.22341368408378770, 20.09525126151882546, 7.599999999999999645 ) ) ;
#6279 = CARTESIAN_POINT ( 'NONE',  ( 43.10000000000006537, -4.782977796115083002, 16.21092676416095202 ) ) ;
#6280 = CARTESIAN_POINT ( 'NONE',  ( -9.740415744756150573, 26.09912211731528586, 13.59999999999999787 ) ) ;
#6281 = ADVANCED_FACE ( 'NONE', ( #7172 ), #5226, .F. ) ;
#6282 = CARTESIAN_POINT ( 'NONE',  ( -15.03710209267706688, 21.09999999999994458, 13.72224676756519912 ) ) ;
#6283 = LINE ( 'NONE', #356, #7869 ) ;
#6284 = CARTESIAN_POINT ( 'NONE',  ( -20.20120184412881059, 42.60982067037956966, -1.603864670952976468 ) ) ;
#6285 = EDGE_LOOP ( 'NONE', ( #415, #8718, #4189, #1214 ) ) ;
#6287 = VECTOR ( 'NONE', #2772, 1000.000000000000000 ) ;
#6286 = CARTESIAN_POINT ( 'NONE',  ( -19.84072818405889294, -38.85089012585973478, -2.849890045680273598 ) ) ;
#6288 = CARTESIAN_POINT ( 'NONE',  ( -43.91392182095739827, -19.96631460141224323, 13.59999999999999787 ) ) ;
#6289 = CARTESIAN_POINT ( 'NONE',  ( 20.81355453544553669, -38.10000000000000853, -2.184496668613514991 ) ) ;
#6290 = CARTESIAN_POINT ( 'NONE',  ( -19.89950662132396175, -42.02143759642223841, -1.517748158597860719 ) ) ;
#6291 = EDGE_CURVE ( 'NONE', #8068, #7719, #2926, .T. ) ;
#6292 = AXIS2_PLACEMENT_3D ( 'NONE', #758, #3766, #2235 ) ;
#6293 = CARTESIAN_POINT ( 'NONE',  ( 43.10000000000006537, -17.08448482983544636, 13.59999999999999964 ) ) ;
#6294 = EDGE_CURVE ( 'NONE', #8835, #6993, #5725, .T. ) ;
#6295 = CARTESIAN_POINT ( 'NONE',  ( -14.02446615686893239, -5.535426690964275309, 13.60000000000370690 ) ) ;
#6296 = CARTESIAN_POINT ( 'NONE',  ( 19.57047620839325219, 42.85240843350798912, -2.005461298678720361 ) ) ;
#6297 = VERTEX_POINT ( 'NONE', #8745 ) ;
#6298 = ORIENTED_EDGE ( 'NONE', *, *, #9052, .F. ) ;
#6299 = CARTESIAN_POINT ( 'NONE',  ( 43.00416956306165872, 19.41380356356811276, 28.59999999999998721 ) ) ;
#6300 = CARTESIAN_POINT ( 'NONE',  ( 19.92030272036257799, 39.10000000000077591, -2.832218652871373532 ) ) ;
#6301 = UNCERTAINTY_MEASURE_WITH_UNIT (LENGTH_MEASURE( 1.000000000000000082E-05 ), #6733, 'distance_accuracy_value', 'NONE');
#6302 = CARTESIAN_POINT ( 'NONE',  ( -20.35072599843659802, 41.47587029890646448, -2.250725998437148156 ) ) ;
#6303 = EDGE_CURVE ( 'NONE', #2842, #6177, #5972, .T. ) ;
#6304 = CARTESIAN_POINT ( 'NONE',  ( 20.27774806692562848, 43.81364017786887644, 9.600000000000003197 ) ) ;
#6305 = CARTESIAN_POINT ( 'NONE',  ( -18.50669107810321634, 44.06960988856580741, -0.7703589325478819028 ) ) ;
#6306 = CARTESIAN_POINT ( 'NONE',  ( 0.000000000000000000, -20.10000000000013642, 7.599999999999999645 ) ) ;
#6307 = DIRECTION ( 'NONE',  ( 0.000000000000000000, 0.000000000000000000, 1.000000000000000000 ) ) ;
#6308 = FACE_OUTER_BOUND ( 'NONE', #5260, .T. ) ;
#6309 = VERTEX_POINT ( 'NONE', #9723 ) ;
#6310 = ORIENTED_EDGE ( 'NONE', *, *, #2384, .T. ) ;
#6311 = CARTESIAN_POINT ( 'NONE',  ( 19.25136987914944342, 43.44040282528775521, -1.621075896312008879 ) ) ;
#6312 = CARTESIAN_POINT ( 'NONE',  ( -16.10000000000037446, 44.10000000000000853, 2.000000000000000000 ) ) ;
#6313 = CARTESIAN_POINT ( 'NONE',  ( 20.31939570397338102, 42.76528683176185552, -1.289197179096227552 ) ) ;
#6314 = CARTESIAN_POINT ( 'NONE',  ( 41.88915931805921389, -19.88842729702288992, 7.569999999999995843 ) ) ;
#6315 = DIRECTION ( 'NONE',  ( -1.827300145727490244E-16, 0.05233595624294377913, 0.9986295347545739443 ) ) ;
#6316 = CARTESIAN_POINT ( 'NONE',  ( -43.98866520347218767, 19.54258782409750239, 13.60000000000000142 ) ) ;
#6317 = LINE ( 'NONE', #1315, #5349 ) ;
#6318 = ORIENTED_EDGE ( 'NONE', *, *, #9523, .F. ) ;
#6319 = ORIENTED_EDGE ( 'NONE', *, *, #2998, .F. ) ;
#6320 = B_SPLINE_CURVE_WITH_KNOTS ( 'NONE', 3,
 ( #7476, #3714, #6128, #851, #7720, #1641, #59, #4596, #6873, #3913, #903, #9143, #803, #7672, #2282, #3076, #6178, #3962, #109, #4548, #9191, #6926, #209, #6078, #7626, #6972, #3814, #5487, #4697, #9094, #3224, #5289, #6224, #2336, #5343, #8408, #8360, #1691, #2434, #8307, #163, #3133, #9235, #2483, #5437, #1544, #2391, #8453, #954, #5390, #7578, #6826, #1594, #3862, #4645, #3184, #8241, #3747, #3012, #9078, #8139, #8931 ),
 .UNSPECIFIED., .F., .F.,
 ( 4, 1, 1, 1, 1, 1, 1, 1, 2, 2, 1, 1, 1, 1, 1, 1, 2, 2, 1, 1, 1, 1, 2, 2, 2, 1, 1, 1, 1, 2, 2, 1, 1, 1, 1, 1, 2, 2, 1, 1, 1, 1, 1, 1, 2, 2, 4 ),
 ( 0.000000000000000000, 0.1249999999998428479, 0.1874999999997636890, 0.2187499999997234990, 0.2343749999997040978, 0.2421874999996944111, 0.2460937499996895539, 0.2480468749996862787, 0.2490234374996845856, 0.2499999999996828925, 0.3124999999995862754, 0.3437499999995384803, 0.3593749999995146105, 0.3671874999995035083, 0.3710937499994972355, 0.3730468749994946820, 0.3740234374994939603, 0.3749999999994932387, 0.4062499999994805266, 0.4218749999994738098, 0.4296874999994704791, 0.4335937499994698130, 0.4355468749994701461, 0.4374999999994704236, 0.4999999999994599875, 0.5312499999994547695, 0.5468749999994534372, 0.5546874999994529931, 0.5585937499994528821, 0.5605468749994518829, 0.5624999999994508837, 0.5937499999994449995, 0.6093749999994431121, 0.6171874999994423350, 0.6210937499994428901, 0.6230468749994422240, 0.6240234374994418909, 0.6249999999994414468, 0.6874999999995362598, 0.7187499999995847766, 0.7343749999996100897, 0.7421874999996226352, 0.7460937499996280753, 0.7480468749996307398, 0.7490234374996311839, 0.7499999999996316280, 1.000000000000000000 ),
 .UNSPECIFIED. ) ;
#6321 = ADVANCED_FACE ( 'NONE', ( #1483 ), #8695, .T. ) ;
#6322 = ORIENTED_EDGE ( 'NONE', *, *, #1960, .F. ) ;
#6323 = CARTESIAN_POINT ( 'NONE',  ( 20.83999999999846509, -43.10000000000000853, 2.000000000000000000 ) ) ;
#6324 = CARTESIAN_POINT ( 'NONE',  ( 38.07267799546102793, -12.39999999999987601, 13.60000000000000142 ) ) ;
#6325 = CARTESIAN_POINT ( 'NONE',  ( -16.09999999999996589, -42.60000000000000853, -2.500000000000000444 ) ) ;
#6326 = LINE ( 'NONE', #9384, #2804 ) ;
#6327 = CARTESIAN_POINT ( 'NONE',  ( -14.01389994786315363, 19.35206067629209414, 13.60000000000001208 ) ) ;
#6328 = CARTESIAN_POINT ( 'NONE',  ( -13.87792143096270792, 21.09999999999995524, 14.04639752435157973 ) ) ;
#6329 = CARTESIAN_POINT ( 'NONE',  ( -42.95781337680842427, 19.65624352878030834, 7.600000000000001421 ) ) ;
#6330 = CARTESIAN_POINT ( 'NONE',  ( -20.59999999999990905, 39.84999999999905640, -2.500000000000080380 ) ) ;
#6331 = ORIENTED_EDGE ( 'NONE', *, *, #4420, .F. ) ;
#6332 = CARTESIAN_POINT ( 'NONE',  ( -17.54559056778232673, -39.54556998013487856, -3.043404054122992974 ) ) ;
#6333 = CARTESIAN_POINT ( 'NONE',  ( -42.63667213872713546, -20.97576400432753374, 13.59999999999999964 ) ) ;
#6334 = CARTESIAN_POINT ( 'NONE',  ( 21.11238495416110439, -39.53477213430588932, -0.8540049882035842810 ) ) ;
#6335 = CARTESIAN_POINT ( 'NONE',  ( -20.27338287872769840, -42.27338287872771616, -0.6726918402503144767 ) ) ;
#6336 = CARTESIAN_POINT ( 'NONE',  ( 42.97576400432741650, -19.63667213872599859, 13.60000000000000142 ) ) ;
#6337 = CARTESIAN_POINT ( 'NONE',  ( -10.52315817654153562, -12.39689477104988313, 13.60000000000000142 ) ) ;
#6338 = CARTESIAN_POINT ( 'NONE',  ( 18.84582436512691928, 41.84582051132893099, -2.921200891708545910 ) ) ;
#6339 = VERTEX_POINT ( 'NONE', #5917 ) ;
#6340 = ORIENTED_EDGE ( 'NONE', *, *, #6054, .F. ) ;
#6341 = CARTESIAN_POINT ( 'NONE',  ( 42.99643778796537674, 19.48039098669067570, 28.59999999999999432 ) ) ;
#6342 = CARTESIAN_POINT ( 'NONE',  ( -14.09999999999993570, -2.399999999999876010, 18.35000000000001563 ) ) ;
#6343 = EDGE_CURVE ( 'NONE', #2990, #2508, #2704, .T. ) ;
#6344 = CARTESIAN_POINT ( 'NONE',  ( 38.10000000000007248, -20.10000000000013642, 7.599999999999999645 ) ) ;
#6345 = CARTESIAN_POINT ( 'NONE',  ( 20.87725659433512604, 43.09948029764434807, 9.600000000000001421 ) ) ;
#6346 = CARTESIAN_POINT ( 'NONE',  ( -18.47776664532976199, 43.64662036395722566, -1.876454066928036513 ) ) ;
#6347 = CARTESIAN_POINT ( 'NONE',  ( 42.60661465327930131, -6.895908991337157623, 18.59999999999999787 ) ) ;
#6348 = CARTESIAN_POINT ( 'NONE',  ( 18.47897684480802027, -42.70120575520930828, -1.781145605588014602 ) ) ;
#6349 = DIRECTION ( 'NONE',  ( 0.000000000000000000, 0.000000000000000000, -1.000000000000000000 ) ) ;
#6350 = EDGE_CURVE ( 'NONE', #5589, #1805, #424, .T. ) ;
#6351 = ORIENTED_EDGE ( 'NONE', *, *, #7688, .F. ) ;
#6352 = ORIENTED_EDGE ( 'NONE', *, *, #5675, .T. ) ;
#6353 = CARTESIAN_POINT ( 'NONE',  ( 19.38919717909134377, 43.31939570397724992, -1.665286831766386477 ) ) ;
#6354 = FACE_OUTER_BOUND ( 'NONE', #1482, .T. ) ;
#6355 = CARTESIAN_POINT ( 'NONE',  ( -42.87352962426866299, -19.91986027556664496, 7.569999999999997620 ) ) ;
#6356 = CARTESIAN_POINT ( 'NONE',  ( -42.91784294407783307, 19.81410856142114341, 7.569999999999999396 ) ) ;
#6357 = CARTESIAN_POINT ( 'NONE',  ( 20.02143759642124365, 42.61774815859756416, -1.799506621328294642 ) ) ;
#6358 = EDGE_CURVE ( 'NONE', #2748, #7951, #6478, .T. ) ;
#6359 = CARTESIAN_POINT ( 'NONE',  ( 41.52407600696699319, -20.11085662664245888, 10.03000000000007397 ) ) ;
#6360 = DIRECTION ( 'NONE',  ( 0.000000000000000000, 0.000000000000000000, -1.000000000000000000 ) ) ;
#6361 = DIRECTION ( 'NONE',  ( -0.000000000000000000, -0.000000000000000000, 1.000000000000000000 ) ) ;
#6362 = DIRECTION ( 'NONE',  ( 0.000000000000000000, 0.000000000000000000, -1.000000000000000000 ) ) ;
#6363 = ORIENTED_EDGE ( 'NONE', *, *, #1627, .F. ) ;
#6364 = ORIENTED_EDGE ( 'NONE', *, *, #6544, .F. ) ;
#6365 = VERTEX_POINT ( 'NONE', #5475 ) ;
#6366 = DIRECTION ( 'NONE',  ( -1.000000000000000000, 0.000000000000000000, 0.000000000000000000 ) ) ;
#6367 = DIRECTION ( 'NONE',  ( 1.000000000000000000, 0.000000000000000000, 0.000000000000000000 ) ) ;
#6368 = CARTESIAN_POINT ( 'NONE',  ( 41.53210728985267508, 19.98042114943642389, 7.599999999999999645 ) ) ;
#6369 = LINE ( 'NONE', #262, #3286 ) ;
#6370 = CARTESIAN_POINT ( 'NONE',  ( 16.10000000000000142, 39.10000000000189857, -3.000000000000000000 ) ) ;
#6371 = CARTESIAN_POINT ( 'NONE',  ( -13.96830100734309532, 21.09999999999994813, 14.00072895493125991 ) ) ;
#6372 = DIRECTION ( 'NONE',  ( -1.000000000000000000, 0.000000000000000000, -0.000000000000000000 ) ) ;
#6373 = AXIS2_PLACEMENT_3D ( 'NONE', #4746, #7768, #2082 ) ;
#6374 = CARTESIAN_POINT ( 'NONE',  ( -20.67955401047547781, 39.84999992087479370, -2.420445989524535602 ) ) ;
#6375 = VERTEX_POINT ( 'NONE', #942 ) ;
#6376 = CARTESIAN_POINT ( 'NONE',  ( -19.59829718316935399, -40.48376891750400830, -2.744270599664787369 ) ) ;
#6377 = CARTESIAN_POINT ( 'NONE',  ( -44.07131387799104516, -18.36820079461983468, 13.59999999999999964 ) ) ;
#6378 = DIRECTION ( 'NONE',  ( -1.826024711554534653E-16, 0.000000000000000000, 1.000000000000000000 ) ) ;
#6379 = CARTESIAN_POINT ( 'NONE',  ( -20.52666543960957668, -42.52666543960959444, 0.5635990939287466306 ) ) ;
#6380 = AXIS2_PLACEMENT_3D ( 'NONE', #2623, #1786, #6418 ) ;
#6381 = AXIS2_PLACEMENT_3D ( 'NONE', #2297, #71, #2992 ) ;
#6382 = CARTESIAN_POINT ( 'NONE',  ( 42.87483915154484038, -20.10733879021284309, 13.60000000000000497 ) ) ;
#6383 = CARTESIAN_POINT ( 'NONE',  ( -14.74771557943789091, -11.94048614350140802, 13.59999999999998366 ) ) ;
#6384 = EDGE_CURVE ( 'NONE', #8835, #1432, #2471, .T. ) ;
#6385 = CARTESIAN_POINT ( 'NONE',  ( 17.63116748626566732, 39.10000000000079012, -2.998024638775868667 ) ) ;
#6386 = ORIENTED_EDGE ( 'NONE', *, *, #6447, .T. ) ;
#6387 = ORIENTED_EDGE ( 'NONE', *, *, #6692, .F. ) ;
#6388 =( GEOMETRIC_REPRESENTATION_CONTEXT ( 3 ) GLOBAL_UNCERTAINTY_ASSIGNED_CONTEXT ( ( #8939 ) ) GLOBAL_UNIT_ASSIGNED_CONTEXT ( ( #1061, #1902, #4762 ) ) REPRESENTATION_CONTEXT ( 'NONE', 'WORKASPACE' ) );
#6389 = FACE_BOUND ( 'NONE', #3320, .T. ) ;
#6390 = CYLINDRICAL_SURFACE ( 'NONE', #6732, 1.379999999999999227 ) ;
#6391 = CARTESIAN_POINT ( 'NONE',  ( -20.83565336333806428, -42.23550703586746380, 1.249766861467209500 ) ) ;
#6392 = DIRECTION ( 'NONE',  ( -0.000000000000000000, -0.000000000000000000, -1.000000000000000000 ) ) ;
#6393 = AXIS2_PLACEMENT_3D ( 'NONE', #5098, #2099, #3724 ) ;
#6394 = CARTESIAN_POINT ( 'NONE',  ( 19.55436243565051413, 43.98712545639581606, 9.599999999999999645 ) ) ;
#6395 = CARTESIAN_POINT ( 'NONE',  ( 40.82591600510918539, -7.353366533588553189, 13.60000000000097664 ) ) ;
#6396 = CARTESIAN_POINT ( 'NONE',  ( 19.80406933660976776, -42.38772453215840130, -1.140034776128862726 ) ) ;
#6397 = CARTESIAN_POINT ( 'NONE',  ( -21.03798432061487844, 42.16143133711444335, 2.000000000000000444 ) ) ;
#6398 = EDGE_CURVE ( 'NONE', #1432, #666, #6106, .T. ) ;
#6399 = ORIENTED_EDGE ( 'NONE', *, *, #9134, .F. ) ;
#6400 = EDGE_LOOP ( 'NONE', ( #6089, #9309, #4026, #2307 ) ) ;
#6401 = CARTESIAN_POINT ( 'NONE',  ( 19.19424047815761725, 43.13248562931719476, -2.032485629319359166 ) ) ;
#6402 = CARTESIAN_POINT ( 'NONE',  ( -19.63979096058193008, 43.06931452656733939, -1.727691261670613487 ) ) ;
#6403 = CARTESIAN_POINT ( 'NONE',  ( -19.85240843350653250, 42.57047620839471591, -2.005461298675877302 ) ) ;
#6404 = CARTESIAN_POINT ( 'NONE',  ( 42.20481555856299849, 16.10000000000012577, 9.600000000000001421 ) ) ;
#6405 = CARTESIAN_POINT ( 'NONE',  ( 20.15917927406207255, 42.68284921675962096, -1.582849217056462088 ) ) ;
#6406 = VECTOR ( 'NONE', #9613, 1000.000000000000000 ) ;
#6407 =( BOUNDED_CURVE ( )  B_SPLINE_CURVE ( 2, ( #320, #5738, #5001 ),
 .UNSPECIFIED., .F., .F. ) 
 B_SPLINE_CURVE_WITH_KNOTS ( ( 3, 3 ),
 ( 0.000000000000000000, 0.009199074514668507258 ),
 .UNSPECIFIED. ) 
 CURVE ( )  GEOMETRIC_REPRESENTATION_ITEM ( )  RATIONAL_B_SPLINE_CURVE ( ( 1.000000000000000000, 4.000000000000000000, 1.000000000000000000 ) ) 
 REPRESENTATION_ITEM ( '' )  );
#6408 = CARTESIAN_POINT ( 'NONE',  ( 42.09525126151404351, -17.22341368411596463, 7.599999999999998757 ) ) ;
#6409 = CARTESIAN_POINT ( 'NONE',  ( 41.11198588730341186, 20.02796534580557264, 7.569999999999995843 ) ) ;
#6410 = CARTESIAN_POINT ( 'NONE',  ( 12.50000000000000888, -35.70000000000000284, 0.000000000000000000 ) ) ;
#6411 = CARTESIAN_POINT ( 'NONE',  ( 42.09842776662157604, -16.10000000000013287, 7.569999999999995843 ) ) ;
#6412 = EDGE_LOOP ( 'NONE', ( #9685, #4720, #1782, #5474, #6687, #4142, #443 ) ) ;
#6413 = AXIS2_PLACEMENT_3D ( 'NONE', #1360, #1462, #5163 ) ;
#6414 = EDGE_LOOP ( 'NONE', ( #503, #9025, #3980, #6273 ) ) ;
#6415 = EDGE_LOOP ( 'NONE', ( #7671, #8021, #9575, #1716, #1771, #6802, #8798, #3887, #4003, #2653, #1618, #2682, #8232, #2594 ) ) ;
#6416 = CARTESIAN_POINT ( 'NONE',  ( -13.87219128650704292, 20.11584027700514810, 28.60000000000000497 ) ) ;
#6417 = CARTESIAN_POINT ( 'NONE',  ( -20.35933284379481378, -40.77590760189347918, -2.086191087500118613 ) ) ;
#6418 = DIRECTION ( 'NONE',  ( -0.000000000000000000, 0.000000000000000000, -1.000000000000000000 ) ) ;
#6419 = CARTESIAN_POINT ( 'NONE',  ( 16.10000000000001918, -43.10000000000000853, 2.000000000000000000 ) ) ;
#6420 = EDGE_CURVE ( 'NONE', #7212, #5315, #2271, .T. ) ;
#6421 = CARTESIAN_POINT ( 'NONE',  ( -19.09999999999993747, 16.09999999999996589, 13.60000000000000497 ) ) ;
#6422 = SHAPE_REPRESENTATION ( 'Assem1', ( #7185, #5288, #8752 ), #879 ) ;
#6423 = VECTOR ( 'NONE', #8549, 1000.000000000000000 ) ;
#6424 = CARTESIAN_POINT ( 'NONE',  ( -13.21553891095776656, 21.09999999999995168, 14.52534402531074953 ) ) ;
#6425 = DIRECTION ( 'NONE',  ( -1.000000000000000000, 0.000000000000000000, 0.000000000000000000 ) ) ;
#6426 = CARTESIAN_POINT ( 'NONE',  ( -21.09769811981076515, 39.86011572818987503, 0.5176848941415251870 ) ) ;
#6427 = ORIENTED_EDGE ( 'NONE', *, *, #3404, .T. ) ;
#6428 = DIRECTION ( 'NONE',  ( -0.000000000000000000, -0.000000000000000000, -1.000000000000000000 ) ) ;
#6429 = CIRCLE ( 'NONE', #433, 0.5000000000000004441 ) ;
#6430 = CARTESIAN_POINT ( 'NONE',  ( -19.98226931568979836, 42.98226931568981257, 5.353564720337266714 ) ) ;
#6431 = EDGE_CURVE ( 'NONE', #3542, #5522, #3263, .T. ) ;
#6432 = CARTESIAN_POINT ( 'NONE',  ( 20.97836521770065588, -38.85138997391165816, -1.544499411316663462 ) ) ;
#6433 = LINE ( 'NONE', #9302, #4484 ) ;
#6434 = CARTESIAN_POINT ( 'NONE',  ( 43.07006491942915716, -18.40303354164397476, 13.60000000000000320 ) ) ;
#6435 = CARTESIAN_POINT ( 'NONE',  ( 16.10000000000000142, -43.10000000000000853, 9.600000000000001421 ) ) ;
#6436 = CARTESIAN_POINT ( 'NONE',  ( -14.06214496437207373, -12.11999222069383286, 13.59999999999999787 ) ) ;
#6437 = CARTESIAN_POINT ( 'NONE',  ( 17.54559056778145276, 40.54556998013620728, -3.043404054123415303 ) ) ;
#6438 = ORIENTED_EDGE ( 'NONE', *, *, #1841, .T. ) ;
#6439 = VERTEX_POINT ( 'NONE', #8492 ) ;
#6440 = LINE ( 'NONE', #7286, #2628 ) ;
#6441 = CARTESIAN_POINT ( 'NONE',  ( 19.16144512839893110, 39.10000000000082565, -2.937983190080169837 ) ) ;
#6442 = B_SPLINE_CURVE_WITH_KNOTS ( 'NONE', 3,
 ( #773, #1416, #1511, #4421 ),
 .UNSPECIFIED., .F., .F.,
 ( 4, 4 ),
 ( 0.3333333333333338144, 0.4866666666666666363 ),
 .UNSPECIFIED. ) ;
#6443 = CARTESIAN_POINT ( 'NONE',  ( -20.58390516619857991, -41.47253305283398106, -1.185112730469397135 ) ) ;
#6444 = CARTESIAN_POINT ( 'NONE',  ( -19.84999999999829967, -41.84999999999831033, -1.750000000000268008 ) ) ;
#6445 = DIRECTION ( 'NONE',  ( 0.000000000000000000, 0.000000000000000000, 1.000000000000000000 ) ) ;
#6446 = CIRCLE ( 'NONE', #615, 0.5000000000000004441 ) ;
#6447 = EDGE_CURVE ( 'NONE', #2900, #726, #7530, .T. ) ;
#6448 = CARTESIAN_POINT ( 'NONE',  ( 42.78162464687802213, -6.648109840596664100, 18.60000000000193410 ) ) ;
#6449 = CARTESIAN_POINT ( 'NONE',  ( 19.85240843124007526, -42.10546131036178963, -1.470476168575969744 ) ) ;
#6450 = ORIENTED_EDGE ( 'NONE', *, *, #1776, .T. ) ;
#6451 = VECTOR ( 'NONE', #1724, 1000.000000000000000 ) ;
#6452 = VERTEX_POINT ( 'NONE', #9178 ) ;
#6453 = CARTESIAN_POINT ( 'NONE',  ( 20.03164678249653718, 43.85000580965031247, 0.5641589815408266650 ) ) ;
#6454 = CARTESIAN_POINT ( 'NONE',  ( -18.77943311167287632, 43.43424730999839767, -1.995318914481268857 ) ) ;
#6455 = CARTESIAN_POINT ( 'NONE',  ( -43.22735090552428261, -16.73474969524977496, 10.03000000000000469 ) ) ;
#6456 = CARTESIAN_POINT ( 'NONE',  ( -19.57047616857267158, 42.85240843124251597, -2.005461310362615990 ) ) ;
#6457 = CARTESIAN_POINT ( 'NONE',  ( 40.71278458442105830, -3.962514834322296675, 27.27142824713083158 ) ) ;
#6458 = CARTESIAN_POINT ( 'NONE',  ( 20.38772446907547575, 42.24003503370575885, -1.704069416293268358 ) ) ;
#6459 = AXIS2_PLACEMENT_3D ( 'NONE', #7180, #3336, #9348 ) ;
#6460 = CARTESIAN_POINT ( 'NONE',  ( 42.02362310408896917, -19.17468780750661494, 7.599999999999996980 ) ) ;
#6461 = CARTESIAN_POINT ( 'NONE',  ( 43.10000000000006537, -16.10000000000013642, 11.70000000000001883 ) ) ;
#6462 = CARTESIAN_POINT ( 'NONE',  ( -42.11145600558544544, 20.02802452186447724, 7.569999999999995843 ) ) ;
#6463 = CARTESIAN_POINT ( 'NONE',  ( -42.52861721390298300, 20.99046056094351087, 13.60000000000000142 ) ) ;
#6464 = ORIENTED_EDGE ( 'NONE', *, *, #500, .F. ) ;
#6465 = ORIENTED_EDGE ( 'NONE', *, *, #7253, .F. ) ;
#6466 = ORIENTED_EDGE ( 'NONE', *, *, #3975, .T. ) ;
#6467 = CARTESIAN_POINT ( 'NONE',  ( 16.10000000000000142, -43.10000000000000853, 7.066666666666668206 ) ) ;
#6468 = CARTESIAN_POINT ( 'NONE',  ( -19.99887817354039399, -41.99887817354041886, -1.429844232469296150 ) ) ;
#6469 = CARTESIAN_POINT ( 'NONE',  ( 38.99274735639056644, 20.09714857554435596, 7.599999999999997868 ) ) ;
#6470 = CARTESIAN_POINT ( 'NONE',  ( 43.10000000000006537, -9.129900726432268243, 13.65478517242740253 ) ) ;
#6471 = ADVANCED_FACE ( 'NONE', ( #1529 ), #2377, .F. ) ;
#6472 = CARTESIAN_POINT ( 'NONE',  ( -13.73903216416963780, 20.42549664848401036, 13.59999999999804210 ) ) ;
#6473 = CARTESIAN_POINT ( 'NONE',  ( 18.80422412797713605, -41.55059805170634490, -2.671739278121019634 ) ) ;
#6474 = CARTESIAN_POINT ( 'NONE',  ( -13.23654756173458580, 21.09999999999995879, 14.50677121877207831 ) ) ;
#6475 = DIRECTION ( 'NONE',  ( 0.000000000000000000, 0.000000000000000000, -1.000000000000000000 ) ) ;
#6476 = EDGE_CURVE ( 'NONE', #5450, #7274, #5424, .T. ) ;
#6477 = CARTESIAN_POINT ( 'NONE',  ( -20.52666543961101908, 40.53640090607038360, -2.426665439611345398 ) ) ;
#6478 = LINE ( 'NONE', #6913, #3736 ) ;
#6479 = ORIENTED_EDGE ( 'NONE', *, *, #2985, .F. ) ;
#6480 = CARTESIAN_POINT ( 'NONE',  ( 43.10000000000006537, 16.10000000000013287, 9.600000000000001421 ) ) ;
#6481 = CARTESIAN_POINT ( 'NONE',  ( 21.09999999999675069, 44.09999999999350706, 0.1233333333333327120 ) ) ;
#6482 = CARTESIAN_POINT ( 'NONE',  ( 43.10000000000006537, -16.10000000000013642, 12.26666666666666750 ) ) ;
#6483 = CARTESIAN_POINT ( 'NONE',  ( -13.50000000000000000, -37.50000000000000000, 2.000000000000000000 ) ) ;
#6484 = LINE ( 'NONE', #1950, #5595 ) ;
#6485 = CARTESIAN_POINT ( 'NONE',  ( -16.60931060533412307, -10.91566100881696144, 13.60000000000000497 ) ) ;
#6486 = CARTESIAN_POINT ( 'NONE',  ( 20.23550703586748511, 39.85023313853365323, -2.735653363338910626 ) ) ;
#6487 = VERTEX_POINT ( 'NONE', #4536 ) ;
#6488 = EDGE_LOOP ( 'NONE', ( #2365, #306, #7786, #7306 ) ) ;
#6489 = CARTESIAN_POINT ( 'NONE',  ( 42.88525032197485132, 20.07265072837617836, 28.60000000000000853 ) ) ;
#6490 = CARTESIAN_POINT ( 'NONE',  ( -42.98768761388497239, -19.98379500470670678, 10.03000000000000647 ) ) ;
#6491 = CARTESIAN_POINT ( 'NONE',  ( -21.05646371664028749, -38.09999999999997300, -0.6785506489318601231 ) ) ;
#6492 = DIRECTION ( 'NONE',  ( 0.000000000000000000, 1.000000000000000000, 0.000000000000000000 ) ) ;
#6493 = CARTESIAN_POINT ( 'NONE',  ( 19.39755730794288624, 44.00743052736940086, 9.600000000000003197 ) ) ;
#6494 = CARTESIAN_POINT ( 'NONE',  ( -18.52398588804621227, 44.10819241021775383, -0.4239866012094662961 ) ) ;
#6495 = CARTESIAN_POINT ( 'NONE',  ( 41.56998191267447140, -7.288188127907812230, 13.60000000000065690 ) ) ;
#6496 = ADVANCED_FACE ( 'NONE', ( #7565 ), #3044, .T. ) ;
#6497 = CARTESIAN_POINT ( 'NONE',  ( 19.36030968756739057, -42.20852091177899723, -1.824394736386661275 ) ) ;
#6498 = ORIENTED_EDGE ( 'NONE', *, *, #887, .T. ) ;
#6499 = ORIENTED_EDGE ( 'NONE', *, *, #9347, .F. ) ;
#6500 = CARTESIAN_POINT ( 'NONE',  ( 18.95399462619302966, 44.11238549097657113, 0.5652200701883649536 ) ) ;
#6501 = CARTESIAN_POINT ( 'NONE',  ( 41.52076669960337796, -20.08856283237236795, 9.600000000000074252 ) ) ;
#6502 = CARTESIAN_POINT ( 'NONE',  ( -19.52984423246846646, 42.99887817354142783, -1.898878173542540182 ) ) ;
#6503 = DIRECTION ( 'NONE',  ( 1.000000000000000000, 0.000000000000000000, 0.000000000000000000 ) ) ;
#6504 = EDGE_CURVE ( 'NONE', #1446, #5718, #1470, .T. ) ;
#6505 = CARTESIAN_POINT ( 'NONE',  ( 21.04464114138331254, 39.85321927254975805, -0.9653641759473797768 ) ) ;
#6506 = CARTESIAN_POINT ( 'NONE',  ( 41.95781337680654133, -19.65624352878104375, 7.599999999999999645 ) ) ;
#6507 = EDGE_CURVE ( 'NONE', #7766, #742, #9513, .T. ) ;
#6508 = CARTESIAN_POINT ( 'NONE',  ( -17.66698729810778445, 40.35000000000000142, 6.000000000000000000 ) ) ;
#6509 = CARTESIAN_POINT ( 'NONE',  ( -42.28255110314996301, 20.14287602988424908, 10.02999999999986969 ) ) ;
#6510 = CARTESIAN_POINT ( 'NONE',  ( -18.77855064893193315, 39.09999999999931930, -2.956463716640297168 ) ) ;
#6511 = ORIENTED_EDGE ( 'NONE', *, *, #5408, .T. ) ;
#6512 = ORIENTED_EDGE ( 'NONE', *, *, #264, .F. ) ;
#6513 = ORIENTED_EDGE ( 'NONE', *, *, #1501, .F. ) ;
#6514 = CARTESIAN_POINT ( 'NONE',  ( -13.84640685949573680, 20.19274964925120841, 28.59999999999999787 ) ) ;
#6515 = CARTESIAN_POINT ( 'NONE',  ( 15.50000000000000000, 37.50000000000000000, 6.000000000000000000 ) ) ;
#6516 = CARTESIAN_POINT ( 'NONE',  ( 19.53538422206606384, -42.98959392881921815, 9.599999999999999645 ) ) ;
#6517 = CARTESIAN_POINT ( 'NONE',  ( 43.10000000000007248, -5.973906440337259482, 15.03536302557981230 ) ) ;
#6518 = CARTESIAN_POINT ( 'NONE',  ( -13.10496298909489532, 20.87812371298036496, 13.60000000000128928 ) ) ;
#6519 = CARTESIAN_POINT ( 'NONE',  ( 19.72107519403713738, -41.25137024352667225, -2.340402978302975168 ) ) ;
#6520 = CARTESIAN_POINT ( 'NONE',  ( -14.01881759006186456, -5.572791733830994687, 28.60000000000000142 ) ) ;
#6521 = CARTESIAN_POINT ( 'NONE',  ( -17.23397459621556393, -40.10000000000000142, 7.599999999999999645 ) ) ;
#6522 = ADVANCED_FACE ( 'NONE', ( #1368 ), #2749, .F. ) ;
#6523 =( BOUNDED_SURFACE ( )  B_SPLINE_SURFACE ( 2, 3, ( 
 ( #388, #3456, #5669, #7303 ),
 ( #4882, #5074, #8726, #4282 ),
 ( #7256, #8089, #6461, #7898 ) ),
 .UNSPECIFIED., .F., .F., .T. ) 
 B_SPLINE_SURFACE_WITH_KNOTS ( ( 3, 3 ),
 ( 4, 4 ),
 ( 0.000000000000000000, 1.000000000000000000 ),
 ( -0.003299999999999999982, 0.003300000000000000849 ),
 .UNSPECIFIED. ) 
 GEOMETRIC_REPRESENTATION_ITEM ( )  RATIONAL_B_SPLINE_SURFACE ( (
 ( 1.000000000000000000, 1.000000000000000000, 1.000000000000000000, 1.000000000000000000),
 ( 4.000000000000000888, 4.000000000000000888, 4.000000000000000888, 4.000000000000000888),
 ( 1.000000000000000000, 1.000000000000000000, 1.000000000000000000, 1.000000000000000000) ) ) 
 REPRESENTATION_ITEM ( '' )  SURFACE ( )  );
#6524 = DIRECTION ( 'NONE',  ( 1.000000000000000000, 0.000000000000000000, 0.000000000000000000 ) ) ;
#6525 = VECTOR ( 'NONE', #6619, 1000.000000000000114 ) ;
#6526 = ORIENTED_EDGE ( 'NONE', *, *, #2478, .F. ) ;
#6527 = CARTESIAN_POINT ( 'NONE',  ( -36.12000000000005429, 15.49999999999987033, 3.696770567850254707 ) ) ;
#6528 = DIRECTION ( 'NONE',  ( 1.000000000000000000, 0.000000000000000000, 0.000000000000000000 ) ) ;
#6529 = CARTESIAN_POINT ( 'NONE',  ( 40.77319160183586888, -5.016993804781177069, 26.23300619521873855 ) ) ;
#6530 = CARTESIAN_POINT ( 'NONE',  ( -19.77688266332190636, -41.99329092510162553, -1.676882664671156542 ) ) ;
#6531 = EDGE_CURVE ( 'NONE', #2714, #7052, #2323, .T. ) ;
#6532 = CARTESIAN_POINT ( 'NONE',  ( 38.10000000000007248, -7.399999999999876010, 23.85000000000000142 ) ) ;
#6533 = VECTOR ( 'NONE', #4149, 1000.000000000000000 ) ;
#6534 = CARTESIAN_POINT ( 'NONE',  ( -19.09999999999993747, -2.399999999999876010, 13.60000000000000142 ) ) ;
#6535 = CARTESIAN_POINT ( 'NONE',  ( 20.59999999999945075, 39.85000000000076170, -2.500000000000552003 ) ) ;
#6536 = EDGE_LOOP ( 'NONE', ( #349, #8708, #3643, #8131 ) ) ;
#6537 = ORIENTED_EDGE ( 'NONE', *, *, #3372, .F. ) ;
#6538 = CARTESIAN_POINT ( 'NONE',  ( 41.89410479430991785, -12.28118218839277809, 13.60000000000000497 ) ) ;
#6539 = CARTESIAN_POINT ( 'NONE',  ( -40.37032354542803603, -20.22461654477982762, 10.03000000000055358 ) ) ;
#6540 = LINE ( 'NONE', #2890, #8576 ) ;
#6541 = DIRECTION ( 'NONE',  ( 0.000000000000000000, -0.7071067811865513475, -0.7071067811865436870 ) ) ;
#6542 = AXIS2_PLACEMENT_3D ( 'NONE', #6082, #9098, #7630 ) ;
#6543 = CARTESIAN_POINT ( 'NONE',  ( -15.50000000000000000, -37.50000000000000000, 6.000000000000000000 ) ) ;
#6544 = EDGE_CURVE ( 'NONE', #555, #9538, #9401, .T. ) ;
#6545 = CARTESIAN_POINT ( 'NONE',  ( -19.72831701804392424, 43.96197628536967272, 0.5646033801837465615 ) ) ;
#6546 = CARTESIAN_POINT ( 'NONE',  ( 41.83572970367595900, -12.29166635302932242, 13.60000000000000497 ) ) ;
#6547 = CARTESIAN_POINT ( 'NONE',  ( 16.10000000000002274, -42.81355405299228067, -2.184497701333686148 ) ) ;
#6548 = CARTESIAN_POINT ( 'NONE',  ( 41.70545446987411253, -19.94742540629478356, 7.599999999999998757 ) ) ;
#6549 = ORIENTED_EDGE ( 'NONE', *, *, #9678, .T. ) ;
#6550 = ORIENTED_EDGE ( 'NONE', *, *, #3758, .T. ) ;
#6551 = CARTESIAN_POINT ( 'NONE',  ( 16.84999992087518450, 43.67955401047673547, -2.420445989526291086 ) ) ;
#6552 = CARTESIAN_POINT ( 'NONE',  ( -18.48376921292476638, -41.59829425105213829, -2.744271072852344062 ) ) ;
#6553 = CARTESIAN_POINT ( 'NONE',  ( -17.53634271284409252, 43.61665412125452690, -2.336690937432233994 ) ) ;
#6554 = CARTESIAN_POINT ( 'NONE',  ( -19.63979095401689889, 42.82769126126670756, -1.969314528371629125 ) ) ;
#6555 = CARTESIAN_POINT ( 'NONE',  ( -21.10000000000000853, -43.10000000000000853, -3.630000000000000782 ) ) ;
#6556 = CARTESIAN_POINT ( 'NONE',  ( 20.68917621106561455, 43.33662834522999674, 0.5637608549722120665 ) ) ;
#6557 = VECTOR ( 'NONE', #1768, 1000.000000000000000 ) ;
#6558 = CARTESIAN_POINT ( 'NONE',  ( 42.10000000000006537, -16.10000000000013287, 7.599999999999999645 ) ) ;
#6559 = CARTESIAN_POINT ( 'NONE',  ( 41.72663500523825775, 20.07343458888325216, 10.03000000000000647 ) ) ;
#6560 = CARTESIAN_POINT ( 'NONE',  ( -42.98672844033460905, 19.98438209060880055, 10.03000000000000469 ) ) ;
#6561 = CARTESIAN_POINT ( 'NONE',  ( -41.32364808234208198, -20.17861417217205755, 9.599999999999687006 ) ) ;
#6562 = ORIENTED_EDGE ( 'NONE', *, *, #7392, .T. ) ;
#6563 = EDGE_LOOP ( 'NONE', ( #8564, #3861, #291, #3592, #5685, #4099 ) ) ;
#6564 = VECTOR ( 'NONE', #3106, 1000.000000000000000 ) ;
#6565 = DIRECTION ( 'NONE',  ( -0.000000000000000000, -0.000000000000000000, -1.000000000000000000 ) ) ;
#6566 = CARTESIAN_POINT ( 'NONE',  ( -20.31939565370217338, -41.38919738757226696, -1.665286873931519862 ) ) ;
#6567 = CARTESIAN_POINT ( 'NONE',  ( 20.09664412391358113, -42.87811096940469469, 9.600000000000004974 ) ) ;
#6568 = PLANE ( 'NONE',  #601 ) ;
#6569 = CARTESIAN_POINT ( 'NONE',  ( 18.10000000000000142, 40.10000000000000142, 7.599999999999999645 ) ) ;
#6570 = CARTESIAN_POINT ( 'NONE',  ( -10.07521466551287048, 21.09717490100985060, 13.60000000000129283 ) ) ;
#6571 = ADVANCED_FACE ( 'NONE', ( #730 ), #4576, .T. ) ;
#6572 = CARTESIAN_POINT ( 'NONE',  ( 19.19424047815767409, -42.13248562931699581, -2.032485629319437770 ) ) ;
#6573 = CIRCLE ( 'NONE', #3579, 2.000000000000003553 ) ;
#6574 = CARTESIAN_POINT ( 'NONE',  ( -14.04485155126598706, -5.259420140603189076, 28.59999999999998366 ) ) ;
#6575 = ADVANCED_FACE ( 'NONE', ( #4670 ), #7604, .T. ) ;
#6576 = CARTESIAN_POINT ( 'NONE',  ( 38.59264819287633941, -7.399999999999878675, 28.60000000000000497 ) ) ;
#6577 = DIRECTION ( 'NONE',  ( 1.000000000000000000, 0.000000000000000000, -0.000000000000000000 ) ) ;
#6578 = ORIENTED_EDGE ( 'NONE', *, *, #3776, .F. ) ;
#6579 = CARTESIAN_POINT ( 'NONE',  ( 13.13482210506586512, 35.06897852042618524, -2.957831373953969667 ) ) ;
#6580 = FACE_OUTER_BOUND ( 'NONE', #6412, .T. ) ;
#6581 = DIRECTION ( 'NONE',  ( -0.000000000000000000, -0.000000000000000000, 1.000000000000000000 ) ) ;
#6582 = CARTESIAN_POINT ( 'NONE',  ( -19.21722922712649151, -42.27005965603232340, -1.869498635603672021 ) ) ;
#6583 = FACE_OUTER_BOUND ( 'NONE', #3185, .T. ) ;
#6584 = CARTESIAN_POINT ( 'NONE',  ( 41.91748157575103306, 19.81532429733804435, 7.569999999999995843 ) ) ;
#6585 = VECTOR ( 'NONE', #8941, 1000.000000000000000 ) ;
#6586 = CARTESIAN_POINT ( 'NONE',  ( -20.02143759642327581, 42.89950662132471848, -1.517748158597788777 ) ) ;
#6587 = ORIENTED_EDGE ( 'NONE', *, *, #3419, .T. ) ;
#6588 = ORIENTED_EDGE ( 'NONE', *, *, #3372, .T. ) ;
#6589 = DIRECTION ( 'NONE',  ( -1.000000000000000000, 0.000000000000000000, 0.000000000000000000 ) ) ;
#6590 = CARTESIAN_POINT ( 'NONE',  ( 18.10000000000000142, 40.10000000000000142, 7.599999999999999645 ) ) ;
#6591 = CARTESIAN_POINT ( 'NONE',  ( -11.84999999999993747, -4.399999999999876010, 27.72132034355963981 ) ) ;
#6592 = CARTESIAN_POINT ( 'NONE',  ( -18.89686818653501632, -6.829257348405092465, 13.60000000000000320 ) ) ;
#6593 = CARTESIAN_POINT ( 'NONE',  ( 16.10000000000000142, 44.10000000000000853, 9.600000000000001421 ) ) ;
#6594 = EDGE_CURVE ( 'NONE', #7767, #7649, #7698, .T. ) ;
#6595 = CARTESIAN_POINT ( 'NONE',  ( -19.41333390546439119, 43.91268936809851198, -0.3885129354218253561 ) ) ;
#6596 = CIRCLE ( 'NONE', #2983, 3.149999999999999911 ) ;
#6597 = CARTESIAN_POINT ( 'NONE',  ( 13.14382459174531093, 34.26759571749821731, 0.000000000000000000 ) ) ;
#6598 = CARTESIAN_POINT ( 'NONE',  ( 19.73079705169110554, -42.96431189082512958, 2.000000000000001776 ) ) ;
#6599 = CARTESIAN_POINT ( 'NONE',  ( 40.65000000000005542, -15.49999999999987033, 13.60000000000000142 ) ) ;
#6600 = ORIENTED_EDGE ( 'NONE', *, *, #211, .F. ) ;
#6601 = ADVANCED_BREP_SHAPE_REPRESENTATION ( '', ( #3141, #4338 ), #6388 ) ;
#6602 = EDGE_CURVE ( 'NONE', #4786, #5843, #5313, .T. ) ;
#6603 = VERTEX_POINT ( 'NONE', #4623 ) ;
#6604 = CARTESIAN_POINT ( 'NONE',  ( 16.10000000000001563, 43.96431189082512248, -1.630797051691062149 ) ) ;
#6605 = CARTESIAN_POINT ( 'NONE',  ( -19.72107589630762092, -41.25136987915136189, -2.340402825287707600 ) ) ;
#6606 = LINE ( 'NONE', #7349, #7990 ) ;
#6607 = VECTOR ( 'NONE', #5900, 1000.000000000000000 ) ;
#6608 = CARTESIAN_POINT ( 'NONE',  ( -19.77688266332305744, 42.77688266466992673, -1.893290925103539024 ) ) ;
#6609 = CARTESIAN_POINT ( 'NONE',  ( -21.10000000000000853, -38.10000000000000853, -3.630000000000000338 ) ) ;
#6610 = CARTESIAN_POINT ( 'NONE',  ( 20.27338287872605704, 43.27338287872818512, -0.6726918402521367968 ) ) ;
#6611 = CARTESIAN_POINT ( 'NONE',  ( -42.43765737097411517, 19.99383965099139715, 7.599999999999998757 ) ) ;
#6612 = CARTESIAN_POINT ( 'NONE',  ( 42.08744795434756725, -17.74293942035426142, 7.599999999999997868 ) ) ;
#6613 = CARTESIAN_POINT ( 'NONE',  ( 41.98768761388227233, 19.98379500470906223, 10.03000000000000647 ) ) ;
#6614 = DIRECTION ( 'NONE',  ( -0.000000000000000000, -0.000000000000000000, 1.000000000000000000 ) ) ;
#6615 = VECTOR ( 'NONE', #8289, 1000.000000000000000 ) ;
#6616 = CARTESIAN_POINT ( 'NONE',  ( -44.03146074138535226, 19.14736041313588188, 13.60000000000000142 ) ) ;
#6617 = ORIENTED_EDGE ( 'NONE', *, *, #7570, .T. ) ;
#6618 = CARTESIAN_POINT ( 'NONE',  ( 43.10000000000006537, 16.10000000000013287, 14.24999999999999112 ) ) ;
#6619 = DIRECTION ( 'NONE',  ( -0.5773502691896278405, 0.5773502691896278405, -0.5773502691896217343 ) ) ;
#6620 = CARTESIAN_POINT ( 'NONE',  ( -3.816391647148974819E-15, -4.399999999999876010, 20.89999999999999147 ) ) ;
#6621 = CARTESIAN_POINT ( 'NONE',  ( 43.10000000000006537, -5.556130916181508006, 15.44690563819165696 ) ) ;
#6622 = STYLED_ITEM ( 'NONE', ( #8216 ), #3141 ) ;
#6623 = DIRECTION ( 'NONE',  ( 0.000000000000000000, 0.000000000000000000, -1.000000000000000000 ) ) ;
#6624 = CARTESIAN_POINT ( 'NONE',  ( -13.90229016575001886, 20.07579555242715941, 18.59999999999613252 ) ) ;
#6625 = CARTESIAN_POINT ( 'NONE',  ( 19.97645406692635106, -40.47776664533095925, -2.546620363959733790 ) ) ;
#6626 = CARTESIAN_POINT ( 'NONE',  ( -13.87725659433492353, -6.399480297643895810, 28.60000000000000497 ) ) ;
#6627 = EDGE_CURVE ( 'NONE', #5183, #4873, #9100, .T. ) ;
#6628 = DIRECTION ( 'NONE',  ( 1.000000000000000000, 0.000000000000000000, 0.000000000000000000 ) ) ;
#6629 = EDGE_LOOP ( 'NONE', ( #7260, #5486, #7210, #8897 ) ) ;
#6630 = CARTESIAN_POINT ( 'NONE',  ( -17.50000000000000000, -37.50000000000000000, 2.000000000000000000 ) ) ;
#6631 = ORIENTED_EDGE ( 'NONE', *, *, #6594, .T. ) ;
#6632 = CARTESIAN_POINT ( 'NONE',  ( 42.10000000000006537, -16.10000000000013287, 7.599999999999999645 ) ) ;
#6633 = DIRECTION ( 'NONE',  ( -0.000000000000000000, 0.000000000000000000, 1.000000000000000000 ) ) ;
#6634 = B_SPLINE_CURVE_WITH_KNOTS ( 'NONE', 3,
 ( #9447, #6482, #2544, #7780 ),
 .UNSPECIFIED., .F., .F.,
 ( 4, 4 ),
 ( 0.000000000000000000, 0.6666666666666667407 ),
 .UNSPECIFIED. ) ;
#6635 = DIRECTION ( 'NONE',  ( 0.000000000000000000, 0.000000000000000000, 1.000000000000000000 ) ) ;
#6636 = CARTESIAN_POINT ( 'NONE',  ( -19.96949865478679698, -42.27005963225020224, -1.117229318593988774 ) ) ;
#6637 = VECTOR ( 'NONE', #1449, 1000.000000000000000 ) ;
#6638 = DIRECTION ( 'NONE',  ( 1.000000000000000000, 0.000000000000000000, 0.000000000000000000 ) ) ;
#6639 = APPLICATION_PROTOCOL_DEFINITION ( 'draft international standard', 'automotive_design', 1998, #481 ) ;
#6640 = CARTESIAN_POINT ( 'NONE',  ( -20.93222032930458099, 42.92029505638992504, 1.999999999999999112 ) ) ;
#6641 = CARTESIAN_POINT ( 'NONE',  ( 42.18996209167934097, 18.64302649857190985, 10.03000000000000469 ) ) ;
#6642 = CARTESIAN_POINT ( 'NONE',  ( -12.46026316928587008, 40.10000000000000142, 6.000000000000000000 ) ) ;
#6643 = VERTEX_POINT ( 'NONE', #2260 ) ;
#6644 = ORIENTED_EDGE ( 'NONE', *, *, #8264, .F. ) ;
#6645 = CARTESIAN_POINT ( 'NONE',  ( 40.59927203772170401, 21.06222914286038517, 28.59999999999999787 ) ) ;
#6646 = DIRECTION ( 'NONE',  ( 0.000000000000000000, 0.000000000000000000, 1.000000000000000000 ) ) ;
#6647 = CARTESIAN_POINT ( 'NONE',  ( 20.72365611449980349, -42.45345044736522055, 2.000000000000000888 ) ) ;
#6648 = CARTESIAN_POINT ( 'NONE',  ( -18.91879666063833199, -6.688848851038830645, 13.59999999999999964 ) ) ;
#6649 = DIRECTION ( 'NONE',  ( 0.000000000000000000, -0.000000000000000000, -1.000000000000000000 ) ) ;
#6650 = B_SPLINE_CURVE_WITH_KNOTS ( 'NONE', 3,
 ( #3968, #3921, #6086, #5352, #7728, #7680, #6884, #963, #117, #6979, #7773, #3143, #3039, #3233, #3775, #6788, #22, #9386, #3471, #3280, #6282, #2537, #1990, #4940, #4893, #3327, #7911, #1050, #4061, #7073, #6371, #6328, #8691, #3422, #8741, #2629, #5681, #2721, #9339, #2580, #6474, #8596, #7167, #6424, #1839, #401, #5540, #9295, #5585, #7817, #9437, #2677, #1005, #1189, #1098, #1939, #7864, #7120, #4195, #5727, #4990, #8645, #5632, #4795, #4845, #1889, #4106, #4011, #3368, #7958, #1141, #4150, #7220, #453, #9486, #7028, #265, #8552, #1789, #2771, #6676, #700 ),
 .UNSPECIFIED., .F., .F.,
 ( 4, 1, 1, 1, 1, 1, 1, 1, 2, 2, 1, 1, 1, 1, 2, 2, 1, 1, 1, 1, 2, 2, 1, 1, 1, 2, 2, 1, 1, 1, 1, 1, 2, 2, 1, 1, 1, 1, 1, 1, 2, 2, 1, 1, 1, 1, 1, 2, 2, 1, 1, 1, 1, 2, 2, 1, 1, 1, 1, 2, 2, 4 ),
 ( 0.000000000000000000, 0.1250000000000822120, 0.1875000000001237621, 0.2187500000001445510, 0.2343750000001555422, 0.2421875000001616762, 0.2460937500001647016, 0.2480468750001655343, 0.2490234375001659506, 0.2500000000001663669, 0.2812500000001819656, 0.2968750000001892930, 0.3046875000001932343, 0.3085937500001949552, 0.3105468750001955658, 0.3125000000001961764, 0.3437500000002013389, 0.3593750000002041700, 0.3671875000002055578, 0.3710937500002062794, 0.3730468750002066125, 0.3750000000002069456, 0.4062500000002109424, 0.4218750000002127187, 0.4296875000002136624, 0.4335937500002139955, 0.4375000000002143286, 0.4687500000002183809, 0.4843750000002202127, 0.4921875000002211009, 0.4960937500002217670, 0.4980468750002219336, 0.4990234375002222666, 0.5000000000002225997, 0.5312500000002222666, 0.5468750000002218226, 0.5546875000002216005, 0.5585937500002214895, 0.5605468750002214895, 0.5615234375002214895, 0.5620117187502213785, 0.5625000000002212674, 0.5937500000002048361, 0.6093750000001968425, 0.6171875000001928457, 0.6210937500001907363, 0.6230468750001896261, 0.6240234375001891820, 0.6250000000001886269, 0.6562500000001735279, 0.6718750000001663114, 0.6796875000001625367, 0.6835937500001607603, 0.6855468750001600942, 0.6875000000001595390, 0.7187500000001412204, 0.7343750000001321165, 0.7421875000001274536, 0.7460937500001252332, 0.7480468750001239009, 0.7500000000001226796, 1.000000000000000000 ),
 .UNSPECIFIED. ) ;
#6651 = CARTESIAN_POINT ( 'NONE',  ( -17.63116748626573838, 44.09802463877590384, 2.000000000000001332 ) ) ;
#6652 = CARTESIAN_POINT ( 'NONE',  ( -42.76437442640491327, 20.04175772303064207, 9.599999999999994316 ) ) ;
#6653 = CARTESIAN_POINT ( 'NONE',  ( 20.33662834522866447, -42.68917621106644589, 0.5637608549719798079 ) ) ;
#6654 = CARTESIAN_POINT ( 'NONE',  ( 19.33080941177664513, 43.08137278453688168, -1.981372784539122467 ) ) ;
#6655 = ORIENTED_EDGE ( 'NONE', *, *, #897, .F. ) ;
#6656 = EDGE_CURVE ( 'NONE', #6375, #3412, #5511, .T. ) ;
#6657 = ORIENTED_EDGE ( 'NONE', *, *, #6996, .F. ) ;
#6658 = CARTESIAN_POINT ( 'NONE',  ( 17.53539661981493580, 43.96197628537158408, -1.628317018047970688 ) ) ;
#6659 = CARTESIAN_POINT ( 'NONE',  ( -19.21722931859255823, -41.96949865478789832, -2.170059632252653969 ) ) ;
#6660 = CARTESIAN_POINT ( 'NONE',  ( 41.99238023628497274, 19.44838226708504436, 7.600000000000001421 ) ) ;
#6661 = DIRECTION ( 'NONE',  ( 1.000000000000000000, 3.491481338843133750E-15, 0.000000000000000000 ) ) ;
#6662 = CARTESIAN_POINT ( 'NONE',  ( -20.94883644205745910, -41.81049812226662254, 9.600000000000001421 ) ) ;
#6663 = ADVANCED_FACE ( 'NONE', ( #5414 ), #9452, .T. ) ;
#6664 = CARTESIAN_POINT ( 'NONE',  ( -40.07292860328777095, 20.09650699025793941, 7.599999999999999645 ) ) ;
#6665 = CARTESIAN_POINT ( 'NONE',  ( 21.10000000000000142, -47.46000000000001506, -3.000000000000000000 ) ) ;
#6666 = CARTESIAN_POINT ( 'NONE',  ( 16.10000000000001563, 41.77855064893209658, -2.956463716640295836 ) ) ;
#6667 = CARTESIAN_POINT ( 'NONE',  ( 40.60000000000006537, 0.000000000000000000, 7.599999999999999645 ) ) ;
#6668 = CARTESIAN_POINT ( 'NONE',  ( -20.60000000000000853, 39.09999999999919140, -2.499999999999998668 ) ) ;
#6669 = VERTEX_POINT ( 'NONE', #829 ) ;
#6670 = CARTESIAN_POINT ( 'NONE',  ( -14.07025860286470831, 18.39770951319335524, 28.60000000000000853 ) ) ;
#6671 = CARTESIAN_POINT ( 'NONE',  ( 20.89929146666822390, -42.02763088764791632, 9.600000000000003197 ) ) ;
#6672 = CARTESIAN_POINT ( 'NONE',  ( 43.10000000000006537, -9.159688019107877111, 13.65309291791312774 ) ) ;
#6673 = CARTESIAN_POINT ( 'NONE',  ( -37.50000000000005684, 15.49999999999987033, 10.59999999999999964 ) ) ;
#6674 = CARTESIAN_POINT ( 'NONE',  ( -12.70136291241813531, 20.96876705646279504, 13.59999999999935838 ) ) ;
#6675 = CARTESIAN_POINT ( 'NONE',  ( 19.24003477612430757, -41.80406933661481617, -2.287724532162586755 ) ) ;
#6676 = CARTESIAN_POINT ( 'NONE',  ( -9.773401556927920453, 21.09999999999996234, 17.92637210925574109 ) ) ;
#6677 = CARTESIAN_POINT ( 'NONE',  ( 40.14704002021904472, -7.378375505779703580, 28.60000000000000497 ) ) ;
#6678 = CARTESIAN_POINT ( 'NONE',  ( -19.91159499246866815, 42.91159499246834486, -1.624047293174916584 ) ) ;
#6679 = VERTEX_POINT ( 'NONE', #9763 ) ;
#6680 = CARTESIAN_POINT ( 'NONE',  ( -39.28412845333229342, -20.10000000054218816, 7.600000000000000533 ) ) ;
#6681 = CARTESIAN_POINT ( 'NONE',  ( 18.60000000000000142, 39.23397459621556749, 4.585786437626904188 ) ) ;
#6682 = CARTESIAN_POINT ( 'NONE',  ( -20.13650671140224802, -42.86926143331670858, 1.249630440738787929 ) ) ;
#6683 = CARTESIAN_POINT ( 'NONE',  ( -11.09999999999993570, 18.09999999999996234, 25.59999999999999787 ) ) ;
#6684 = CARTESIAN_POINT ( 'NONE',  ( 41.90574283814142120, 19.85347564445416069, 7.570000000000098872 ) ) ;
#6685 = DIRECTION ( 'NONE',  ( 1.000000000000000000, 0.000000000000000000, 0.000000000000000000 ) ) ;
#6686 = ORIENTED_EDGE ( 'NONE', *, *, #6656, .F. ) ;
#6687 = ORIENTED_EDGE ( 'NONE', *, *, #1374, .T. ) ;
#6688 = CARTESIAN_POINT ( 'NONE',  ( 20.05194259114968958, -41.20575881330076129, -2.104875062727852075 ) ) ;
#6689 = CARTESIAN_POINT ( 'NONE',  ( -42.81410856141907573, -19.91784294407826295, 7.569999999999997620 ) ) ;
#6690 = CARTESIAN_POINT ( 'NONE',  ( -21.09802463877586121, -39.63116748626571706, 2.000000000000001332 ) ) ;
#6691 = CARTESIAN_POINT ( 'NONE',  ( -13.24017767267965517, -12.23993889059482854, 13.60000000000000320 ) ) ;
#6692 = EDGE_CURVE ( 'NONE', #2852, #3961, #2786, .T. ) ;
#6693 = CIRCLE ( 'NONE', #8113, 0.5000000000000004441 ) ;
#6694 = DIRECTION ( 'NONE',  ( 1.000000000000000000, 0.000000000000000000, 0.000000000000000000 ) ) ;
#6695 = ADVANCED_FACE ( 'NONE', ( #6155 ), #3055, .T. ) ;
#6696 = CARTESIAN_POINT ( 'NONE',  ( -42.96816119399441902, 19.96834341765943677, 9.600000000000001421 ) ) ;
#6697 = CARTESIAN_POINT ( 'NONE',  ( 19.84072818405648775, -42.94989004567872826, 1.249109874139445742 ) ) ;
#6698 = CARTESIAN_POINT ( 'NONE',  ( 16.10000000000000853, 43.60000000000001563, -2.499999999999979572 ) ) ;
#6699 = VERTEX_POINT ( 'NONE', #6852 ) ;
#6700 = ORIENTED_EDGE ( 'NONE', *, *, #547, .T. ) ;
#6701 = VECTOR ( 'NONE', #2454, 1000.000000000000000 ) ;
#6702 = ORIENTED_EDGE ( 'NONE', *, *, #9701, .F. ) ;
#6703 = CARTESIAN_POINT ( 'NONE',  ( 18.47580180201095246, 43.44018644158798992, -2.161295015567492150 ) ) ;
#6704 = CARTESIAN_POINT ( 'NONE',  ( -19.63979096058119111, -41.82769126166903106, -1.969314526568701540 ) ) ;
#6705 = CARTESIAN_POINT ( 'NONE',  ( 42.03982962038168125, 18.96487654686475111, 7.599999999999999645 ) ) ;
#6706 = CARTESIAN_POINT ( 'NONE',  ( -19.63667213872264128, -42.97576400432780730, 9.600000000000004974 ) ) ;
#6707 = EDGE_CURVE ( 'NONE', #3875, #8523, #1509, .T. ) ;
#6708 = CARTESIAN_POINT ( 'NONE',  ( -42.57129478382451282, 19.97397648427666539, 7.599999999999998757 ) ) ;
#6709 = DIRECTION ( 'NONE',  ( -3.563892236262294995E-15, -1.000000000000000000, 0.000000000000000000 ) ) ;
#6710 = LINE ( 'NONE', #2961, #3449 ) ;
#6711 = CARTESIAN_POINT ( 'NONE',  ( 41.50095778074351216, -19.98492167713304468, 7.600000000000001421 ) ) ;
#6712 = CARTESIAN_POINT ( 'NONE',  ( 21.10000000000000142, -38.10000000000000142, 7.066666666666668206 ) ) ;
#6713 = ORIENTED_EDGE ( 'NONE', *, *, #6291, .T. ) ;
#6714 = CARTESIAN_POINT ( 'NONE',  ( 38.97743750754078462, -7.399999999999875122, 20.90000000000000213 ) ) ;
#6715 = CARTESIAN_POINT ( 'NONE',  ( 43.10000000000006537, 21.10000000000015419, 6.549999999999999822 ) ) ;
#6716 = CARTESIAN_POINT ( 'NONE',  ( -14.09999999999993570, 3.766666666666737662, 18.60000000000000142 ) ) ;
#6717 = DIRECTION ( 'NONE',  ( -0.000000000000000000, -0.000000000000000000, -1.000000000000000000 ) ) ;
#6718 = CARTESIAN_POINT ( 'NONE',  ( -43.13407336582574203, -19.12002029711687712, 9.600000000000111555 ) ) ;
#6719 = AXIS2_PLACEMENT_3D ( 'NONE', #4554, #6879, #5294 ) ;
#6720 = CARTESIAN_POINT ( 'NONE',  ( 16.85089012585968504, -41.84072818406006178, -2.849890045681126249 ) ) ;
#6721 = CARTESIAN_POINT ( 'NONE',  ( -43.11085662664230966, -19.52407600697205936, 10.02999999999986613 ) ) ;
#6722 = CARTESIAN_POINT ( 'NONE',  ( -13.99643778796675342, -5.780390986678688670, 28.59999999999999432 ) ) ;
#6723 = CARTESIAN_POINT ( 'NONE',  ( 21.10000000000000142, -38.10000000000001563, 2.000000000000000000 ) ) ;
#6724 = EDGE_LOOP ( 'NONE', ( #2308, #3963, #3461, #7914 ) ) ;
#6725 = CARTESIAN_POINT ( 'NONE',  ( -20.66766467421546238, 39.09999999999917719, -2.432335325784531044 ) ) ;
#6726 = ORIENTED_EDGE ( 'NONE', *, *, #805, .F. ) ;
#6727 = ADVANCED_FACE ( 'NONE', ( #5649 ), #1157, .T. ) ;
#6728 = CARTESIAN_POINT ( 'NONE',  ( -20.83999999999999986, -38.10000000000000853, -3.000000000000000000 ) ) ;
#6729 = CARTESIAN_POINT ( 'NONE',  ( 38.10000000000007958, -7.399999999999875122, 18.60000000000000497 ) ) ;
#6730 = CARTESIAN_POINT ( 'NONE',  ( -19.09999999999993747, -2.399999999999876010, 13.60000000000000142 ) ) ;
#6731 = CARTESIAN_POINT ( 'NONE',  ( -19.25136987915051989, -42.44040282528574437, -1.621075896308879383 ) ) ;
#6732 = AXIS2_PLACEMENT_3D ( 'NONE', #5556, #8568, #1069 ) ;
#6733 =( LENGTH_UNIT ( ) NAMED_UNIT ( * ) SI_UNIT ( .MILLI., .METRE. ) );
#6734 = CARTESIAN_POINT ( 'NONE',  ( -20.96431329436439128, 42.73078873175657577, 2.000000000000000888 ) ) ;
#6735 = CARTESIAN_POINT ( 'NONE',  ( 42.20481555856299849, 16.10000000000012577, 9.600000000000001421 ) ) ;
#6736 = CARTESIAN_POINT ( 'NONE',  ( -20.27338287872886013, 43.27338287872864697, -0.6726918402503552219 ) ) ;
#6737 = VERTEX_POINT ( 'NONE', #9457 ) ;
#6738 = VERTEX_POINT ( 'NONE', #9355 ) ;
#6739 = CIRCLE ( 'NONE', #426, 0.7500000000000006661 ) ;
#6740 = CARTESIAN_POINT ( 'NONE',  ( 20.26129501559786306, -40.47580190091823482, -2.340186441552474239 ) ) ;
#6741 = CARTESIAN_POINT ( 'NONE',  ( 20.31939565370032241, -41.76528687392971761, -1.289197387576001885 ) ) ;
#6742 = CARTESIAN_POINT ( 'NONE',  ( 40.60000000000006537, -5.649999999999927525, 25.59999999999999432 ) ) ;
#6743 = CARTESIAN_POINT ( 'NONE',  ( -17.58231510585823187, 44.09769811981090726, 1.239884271809299943 ) ) ;
#6744 =( BOUNDED_CURVE ( )  B_SPLINE_CURVE ( 2, ( #2970, #3759, #5774 ),
 .UNSPECIFIED., .F., .T. ) 
 B_SPLINE_CURVE_WITH_KNOTS ( ( 3, 3 ),
 ( 0.000000000000000000, 1.000000000000000000 ),
 .UNSPECIFIED. ) 
 CURVE ( )  GEOMETRIC_REPRESENTATION_ITEM ( )  RATIONAL_B_SPLINE_CURVE ( ( 2.500000000000000000, 2.499999999999997335, 1.000000000000000000 ) ) 
 REPRESENTATION_ITEM ( '' )  );
#6745 = CARTESIAN_POINT ( 'NONE',  ( 48.10000000000006537, -1.919688137793695848, 13.60000000000000142 ) ) ;
#6746 = AXIS2_PLACEMENT_3D ( 'NONE', #6543, #2697, #2791 ) ;
#6747 = CARTESIAN_POINT ( 'NONE',  ( 20.23550703586583666, -42.83565336333717966, 1.249766861466660828 ) ) ;
#6748 = CARTESIAN_POINT ( 'NONE',  ( 19.78749999999709885, 42.88125000000017906, -1.781250000002772671 ) ) ;
#6749 = ORIENTED_EDGE ( 'NONE', *, *, #5873, .F. ) ;
#6750 = VERTEX_POINT ( 'NONE', #4863 ) ;
#6751 = ORIENTED_EDGE ( 'NONE', *, *, #9623, .F. ) ;
#6752 = CARTESIAN_POINT ( 'NONE',  ( -14.09999999999993570, 16.09999999999996945, 23.84999999999998721 ) ) ;
#6753 = CARTESIAN_POINT ( 'NONE',  ( -16.09999999999997655, -42.28449770133370578, -2.713554052992276144 ) ) ;
#6754 = CARTESIAN_POINT ( 'NONE',  ( 9.776895777498797457, 41.30000000000000426, 7.599999999999998757 ) ) ;
#6755 = ADVANCED_FACE ( 'NONE', ( #4164 ), #7882, .T. ) ;
#6756 = CARTESIAN_POINT ( 'NONE',  ( -21.07054652695209285, -40.38973471204447208, 9.600000000000001421 ) ) ;
#6757 = CARTESIAN_POINT ( 'NONE',  ( -40.62895153247188773, 20.08982048260923392, 7.599999999999997868 ) ) ;
#6758 = DIRECTION ( 'NONE',  ( 0.9986295347545739443, 0.000000000000000000, 0.05233595624294377913 ) ) ;
#6759 = DIRECTION ( 'NONE',  ( -1.000000000000000000, 0.000000000000000000, 0.000000000000000000 ) ) ;
#6760 = CARTESIAN_POINT ( 'NONE',  ( 40.10000000000006537, 0.000000000000000000, 10.59999999999999964 ) ) ;
#6761 = CARTESIAN_POINT ( 'NONE',  ( -43.03413186302427107, 19.04627819793156007, 7.600000000000003197 ) ) ;
#6762 = VECTOR ( 'NONE', #4857, 1000.000000000000000 ) ;
#6763 = AXIS2_PLACEMENT_3D ( 'NONE', #6790, #5246, #7533 ) ;
#6764 = ORIENTED_EDGE ( 'NONE', *, *, #7733, .T. ) ;
#6765 = CARTESIAN_POINT ( 'NONE',  ( 15.50000000000000000, 37.50000000000000000, 0.000000000000000000 ) ) ;
#6766 = CARTESIAN_POINT ( 'NONE',  ( -13.98804278005424351, 19.54737320415817337, 28.59999999999999787 ) ) ;
#6767 = CARTESIAN_POINT ( 'NONE',  ( -20.70120575520710560, -40.47897684480876990, -1.781145605584491642 ) ) ;
#6768 = CARTESIAN_POINT ( 'NONE',  ( 8.599999999999996092, 35.89999999999999147, 0.000000000000000000 ) ) ;
#6769 = CARTESIAN_POINT ( 'NONE',  ( 41.95510860985878310, -19.95525980219402484, 9.266666667217053899 ) ) ;
#6770 = CARTESIAN_POINT ( 'NONE',  ( 13.49999999999999645, -37.50000000000000000, 6.000000000000000000 ) ) ;
#6771 = CARTESIAN_POINT ( 'NONE',  ( -18.99966471604751206, 19.70572594796324495, 13.59999999999999964 ) ) ;
#6772 = VECTOR ( 'NONE', #5140, 1000.000000000000000 ) ;
#6773 = CARTESIAN_POINT ( 'NONE',  ( 12.46026316928587008, -40.10000000000000142, 6.000000000000000000 ) ) ;
#6774 = B_SPLINE_CURVE_WITH_KNOTS ( 'NONE', 3,
 ( #2461, #5514, #3109, #138 ),
 .UNSPECIFIED., .F., .F.,
 ( 4, 4 ),
 ( 0.3333333333333337034, 1.000000000000000000 ),
 .UNSPECIFIED. ) ;
#6775 = LINE ( 'NONE', #755, #3099 ) ;
#6776 = CARTESIAN_POINT ( 'NONE',  ( 41.91784294407815281, -19.81410856142276700, 7.569999999999997620 ) ) ;
#6777 = CARTESIAN_POINT ( 'NONE',  ( -20.96431189082512958, 39.09999999999924114, -1.630797051691078803 ) ) ;
#6778 = ORIENTED_EDGE ( 'NONE', *, *, #1995, .F. ) ;
#6779 = EDGE_CURVE ( 'NONE', #1258, #6643, #1400, .T. ) ;
#6781 = AXIS2_PLACEMENT_3D ( 'NONE', #3723, #104, #3126 ) ;
#6780 = FACE_OUTER_BOUND ( 'NONE', #1905, .T. ) ;
#6782 = CARTESIAN_POINT ( 'NONE',  ( -39.99274735640547362, -20.09714857554511269, 7.600000000000000533 ) ) ;
#6783 = CARTESIAN_POINT ( 'NONE',  ( 21.11238495416051819, 41.95400498820099955, 0.5652278656924720757 ) ) ;
#6784 = DIRECTION ( 'NONE',  ( 0.000000000000000000, 0.000000000000000000, 1.000000000000000000 ) ) ;
#6785 = CARTESIAN_POINT ( 'NONE',  ( -16.85036882629961497, -42.86925953092312369, -2.036512647371540030 ) ) ;
#6786 = EDGE_CURVE ( 'NONE', #337, #9709, #1018, .T. ) ;
#6787 = B_SPLINE_CURVE_WITH_KNOTS ( 'NONE', 3,
 ( #7435, #2148, #8957, #1163, #5200, #8671, #2652, #1500, #662, #9746, #1353, #9644 ),
 .UNSPECIFIED., .F., .F.,
 ( 4, 2, 2, 2, 2, 4 ),
 ( 0.000000000000000000, 0.5000000000000000000, 0.7500000000000000000, 0.8750000000000000000, 0.9375000000000000000, 1.000000000000000000 ),
 .UNSPECIFIED. ) ;
#6788 = CARTESIAN_POINT ( 'NONE',  ( -15.26337552854569957, 21.09999999999994813, 13.69792829514662280 ) ) ;
#6789 = CARTESIAN_POINT ( 'NONE',  ( -12.19689577749890219, 40.60000000000000142, 0.000000000000000000 ) ) ;
#6790 = CARTESIAN_POINT ( 'NONE',  ( -18.10000000000000142, 40.10000000000000142, 7.599999999999999645 ) ) ;
#6791 = ORIENTED_EDGE ( 'NONE', *, *, #2140, .T. ) ;
#6792 = ORIENTED_EDGE ( 'NONE', *, *, #1968, .T. ) ;
#6793 = CARTESIAN_POINT ( 'NONE',  ( 20.42752615582868359, -38.85004899478212792, -2.641418129573952278 ) ) ;
#6794 = DIRECTION ( 'NONE',  ( -1.000000000000000000, 0.000000000000000000, 0.000000000000000000 ) ) ;
#6795 = CARTESIAN_POINT ( 'NONE',  ( 20.43424735887483124, -40.77943293000928549, -1.995318862089249246 ) ) ;
#6796 = CARTESIAN_POINT ( 'NONE',  ( -19.78749999999831388, -41.88124999999836717, -1.781250000000280886 ) ) ;
#6797 = CARTESIAN_POINT ( 'NONE',  ( 20.35000000000006537, 1.850000000000123768, 28.59999999999999787 ) ) ;
#6798 = FACE_OUTER_BOUND ( 'NONE', #8119, .T. ) ;
#6799 = CARTESIAN_POINT ( 'NONE',  ( 20.45345021429155352, -42.72365630556132743, 2.000000000000000000 ) ) ;
#6800 = CARTESIAN_POINT ( 'NONE',  ( -20.83999999999998565, 44.10000000000000853, 2.000000000000000000 ) ) ;
#6801 = ORIENTED_EDGE ( 'NONE', *, *, #3047, .F. ) ;
#6802 = ORIENTED_EDGE ( 'NONE', *, *, #1137, .F. ) ;
#6803 = VERTEX_POINT ( 'NONE', #1807 ) ;
#6804 = CARTESIAN_POINT ( 'NONE',  ( 20.27338287872785827, -40.77269184025017523, -2.173382878731822121 ) ) ;
#6805 = CARTESIAN_POINT ( 'NONE',  ( -20.60000000000000142, -38.10000000000000853, -2.500000000000000444 ) ) ;
#6806 = CARTESIAN_POINT ( 'NONE',  ( 41.95587090975503486, 19.66583689297323190, 7.600000000000001421 ) ) ;
#6807 =( BOUNDED_CURVE ( )  B_SPLINE_CURVE ( 2, ( #7189, #8665, #1910 ),
 .UNSPECIFIED., .F., .T. ) 
 B_SPLINE_CURVE_WITH_KNOTS ( ( 3, 3 ),
 ( 0.000000000000000000, 1.000000000000000000 ),
 .UNSPECIFIED. ) 
 CURVE ( )  GEOMETRIC_REPRESENTATION_ITEM ( )  RATIONAL_B_SPLINE_CURVE ( ( 1.000000000000000000, 2.500000000000000000, 2.500000000000000000 ) ) 
 REPRESENTATION_ITEM ( '' )  );
#6808 = CARTESIAN_POINT ( 'NONE',  ( -14.47142857142857331, 33.63450639421993316, 0.000000000000000000 ) ) ;
#6809 = CARTESIAN_POINT ( 'NONE',  ( -42.03267561656247864, 20.03487874806727831, 7.599999999999998757 ) ) ;
#6810 = B_SPLINE_CURVE_WITH_KNOTS ( 'NONE', 3,
 ( #8121, #5068, #8084, #5907, #3793, #4526, #5174, #4475, #4325, #1320, #7402, #7454 ),
 .UNSPECIFIED., .F., .F.,
 ( 4, 2, 2, 2, 2, 4 ),
 ( 0.000000000000000000, 0.5000000000000000000, 0.7500000000000000000, 0.8750000000000000000, 0.9375000000000000000, 1.000000000000000000 ),
 .UNSPECIFIED. ) ;
#6811 = CARTESIAN_POINT ( 'NONE',  ( 13.10036242085809910, -34.29972821642130043, 6.000000000000000000 ) ) ;
#6812 = CARTESIAN_POINT ( 'NONE',  ( -43.08863698948986354, 19.52038923085751776, 9.600000000000029843 ) ) ;
#6813 = CARTESIAN_POINT ( 'NONE',  ( 41.68693878881219916, -19.95143768548635066, 7.600000000000002309 ) ) ;
#6814 = CARTESIAN_POINT ( 'NONE',  ( 43.10000000000006537, 16.10000000000013287, 28.59999999999999432 ) ) ;
#6815 = EDGE_LOOP ( 'NONE', ( #6971, #7051, #267, #7145 ) ) ;
#6816 = CARTESIAN_POINT ( 'NONE',  ( 19.92614600123859248, 43.05407719602131777, -1.450366643529761967 ) ) ;
#6817 = EDGE_CURVE ( 'NONE', #2714, #8211, #8711, .T. ) ;
#6818 = CARTESIAN_POINT ( 'NONE',  ( -14.06840992987347860, 18.44748514795118766, 28.59999999999999432 ) ) ;
#6819 = CARTESIAN_POINT ( 'NONE',  ( -20.24561279930972546, -41.62905584715655749, -1.529055638179150689 ) ) ;
#6820 = CARTESIAN_POINT ( 'NONE',  ( 21.06840992987362426, -40.44748514794918037, 9.600000000000001421 ) ) ;
#6821 = DIRECTION ( 'NONE',  ( 1.000000000000000000, -1.387778780781444413E-14, 0.000000000000000000 ) ) ;
#6822 = CARTESIAN_POINT ( 'NONE',  ( 20.53233532578454401, -42.66766467421545883, 1.999999999999999112 ) ) ;
#6823 = CARTESIAN_POINT ( 'NONE',  ( -43.16744729553313675, -18.64194652266697005, 9.600000000000111555 ) ) ;
#6824 = CARTESIAN_POINT ( 'NONE',  ( 16.86398131449489668, -38.86398481210904521, -3.000000000000076383 ) ) ;
#6825 = CARTESIAN_POINT ( 'NONE',  ( 42.86802747807788450, -6.428893826229472808, 28.59999999999998721 ) ) ;
#6826 = CARTESIAN_POINT ( 'NONE',  ( -21.05304772075206188, 41.79246757330754036, 9.600000000000001421 ) ) ;
#6827 = ORIENTED_EDGE ( 'NONE', *, *, #3033, .F. ) ;
#6828 = CARTESIAN_POINT ( 'NONE',  ( -40.59999999999996589, -12.19689577749904608, 10.59999999999999964 ) ) ;
#6829 = DIRECTION ( 'NONE',  ( 1.000000000000000000, 0.000000000000000000, 0.000000000000000000 ) ) ;
#6830 = DIRECTION ( 'NONE',  ( 1.000000000000000000, -0.000000000000000000, -0.000000000000000000 ) ) ;
#6831 = PLANE ( 'NONE',  #7433 ) ;
#6832 = CARTESIAN_POINT ( 'NONE',  ( -16.85004868582032245, -42.74141831540660519, -2.327525915157846459 ) ) ;
#6833 = CARTESIAN_POINT ( 'NONE',  ( -4.364199060615334746E-15, -4.399999999999876010, 23.89999999999999147 ) ) ;
#6834 = B_SPLINE_CURVE_WITH_KNOTS ( 'NONE', 3,
 ( #5027, #3551, #3602, #2123, #1926, #4926, #8039, #4281, #8831, #2075, #5073, #5125 ),
 .UNSPECIFIED., .F., .F.,
 ( 4, 2, 2, 2, 2, 4 ),
 ( 0.000000000000000000, 0.5000000000000000000, 0.7500000000000000000, 0.8750000000000000000, 0.9375000000000000000, 1.000000000000000000 ),
 .UNSPECIFIED. ) ;
#6835 = ADVANCED_FACE ( 'NONE', ( #3383 ), #689, .T. ) ;
#6836 = CARTESIAN_POINT ( 'NONE',  ( -44.10000000000007248, -16.10000000000013642, 10.93333333333333357 ) ) ;
#6837 = CARTESIAN_POINT ( 'NONE',  ( -21.06960953871718445, 41.50669127814541781, -0.7703644272500265178 ) ) ;
#6838 = ORIENTED_EDGE ( 'NONE', *, *, #9623, .T. ) ;
#6839 = ORIENTED_EDGE ( 'NONE', *, *, #7863, .F. ) ;
#6840 = CARTESIAN_POINT ( 'NONE',  ( 19.97040907923794961, -41.59521940940916096, -1.870409079243180672 ) ) ;
#6841 = DIRECTION ( 'NONE',  ( -1.000000000000000000, 0.000000000000000000, 0.000000000000000000 ) ) ;
#6842 = CARTESIAN_POINT ( 'NONE',  ( 20.08137278453338936, -41.33080941177895795, -1.981372784538205645 ) ) ;
#6843 = EDGE_CURVE ( 'NONE', #1654, #37, #9253, .T. ) ;
#6844 = CARTESIAN_POINT ( 'NONE',  ( -18.77855064893193315, 39.09999999999931930, -2.956463716640297168 ) ) ;
#6845 = CARTESIAN_POINT ( 'NONE',  ( 20.35000000000006537, 1.850000000000123768, 28.59999999999999787 ) ) ;
#6846 = CARTESIAN_POINT ( 'NONE',  ( -13.42645396248540202, -7.037749928973204838, 18.59999999999939035 ) ) ;
#6847 = FACE_OUTER_BOUND ( 'NONE', #6285, .T. ) ;
#6848 = B_SPLINE_CURVE_WITH_KNOTS ( 'NONE', 3,
 ( #9329, #1779, #2569, #3408, #344, #5621, #3359, #4096, #7901, #253, #1129, #4742, #8501, #7209, #9375, #5671, #7062, #5575, #6463, #4784, #1827, #2666, #1877, #5483, #1736, #8682, #2616, #7107, #1036, #8632, #3459, #1930, #4139, #442, #7155, #4929, #7947, #2527, #996, #1178, #4186, #3268, #4000, #6271, #9284, #4045, #302, #3316, #6316, #5128, #6616, #2866, #2176, #3504, #8045, #8935, #1228, #688, #3655, #3605, #2033, #3554 ),
 .UNSPECIFIED., .F., .F.,
 ( 4, 1, 1, 1, 1, 1, 1, 1, 2, 2, 1, 1, 1, 1, 1, 1, 2, 2, 1, 1, 1, 1, 2, 2, 2, 1, 1, 1, 1, 2, 2, 1, 1, 1, 1, 1, 2, 2, 1, 1, 1, 1, 1, 1, 2, 2, 4 ),
 ( 0.000000000000000000, 0.1250000000001122713, 0.1875000000001684208, 0.2187500000001964817, 0.2343750000002104983, 0.2421875000002160216, 0.2460937500002188250, 0.2480468750002186584, 0.2490234375002185196, 0.2500000000002183809, 0.3125000000001974532, 0.3437500000001881273, 0.3593750000001835199, 0.3671875000001811884, 0.3710937500001801337, 0.3730468750001795231, 0.3740234375001777467, 0.3750000000001759148, 0.4062500000001181832, 0.4218750000000880962, 0.4296875000000718314, 0.4335937500000622835, 0.4355468750000587308, 0.4375000000000552336, 0.4999999999999608091, 0.5312499999999136246, 0.5468749999998899769, 0.5546874999998780975, 0.5585937499998731015, 0.5605468749998711031, 0.5624999999998691047, 0.5937499999998496758, 0.6093749999998397948, 0.6171874999998343547, 0.6210937499998310241, 0.6230468749998292477, 0.6240234374998284705, 0.6249999999998276934, 0.6874999999998341327, 0.7187499999998379074, 0.7343749999998397948, 0.7421874999998406830, 0.7460937499998406830, 0.7480468749998402389, 0.7490234374998400169, 0.7499999999998396838, 1.000000000000000000 ),
 .UNSPECIFIED. ) ;
#6849 = VERTEX_POINT ( 'NONE', #9265 ) ;
#6850 = ORIENTED_EDGE ( 'NONE', *, *, #6935, .T. ) ;
#6851 = ORIENTED_EDGE ( 'NONE', *, *, #32, .T. ) ;
#6852 = CARTESIAN_POINT ( 'NONE',  ( -43.10000000000006537, -16.10000000000013642, 7.599999999999999645 ) ) ;
#6853 = CARTESIAN_POINT ( 'NONE',  ( -5.366666666667034846, 39.10000000000001563, -3.000000000000000000 ) ) ;
#6854 = EDGE_CURVE ( 'NONE', #4241, #5423, #2510, .T. ) ;
#6855 = CARTESIAN_POINT ( 'NONE',  ( -21.10000000000000142, -38.10000000000000853, 9.600000000000001421 ) ) ;
#6856 = DIRECTION ( 'NONE',  ( 0.000000000000000000, 0.000000000000000000, 1.000000000000000000 ) ) ;
#6857 = DIRECTION ( 'NONE',  ( -1.000000000000000000, 0.000000000000000000, 0.000000000000000000 ) ) ;
#6858 = DIRECTION ( 'NONE',  ( -1.000000000000000000, 0.000000000000000000, 0.000000000000000000 ) ) ;
#6859 = AXIS2_PLACEMENT_3D ( 'NONE', #527, #7895, #479 ) ;
#6860 = CARTESIAN_POINT ( 'NONE',  ( -43.06846027190623971, 18.44941599424789658, 7.599999999999998757 ) ) ;
#6861 = ORIENTED_EDGE ( 'NONE', *, *, #3011, .F. ) ;
#6862 = CARTESIAN_POINT ( 'NONE',  ( 20.43669093742895981, 43.61665412125305608, 0.5636572871547984587 ) ) ;
#6863 = CARTESIAN_POINT ( 'NONE',  ( 41.95730921019568882, -19.97360932272251333, 9.600000000000004974 ) ) ;
#6864 = DIRECTION ( 'NONE',  ( 0.000000000000000000, -0.000000000000000000, 1.000000000000000000 ) ) ;
#6865 = LINE ( 'NONE', #101, #7061 ) ;
#6866 = AXIS2_PLACEMENT_3D ( 'NONE', #2439, #19, #3082 ) ;
#6867 = CARTESIAN_POINT ( 'NONE',  ( 18.77854727961332060, -43.05646374350416750, 2.000000000000003553 ) ) ;
#6868 = AXIS2_PLACEMENT_3D ( 'NONE', #1735, #3220, #5529 ) ;
#6869 = CARTESIAN_POINT ( 'NONE',  ( 16.10000000000002984, -41.92030272036252825, -2.832218652871384634 ) ) ;
#6870 = CARTESIAN_POINT ( 'NONE',  ( 16.10000000000000142, 39.10000000000189857, -3.000000000000000000 ) ) ;
#6871 = CARTESIAN_POINT ( 'NONE',  ( 42.81364017786680165, -6.577748066926932147, 28.59999999999999076 ) ) ;
#6872 = ORIENTED_EDGE ( 'NONE', *, *, #4304, .T. ) ;
#6873 = CARTESIAN_POINT ( 'NONE',  ( -18.38329560835123644, 44.07077768596499823, 9.600000000000001421 ) ) ;
#6874 = ORIENTED_EDGE ( 'NONE', *, *, #9588, .F. ) ;
#6875 = VECTOR ( 'NONE', #9670, 1000.000000000000000 ) ;
#6876 = CARTESIAN_POINT ( 'NONE',  ( -19.19424047815848766, -42.13248562931479313, -2.032485629316367781 ) ) ;
#6877 = CARTESIAN_POINT ( 'NONE',  ( -40.87451446689134116, -20.08466790377690003, 7.600000000000001421 ) ) ;
#6878 = CARTESIAN_POINT ( 'NONE',  ( -11.19689577749890219, 41.30000000000000426, 7.599999999999999645 ) ) ;
#6879 = DIRECTION ( 'NONE',  ( -0.000000000000000000, -0.000000000000000000, -1.000000000000000000 ) ) ;
#6880 = EDGE_CURVE ( 'NONE', #2058, #2390, #4028, .T. ) ;
#6881 = CARTESIAN_POINT ( 'NONE',  ( -18.95399462619417363, -43.11238549097603112, 0.5652200701900101931 ) ) ;
#6882 = FACE_OUTER_BOUND ( 'NONE', #9649, .T. ) ;
#6883 = ADVANCED_FACE ( 'NONE', ( #8612 ), #6390, .F. ) ;
#6884 = CARTESIAN_POINT ( 'NONE',  ( -15.96156171266854074, 21.09999999999994458, 13.64762006276185780 ) ) ;
#6885 = CARTESIAN_POINT ( 'NONE',  ( -20.14786261773014076, 42.34565532567266644, -1.903597371089584822 ) ) ;
#6886 = ORIENTED_EDGE ( 'NONE', *, *, #8053, .F. ) ;
#6887 = ORIENTED_EDGE ( 'NONE', *, *, #2133, .T. ) ;
#6888 = DIRECTION ( 'NONE',  ( -1.000000000000000000, 0.000000000000000000, 0.000000000000000000 ) ) ;
#6889 = CARTESIAN_POINT ( 'NONE',  ( 20.62161405295765348, -41.82204809657409328, -0.6911517737915934267 ) ) ;
#6890 = DIRECTION ( 'NONE',  ( 1.000000000000000000, 0.000000000000000000, 0.000000000000000000 ) ) ;
#6891 = VECTOR ( 'NONE', #370, 1000.000000000000000 ) ;
#6892 = CARTESIAN_POINT ( 'NONE',  ( -16.85089012586031032, 42.84072818405898886, -2.849890045680258499 ) ) ;
#6893 = CARTESIAN_POINT ( 'NONE',  ( -20.18619108749935265, 41.77590760189384866, -2.259332843796074020 ) ) ;
#6894 = CARTESIAN_POINT ( 'NONE',  ( 18.47587029890581078, -42.35072599843859109, -2.250725998440442410 ) ) ;
#6895 = CARTESIAN_POINT ( 'NONE',  ( -12.23365056629993752, -7.324618107184011073, 13.59999999999938680 ) ) ;
#6896 = AXIS2_PLACEMENT_3D ( 'NONE', #3983, #6995, #7135 ) ;
#6897 = CARTESIAN_POINT ( 'NONE',  ( 18.48376921292443242, 42.59829425105505862, -2.744271072854708393 ) ) ;
#6898 = ORIENTED_EDGE ( 'NONE', *, *, #8669, .T. ) ;
#6899 = VERTEX_POINT ( 'NONE', #4079 ) ;
#6900 = VERTEX_POINT ( 'NONE', #4267 ) ;
#6901 = CARTESIAN_POINT ( 'NONE',  ( 12.50000000000000000, 35.89999999999999147, 6.000000000000000000 ) ) ;
#6902 = ADVANCED_FACE ( 'NONE', ( #1358 ), #2060, .F. ) ;
#6903 = DIRECTION ( 'NONE',  ( 0.000000000000000000, 0.000000000000000000, -1.000000000000000000 ) ) ;
#6904 = CARTESIAN_POINT ( 'NONE',  ( 21.00416956306073502, 42.41380356357505121, 9.600000000000001421 ) ) ;
#6905 = B_SPLINE_SURFACE_WITH_KNOTS ( 'NONE', 3, 3, ( 
 ( #6004, #2208, #5210, #7597, #8228, #1463, #3833, #9112, #3732, #3882, #9161, #127 ),
 ( #4615, #2408, #7644, #6147, #868, #5406, #1612, #6893, #3151, #434, #7299, #5709 ),
 ( #4278, #8085, #6608, #3400, #6403, #4231, #5758, #528, #383, #8036, #2658, #9416 ),
 ( #8776, #3546, #6554, #4922, #4326, #5665, #7987, #3598, #7941, #1170, #5069, #4179 ),
 ( #6502, #7202, #6456, #9515, #8676, #1221, #2026, #1322, #2751, #4972, #2072, #5022 ),
 ( #1923, #7350, #3451, #9565, #9469, #2805, #2706, #584, #1275, #8721, #5814, #1970 ),
 ( #5119, #7250, #480, #9616, #3499, #8826, #2858, #5859, #8873, #2119, #1124, #4133 ),
 ( #7148, #7642, #9111, #1708, #3150, #2168, #75, #8378, #8424, #5405, #866, #2905 ),
 ( #8135, #8929, #921, #4714, #5360, #637, #3931, #1658, #4662, #970, #5309, #6844 ),
 ( #6987, #2407, #8326, #1563, #7738, #9254, #3974, #4565, #3196, #6943, #7596, #5454 ),
 ( #820, #5908, #4614, #3879, #226, #6892, #6146, #2355, #9160, #3098, #126, #7687 ),
 ( #2451, #3242, #6242, #8470, #180, #6194, #9204, #2500, #3831, #1371, #4381, #3647 ) ),
 .UNSPECIFIED., .F., .F., .F.,
 ( 4, 2, 2, 2, 2, 4 ),
 ( 4, 2, 2, 2, 2, 4 ),
 ( 0.000000000000000000, 0.06250000000000000000, 0.1250000000000000000, 0.2500000000000000000, 0.5000000000000000000, 1.000000000000000000 ),
 ( 0.000000000000000000, 0.06250000000000000000, 0.1250000000000000000, 0.2500000000000000000, 0.5000000000000000000, 1.000000000000000000 ),
 .UNSPECIFIED. ) ;
#6906 = DIRECTION ( 'NONE',  ( 0.000000000000000000, -1.000000000000000000, 0.000000000000000000 ) ) ;
#6907 = CARTESIAN_POINT ( 'NONE',  ( -39.10000000000009379, 21.09999999999986642, 9.600000000000001421 ) ) ;
#6908 = CARTESIAN_POINT ( 'NONE',  ( 40.60000000000006537, 16.25663729718409556, 34.62551937541124403 ) ) ;
#6909 = EDGE_CURVE ( 'NONE', #9223, #208, #6573, .T. ) ;
#6910 = CARTESIAN_POINT ( 'NONE',  ( -43.02362310408032897, 19.17468780753976532, 7.599999999999998757 ) ) ;
#6911 = VECTOR ( 'NONE', #3176, 1000.000000000000000 ) ;
#6912 = ORIENTED_EDGE ( 'NONE', *, *, #7431, .T. ) ;
#6913 = CARTESIAN_POINT ( 'NONE',  ( -12.17735045483277290, 35.89999999999999147, 76.38141135119198566 ) ) ;
#6914 = DIRECTION ( 'NONE',  ( -1.000000000000000000, 0.000000000000000000, 0.000000000000000000 ) ) ;
#6915 = CARTESIAN_POINT ( 'NONE',  ( -21.13238403920719577, -40.59020129874720340, 0.5647632983258126238 ) ) ;
#6916 = CARTESIAN_POINT ( 'NONE',  ( -36.12000000000005429, 15.49999999999987033, 11.83000000000000007 ) ) ;
#6917 = CARTESIAN_POINT ( 'NONE',  ( -43.22735090552014015, 16.73484171501870321, 10.03000000000000469 ) ) ;
#6918 = CARTESIAN_POINT ( 'NONE',  ( 19.91159499246661468, 42.72404729317486272, -1.811594992472048915 ) ) ;
#6919 = CARTESIAN_POINT ( 'NONE',  ( -19.06640744178084290, 18.59545424982459139, 13.59999999999999787 ) ) ;
#6920 = CARTESIAN_POINT ( 'NONE',  ( 18.10000000000000142, -40.10000000000000142, 6.000000000000000000 ) ) ;
#6921 = AXIS2_PLACEMENT_3D ( 'NONE', #1303, #2242, #2936 ) ;
#6922 = CARTESIAN_POINT ( 'NONE',  ( 18.50669127814607506, -40.87036442725187868, -2.969609538720142883 ) ) ;
#6923 = CARTESIAN_POINT ( 'NONE',  ( -13.14833751234573889, -7.161704193521457817, 28.59999999999999432 ) ) ;
#6924 = CARTESIAN_POINT ( 'NONE',  ( 41.86564172758627933, -19.93583730296056800, 7.569999999999995843 ) ) ;
#6925 = VERTEX_POINT ( 'NONE', #9651 ) ;
#6926 = CARTESIAN_POINT ( 'NONE',  ( -19.54086757463642954, 43.98888856329188712, 9.600000000000001421 ) ) ;
#6927 = EDGE_LOOP ( 'NONE', ( #7564, #4980, #8183, #5997 ) ) ;
#6928 = CARTESIAN_POINT ( 'NONE',  ( 15.50000000000000000, 37.50000000000000000, 2.000000000000000000 ) ) ;
#6929 = FACE_OUTER_BOUND ( 'NONE', #83, .T. ) ;
#6930 = CARTESIAN_POINT ( 'NONE',  ( 21.10000000000000853, 39.10000000000048459, 2.000000000000001332 ) ) ;
#6931 = CARTESIAN_POINT ( 'NONE',  ( -39.10000000000007248, -21.10000000000013642, 10.93333333333333357 ) ) ;
#6932 = VECTOR ( 'NONE', #8160, 1000.000000000000000 ) ;
#6933 = VECTOR ( 'NONE', #4001, 1000.000000000000000 ) ;
#6934 = CARTESIAN_POINT ( 'NONE',  ( 16.10000000000001918, 44.10000000000000853, 2.000000000000000000 ) ) ;
#6935 = EDGE_CURVE ( 'NONE', #5366, #1955, #417, .T. ) ;
#6936 = LINE ( 'NONE', #9152, #7674 ) ;
#6937 = AXIS2_PLACEMENT_3D ( 'NONE', #5880, #8259, #9684 ) ;
#6938 = CARTESIAN_POINT ( 'NONE',  ( -20.96431329436439128, 42.73078873175657577, 2.000000000000000888 ) ) ;
#6939 = ORIENTED_EDGE ( 'NONE', *, *, #530, .T. ) ;
#6940 = CARTESIAN_POINT ( 'NONE',  ( 10.77689577749880101, 40.60000000000000142, 0.000000000000000000 ) ) ;
#6941 = CARTESIAN_POINT ( 'NONE',  ( 20.36974103931718361, -41.68537544719492871, -1.303430746700944942 ) ) ;
#6942 = CARTESIAN_POINT ( 'NONE',  ( 40.10000000000001563, -4.399999999999876010, 10.59999999999999787 ) ) ;
#6943 = CARTESIAN_POINT ( 'NONE',  ( -17.54556998013515923, 40.54559056778194304, -3.043404054122953006 ) ) ;
#6944 = VECTOR ( 'NONE', #4157, 1000.000000000000000 ) ;
#6945 = CARTESIAN_POINT ( 'NONE',  ( -19.59521940940866358, 42.97040907923969399, -1.870409079240821670 ) ) ;
#6946 = DIRECTION ( 'NONE',  ( -0.000000000000000000, -0.000000000000000000, -1.000000000000000000 ) ) ;
#6947 = CARTESIAN_POINT ( 'NONE',  ( 19.61774815859504528, 42.89950662132655168, -1.921437596427108652 ) ) ;
#6948 = VERTEX_POINT ( 'NONE', #4364 ) ;
#6949 = ORIENTED_EDGE ( 'NONE', *, *, #8772, .T. ) ;
#6950 = ORIENTED_EDGE ( 'NONE', *, *, #7612, .T. ) ;
#6951 = DIRECTION ( 'NONE',  ( -0.000000000000000000, -0.000000000000000000, -1.000000000000000000 ) ) ;
#6952 = PLANE ( 'NONE',  #4686 ) ;
#6953 = CARTESIAN_POINT ( 'NONE',  ( 21.01881759005560824, 42.27279173388057387, 9.600000000000003197 ) ) ;
#6954 = CARTESIAN_POINT ( 'NONE',  ( -19.92614600123670243, 43.05407719602513339, -1.450366634564057788 ) ) ;
#6955 = CARTESIAN_POINT ( 'NONE',  ( 38.10000000000007248, -7.399999999999876010, 18.60000000000000142 ) ) ;
#6956 = CARTESIAN_POINT ( 'NONE',  ( 38.88000000000005230, -15.49999999999987033, 3.696770567850254707 ) ) ;
#6957 = CARTESIAN_POINT ( 'NONE',  ( -44.10000000000007248, 16.09999999999986287, 7.299999999999999822 ) ) ;
#6958 = EDGE_CURVE ( 'NONE', #5450, #4745, #2576, .T. ) ;
#6959 = ORIENTED_EDGE ( 'NONE', *, *, #4025, .T. ) ;
#6960 = EDGE_LOOP ( 'NONE', ( #405, #3485, #6364, #4907 ) ) ;
#6961 = CARTESIAN_POINT ( 'NONE',  ( 19.89950662132257264, 43.02143759642370213, -1.517748158600249475 ) ) ;
#6962 = CARTESIAN_POINT ( 'NONE',  ( 42.16744196330923700, -18.64239511823565465, 9.599999999999941025 ) ) ;
#6963 = CARTESIAN_POINT ( 'NONE',  ( -20.44018644158435194, -42.26129501556189183, -0.3758018020127841252 ) ) ;
#6964 = CARTESIAN_POINT ( 'NONE',  ( 21.07006491942916426, -40.40303354164339567, 9.600000000000004974 ) ) ;
#6965 = ADVANCED_FACE ( 'NONE', ( #7287 ), #42, .F. ) ;
#6966 = FACE_OUTER_BOUND ( 'NONE', #1727, .T. ) ;
#6967 = LINE ( 'NONE', #204, #5811 ) ;
#6968 = CARTESIAN_POINT ( 'NONE',  ( -40.79999999999996163, -11.19689577749904430, 7.600000000000000533 ) ) ;
#6969 = CARTESIAN_POINT ( 'NONE',  ( -38.88000000000005230, 15.49999999999987033, 10.59999999999999964 ) ) ;
#6970 = DIRECTION ( 'NONE',  ( 1.000000000000000000, 0.000000000000000000, -0.000000000000000000 ) ) ;
#6971 = ORIENTED_EDGE ( 'NONE', *, *, #1374, .F. ) ;
#6972 = CARTESIAN_POINT ( 'NONE',  ( -20.03820785104213087, 43.89504420574635191, 9.600000000000001421 ) ) ;
#6973 = VERTEX_POINT ( 'NONE', #1308 ) ;
#6974 = DIRECTION ( 'NONE',  ( -0.000000000000000000, -0.000000000000000000, -1.000000000000000000 ) ) ;
#6975 = CARTESIAN_POINT ( 'NONE',  ( 38.10000000000007958, -12.39999999999987601, 13.60000000000000142 ) ) ;
#6976 = CARTESIAN_POINT ( 'NONE',  ( 41.92909258494510993, 19.92900344636974808, 8.600000000927101595 ) ) ;
#6977 = DIRECTION ( 'NONE',  ( -0.000000000000000000, -0.000000000000000000, 1.000000000000000000 ) ) ;
#6978 = CARTESIAN_POINT ( 'NONE',  ( -18.95130278280744562, 20.20871860651718777, 13.60000000000001208 ) ) ;
#6979 = CARTESIAN_POINT ( 'NONE',  ( -15.90180790075990735, 21.09999999999995168, 13.65076931829334228 ) ) ;
#6980 = CARTESIAN_POINT ( 'NONE',  ( -20.27005965603304460, 42.21722922712702086, -1.869498635603521031 ) ) ;
#6981 = B_SPLINE_CURVE_WITH_KNOTS ( 'NONE', 3,
 ( #3857, #103, #8302, #9136, #6027, #2383, #5384, #894, #6919, #4493, #6171, #2429, #5430, #1438, #697, #6771, #2971, #5978, #9041, #8996, #3024, #2808, #8876, #5230 ),
 .UNSPECIFIED., .F., .F.,
 ( 4, 1, 1, 1, 1, 1, 1, 1, 2, 2, 1, 1, 1, 1, 1, 2, 2, 4 ),
 ( 0.000000000000000000, 0.2499999999998665512, 0.3749999999997998268, 0.4374999999997664646, 0.4687499999997485345, 0.4843749999997382094, 0.4921874999997330469, 0.4960937499997304934, 0.4980468749997306599, 0.4999999999997308264, 0.6249999999998332445, 0.6874999999998834266, 0.7187499999999097389, 0.7343749999999228395, 0.7421874999999295008, 0.7460937499999316103, 0.7499999999999337197, 1.000000000000000000 ),
 .UNSPECIFIED. ) ;
#6982 = ORIENTED_EDGE ( 'NONE', *, *, #5776, .F. ) ;
#6983 = CARTESIAN_POINT ( 'NONE',  ( -19.92030272036260286, -38.10000000000000853, -2.832218652871365538 ) ) ;
#6984 = CARTESIAN_POINT ( 'NONE',  ( -41.59927203772282667, -21.06222914286085057, 13.60000000000000142 ) ) ;
#6985 = CARTESIAN_POINT ( 'NONE',  ( 20.52666543961013090, -39.53640090607132151, -2.426665439612249120 ) ) ;
#6986 = CARTESIAN_POINT ( 'NONE',  ( -18.77269184024896020, -42.27338287872890987, -2.173382878730250933 ) ) ;
#6987 = CARTESIAN_POINT ( 'NONE',  ( -17.53640090607125046, 43.52666543961096579, -2.426665439611389363 ) ) ;
#6988 = CARTESIAN_POINT ( 'NONE',  ( -39.73468093440283866, 20.20481556044258298, 9.599999999999994316 ) ) ;
#6989 = CARTESIAN_POINT ( 'NONE',  ( 21.10000000000000142, -44.33999999999795705, -3.000000000000000000 ) ) ;
#6990 = CARTESIAN_POINT ( 'NONE',  ( -13.63799586708733003, -6.861982708336350711, 18.60000000000123777 ) ) ;
#6991 = CARTESIAN_POINT ( 'NONE',  ( 20.05194259113292432, 42.20575878115693769, -2.104875062744596903 ) ) ;
#6992 = ORIENTED_EDGE ( 'NONE', *, *, #3282, .T. ) ;
#6993 = VERTEX_POINT ( 'NONE', #4310 ) ;
#6994 = CARTESIAN_POINT ( 'NONE',  ( 37.50000000000005684, -15.49999999999987033, 13.60000000000000142 ) ) ;
#6995 = DIRECTION ( 'NONE',  ( -0.000000000000000000, 0.000000000000000000, 1.000000000000000000 ) ) ;
#6996 = EDGE_CURVE ( 'NONE', #4585, #4450, #7335, .T. ) ;
#6997 = CARTESIAN_POINT ( 'NONE',  ( 16.10000000000000142, 39.10000000000189857, -3.000000000000000000 ) ) ;
#6998 = CARTESIAN_POINT ( 'NONE',  ( 21.10000000000000142, 39.10000000000000853, 9.600000000000001421 ) ) ;
#6999 = EDGE_CURVE ( 'NONE', #8211, #4486, #5624, .T. ) ;
#7000 = CARTESIAN_POINT ( 'NONE',  ( -18.47897684480971137, 43.70120575520758166, -1.781145605584364855 ) ) ;
#7001 = CARTESIAN_POINT ( 'NONE',  ( 43.10000000000006537, 0.000000000000000000, 28.59999999999999432 ) ) ;
#7002 = CARTESIAN_POINT ( 'NONE',  ( 19.88124999999700648, -41.88124999999963194, -1.687500000002673417 ) ) ;
#7003 = DIRECTION ( 'NONE',  ( 0.000000000000000000, 0.000000000000000000, -1.000000000000000000 ) ) ;
#7004 = EDGE_LOOP ( 'NONE', ( #3396, #2641, #1306, #7143, #2067, #2484 ) ) ;
#7005 = AXIS2_PLACEMENT_3D ( 'NONE', #1043, #3322, #4747 ) ;
#7006 = EDGE_LOOP ( 'NONE', ( #2320, #7498, #5889, #5625 ) ) ;
#7007 = CARTESIAN_POINT ( 'NONE',  ( 40.62477501863546081, -3.863142455950015819, 27.38685754404988160 ) ) ;
#7008 = CARTESIAN_POINT ( 'NONE',  ( -43.03982962038310234, -18.96487654685661894, 7.600000000000002309 ) ) ;
#7009 = CARTESIAN_POINT ( 'NONE',  ( -43.18996209167983125, -18.64302649857047101, 10.03000000000000469 ) ) ;
#7010 = LINE ( 'NONE', #248, #3434 ) ;
#7011 = EDGE_CURVE ( 'NONE', #1067, #4047, #6810, .T. ) ;
#7012 = CARTESIAN_POINT ( 'NONE',  ( 19.99329092510027905, 42.77688266467060885, -1.676882663326152878 ) ) ;
#7013 = VECTOR ( 'NONE', #2626, 1000.000000000000000 ) ;
#7014 = FACE_OUTER_BOUND ( 'NONE', #7637, .T. ) ;
#7015 = FACE_OUTER_BOUND ( 'NONE', #9477, .T. ) ;
#7016 = CARTESIAN_POINT ( 'NONE',  ( -17.23397459621556393, -40.60000000000000142, 4.585786437626904188 ) ) ;
#7017 = CARTESIAN_POINT ( 'NONE',  ( 38.10000000000007958, -21.10000000000013642, 13.60000000000000142 ) ) ;
#7018 = ORIENTED_EDGE ( 'NONE', *, *, #2907, .T. ) ;
#7019 = VERTEX_POINT ( 'NONE', #3693 ) ;
#7020 = CARTESIAN_POINT ( 'NONE',  ( 39.35000000000001563, -4.399999999999876010, 10.59999999999999964 ) ) ;
#7021 = VECTOR ( 'NONE', #4441, 1000.000000000000000 ) ;
#7022 = CARTESIAN_POINT ( 'NONE',  ( -14.09999999999993570, -7.399999999999875122, 18.60000000000000142 ) ) ;
#7023 = CARTESIAN_POINT ( 'NONE',  ( -16.09999999999995879, -38.10000000000000853, -3.000000000000000000 ) ) ;
#7024 = CARTESIAN_POINT ( 'NONE',  ( 43.10000000000006537, -2.399999999999876010, 18.59999999999973497 ) ) ;
#7025 = EDGE_CURVE ( 'NONE', #8544, #1015, #6606, .T. ) ;
#7026 = ADVANCED_FACE ( 'NONE', ( #9765 ), #1424, .T. ) ;
#7027 = CARTESIAN_POINT ( 'NONE',  ( -18.99166635303003403, 19.83572970367584176, 13.60000000000001208 ) ) ;
#7028 = CARTESIAN_POINT ( 'NONE',  ( -11.18824425718997695, 21.09999999999996234, 16.50596594016775143 ) ) ;
#7029 = CYLINDRICAL_SURFACE ( 'NONE', #5969, 0.7500000000000006661 ) ;
#7030 = EDGE_CURVE ( 'NONE', #4470, #8361, #583, .T. ) ;
#7031 = CARTESIAN_POINT ( 'NONE',  ( -19.99887817354171204, 42.52984423246805790, -1.898878173542521086 ) ) ;
#7032 = ORIENTED_EDGE ( 'NONE', *, *, #8098, .T. ) ;
#7033 = CARTESIAN_POINT ( 'NONE',  ( -17.63116748626564245, -38.10000000000000853, -2.998024638775868667 ) ) ;
#7034 = CARTESIAN_POINT ( 'NONE',  ( -43.81003976634934816, -20.31763701899091146, 13.60000000000000142 ) ) ;
#7035 = AXIS2_PLACEMENT_3D ( 'NONE', #8316, #1554, #4606 ) ;
#7036 = CARTESIAN_POINT ( 'NONE',  ( 41.96631460139964531, -20.91392182096147678, 13.59999999999999787 ) ) ;
#7037 =( NAMED_UNIT ( * ) PLANE_ANGLE_UNIT ( ) SI_UNIT ( $, .RADIAN. ) );
#7038 = DIRECTION ( 'NONE',  ( -1.000000000000000000, 0.000000000000000000, 0.000000000000000000 ) ) ;
#7039 = CARTESIAN_POINT ( 'NONE',  ( 19.30725910198289341, 42.30725802099973265, -2.560380266708413455 ) ) ;
#7040 = ORIENTED_EDGE ( 'NONE', *, *, #508, .F. ) ;
#7041 = VERTEX_POINT ( 'NONE', #3008 ) ;
#7042 = FACE_OUTER_BOUND ( 'NONE', #6400, .T. ) ;
#7043 = CARTESIAN_POINT ( 'NONE',  ( -17.50000000000000000, -37.50000000000000000, 6.000000000000000000 ) ) ;
#7044 = CARTESIAN_POINT ( 'NONE',  ( 11.50000000000000000, -37.50000000000000000, 6.000000000000000000 ) ) ;
#7045 = CARTESIAN_POINT ( 'NONE',  ( 21.07039211818121771, 41.39402075846430051, 9.599999999999999645 ) ) ;
#7046 = CARTESIAN_POINT ( 'NONE',  ( -42.96816119399441902, 19.96834341765943677, 9.600000000000001421 ) ) ;
#7047 = CIRCLE ( 'NONE', #3279, 0.7500000000000006661 ) ;
#7048 = EDGE_CURVE ( 'NONE', #347, #5673, #7047, .T. ) ;
#7049 = CARTESIAN_POINT ( 'NONE',  ( 10.77689577749880279, 40.10000000000000142, 7.599999999999999645 ) ) ;
#7050 = DIRECTION ( 'NONE',  ( -1.000000000000000000, 0.000000000000000000, 0.000000000000000000 ) ) ;
#7051 = ORIENTED_EDGE ( 'NONE', *, *, #2625, .T. ) ;
#7052 = VERTEX_POINT ( 'NONE', #4379 ) ;
#7053 = CARTESIAN_POINT ( 'NONE',  ( 19.21722922712552872, 43.27005965603456161, -1.869498635606746673 ) ) ;
#7054 = CARTESIAN_POINT ( 'NONE',  ( -43.09650699025549159, -17.07292860331314444, 7.599999999999999645 ) ) ;
#7055 = VECTOR ( 'NONE', #3620, 1000.000000000000000 ) ;
#7056 = VECTOR ( 'NONE', #7526, 1000.000000000000000 ) ;
#7057 = CARTESIAN_POINT ( 'NONE',  ( -43.04147107059531407, 19.85079035641726364, 10.03000000000000824 ) ) ;
#7058 = CARTESIAN_POINT ( 'NONE',  ( 20.31939565370074163, 42.38919738757338251, -1.665286873933202072 ) ) ;
#7059 = CARTESIAN_POINT ( 'NONE',  ( 40.31994558796126427, -20.07229497478913061, 7.569999999999995843 ) ) ;
#7060 = CARTESIAN_POINT ( 'NONE',  ( 18.10000000000000142, 40.10000000000000142, 4.585786437626904188 ) ) ;
#7061 = VECTOR ( 'NONE', #7514, 1000.000000000000000 ) ;
#7062 = CARTESIAN_POINT ( 'NONE',  ( -42.48039098669462987, 20.99643778796500726, 13.60000000000000320 ) ) ;
#7063 = CARTESIAN_POINT ( 'NONE',  ( 40.60000000000006537, 17.54098300562517565, 25.59999999999999787 ) ) ;
#7064 = ORIENTED_EDGE ( 'NONE', *, *, #3699, .T. ) ;
#7065 = ORIENTED_EDGE ( 'NONE', *, *, #3997, .F. ) ;
#7066 = ORIENTED_EDGE ( 'NONE', *, *, #9371, .F. ) ;
#7067 = CARTESIAN_POINT ( 'NONE',  ( -14.10000000000000142, -35.70000000000000284, 76.38141135119198566 ) ) ;
#7068 = CARTESIAN_POINT ( 'NONE',  ( 38.08633899773055731, -12.39999999999987601, 13.60000000000000142 ) ) ;
#7069 = CARTESIAN_POINT ( 'NONE',  ( 40.94573865730946238, 20.04116199736936466, 7.600000000000000533 ) ) ;
#7070 = DIRECTION ( 'NONE',  ( 0.000000000000000000, 0.000000000000000000, 1.000000000000000000 ) ) ;
#7071 = CARTESIAN_POINT ( 'NONE',  ( -8.246112270910536779, 26.09999999999997300, 13.59999999999999787 ) ) ;
#7072 = VECTOR ( 'NONE', #6208, 1000.000000000000000 ) ;
#7073 = CARTESIAN_POINT ( 'NONE',  ( -14.15779236700128685, 21.09999999999995168, 13.91774074830481922 ) ) ;
#7074 = CYLINDRICAL_SURFACE ( 'NONE', #772, 4.000000000000000000 ) ;
#7075 = EDGE_CURVE ( 'NONE', #1305, #6487, #636, .T. ) ;
#7076 = CARTESIAN_POINT ( 'NONE',  ( -21.10000000000000853, 39.09999999999961062, 2.000000000000001332 ) ) ;
#7077 = EDGE_LOOP ( 'NONE', ( #327, #6839, #5303, #3631 ) ) ;
#7078 = AXIS2_PLACEMENT_3D ( 'NONE', #9499, #9451, #7970 ) ;
#7080 = AXIS2_PLACEMENT_3D ( 'NONE', #8257, #2975, #5235 ) ;
#7079 = CARTESIAN_POINT ( 'NONE',  ( -17.53477992980961986, -40.95399462619637632, -3.012385490977912195 ) ) ;
#7081 = CARTESIAN_POINT ( 'NONE',  ( -44.07237354602657575, -18.33773021338307530, 13.59999999999999787 ) ) ;
#7082 = CARTESIAN_POINT ( 'NONE',  ( 20.80530425361590119, -39.53598767062940311, -2.034095373281183505 ) ) ;
#7083 = CARTESIAN_POINT ( 'NONE',  ( -20.60000000000000853, -42.60000000000001563, 2.000000000000000888 ) ) ;
#7084 = EDGE_CURVE ( 'NONE', #4375, #7449, #8566, .T. ) ;
#7085 = DIRECTION ( 'NONE',  ( 1.000000000000000000, 0.000000000000000000, 0.000000000000000000 ) ) ;
#7086 = CARTESIAN_POINT ( 'NONE',  ( -18.19461201343757395, -9.016535206891074239, 13.59999999999999787 ) ) ;
#7087 = CARTESIAN_POINT ( 'NONE',  ( 18.47776664532896262, 42.97645406692999615, -2.546620363960806266 ) ) ;
#7088 = ORIENTED_EDGE ( 'NONE', *, *, #7939, .F. ) ;
#7089 = ORIENTED_EDGE ( 'NONE', *, *, #3519, .T. ) ;
#7090 = CARTESIAN_POINT ( 'NONE',  ( 43.06157421608161684, 18.63707660278324951, 28.59999999999999432 ) ) ;
#7091 = CARTESIAN_POINT ( 'NONE',  ( -9.099999999999933920, -7.399999999999876010, 23.84999999999998010 ) ) ;
#7092 = CARTESIAN_POINT ( 'NONE',  ( 39.35000000000006537, 18.10000000000013642, 7.599999999999999645 ) ) ;
#7093 = EDGE_CURVE ( 'NONE', #6129, #6365, #1574, .T. ) ;
#7094 = CARTESIAN_POINT ( 'NONE',  ( 20.99643778796485805, 42.48039098669448776, 9.600000000000003197 ) ) ;
#7095 = CARTESIAN_POINT ( 'NONE',  ( -18.48376921292486230, 43.84427107285139869, -1.498294251052875614 ) ) ;
#7096 = CARTESIAN_POINT ( 'NONE',  ( 45.90941576793484558, -10.66559840588412200, 13.60000000000000320 ) ) ;
#7097 = DIRECTION ( 'NONE',  ( 0.000000000000000000, 0.000000000000000000, 1.000000000000000000 ) ) ;
#7098 = LINE ( 'NONE', #8574, #258 ) ;
#7099 = ORIENTED_EDGE ( 'NONE', *, *, #6102, .F. ) ;
#7100 = VERTEX_POINT ( 'NONE', #7748 ) ;
#7101 = CARTESIAN_POINT ( 'NONE',  ( 19.53069457995847102, 44.00836052684457655, 0.5648931975366191516 ) ) ;
#7102 = CARTESIAN_POINT ( 'NONE',  ( -16.10000000000028919, 43.60000000000001563, -2.499999999999993339 ) ) ;
#7103 = CARTESIAN_POINT ( 'NONE',  ( -43.09842776662158315, 16.09999999999986287, 7.569999999999995843 ) ) ;
#7104 = CARTESIAN_POINT ( 'NONE',  ( 20.61665412125369912, 40.53634271284475687, -2.336690937433087090 ) ) ;
#7105 = CARTESIAN_POINT ( 'NONE',  ( 6.246994335208404969, -12.39999999999987601, 13.60000000000000142 ) ) ;
#7106 = CARTESIAN_POINT ( 'NONE',  ( -20.19473485721422534, -42.84802794910748247, 2.000000000000001776 ) ) ;
#7107 = CARTESIAN_POINT ( 'NONE',  ( -43.08708972991263408, 20.88097685546557614, 13.60000000000000142 ) ) ;
#7108 = DIRECTION ( 'NONE',  ( 1.000000000000000000, 0.000000000000000000, 0.000000000000000000 ) ) ;
#7109 = ORIENTED_EDGE ( 'NONE', *, *, #4211, .F. ) ;
#7110 = ORIENTED_EDGE ( 'NONE', *, *, #9588, .T. ) ;
#7111 = ORIENTED_EDGE ( 'NONE', *, *, #6958, .T. ) ;
#7112 = CARTESIAN_POINT ( 'NONE',  ( -10.24942143392359206, 21.09627965690832596, 28.59999999999999076 ) ) ;
#7113 = DIRECTION ( 'NONE',  ( 0.000000000000000000, 0.000000000000000000, 1.000000000000000000 ) ) ;
#7114 = CARTESIAN_POINT ( 'NONE',  ( 39.04334377585839633, 20.09674837066001274, 7.599999999999998757 ) ) ;
#7115 = EDGE_CURVE ( 'NONE', #2632, #9377, #4058, .T. ) ;
#7116 = CARTESIAN_POINT ( 'NONE',  ( -18.10000000000000142, -40.10000000000000142, 7.599999999999999645 ) ) ;
#7117 = CARTESIAN_POINT ( 'NONE',  ( -14.10000000074194659, 16.82135399905763151, 13.60000000000774634 ) ) ;
#7118 =( BOUNDED_SURFACE ( )  B_SPLINE_SURFACE ( 2, 3, ( 
 ( #1596, #4599, #3864, #7428, #3717, #6034, #6728, #9740 ),
 ( #2980, #2237, #5240, #7525, #1494, #4501, #761, #7722 ),
 ( #3321, #6323, #9145, #1643, #8411, #1693, #3915, #5535 ) ),
 .UNSPECIFIED., .F., .F., .T. ) 
 B_SPLINE_SURFACE_WITH_KNOTS ( ( 3, 3 ),
 ( 4, 2, 2, 4 ),
 ( 0.000000000000000000, 1.000000000000000000 ),
 ( -0.005109999999999999959, 0.002000000000000001776, 0.03420000000000000123, 0.04130999999999999950 ),
 .UNSPECIFIED. ) 
 GEOMETRIC_REPRESENTATION_ITEM ( )  RATIONAL_B_SPLINE_SURFACE ( (
 ( 1.000000000000000000, 1.000000000000000000, 1.000000000000000000, 1.000000000000000000, 1.000000000000000000, 1.000000000000000000, 1.000000000000000000, 1.000000000000000000),
 ( 4.000000000000000888, 4.000000000000000888, 4.000000000000000888, 4.000000000000000888, 4.000000000000003553, 4.000000000000003553, 4.000000000000000888, 4.000000000000000888),
 ( 1.000000000000000000, 1.000000000000000000, 1.000000000000000000, 1.000000000000000000, 1.000000000000000000, 1.000000000000000000, 1.000000000000000000, 1.000000000000000000) ) ) 
 REPRESENTATION_ITEM ( '' )  SURFACE ( )  );
#7119 = EDGE_CURVE ( 'NONE', #4486, #3157, #4578, .T. ) ;
#7120 = CARTESIAN_POINT ( 'NONE',  ( -12.27200576008930533, 21.09999999999996234, 15.43075277773896126 ) ) ;
#7121 = CARTESIAN_POINT ( 'NONE',  ( 0.000000000000000000, -4.399999999999876010, 10.59999999999999964 ) ) ;
#7122 = CARTESIAN_POINT ( 'NONE',  ( -21.06069831984588703, 39.85487249788105402, -0.5905758261625640992 ) ) ;
#7123 = VERTEX_POINT ( 'NONE', #7699 ) ;
#7124 = CARTESIAN_POINT ( 'NONE',  ( -16.86011889369850536, -39.58228836263825912, -2.997698853249894935 ) ) ;
#7125 = CARTESIAN_POINT ( 'NONE',  ( -40.84967719361372218, -21.09011195108245573, 13.60000000000000320 ) ) ;
#7126 = CARTESIAN_POINT ( 'NONE',  ( -3.816391647148974819E-15, 14.83538406167147095, 20.89999999999999147 ) ) ;
#7127 = CARTESIAN_POINT ( 'NONE',  ( -20.08137278453379082, -42.08137278453381924, -1.230809411779240969 ) ) ;
#7128 = EDGE_CURVE ( 'NONE', #7399, #7904, #7652, .T. ) ;
#7129 = CARTESIAN_POINT ( 'NONE',  ( 42.07265072837109443, -20.88525032197564713, 13.60000000000000142 ) ) ;
#7130 = CARTESIAN_POINT ( 'NONE',  ( -11.69689577749890219, 41.30000000000000426, 7.599999999999999645 ) ) ;
#7131 = CARTESIAN_POINT ( 'NONE',  ( 19.84072818405824279, 39.85089012586076507, -2.849890045680426365 ) ) ;
#7132 = EDGE_LOOP ( 'NONE', ( #2726, #4162, #7821, #8672 ) ) ;
#7133 = ORIENTED_EDGE ( 'NONE', *, *, #1100, .T. ) ;
#7134 = DIRECTION ( 'NONE',  ( 1.000000000000000000, 0.000000000000000000, 0.000000000000000000 ) ) ;
#7135 = DIRECTION ( 'NONE',  ( 1.000000000000000000, 0.000000000000000000, 0.000000000000000000 ) ) ;
#7136 = CARTESIAN_POINT ( 'NONE',  ( -20.60000000000000853, -42.60000000000001563, 2.000000000000000888 ) ) ;
#7137 = FACE_OUTER_BOUND ( 'NONE', #8478, .T. ) ;
#7138 = LINE ( 'NONE', #422, #4212 ) ;
#7139 = CARTESIAN_POINT ( 'NONE',  ( 42.42549664815251731, -7.039032163536474762, 18.59999999999934417 ) ) ;
#7140 = B_SPLINE_CURVE_WITH_KNOTS ( 'NONE', 3,
 ( #4020, #4568, #7598, #78, #9113, #2360, #5362, #8379, #7645, #3197, #1613, #869, #3883, #7689, #922, #182, #6195, #2453, #8703, #8561, #2545, #4071, #5691, #3431, #7036, #7229, #7129, #2687, #4115, #3377, #463, #1848, #273, #7968, #1200, #363, #1060, #8605, #1254, #6382, #5549, #4208, #9395, #6336, #2637, #4950, #4903, #411, #7920, #5640, #9449, #1800, #1949, #9304, #3482, #1150, #3291, #6434, #4854, #8656, #6293, #4807 ),
 .UNSPECIFIED., .F., .F.,
 ( 4, 1, 1, 1, 1, 1, 1, 1, 2, 2, 1, 1, 1, 1, 1, 1, 2, 2, 1, 1, 1, 1, 2, 2, 2, 1, 1, 1, 1, 2, 2, 1, 1, 1, 1, 1, 2, 2, 1, 1, 1, 1, 1, 1, 2, 2, 4 ),
 ( 0.000000000000000000, 0.1250000000002547684, 0.1875000000003833045, 0.2187500000004488632, 0.2343750000004816703, 0.2421875000004995448, 0.2460937500005085377, 0.2480468750005130341, 0.2490234375005136447, 0.2500000000005143108, 0.3125000000004864997, 0.3437500000004714007, 0.3593750000004638512, 0.3671875000004600209, 0.3710937500004567458, 0.3730468750004535816, 0.3740234375004519718, 0.3750000000004503065, 0.4062500000004284906, 0.4218750000004174439, 0.4296875000004106715, 0.4335937500004086176, 0.4355468750004077849, 0.4375000000004068967, 0.5000000000004034550, 0.5312500000004007905, 0.5468750000003994582, 0.5546875000003986811, 0.5585937500003980150, 0.5605468750003976819, 0.5625000000003972378, 0.5937500000003884670, 0.6093750000003843592, 0.6171875000003823608, 0.6210937500003811396, 0.6230468750003799183, 0.6240234375003794742, 0.6250000000003790301, 0.6875000000002954303, 0.7187500000002542411, 0.7343750000002335909, 0.7421875000002237099, 0.7460937500002188250, 0.7480468750002163825, 0.7490234375002147171, 0.7500000000002129408, 1.000000000000000000 ),
 .UNSPECIFIED. ) ;
#7141 = CARTESIAN_POINT ( 'NONE',  ( 17.53539937452362807, -42.96197724029169507, -1.628311328183367435 ) ) ;
#7142 = CARTESIAN_POINT ( 'NONE',  ( -44.10000000000007248, 16.09999999999986287, 9.499999999999984013 ) ) ;
#7143 = ORIENTED_EDGE ( 'NONE', *, *, #243, .T. ) ;
#7144 = EDGE_CURVE ( 'NONE', #666, #5033, #979, .T. ) ;
#7145 = ORIENTED_EDGE ( 'NONE', *, *, #8072, .F. ) ;
#7146 = CARTESIAN_POINT ( 'NONE',  ( 19.40343044518268201, 43.36974095710527166, -1.585375912807925447 ) ) ;
#7147 = CARTESIAN_POINT ( 'NONE',  ( -19.84466002191942735, 42.95340664962859023, -1.650791236813784701 ) ) ;
#7148 = CARTESIAN_POINT ( 'NONE',  ( -18.77269184024984483, 43.27338287872926514, -2.173382878730103940 ) ) ;
#7149 = CARTESIAN_POINT ( 'NONE',  ( 42.16744729553263227, 18.64194652266829166, 9.599999999999637268 ) ) ;
#7150 = CARTESIAN_POINT ( 'NONE',  ( 20.67955401047506925, 39.85000007912503861, -2.420445989525056962 ) ) ;
#7151 = CARTESIAN_POINT ( 'NONE',  ( 41.96301418375583836, -19.62994004720215102, 7.599999999999998757 ) ) ;
#7152 = CARTESIAN_POINT ( 'NONE',  ( -41.30000000000003979, 9.776895777498653572, 7.600000000000000533 ) ) ;
#7153 = CARTESIAN_POINT ( 'NONE',  ( -19.92029505638999964, -42.93222032930459164, 2.000000000000001776 ) ) ;
#7154 = EDGE_CURVE ( 'NONE', #2519, #3540, #3891, .T. ) ;
#7155 = CARTESIAN_POINT ( 'NONE',  ( -43.81364017786650322, 20.27774806692621468, 13.60000000000000320 ) ) ;
#7156 = CARTESIAN_POINT ( 'NONE',  ( 42.14281270300031679, -19.28273563165124571, 10.03000000000001002 ) ) ;
#7157 = ORIENTED_EDGE ( 'NONE', *, *, #6358, .F. ) ;
#7158 = ORIENTED_EDGE ( 'NONE', *, *, #243, .F. ) ;
#7159 = ORIENTED_EDGE ( 'NONE', *, *, #3549, .F. ) ;
#7160 = CARTESIAN_POINT ( 'NONE',  ( -13.03820785103966351, 20.89504420574782628, 28.59999999999999787 ) ) ;
#7161 = CARTESIAN_POINT ( 'NONE',  ( -20.64662036395676381, -40.47776664532882762, -1.876454066928167963 ) ) ;
#7162 =( BOUNDED_CURVE ( )  B_SPLINE_CURVE ( 2, ( #8063, #2145, #2834 ),
 .UNSPECIFIED., .F., .F. ) 
 B_SPLINE_CURVE_WITH_KNOTS ( ( 3, 3 ),
 ( 0.000000000000000000, 1.000000000000000000 ),
 .UNSPECIFIED. ) 
 CURVE ( )  GEOMETRIC_REPRESENTATION_ITEM ( )  RATIONAL_B_SPLINE_CURVE ( ( 2.500000000000001776, 2.500000000000010658, 1.000000000000000000 ) ) 
 REPRESENTATION_ITEM ( '' )  );
#7163 = CARTESIAN_POINT ( 'NONE',  ( 41.42122724735871486, 19.99602867563686814, 7.600000000000000533 ) ) ;
#7164 = DIRECTION ( 'NONE',  ( 1.000000000000000000, 0.000000000000000000, 0.000000000000000000 ) ) ;
#7165 = CARTESIAN_POINT ( 'NONE',  ( 0.000000000000000000, -18.10000000000013642, 7.599999999999999645 ) ) ;
#7166 = EDGE_CURVE ( 'NONE', #5356, #8523, #1220, .T. ) ;
#7167 = CARTESIAN_POINT ( 'NONE',  ( -13.22008974206421961, 21.09999999999996234, 14.52130756268699407 ) ) ;
#7168 = CARTESIAN_POINT ( 'NONE',  ( 16.84999999999946141, 43.60000000000116671, -2.500000000001667111 ) ) ;
#7169 = VECTOR ( 'NONE', #1291, 1000.000000000000000 ) ;
#7170 = B_SPLINE_CURVE_WITH_KNOTS ( 'NONE', 3,
 ( #5559, #1621, #3892, #3985, #7749, #9215, #4816, #6253, #2418, #191, #8483, #8528, #5515, #980, #3164, #4769, #8388 ),
 .UNSPECIFIED., .F., .F.,
 ( 4, 2, 2, 2, 2, 2, 3, 4 ),
 ( 0.000000000000000000, 0.001931104874624614163, 0.002896657311936921570, 0.003379433530593074948, 0.003620821639921151854, 0.003741515694585189657, 0.003862209749249228326, 0.003889706555084145468 ),
 .UNSPECIFIED. ) ;
#7171 = CARTESIAN_POINT ( 'NONE',  ( -21.09769885324957528, 40.58228836263769068, 1.239881106301198743 ) ) ;
#7172 = FACE_OUTER_BOUND ( 'NONE', #9129, .T. ) ;
#7173 = ORIENTED_EDGE ( 'NONE', *, *, #2207, .F. ) ;
#7174 = ADVANCED_FACE ( 'NONE', ( #236 ), #6952, .F. ) ;
#7175 = FACE_OUTER_BOUND ( 'NONE', #6165, .T. ) ;
#7176 = CARTESIAN_POINT ( 'NONE',  ( -44.09627965690843610, -17.24942143377868575, 13.59999999999999964 ) ) ;
#7177 = CARTESIAN_POINT ( 'NONE',  ( 21.05646371664029814, -40.77855064893187631, 2.000000000000003553 ) ) ;
#7178 = LINE ( 'NONE', #2636, #3865 ) ;
#7179 = AXIS2_PLACEMENT_3D ( 'NONE', #3069, #3955, #6073 ) ;
#7180 = CARTESIAN_POINT ( 'NONE',  ( 15.50000000000000000, -37.50000000000000000, 0.000000000000000000 ) ) ;
#7181 = CARTESIAN_POINT ( 'NONE',  ( -12.65583219250180669, -12.30764091962118378, 13.60000000000000497 ) ) ;
#7182 = CARTESIAN_POINT ( 'NONE',  ( 20.52666543961012735, 40.53640090607201785, -2.426665439612250452 ) ) ;
#7183 = ORIENTED_EDGE ( 'NONE', *, *, #5017, .T. ) ;
#7184 = ORIENTED_EDGE ( 'NONE', *, *, #877, .F. ) ;
#7185 = AXIS2_PLACEMENT_3D ( 'NONE', #1801, #5740, #5097 ) ;
#7186 = CARTESIAN_POINT ( 'NONE',  ( 40.41047241443121862, 21.06979218642896257, 28.60000000000000853 ) ) ;
#7187 = CARTESIAN_POINT ( 'NONE',  ( 16.10000000000000142, 39.10000000000189857, -3.000000000000000000 ) ) ;
#7188 = CARTESIAN_POINT ( 'NONE',  ( -20.96431329436440549, -38.10000000000000853, -1.630788731756552146 ) ) ;
#7189 = CARTESIAN_POINT ( 'NONE',  ( -16.09999999999995879, -38.10000000000000853, -3.000000000000000000 ) ) ;
#7190 = CIRCLE ( 'NONE', #6080, 1.045751311064586631 ) ;
#7191 = CARTESIAN_POINT ( 'NONE',  ( 19.63667213872317419, 43.97576400432838284, 9.600000000000001421 ) ) ;
#7192 = CARTESIAN_POINT ( 'NONE',  ( 43.10000000000006537, -1.919032709453474483, 18.59999999999999787 ) ) ;
#7193 = B_SPLINE_CURVE_WITH_KNOTS ( 'NONE', 3,
 ( #5224, #6712, #96, #9721 ),
 .UNSPECIFIED., .F., .F.,
 ( 4, 4 ),
 ( 0.000000000000000000, 1.000000000000000000 ),
 .UNSPECIFIED. ) ;
#7194 = CARTESIAN_POINT ( 'NONE',  ( 19.61774815859487830, -42.02143759642429899, -1.799506621328945899 ) ) ;
#7195 = FACE_OUTER_BOUND ( 'NONE', #593, .T. ) ;
#7196 = ORIENTED_EDGE ( 'NONE', *, *, #6398, .F. ) ;
#7197 = EDGE_CURVE ( 'NONE', #1356, #3849, #6774, .T. ) ;
#7198 = ORIENTED_EDGE ( 'NONE', *, *, #220, .F. ) ;
#7199 = CARTESIAN_POINT ( 'NONE',  ( 19.59829425104856782, 43.84427107285068814, -0.3837692129277818220 ) ) ;
#7200 = EDGE_CURVE ( 'NONE', #6052, #1759, #8162, .T. ) ;
#7201 = CARTESIAN_POINT ( 'NONE',  ( -18.77269184024984128, 43.27338287872926514, -2.173382878730104384 ) ) ;
#7202 = CARTESIAN_POINT ( 'NONE',  ( -19.55036663456331070, 42.92614600123667401, -1.954077196026471341 ) ) ;
#7203 = CARTESIAN_POINT ( 'NONE',  ( 20.14786261772717779, 43.00359737108828995, -1.245655325675901981 ) ) ;
#7204 = AXIS2_PLACEMENT_3D ( 'NONE', #5275, #1582, #8394 ) ;
#7205 = EDGE_CURVE ( 'NONE', #5007, #3874, #912, .T. ) ;
#7206 = CARTESIAN_POINT ( 'NONE',  ( 42.08209738528142196, -17.98500095813607658, 7.600000000000001421 ) ) ;
#7207 = CARTESIAN_POINT ( 'NONE',  ( 16.10000000000000142, -43.10000000000000853, 7.486666666666669023 ) ) ;
#7208 = CARTESIAN_POINT ( 'NONE',  ( -21.10000000000000142, 39.09999999999998721, 4.533333333333334991 ) ) ;
#7209 = CARTESIAN_POINT ( 'NONE',  ( -41.95942014067045278, 21.04485155125881235, 13.60000000000000142 ) ) ;
#7210 = ORIENTED_EDGE ( 'NONE', *, *, #7093, .F. ) ;
#7211 = VECTOR ( 'NONE', #3205, 1000.000000000000000 ) ;
#7212 = VERTEX_POINT ( 'NONE', #40 ) ;
#7213 = VERTEX_POINT ( 'NONE', #4768 ) ;
#7214 = CARTESIAN_POINT ( 'NONE',  ( -12.52861721390067551, 20.99046056094371338, 28.60000000000000497 ) ) ;
#7215 = CARTESIAN_POINT ( 'NONE',  ( -20.80530392117332639, -39.53598869740803678, -2.034096140375794004 ) ) ;
#7216 = CARTESIAN_POINT ( 'NONE',  ( 38.54118413878018146, 20.09958493382347910, 7.600000000000000533 ) ) ;
#7217 = CARTESIAN_POINT ( 'NONE',  ( 43.10000000000007248, -8.462207306508741311, 13.70858324496227354 ) ) ;
#7218 = CARTESIAN_POINT ( 'NONE',  ( -8.246112270910515463, 21.09999999999997300, 13.59999999999999787 ) ) ;
#7219 = AXIS2_PLACEMENT_3D ( 'NONE', #7300, #1971, #6503 ) ;
#7220 = CARTESIAN_POINT ( 'NONE',  ( -11.48350603038806739, 21.09999999999995879, 16.21026131787411373 ) ) ;
#7221 = FACE_OUTER_BOUND ( 'NONE', #9625, .T. ) ;
#7222 = CARTESIAN_POINT ( 'NONE',  ( -20.81355453544554024, 39.09999999999908482, -2.184496668613517212 ) ) ;
#7223 = CARTESIAN_POINT ( 'NONE',  ( 13.40031711825083427, -34.69976218936863432, 0.000000000000000000 ) ) ;
#7224 = VERTEX_POINT ( 'NONE', #6157 ) ;
#7225 = DIRECTION ( 'NONE',  ( -0.000000000000000000, -1.000000000000000000, -0.000000000000000000 ) ) ;
#7226 = DIRECTION ( 'NONE',  ( -1.000000000000000000, -3.491481338843133750E-15, 0.000000000000000000 ) ) ;
#7227 = LINE ( 'NONE', #8801, #8828 ) ;
#7228 = EDGE_CURVE ( 'NONE', #8105, #5881, #2332, .T. ) ;
#7229 = CARTESIAN_POINT ( 'NONE',  ( 42.03820785103710733, -20.89504420574790799, 13.60000000000000142 ) ) ;
#7230 = CARTESIAN_POINT ( 'NONE',  ( -9.099999999999933920, -7.399999999999875122, 18.60000000000000497 ) ) ;
#7231 = CARTESIAN_POINT ( 'NONE',  ( 12.50000000000000000, -35.70000000000000284, -3.000000000000000000 ) ) ;
#7232 = CARTESIAN_POINT ( 'NONE',  ( 16.10000000000001208, 40.63114033233011924, -2.998025431992919376 ) ) ;
#7233 = EDGE_LOOP ( 'NONE', ( #3052, #3160, #2412, #766 ) ) ;
#7234 = ORIENTED_EDGE ( 'NONE', *, *, #121, .F. ) ;
#7235 = ADVANCED_FACE ( 'NONE', ( #3942, #6105 ), #2417, .F. ) ;
#7236 = CARTESIAN_POINT ( 'NONE',  ( 42.97389364416845581, 19.65631831748087066, 28.60000000000001208 ) ) ;
#7237 = CARTESIAN_POINT ( 'NONE',  ( -18.10000000000000142, -40.10000000000000142, 4.585786437626904188 ) ) ;
#7238 = CARTESIAN_POINT ( 'NONE',  ( -20.91268936809786183, -41.41333390546338933, -0.3885129354217933262 ) ) ;
#7239 = CARTESIAN_POINT ( 'NONE',  ( 38.10000000000007958, -7.399999999999876010, 28.59999999999999787 ) ) ;
#7240 = CARTESIAN_POINT ( 'NONE',  ( 17.08448482975580163, 44.10000000000001563, 9.600000000000003197 ) ) ;
#7241 = CIRCLE ( 'NONE', #8188, 1.379999999999999227 ) ;
#7242 = CARTESIAN_POINT ( 'NONE',  ( 43.08360980613775837, -4.416600723528444128, 18.60000000000388809 ) ) ;
#7243 = CARTESIAN_POINT ( 'NONE',  ( 19.62905584715526430, -42.24561279931121049, -1.529055638181974874 ) ) ;
#7244 = ORIENTED_EDGE ( 'NONE', *, *, #1760, .F. ) ;
#7245 = AXIS2_PLACEMENT_3D ( 'NONE', #6306, #193, #3256 ) ;
#7246 = EDGE_CURVE ( 'NONE', #3248, #6439, #5369, .T. ) ;
#7247 = VERTEX_POINT ( 'NONE', #1859 ) ;
#7248 = CARTESIAN_POINT ( 'NONE',  ( 19.70386467894995519, 43.20120180180580149, -1.509820810214182352 ) ) ;
#7249 = CARTESIAN_POINT ( 'NONE',  ( 41.28028477983783517, -20.12044396547548075, 9.599999999999866418 ) ) ;
#7250 = CARTESIAN_POINT ( 'NONE',  ( -19.20575878115592872, 43.05194259113443422, -2.104875062742475489 ) ) ;
#7251 = CARTESIAN_POINT ( 'NONE',  ( 42.17863251329090701, 18.32329648377793418, 9.599999999999637268 ) ) ;
#7252 = CARTESIAN_POINT ( 'NONE',  ( 20.62161365322317508, 42.82204963953248011, -0.6911511042297480145 ) ) ;
#7253 = EDGE_CURVE ( 'NONE', #5673, #1805, #1209, .T. ) ;
#7254 = AXIS2_PLACEMENT_3D ( 'NONE', #9498, #7826, #7085 ) ;
#7255 = CARTESIAN_POINT ( 'NONE',  ( -42.97436538983311749, -20.00737088955736453, 10.03000000000000469 ) ) ;
#7256 = CARTESIAN_POINT ( 'NONE',  ( 43.10000000000006537, -16.10000000000013642, 7.299999999999999822 ) ) ;
#7257 = FACE_OUTER_BOUND ( 'NONE', #444, .T. ) ;
#7258 = DIRECTION ( 'NONE',  ( 1.000000000000000000, 0.000000000000000000, 0.000000000000000000 ) ) ;
#7259 = EDGE_LOOP ( 'NONE', ( #4403, #4573, #3225, #6537 ) ) ;
#7260 = ORIENTED_EDGE ( 'NONE', *, *, #9394, .T. ) ;
#7261 = AXIS2_PLACEMENT_3D ( 'NONE', #2096, #5836, #3622 ) ;
#7262 = ORIENTED_EDGE ( 'NONE', *, *, #811, .T. ) ;
#7263 = EDGE_CURVE ( 'NONE', #8730, #6750, #3093, .T. ) ;
#7264 = CYLINDRICAL_SURFACE ( 'NONE', #1809, 2.000000000000003553 ) ;
#7265 = CARTESIAN_POINT ( 'NONE',  ( -20.44018644154976272, -40.47580190091686347, -2.161295015599926650 ) ) ;
#7266 = CARTESIAN_POINT ( 'NONE',  ( 19.51270507532078113, -42.99246996001729570, 9.600000000000001421 ) ) ;
#7267 = CARTESIAN_POINT ( 'NONE',  ( 43.10000000000006537, -8.571158652960544799, 13.69662479391860366 ) ) ;
#7268 = FACE_OUTER_BOUND ( 'NONE', #1204, .T. ) ;
#7269 = CARTESIAN_POINT ( 'NONE',  ( 20.23550808394458045, -38.85023373485067566, -2.735652922899373785 ) ) ;
#7270 = CARTESIAN_POINT ( 'NONE',  ( -13.89504420574746391, -6.338207851037677365, 28.59999999999999787 ) ) ;
#7271 = DIRECTION ( 'NONE',  ( 1.000000000000000000, 0.000000000000000000, 0.000000000000000000 ) ) ;
#7272 = FACE_BOUND ( 'NONE', #5543, .T. ) ;
#7273 = DIRECTION ( 'NONE',  ( -1.000000000000000000, -3.491481338843133750E-15, 0.000000000000000000 ) ) ;
#7274 = VERTEX_POINT ( 'NONE', #7239 ) ;
#7275 = CYLINDRICAL_SURFACE ( 'NONE', #3128, 0.8457513110646033283 ) ;
#7276 = CARTESIAN_POINT ( 'NONE',  ( 13.43834651777714839, 34.67164625281093748, 0.000000000000000000 ) ) ;
#7277 = DIRECTION ( 'NONE',  ( 0.000000000000000000, -0.000000000000000000, -1.000000000000000000 ) ) ;
#7278 = CARTESIAN_POINT ( 'NONE',  ( -19.20575878115485935, -42.20487506274095324, -1.951942591135525928 ) ) ;
#7279 = B_SPLINE_CURVE_WITH_KNOTS ( 'NONE', 3,
 ( #8248, #7464, #9440, #404 ),
 .UNSPECIFIED., .F., .F.,
 ( 4, 4 ),
 ( 0.000000000000000000, 1.000000000000000000 ),
 .UNSPECIFIED. ) ;
#7280 = CARTESIAN_POINT ( 'NONE',  ( -11.09999999999993570, 0.000000000000000000, 10.59999999999999964 ) ) ;
#7281 = ITEM_DEFINED_TRANSFORMATION ( 'NONE', 'NONE', #5288,  #4338 ) ;
#7282 = CARTESIAN_POINT ( 'NONE',  ( -18.81871241389667659, -7.368945704266537611, 13.59999999999999787 ) ) ;
#7283 = CARTESIAN_POINT ( 'NONE',  ( 20.03165125944415692, 40.53583960580257894, -2.750004470091433006 ) ) ;
#7284 = ORIENTED_EDGE ( 'NONE', *, *, #7119, .F. ) ;
#7285 = ORIENTED_EDGE ( 'NONE', *, *, #5122, .T. ) ;
#7286 = CARTESIAN_POINT ( 'NONE',  ( 18.10000000000000142, 40.10000000000000142, 7.599999999999999645 ) ) ;
#7287 = FACE_OUTER_BOUND ( 'NONE', #1469, .T. ) ;
#7288 = CARTESIAN_POINT ( 'NONE',  ( 20.20487506272187517, -42.05194259115037880, -1.105758813302756938 ) ) ;
#7289 = CARTESIAN_POINT ( 'NONE',  ( -14.85392603962792180, -11.86559373057269262, 13.60000000000000497 ) ) ;
#7290 = CARTESIAN_POINT ( 'NONE',  ( 18.41047241443130389, 44.06979218642889151, 9.600000000000003197 ) ) ;
#7291 = CARTESIAN_POINT ( 'NONE',  ( 42.42549664848475288, -7.039032164171037387, 13.59999999999868336 ) ) ;
#7292 = CARTESIAN_POINT ( 'NONE',  ( 19.38919738757113365, -42.31939565370397105, -1.665286873934598066 ) ) ;
#7293 = VERTEX_POINT ( 'NONE', #283 ) ;
#7294 = ORIENTED_EDGE ( 'NONE', *, *, #3116, .F. ) ;
#7295 = CARTESIAN_POINT ( 'NONE',  ( 18.47776637993601412, 43.64662051772747731, -1.876453709968253225 ) ) ;
#7296 = CARTESIAN_POINT ( 'NONE',  ( -20.00359737108813718, -41.34565532567231827, -2.047862617731127877 ) ) ;
#7297 = CARTESIAN_POINT ( 'NONE',  ( -18.47580190091770191, 43.44018644155012510, -2.161295015599792979 ) ) ;
#7298 = ADVANCED_FACE ( 'NONE', ( #7884 ), #5651, .T. ) ;
#7299 = CARTESIAN_POINT ( 'NONE',  ( -20.52044598952436516, 39.85000007912331199, -2.579554010475626047 ) ) ;
#7300 = CARTESIAN_POINT ( 'NONE',  ( 17.23397459621556393, -40.60000000000000142, 6.000000000000000000 ) ) ;
#7301 = CARTESIAN_POINT ( 'NONE',  ( 20.96431329436439128, 39.10000000000088249, -1.630788731756567467 ) ) ;
#7302 = CARTESIAN_POINT ( 'NONE',  ( 42.00993986119008383, -19.30663401241522337, 7.599999999999999645 ) ) ;
#7303 = CARTESIAN_POINT ( 'NONE',  ( 38.10000000000007248, -21.10000000000013642, 13.90000000000000036 ) ) ;
#7304 = CARTESIAN_POINT ( 'NONE',  ( -41.32400627943939497, 20.20115721356479810, 10.03000000000000469 ) ) ;
#7305 = CARTESIAN_POINT ( 'NONE',  ( -19.16143133711470981, 39.09999999999900666, -2.937984320614856593 ) ) ;
#7306 = ORIENTED_EDGE ( 'NONE', *, *, #4760, .T. ) ;
#7307 = VERTEX_POINT ( 'NONE', #471 ) ;
#7308 = EDGE_CURVE ( 'NONE', #5879, #7427, #6807, .T. ) ;
#7309 = CARTESIAN_POINT ( 'NONE',  ( -12.27279173385475275, 21.01881759005749473, 28.60000000000000142 ) ) ;
#7310 = CARTESIAN_POINT ( 'NONE',  ( -20.15917927406351140, -41.68284921675839882, -1.582849217054508317 ) ) ;
#7311 = CARTESIAN_POINT ( 'NONE',  ( -42.96816119399441902, 19.96834341765943677, 9.600000000000001421 ) ) ;
#7312 = CARTESIAN_POINT ( 'NONE',  ( 43.10000000000006537, -5.685023502280139418, 15.31993990629657887 ) ) ;
#7313 = CARTESIAN_POINT ( 'NONE',  ( -13.34810984021186897, 20.78162464621473404, 13.60000000000256648 ) ) ;
#7314 = CARTESIAN_POINT ( 'NONE',  ( 19.37216851478272517, -40.81398651894655671, -2.746636277089905320 ) ) ;
#7315 = CARTESIAN_POINT ( 'NONE',  ( -44.10000000000007248, -16.10000000000013642, 7.299999999999998934 ) ) ;
#7316 = CARTESIAN_POINT ( 'NONE',  ( 21.10000000000000142, 13.36666666666791414, 2.000000000000000444 ) ) ;
#7317 = CARTESIAN_POINT ( 'NONE',  ( 37.50000000000005684, -15.49999999999987033, 3.696770567850254707 ) ) ;
#7318 = VECTOR ( 'NONE', #5947, 1000.000000000000000 ) ;
#7319 = ORIENTED_EDGE ( 'NONE', *, *, #3939, .F. ) ;
#7320 = ADVANCED_FACE ( 'NONE', ( #7137 ), #1263, .F. ) ;
#7321 = CARTESIAN_POINT ( 'NONE',  ( -21.05646374350414263, -40.77854727961329218, 2.000000000000002220 ) ) ;
#7322 = CARTESIAN_POINT ( 'NONE',  ( 21.10000000000000497, 39.10000000000000853, 4.743333333333334068 ) ) ;
#7323 = ADVANCED_FACE ( 'NONE', ( #3298 ), #3490, .T. ) ;
#7324 = DIRECTION ( 'NONE',  ( -0.000000000000000000, -0.000000000000000000, -1.000000000000000000 ) ) ;
#7325 = CARTESIAN_POINT ( 'NONE',  ( -19.70386467895125904, -42.20120180180417435, -1.509820810211518261 ) ) ;
#7326 = EDGE_CURVE ( 'NONE', #4744, #9412, #2598, .T. ) ;
#7327 = CARTESIAN_POINT ( 'NONE',  ( 43.10000000000006537, -2.399999999999876010, 18.35000000000000142 ) ) ;
#7328 = AXIS2_PLACEMENT_3D ( 'NONE', #399, #2676, #8690 ) ;
#7329 =( NAMED_UNIT ( * ) SI_UNIT ( $, .STERADIAN. ) SOLID_ANGLE_UNIT ( ) );
#7330 = CARTESIAN_POINT ( 'NONE',  ( -40.79999999999996163, -11.19689577749904430, -15.40511026734024824 ) ) ;
#7331 = CARTESIAN_POINT ( 'NONE',  ( 20.28449666861353862, 39.10000000000092513, -2.713554535445528604 ) ) ;
#7332 = VERTEX_POINT ( 'NONE', #7092 ) ;
#7333 = ORIENTED_EDGE ( 'NONE', *, *, #2032, .F. ) ;
#7334 = CARTESIAN_POINT ( 'NONE',  ( 41.55436243565024768, 20.98712545639590843, 28.60000000000000497 ) ) ;
#7335 = LINE ( 'NONE', #570, #8618 ) ;
#7336 = CARTESIAN_POINT ( 'NONE',  ( 20.51642660619701886, -42.16652091451157958, -0.3761791733856516551 ) ) ;
#7337 = CARTESIAN_POINT ( 'NONE',  ( -18.33426996164852696, -8.712868897036951665, 13.59999999999999964 ) ) ;
#7338 = VECTOR ( 'NONE', #3021, 1000.000000000000000 ) ;
#7339 = DIRECTION ( 'NONE',  ( 0.000000000000000000, 0.000000000000000000, -1.000000000000000000 ) ) ;
#7340 = CARTESIAN_POINT ( 'NONE',  ( -17.54559056778248305, 44.14340405412291091, 0.5544300198646295863 ) ) ;
#7341 = CARTESIAN_POINT ( 'NONE',  ( -39.10000000000005826, -20.13493851953499814, 8.266666666911563155 ) ) ;
#7342 = CARTESIAN_POINT ( 'NONE',  ( 20.42752591515548133, -42.74141831540539727, 1.249951314178805895 ) ) ;
#7343 = LINE ( 'NONE', #3590, #8510 ) ;
#7344 = ORIENTED_EDGE ( 'NONE', *, *, #6358, .T. ) ;
#7345 = VECTOR ( 'NONE', #8218, 1000.000000000000000 ) ;
#7346 = VERTEX_POINT ( 'NONE', #2740 ) ;
#7347 = CARTESIAN_POINT ( 'NONE',  ( 16.10000000000000853, 43.60000000000001563, -2.499999999999979572 ) ) ;
#7348 = CARTESIAN_POINT ( 'NONE',  ( -18.77943311167226170, -42.09531891448015983, -2.334247309999485154 ) ) ;
#7349 = CARTESIAN_POINT ( 'NONE',  ( -7.367025624959012011E-14, 21.10000000000000142, 13.60000000000000142 ) ) ;
#7350 = CARTESIAN_POINT ( 'NONE',  ( -19.34565532567318513, 43.00359737108859548, -2.047862617730973778 ) ) ;
#7351 = CARTESIAN_POINT ( 'NONE',  ( 42.00638251792796751, 19.88977016816834720, 9.599999999999740297 ) ) ;
#7352 = CARTESIAN_POINT ( 'NONE',  ( 21.10819241021605208, 41.52398588804520330, -0.4239866012102451176 ) ) ;
#7353 = EDGE_CURVE ( 'NONE', #9144, #4982, #8537, .T. ) ;
#7354 = CIRCLE ( 'NONE', #3420, 4.000000000000000000 ) ;
#7355 = CARTESIAN_POINT ( 'NONE',  ( -40.34585462765362962, 20.09372723667875960, 7.599999999999999645 ) ) ;
#7356 = CARTESIAN_POINT ( 'NONE',  ( 42.09672409429047946, -17.04630792284427088, 7.599999999999998757 ) ) ;
#7357 = CARTESIAN_POINT ( 'NONE',  ( 39.36892443157331911, 20.09568880629875309, 7.569999999999995843 ) ) ;
#7358 = CARTESIAN_POINT ( 'NONE',  ( -42.88915931806212001, 19.88842729702187029, 7.569999999999995843 ) ) ;
#7359 = CARTESIAN_POINT ( 'NONE',  ( -42.88824641057711062, -20.00726332102349403, 9.599999999999964118 ) ) ;
#7360 = ORIENTED_EDGE ( 'NONE', *, *, #4426, .F. ) ;
#7361 = CARTESIAN_POINT ( 'NONE',  ( -42.95143768548544472, -19.68693878881670756, 7.600000000000000533 ) ) ;
#7362 = DIRECTION ( 'NONE',  ( 0.000000000000000000, 0.000000000000000000, 1.000000000000000000 ) ) ;
#7363 = CARTESIAN_POINT ( 'NONE',  ( -40.79999999999996163, -11.69689577749904430, 7.600000000000000533 ) ) ;
#7364 = CARTESIAN_POINT ( 'NONE',  ( 43.10000000000006537, -7.543874995231838021, 13.89129364011185608 ) ) ;
#7365 = DIRECTION ( 'NONE',  ( -0.000000000000000000, -0.000000000000000000, -1.000000000000000000 ) ) ;
#7366 = CARTESIAN_POINT ( 'NONE',  ( -14.01389994814488027, 19.35206067631322568, 18.60000000000000853 ) ) ;
#7367 = CARTESIAN_POINT ( 'NONE',  ( 19.60982067037852516, -41.70386467095358540, -2.101201844132619456 ) ) ;
#7368 = AXIS2_PLACEMENT_3D ( 'NONE', #6166, #886, #3899 ) ;
#7369 = CARTESIAN_POINT ( 'NONE',  ( -13.87811096940445665, -6.396644123913402424, 28.60000000000000853 ) ) ;
#7370 = CARTESIAN_POINT ( 'NONE',  ( 40.39402075846344076, -7.370392118181074537, 28.60000000000000497 ) ) ;
#7371 = CARTESIAN_POINT ( 'NONE',  ( -20.60000000000000853, 39.09999999999919140, -2.499999999999998668 ) ) ;
#7372 = ORIENTED_EDGE ( 'NONE', *, *, #4224, .F. ) ;
#7373 = CARTESIAN_POINT ( 'NONE',  ( -21.09802463877586121, -39.63116748626571706, 2.000000000000001332 ) ) ;
#7374 = CARTESIAN_POINT ( 'NONE',  ( -17.23397459621556393, 40.60000000000000142, 6.000000000000000000 ) ) ;
#7375 = CARTESIAN_POINT ( 'NONE',  ( 15.50000000000000000, 37.50000000000000000, 0.000000000000000000 ) ) ;
#7376 = AXIS2_PLACEMENT_3D ( 'NONE', #330, #4219, #4865 ) ;
#7377 = CIRCLE ( 'NONE', #3129, 0.5000000000000004441 ) ;
#7378 = CARTESIAN_POINT ( 'NONE',  ( -19.68537544719434251, -42.36974103931862601, -1.303430746699238529 ) ) ;
#7379 = EDGE_CURVE ( 'NONE', #208, #5215, #4912, .T. ) ;
#7380 = CARTESIAN_POINT ( 'NONE',  ( 40.10000000000006537, -5.149999999999875122, 10.59999999999999787 ) ) ;
#7381 = CONTEXT_DEPENDENT_SHAPE_REPRESENTATION ( #8190, #2118 ) ;
#7382 = CARTESIAN_POINT ( 'NONE',  ( 38.10000000000007958, -7.399999999999876010, 13.60000000000000142 ) ) ;
#7383 = CARTESIAN_POINT ( 'NONE',  ( 42.22735090553088355, 16.73474969525158329, 10.03000000000000469 ) ) ;
#7384 = CIRCLE ( 'NONE', #4066, 2.000000000000001776 ) ;
#7385 = CARTESIAN_POINT ( 'NONE',  ( -20.15917927406445287, 42.68284921705308221, -1.582849216760402467 ) ) ;
#7386 = ORIENTED_EDGE ( 'NONE', *, *, #1100, .F. ) ;
#7387 = EDGE_LOOP ( 'NONE', ( #5204, #6982 ) ) ;
#7388 = CARTESIAN_POINT ( 'NONE',  ( 38.10000000000005116, 21.10000000000013287, 28.59999999999999432 ) ) ;
#7389 = DIRECTION ( 'NONE',  ( 1.000000000000000000, 0.000000000000000000, 0.000000000000000000 ) ) ;
#7390 = CARTESIAN_POINT ( 'NONE',  ( -21.10000000000000853, -38.86546493962998738, 2.000000000000002220 ) ) ;
#7391 = CARTESIAN_POINT ( 'NONE',  ( -15.12940872705880047, -11.75824812802616215, 13.60000000000000320 ) ) ;
#7392 = EDGE_CURVE ( 'NONE', #6339, #6008, #7480, .T. ) ;
#7393 = CARTESIAN_POINT ( 'NONE',  ( -16.10000000000000142, 44.10000000000000853, 9.600000000000001421 ) ) ;
#7394 = AXIS2_PLACEMENT_3D ( 'NONE', #2517, #6307, #936 ) ;
#7395 = CARTESIAN_POINT ( 'NONE',  ( 48.09709413163929526, -3.413978920356819824, 13.59999999999999787 ) ) ;
#7396 = CARTESIAN_POINT ( 'NONE',  ( 16.85321927254858565, -43.04464114138465192, -0.9653641759491539132 ) ) ;
#7397 = FACE_OUTER_BOUND ( 'NONE', #2470, .T. ) ;
#7398 = ORIENTED_EDGE ( 'NONE', *, *, #3584, .F. ) ;
#7399 = VERTEX_POINT ( 'NONE', #7044 ) ;
#7400 = CARTESIAN_POINT ( 'NONE',  ( 18.69057942228825198, 44.06069827924465443, 1.245125173468889512 ) ) ;
#7401 = CARTESIAN_POINT ( 'NONE',  ( -19.62905584715717922, -41.62905563817770371, -2.145612799311852559 ) ) ;
#7402 = CARTESIAN_POINT ( 'NONE',  ( 20.66766467421545528, -42.53233532578452269, 1.999999999999999112 ) ) ;
#7403 = VECTOR ( 'NONE', #2528, 1000.000000000000114 ) ;
#7404 = CARTESIAN_POINT ( 'NONE',  ( -7.367025624959012011E-14, 21.10000000000000142, 28.59999999999999432 ) ) ;
#7405 = CARTESIAN_POINT ( 'NONE',  ( -20.88525032197376774, -42.07265072837586928, 9.600000000000001421 ) ) ;
#7406 = CARTESIAN_POINT ( 'NONE',  ( 20.27005965603006032, 42.96949863560197969, -1.117229227130107638 ) ) ;
#7407 = CARTESIAN_POINT ( 'NONE',  ( -41.04353198704105665, 20.08065053179276305, 7.600000000000001421 ) ) ;
#7408 = B_SPLINE_CURVE_WITH_KNOTS ( 'NONE', 3,
 ( #6998, #6159, #7790, #4625, #9171, #1020, #7835, #5468, #878, #4030, #7045, #284, #1071, #5416, #6953, #6904, #7094, #3299, #8433, #1670, #4080, #332, #7653, #4673, #1721, #2556, #9267, #139, #7700, #6345, #9314, #2463, #8570, #3345, #6304, #9358, #6205, #3206, #4727, #2600, #932, #3943, #237, #7191, #7979, #8075, #6394, #4866, #1115, #6493, #2063, #2647, #4220, #1311, #7886, #4124, #7290, #5800, #1210, #9507, #7240, #6593 ),
 .UNSPECIFIED., .F., .F.,
 ( 4, 1, 1, 1, 1, 1, 1, 1, 2, 2, 1, 1, 1, 1, 1, 1, 2, 2, 1, 1, 1, 1, 2, 2, 2, 1, 1, 1, 1, 2, 2, 1, 1, 1, 1, 1, 2, 2, 1, 1, 1, 1, 1, 1, 2, 2, 4 ),
 ( 0.000000000000000000, 0.1249999999996320721, 0.1874999999994492461, 0.2187499999993578470, 0.2343749999993121336, 0.2421874999992892630, 0.2460937499992777999, 0.2480468749992720823, 0.2490234374992707778, 0.2499999999992694732, 0.3124999999991776578, 0.3437499999991306954, 0.3593749999991083799, 0.3671874999990972777, 0.3710937499990917265, 0.3730468749990904498, 0.3740234374990911714, 0.3749999999990918931, 0.4062499999990795696, 0.4218749999990721311, 0.4296874999990685784, 0.4335937499990680788, 0.4355468749990689670, 0.4374999999990697996, 0.4999999999991309174, 0.5312499999991614485, 0.5468749999991777688, 0.5546874999991850963, 0.5585937499991887600, 0.5605468749991904254, 0.5624999999991920907, 0.5937499999992273958, 0.6093749999992456035, 0.6171874999992550404, 0.6210937499992593702, 0.6230468749992613686, 0.6240234374992629229, 0.6249999999992644772, 0.6874999999993589572, 0.7187499999994065858, 0.7343749999994305666, 0.7421874999994430011, 0.7460937499994497735, 0.7480468749994531041, 0.7490234374994552136, 0.7499999999994573230, 1.000000000000000000 ),
 .UNSPECIFIED. ) ;
#7409 = CARTESIAN_POINT ( 'NONE',  ( -12.25038463814561318, -35.70000000000000284, 76.38141135119198566 ) ) ;
#7410 = PLANE ( 'NONE',  #7562 ) ;
#7411 = DIRECTION ( 'NONE',  ( 0.000000000000000000, 0.000000000000000000, 1.000000000000000000 ) ) ;
#7412 = VECTOR ( 'NONE', #5634, 1000.000000000000000 ) ;
#7413 = CARTESIAN_POINT ( 'NONE',  ( -9.099999999999951683, 21.09999999999996945, 25.26666666666706718 ) ) ;
#7414 = ORIENTED_EDGE ( 'NONE', *, *, #7803, .F. ) ;
#7415 = CARTESIAN_POINT ( 'NONE',  ( 43.10000000000006537, 16.10000000000013287, 29.64999999999999503 ) ) ;
#7416 = CARTESIAN_POINT ( 'NONE',  ( 20.73941876031656761, -42.43244147772436747, 9.600000000000003197 ) ) ;
#7417 = CARTESIAN_POINT ( 'NONE',  ( 43.10000000000006537, -7.185715919333870438, 14.03942474793966255 ) ) ;
#7418 = CIRCLE ( 'NONE', #7254, 4.000000000000000000 ) ;
#7419 = CARTESIAN_POINT ( 'NONE',  ( 39.35000000000001563, -4.399999999999876010, 26.85000000000003340 ) ) ;
#7420 = CARTESIAN_POINT ( 'NONE',  ( -8.619032709453019692, 21.09999999999997300, 18.60000000000517417 ) ) ;
#7421 = CARTESIAN_POINT ( 'NONE',  ( 19.57047616857085970, -41.85240843124399390, -2.005461310365509675 ) ) ;
#7422 = CARTESIAN_POINT ( 'NONE',  ( -44.10000000000007248, -21.10000000000013642, 9.500000000000015987 ) ) ;
#7423 = CARTESIAN_POINT ( 'NONE',  ( 41.52861721390119953, -7.290460560943682111, 28.59999999999999787 ) ) ;
#7424 = EDGE_LOOP ( 'NONE', ( #8809, #6657, #6791, #26, #6237, #776, #5647, #7577, #6588, #58, #2785, #9428, #9331, #5719, #1421, #523, #4225, #2924, #7579, #3339 ) ) ;
#7425 = CARTESIAN_POINT ( 'NONE',  ( -15.50000000000000000, 37.50000000000000000, 6.000000000000000000 ) ) ;
#7426 = EDGE_CURVE ( 'NONE', #2841, #5833, #9583, .T. ) ;
#7427 = VERTEX_POINT ( 'NONE', #1412 ) ;
#7428 = CARTESIAN_POINT ( 'NONE',  ( 5.366666666657357254, -38.10000000000000853, -3.000000000000000000 ) ) ;
#7429 = CARTESIAN_POINT ( 'NONE',  ( 16.10000000000000142, 44.10000000000001563, 0.1233333333333331561 ) ) ;
#7430 = DIRECTION ( 'NONE',  ( -1.000000000000000000, 0.000000000000000000, 0.000000000000000000 ) ) ;
#7431 = EDGE_CURVE ( 'NONE', #3075, #1805, #2891, .T. ) ;
#7432 = CARTESIAN_POINT ( 'NONE',  ( -19.59521940940771145, -41.97040907923914688, -1.870409079240949790 ) ) ;
#7433 = AXIS2_PLACEMENT_3D ( 'NONE', #8414, #4602, #8312 ) ;
#7434 = PLANE ( 'NONE',  #4574 ) ;
#7435 = CARTESIAN_POINT ( 'NONE',  ( 20.59999999999999432, 43.60000000000002274, 2.000000000000001332 ) ) ;
#7436 = FACE_OUTER_BOUND ( 'NONE', #3656, .T. ) ;
#7437 = LINE ( 'NONE', #1556, #5654 ) ;
#7438 = EDGE_LOOP ( 'NONE', ( #4835, #814, #6319, #8515 ) ) ;
#7439 = ORIENTED_EDGE ( 'NONE', *, *, #4426, .T. ) ;
#7440 = CARTESIAN_POINT ( 'NONE',  ( 19.89950662132329029, -41.61774815859767784, -1.921437596426779804 ) ) ;
#7441 = CARTESIAN_POINT ( 'NONE',  ( -42.58280725470984152, -19.97118357197422256, 7.569999999999929230 ) ) ;
#7442 = CARTESIAN_POINT ( 'NONE',  ( 20.35072599843330110, -42.35072599843496732, -0.3758702989091720625 ) ) ;
#7443 = EDGE_CURVE ( 'NONE', #7650, #1917, #5574, .T. ) ;
#7444 = CARTESIAN_POINT ( 'NONE',  ( 38.10000000000007958, -21.10000000000013642, 13.60000000000000142 ) ) ;
#7445 =( BOUNDED_SURFACE ( )  B_SPLINE_SURFACE ( 2, 3, ( 
 ( #6421, #4105, #8643, #7910, #4938, #7027, #6978, #9434, #1097, #1938, #7957, #216, #7816, #1048, #3232, #6232, #9242, #1745, #5493, #4794, #263, #2489, #1004, #3278, #6280, #9294, #2536, #7071 ),
 ( #5539, #7117, #354, #311, #3326, #6327, #9338, #3367, #2873, #6472, #3661, #2823, #3513, #599, #8791, #7313, #8205, #6518, #3561, #6674, #8055, #2719, #2767, #6570, #8889, #5875, #1386, #7218 ),
 ( #2920, #3612, #2184, #5828, #4396, #7366, #4292, #6624, #4194, #9581, #8738, #9631, #5775, #8841, #9680, #4987, #3469, #9484, #5085, #649, #1237, #2088, #5924, #5724, #1987, #2136, #7420, #8100 ) ),
 .UNSPECIFIED., .F., .F., .T. ) 
 B_SPLINE_SURFACE_WITH_KNOTS ( ( 3, 3 ),
 ( 4, 2, 2, 2, 2, 2, 2, 2, 2, 2, 2, 2, 2, 4 ),
 ( 0.000000000000000000, 1.000000000000000000 ),
 ( 0.000000000000000000, 0.002243032412800341491, 0.003364548619200512236, 0.004486064825600682981, 0.006729097238401024472, 0.007850613444801195218, 0.008972129651201365963, 0.01009364585760153671, 0.01121516206400170745, 0.01233667827040187820, 0.01345819447680204894, 0.01570122688960239044, 0.01682274309600256118, 0.01794425930240273193 ),
 .UNSPECIFIED. ) 
 GEOMETRIC_REPRESENTATION_ITEM ( )  RATIONAL_B_SPLINE_SURFACE ( (
 ( 1.000000000000000000, 1.000000000000000000, 1.000000000000000000, 1.000000000000000000, 1.000000000000000000, 1.000000000000000000, 1.000000000000000000, 1.000000000000000000, 1.000000000000000000, 1.000000000000000000, 1.000000000000000000, 1.000000000000000000, 1.000000000000000000, 1.000000000000000000, 1.000000000000000000, 1.000000000000000000, 1.000000000000000000, 1.000000000000000000, 1.000000000000000000, 1.000000000000000000, 1.000000000000000000, 1.000000000000000000, 1.000000000000000000, 1.000000000000000000, 1.000000000000000000, 1.000000000000000000, 1.000000000000000000, 1.000000000000000000),
 ( 4.000000000000000888, 4.000000000000000888, 4.000000000000000888, 4.000000000000000888, 4.000000000000000888, 4.000000000000000888, 4.000000000000000888, 4.000000000000000888, 4.000000000000000888, 4.000000000000000888, 4.000000000000000888, 4.000000000000000888, 4.000000000000000888, 4.000000000000000888, 4.000000000000000888, 4.000000000000000888, 3.999999999999998224, 3.999999999999998224, 4.000000000000000888, 4.000000000000000888, 4.000000000000000888, 4.000000000000000888, 4.000000000000000888, 4.000000000000000888, 4.000000000000000888, 4.000000000000000888, 4.000000000000000888, 4.000000000000000888),
 ( 1.000000000000000000, 1.000000000000000000, 1.000000000000000000, 1.000000000000000000, 1.000000000000000000, 1.000000000000000000, 1.000000000000000000, 1.000000000000000000, 1.000000000000000000, 1.000000000000000000, 1.000000000000000000, 1.000000000000000000, 1.000000000000000000, 1.000000000000000000, 1.000000000000000000, 1.000000000000000000, 1.000000000000000000, 1.000000000000000000, 1.000000000000000000, 1.000000000000000000, 1.000000000000000000, 1.000000000000000000, 1.000000000000000000, 1.000000000000000000, 1.000000000000000000, 1.000000000000000000, 1.000000000000000000, 1.000000000000000000) ) ) 
 REPRESENTATION_ITEM ( '' )  SURFACE ( )  );
#7446 = CARTESIAN_POINT ( 'NONE',  ( -42.88977016816421894, 20.00638251792859990, 9.599999999999994316 ) ) ;
#7447 = CARTESIAN_POINT ( 'NONE',  ( 16.85487482652994018, -43.06069827924668658, -0.5905794222937100768 ) ) ;
#7448 = CARTESIAN_POINT ( 'NONE',  ( 16.84999999999946141, 43.60000000000116671, -2.500000000001667555 ) ) ;
#7449 = VERTEX_POINT ( 'NONE', #8226 ) ;
#7450 = EDGE_LOOP ( 'NONE', ( #7732, #2531, #1792, #3213 ) ) ;
#7451 = ORIENTED_EDGE ( 'NONE', *, *, #2230, .F. ) ;
#7452 = DIRECTION ( 'NONE',  ( -0.000000000000000000, -0.000000000000000000, -1.000000000000000000 ) ) ;
#7453 = CARTESIAN_POINT ( 'NONE',  ( -19.82769126126618531, -41.63979095401604269, -1.969314528371781892 ) ) ;
#7454 = CARTESIAN_POINT ( 'NONE',  ( 20.60000000000000142, -42.59999999999999432, 1.999999999999999556 ) ) ;
#7455 = CARTESIAN_POINT ( 'NONE',  ( -20.10733879021292125, -42.87483915154486169, 9.599999999999999645 ) ) ;
#7456 = DIRECTION ( 'NONE',  ( -1.000000000000000000, -1.387778780781444413E-14, 0.000000000000000000 ) ) ;
#7457 = LINE ( 'NONE', #685, #711 ) ;
#7458 = CARTESIAN_POINT ( 'NONE',  ( -43.00726332102007632, 19.88824641058208442, 9.600000000000099121 ) ) ;
#7459 = CARTESIAN_POINT ( 'NONE',  ( 41.74637280587474208, -19.93797192884753855, 7.599999999999999645 ) ) ;
#7460 = ADVANCED_FACE ( 'NONE', ( #8123 ), #8913, .T. ) ;
#7461 = B_SPLINE_CURVE_WITH_KNOTS ( 'NONE', 3,
 ( #382, #1920, #4827, #1123 ),
 .UNSPECIFIED., .F., .F.,
 ( 4, 4 ),
 ( 0.000000000000000000, 1.000000000000000000 ),
 .UNSPECIFIED. ) ;
#7462 = CARTESIAN_POINT ( 'NONE',  ( -42.84437849793751241, -20.01986127612388700, 9.599999999999964118 ) ) ;
#7463 = ORIENTED_EDGE ( 'NONE', *, *, #8449, .F. ) ;
#7464 = CARTESIAN_POINT ( 'NONE',  ( -21.10000000000000142, 13.36666666666554448, 2.000000000000000000 ) ) ;
#7465 = CARTESIAN_POINT ( 'NONE',  ( -42.99017548658704868, -19.46436809830887427, 7.599999999999999645 ) ) ;
#7466 = PRODUCT_DEFINITION_CONTEXT ( 'detailed design', #7691, 'design' ) ;
#7467 = CARTESIAN_POINT ( 'NONE',  ( -20.20120184412782649, -41.70386467095092797, -1.509820670380960239 ) ) ;
#7468 = FACE_OUTER_BOUND ( 'NONE', #6415, .T. ) ;
#7469 = CARTESIAN_POINT ( 'NONE',  ( 41.90289828683363282, -19.90292537900969805, 7.933333334038066731 ) ) ;
#7470 = CARTESIAN_POINT ( 'NONE',  ( 37.50000000000005684, -15.49999999999987033, 13.60000000000000142 ) ) ;
#7471 = CARTESIAN_POINT ( 'NONE',  ( 20.19473485721422179, -38.10000000000000853, -2.748027949107471724 ) ) ;
#7472 = CARTESIAN_POINT ( 'NONE',  ( -43.14287602988447645, -19.28255110315474141, 10.03000000000027647 ) ) ;
#7473 = CARTESIAN_POINT ( 'NONE',  ( -14.07444201803183503, -4.575665235795653984, 28.59999999999999432 ) ) ;
#7474 = PLANE ( 'NONE',  #8979 ) ;
#7475 = ORIENTED_EDGE ( 'NONE', *, *, #3398, .T. ) ;
#7476 = CARTESIAN_POINT ( 'NONE',  ( -16.10000000000000142, 44.10000000000000853, 9.600000000000001421 ) ) ;
#7477 = ORIENTED_EDGE ( 'NONE', *, *, #7431, .F. ) ;
#7478 = CARTESIAN_POINT ( 'NONE',  ( -42.36814086330063134, -20.00274248370658015, 7.599999999999996980 ) ) ;
#7479 = CARTESIAN_POINT ( 'NONE',  ( -20.19473485721422534, -42.84802794910748247, 2.000000000000001776 ) ) ;
#7480 = B_SPLINE_CURVE_WITH_KNOTS ( 'NONE', 3,
 ( #3344, #5605, #1159, #8613, #2014, #3386, #9405, #421, #1959, #8026, #3441, #6444 ),
 .UNSPECIFIED., .F., .F.,
 ( 4, 2, 2, 2, 2, 4 ),
 ( 0.000000000000000000, 0.5000000000000000000, 0.7500000000000000000, 0.8750000000000000000, 0.9375000000000000000, 1.000000000000000000 ),
 .UNSPECIFIED. ) ;
#7481 = SURFACE_STYLE_FILL_AREA ( #5096 ) ;
#7482 = CARTESIAN_POINT ( 'NONE',  ( 12.50000000000000000, 35.89999999999999147, 0.000000000000000000 ) ) ;
#7483 = PLANE ( 'NONE',  #6921 ) ;
#7484 = EDGE_CURVE ( 'NONE', #148, #9167, #287, .T. ) ;
#7485 = CARTESIAN_POINT ( 'NONE',  ( -19.95340664962831667, 42.84466002191966538, -1.650791238050095755 ) ) ;
#7486 = ORIENTED_EDGE ( 'NONE', *, *, #1921, .T. ) ;
#7487 = ORIENTED_EDGE ( 'NONE', *, *, #6594, .F. ) ;
#7488 = CARTESIAN_POINT ( 'NONE',  ( 19.96949865478687158, -41.21722931859422800, -2.170059632254738968 ) ) ;
#7489 = CARTESIAN_POINT ( 'NONE',  ( 20.60000000000000142, -42.59999999999998721, 1.999999999999999112 ) ) ;
#7490 = CARTESIAN_POINT ( 'NONE',  ( -10.12932317770877333, -12.39722309373218678, 13.60000000000000497 ) ) ;
#7491 = CIRCLE ( 'NONE', #77, 0.7500000000000006661 ) ;
#7492 = CARTESIAN_POINT ( 'NONE',  ( 37.50000000000000000, 15.50000000000000000, 34.62551937541124403 ) ) ;
#7493 = CARTESIAN_POINT ( 'NONE',  ( 20.52044598952246091, -42.67955401047424147, 1.250000079123804175 ) ) ;
#7494 = CARTESIAN_POINT ( 'NONE',  ( 40.60000000000006537, 9.925000000000066436, 20.52500000000017266 ) ) ;
#7495 = VERTEX_POINT ( 'NONE', #5307 ) ;
#7496 = EDGE_LOOP ( 'NONE', ( #7065, #6211, #1155, #3134 ) ) ;
#7497 = CIRCLE ( 'NONE', #3871, 4.000000000000000000 ) ;
#7498 = ORIENTED_EDGE ( 'NONE', *, *, #5448, .T. ) ;
#7499 = CARTESIAN_POINT ( 'NONE',  ( 16.10000000000002274, 44.05646374350413197, -0.6785472796132926421 ) ) ;
#7500 = CARTESIAN_POINT ( 'NONE',  ( -19.36030968756870507, -41.92439473638211922, -2.108520911778867912 ) ) ;
#7501 = CARTESIAN_POINT ( 'NONE',  ( 40.10000000000001563, -4.399999999999876010, 7.599999999999999645 ) ) ;
#7502 = CARTESIAN_POINT ( 'NONE',  ( -21.04485155125894380, -40.95942014070286774, 9.600000000000003197 ) ) ;
#7503 = CARTESIAN_POINT ( 'NONE',  ( -42.66583689297038262, 19.95587090975555000, 7.600000000000001421 ) ) ;
#7504 = CARTESIAN_POINT ( 'NONE',  ( 21.10000000000000142, 48.46000000000000796, 2.000000000000000000 ) ) ;
#7505 = CARTESIAN_POINT ( 'NONE',  ( -42.96816119399441902, 19.96834341765943677, 9.600000000000001421 ) ) ;
#7506 = CARTESIAN_POINT ( 'NONE',  ( 40.97631169180207422, -20.03901575552430714, 7.600000000000000533 ) ) ;
#7507 = ADVANCED_FACE ( 'NONE', ( #8423 ), #3878, .T. ) ;
#7508 = CIRCLE ( 'NONE', #1818, 3.191002977041931921 ) ;
#7509 = DIRECTION ( 'NONE',  ( -0.000000000000000000, -1.000000000000000000, -0.000000000000000000 ) ) ;
#7510 = ORIENTED_EDGE ( 'NONE', *, *, #5272, .F. ) ;
#7511 = DIRECTION ( 'NONE',  ( -1.000000000000000000, 0.000000000000000000, 0.000000000000000000 ) ) ;
#7512 = CARTESIAN_POINT ( 'NONE',  ( 43.10000000000006537, 21.10000000000015419, 21.94999999999998863 ) ) ;
#7513 = DIRECTION ( 'NONE',  ( 0.000000000000000000, 1.000000000000000000, 0.000000000000000000 ) ) ;
#7514 = DIRECTION ( 'NONE',  ( 0.000000000000000000, 0.000000000000000000, 1.000000000000000000 ) ) ;
#7515 = VECTOR ( 'NONE', #390, 1000.000000000000000 ) ;
#7516 = EDGE_CURVE ( 'NONE', #7892, #3201, #1539, .T. ) ;
#7517 = FACE_OUTER_BOUND ( 'NONE', #9023, .T. ) ;
#7518 = CARTESIAN_POINT ( 'NONE',  ( 17.53539661981564990, -41.72831701804611981, -2.861976285371920170 ) ) ;
#7519 = CARTESIAN_POINT ( 'NONE',  ( -11.41047241443262017, -7.369792186428549385, 28.59999999999999787 ) ) ;
#7520 = DIRECTION ( 'NONE',  ( -0.000000000000000000, 0.000000000000000000, -1.000000000000000000 ) ) ;
#7521 = CIRCLE ( 'NONE', #1049, 4.000000000000000000 ) ;
#7522 = ORIENTED_EDGE ( 'NONE', *, *, #413, .T. ) ;
#7523 = CARTESIAN_POINT ( 'NONE',  ( -20.72365630556133453, 39.09999999999929088, -2.353450214291536113 ) ) ;
#7524 = ORIENTED_EDGE ( 'NONE', *, *, #8043, .F. ) ;
#7525 = CARTESIAN_POINT ( 'NONE',  ( 5.366666666657357254, -43.09999999996276188, -2.999999999986036059 ) ) ;
#7526 = DIRECTION ( 'NONE',  ( 1.000000000000000000, 3.491481338843133750E-15, 0.000000000000000000 ) ) ;
#7527 = ADVANCED_FACE ( 'NONE', ( #819 ), #7685, .F. ) ;
#7528 = CARTESIAN_POINT ( 'NONE',  ( 15.50000000000000000, 37.50000000000000000, 0.000000000000000000 ) ) ;
#7529 = CARTESIAN_POINT ( 'NONE',  ( -16.84999992087525555, -42.67955401047537833, -2.420445989524660391 ) ) ;
#7530 = CIRCLE ( 'NONE', #7368, 0.5000000000000004441 ) ;
#7531 = B_SPLINE_CURVE_WITH_KNOTS ( 'NONE', 3,
 ( #2399, #5396, #8415, #171, #3189, #1648, #3870, #4653, #6186, #8863, #2290, #1361 ),
 .UNSPECIFIED., .F., .F.,
 ( 4, 2, 2, 2, 2, 4 ),
 ( 0.000000000000000000, 0.06250000000000000000, 0.1250000000000000000, 0.2500000000000000000, 0.5000000000000000000, 1.000000000000000000 ),
 .UNSPECIFIED. ) ;
#7532 = DIRECTION ( 'NONE',  ( -1.916821520416347353E-16, 1.000000000000000000, 0.000000000000000000 ) ) ;
#7533 = DIRECTION ( 'NONE',  ( 1.000000000000000000, 0.000000000000000000, 0.000000000000000000 ) ) ;
#7534 = ORIENTED_EDGE ( 'NONE', *, *, #3823, .F. ) ;
#7535 = ORIENTED_EDGE ( 'NONE', *, *, #7075, .T. ) ;
#7536 = B_SPLINE_SURFACE_WITH_KNOTS ( 'NONE', 1, 3, ( 
 ( #1436, #2182, #3806, #795, #6071, #6356, #7896, #9369, #6216, #9227, #4041, #5479, #4090, #1732, #7712, #4688, #7103 ),
 ( #8495, #4737, #2611, #7760, #6264, #7057, #9278, #294, #3311, #9325, #946, #2565, #340, #4879, #1125, #6917, #991 ) ),
 .UNSPECIFIED., .F., .F., .F.,
 ( 2, 2 ),
 ( 4, 3, 2, 2, 2, 2, 2, 4 ),
 ( 0.000000000000000000, 1.000000000000000000 ),
 ( -0.01316216582396738388, 0.000000000000000000, 0.03125000000000000000, 0.06250000000000000000, 0.1250000000000000000, 0.2500000000000000000, 0.5000000000000000000, 1.000000000000000000 ),
 .UNSPECIFIED. ) ;
#7537 = VECTOR ( 'NONE', #6227, 1000.000000000000000 ) ;
#7538 = CARTESIAN_POINT ( 'NONE',  ( 19.85240843350468509, -41.57047620839595226, -2.005461298678411719 ) ) ;
#7539 = CARTESIAN_POINT ( 'NONE',  ( 16.10000000000002274, -41.73079705169107001, -2.864311890825123275 ) ) ;
#7540 = EDGE_CURVE ( 'NONE', #3361, #1491, #6739, .T. ) ;
#7541 = CARTESIAN_POINT ( 'NONE',  ( 20.38772446907485758, -41.80406941628965711, -1.140035033708243439 ) ) ;
#7542 = CARTESIAN_POINT ( 'NONE',  ( -19.09999999999993747, -2.399999999999876010, 13.60000000000000142 ) ) ;
#7543 = CARTESIAN_POINT ( 'NONE',  ( -16.10000000000009734, 44.10000000000000853, 1.234538920767843884 ) ) ;
#7544 = FACE_BOUND ( 'NONE', #5157, .T. ) ;
#7545 = AXIS2_PLACEMENT_3D ( 'NONE', #7909, #2488, #7861 ) ;
#7546 = CARTESIAN_POINT ( 'NONE',  ( 19.88114788336693906, -42.70120510767260669, -0.3789765561429999652 ) ) ;
#7547 = ORIENTED_EDGE ( 'NONE', *, *, #331, .F. ) ;
#7548 = ORIENTED_EDGE ( 'NONE', *, *, #5571, .T. ) ;
#7549 = ORIENTED_EDGE ( 'NONE', *, *, #4936, .F. ) ;
#7550 = CARTESIAN_POINT ( 'NONE',  ( 15.50000000000000000, 37.50000000000000000, 6.000000000000000000 ) ) ;
#7551 = CARTESIAN_POINT ( 'NONE',  ( -20.03165125944482838, -39.53583960580081680, -2.750004470090700259 ) ) ;
#7552 =( BOUNDED_SURFACE ( )  B_SPLINE_SURFACE ( 2, 3, ( 
 ( #7783, #9207, #8380, #5409, #7690, #4718, #1713, #184, #9115, #3978, #4569, #5363, #6990, #1013, #1662, #6846, #3245, #9258, #2505, #275, #1614, #3155, #3102, #3292, #5506, #4618 ),
 ( #1756, #4022, #7599, #870, #924, #6295, #2455, #9306, #8426, #7646, #2547, #3935, #5550, #8562, #3835, #79, #3199, #6098, #2361, #3884, #6895, #130, #6197, #5460, #509, #8756 ),
 ( #6534, #4116, #3483, #8016, #9397, #4953, #2004, #7282, #4073, #7086, #4905, #2782, #3527, #4159, #6485, #3337, #323, #6383, #6436, #9546, #7181, #3378, #1850, #6337, #8658, #4262 ) ),
 .UNSPECIFIED., .F., .F., .T. ) 
 B_SPLINE_SURFACE_WITH_KNOTS ( ( 3, 3 ),
 ( 4, 2, 2, 2, 2, 2, 2, 2, 2, 2, 2, 2, 4 ),
 ( 0.000000000000000000, 1.000000000000000000 ),
 ( 0.000000000000000000, 0.002136221227213923671, 0.003204331840820885506, 0.004272442454427847341, 0.006408663681641771012, 0.007476774295248732848, 0.008544884908855694683, 0.009612995522462655651, 0.01068110613606961835, 0.01281732736328354202, 0.01388543797689050299, 0.01495354859049746570, 0.01708976981771138937 ),
 .UNSPECIFIED. ) 
 GEOMETRIC_REPRESENTATION_ITEM ( )  RATIONAL_B_SPLINE_SURFACE ( (
 ( 1.000000000000000000, 1.000000000000000000, 1.000000000000000000, 1.000000000000000000, 1.000000000000000000, 1.000000000000000000, 1.000000000000000000, 1.000000000000000000, 1.000000000000000000, 1.000000000000000000, 1.000000000000000000, 1.000000000000000000, 1.000000000000000000, 1.000000000000000000, 1.000000000000000000, 1.000000000000000000, 1.000000000000000000, 1.000000000000000000, 1.000000000000000000, 1.000000000000000000, 1.000000000000000000, 1.000000000000000000, 1.000000000000000000, 1.000000000000000000, 1.000000000000000000, 1.000000000000000000),
 ( 4.000000000000000888, 4.000000000000000888, 4.000000000000000888, 4.000000000000000888, 4.000000000000000888, 4.000000000000000888, 4.000000000000000888, 4.000000000000000888, 4.000000000000000888, 4.000000000000000888, 4.000000000000000888, 4.000000000000000888, 4.000000000000000888, 4.000000000000000888, 4.000000000000000888, 4.000000000000000888, 4.000000000000000888, 4.000000000000000888, 4.000000000000000888, 4.000000000000000888, 4.000000000000000888, 4.000000000000000888, 4.000000000000000888, 4.000000000000000888, 4.000000000000000888, 4.000000000000000888),
 ( 1.000000000000000000, 1.000000000000000000, 1.000000000000000000, 1.000000000000000000, 1.000000000000000000, 1.000000000000000000, 1.000000000000000000, 1.000000000000000000, 1.000000000000000000, 1.000000000000000000, 1.000000000000000000, 1.000000000000000000, 1.000000000000000000, 1.000000000000000000, 1.000000000000000000, 1.000000000000000000, 1.000000000000000000, 1.000000000000000000, 1.000000000000000000, 1.000000000000000000, 1.000000000000000000, 1.000000000000000000, 1.000000000000000000, 1.000000000000000000, 1.000000000000000000, 1.000000000000000000) ) ) 
 REPRESENTATION_ITEM ( '' )  SURFACE ( )  );
#7553 = ADVANCED_FACE ( 'NONE', ( #3097 ), #8321, .T. ) ;
#7554 = CARTESIAN_POINT ( 'NONE',  ( 42.03901575552213643, 18.97631169181533295, 7.599999999999999645 ) ) ;
#7555 = CARTESIAN_POINT ( 'NONE',  ( -18.41047241443292393, -43.06979218642874940, 9.599999999999999645 ) ) ;
#7556 = CARTESIAN_POINT ( 'NONE',  ( -42.36132740147804299, 20.00396021807320679, 7.600000000000000533 ) ) ;
#7557 = CARTESIAN_POINT ( 'NONE',  ( 21.10000000000000142, 42.22000000000001307, 2.000000000000000000 ) ) ;
#7558 = CARTESIAN_POINT ( 'NONE',  ( 40.32435739703675637, 20.20113888443733785, 10.03000000000000647 ) ) ;
#7559 = CARTESIAN_POINT ( 'NONE',  ( 41.66583689296767545, -19.95587090975585909, 7.600000000000001421 ) ) ;
#7560 = ADVANCED_FACE ( 'NONE', ( #7175 ), #8848, .F. ) ;
#7561 = CARTESIAN_POINT ( 'NONE',  ( -43.08466790377823230, 17.87451446694484858, 7.599999999999999645 ) ) ;
#7562 = AXIS2_PLACEMENT_3D ( 'NONE', #3652, #2910, #3210 ) ;
#7563 = VECTOR ( 'NONE', #551, 1000.000000000000000 ) ;
#7564 = ORIENTED_EDGE ( 'NONE', *, *, #7084, .F. ) ;
#7565 = FACE_OUTER_BOUND ( 'NONE', #875, .T. ) ;
#7566 = DIRECTION ( 'NONE',  ( 0.000000000000000000, 0.000000000000000000, 1.000000000000000000 ) ) ;
#7567 = CARTESIAN_POINT ( 'NONE',  ( -20.77173952470159080, -40.80422545706552739, -1.450596040457896363 ) ) ;
#7568 = LINE ( 'NONE', #747, #1183 ) ;
#7569 = FACE_OUTER_BOUND ( 'NONE', #1894, .T. ) ;
#7570 = EDGE_CURVE ( 'NONE', #8973, #8211, #6263, .T. ) ;
#7571 = CARTESIAN_POINT ( 'NONE',  ( -5.366666666666637830, -43.10000000000000853, 2.000000000000000000 ) ) ;
#7572 = LINE ( 'NONE', #5337, #386 ) ;
#7573 = CARTESIAN_POINT ( 'NONE',  ( 18.47897655613964929, -41.88114788337298933, -2.601205107677199369 ) ) ;
#7574 = CARTESIAN_POINT ( 'NONE',  ( -12.54258782409712225, -7.288665203472059595, 28.60000000000000853 ) ) ;
#7575 = CARTESIAN_POINT ( 'NONE',  ( 41.93872658585974023, -19.73751285395954014, 7.569999999999997620 ) ) ;
#7576 = EDGE_CURVE ( 'NONE', #1571, #2852, #4371, .T. ) ;
#7577 = ORIENTED_EDGE ( 'NONE', *, *, #4237, .T. ) ;
#7578 = CARTESIAN_POINT ( 'NONE',  ( -21.03146074138185639, 42.14736041316259474, 9.600000000000001421 ) ) ;
#7579 = ORIENTED_EDGE ( 'NONE', *, *, #1709, .F. ) ;
#7580 = DIRECTION ( 'NONE',  ( 0.000000000000000000, 0.000000000000000000, -1.000000000000000000 ) ) ;
#7581 = CARTESIAN_POINT ( 'NONE',  ( -42.42122724735956041, -19.99602867563683972, 7.600000000000000533 ) ) ;
#7582 = CARTESIAN_POINT ( 'NONE',  ( 20.67955401047386843, 43.52044598952320342, 1.250000079123823271 ) ) ;
#7583 = CARTESIAN_POINT ( 'NONE',  ( -39.10000000000007248, -21.10000000000013642, 12.26666666666666927 ) ) ;
#7584 = CARTESIAN_POINT ( 'NONE',  ( -18.52398660120694629, -43.10819241021664538, -0.4239858880469509761 ) ) ;
#7585 = SURFACE_SIDE_STYLE ('',( #1553 ) ) ;
#7586 = VECTOR ( 'NONE', #8804, 1000.000000000000000 ) ;
#7587 = DIRECTION ( 'NONE',  ( 1.000000000000000000, 0.000000000000000000, 0.000000000000000000 ) ) ;
#7588 = ADVANCED_FACE ( 'NONE', ( #3568 ), #7275, .F. ) ;
#7589 = CARTESIAN_POINT ( 'NONE',  ( -20.35933284379485286, 43.18619108749849289, -0.6759076018949226050 ) ) ;
#7590 = ORIENTED_EDGE ( 'NONE', *, *, #1948, .T. ) ;
#7591 = ORIENTED_EDGE ( 'NONE', *, *, #6047, .F. ) ;
#7592 = FACE_OUTER_BOUND ( 'NONE', #2583, .T. ) ;
#7593 = CARTESIAN_POINT ( 'NONE',  ( 18.10000000000000142, -40.10000000000000142, 7.599999999999999645 ) ) ;
#7594 = CARTESIAN_POINT ( 'NONE',  ( 21.02120089170349360, -40.84582051132418457, -0.7458243651288052334 ) ) ;
#7595 = DIRECTION ( 'NONE',  ( 1.000000000000000000, 1.619075244245018482E-14, 0.000000000000000000 ) ) ;
#7596 = CARTESIAN_POINT ( 'NONE',  ( -17.58228836263845807, 39.86011889369802930, -2.997698853249893602 ) ) ;
#7597 = CARTESIAN_POINT ( 'NONE',  ( -19.97040907923997111, 42.59521940940827989, -1.870409079240805461 ) ) ;
#7598 = CARTESIAN_POINT ( 'NONE',  ( 39.24942143377613490, -21.09627965690848939, 13.59999999999999964 ) ) ;
#7599 = CARTESIAN_POINT ( 'NONE',  ( -14.09641051384354782, -3.775001414523941889, 13.60000000000000497 ) ) ;
#7600 = CARTESIAN_POINT ( 'NONE',  ( 23.21000000000000441, 44.10000000000000853, -3.000000000000000000 ) ) ;
#7601 = ORIENTED_EDGE ( 'NONE', *, *, #1224, .F. ) ;
#7602 = ORIENTED_EDGE ( 'NONE', *, *, #7443, .F. ) ;
#7603 = VERTEX_POINT ( 'NONE', #8011 ) ;
#7604 = CYLINDRICAL_SURFACE ( 'NONE', #5149, 4.000000000000000000 ) ;
#7605 = CARTESIAN_POINT ( 'NONE',  ( -20.13651264737096369, -38.85036882629963628, -2.769259530923314561 ) ) ;
#7606 = CARTESIAN_POINT ( 'NONE',  ( 10.27689577749880101, 38.90000000000000568, -22.10446822030533198 ) ) ;
#7607 = CARTESIAN_POINT ( 'NONE',  ( -21.01881759005658168, -41.27279173390584788, 9.600000000000001421 ) ) ;
#7608 = DIRECTION ( 'NONE',  ( 0.000000000000000000, 0.000000000000000000, 1.000000000000000000 ) ) ;
#7609 = CARTESIAN_POINT ( 'NONE',  ( -43.04198630671770331, 19.76322836282875173, 9.600000000000102673 ) ) ;
#7610 = FACE_OUTER_BOUND ( 'NONE', #7648, .T. ) ;
#7611 = CARTESIAN_POINT ( 'NONE',  ( -43.07704667531506004, 18.19028241224071607, 7.599999999999999645 ) ) ;
#7612 = EDGE_CURVE ( 'NONE', #7293, #1493, #4350, .T. ) ;
#7613 = ORIENTED_EDGE ( 'NONE', *, *, #4347, .F. ) ;
#7614 = CARTESIAN_POINT ( 'NONE',  ( 19.85240843350374718, 43.10546129867527299, -1.470476208398356022 ) ) ;
#7615 = CARTESIAN_POINT ( 'NONE',  ( 41.94645722639947394, -19.97887522778456315, 9.600000000000004974 ) ) ;
#7616 = CARTESIAN_POINT ( 'NONE',  ( -20.86926143331801953, -38.85036955926091196, -2.036506711404237446 ) ) ;
#7617 = FACE_OUTER_BOUND ( 'NONE', #4571, .T. ) ;
#7618 = EDGE_CURVE ( 'NONE', #2759, #9377, #2831, .T. ) ;
#7619 = DIRECTION ( 'NONE',  ( 0.000000000000000000, 0.000000000000000000, -1.000000000000000000 ) ) ;
#7620 = DIRECTION ( 'NONE',  ( 1.000000000000000000, 0.000000000000000000, 0.000000000000000000 ) ) ;
#7621 = CARTESIAN_POINT ( 'NONE',  ( -39.10000000000007248, -21.10000000000013642, 9.600000000000001421 ) ) ;
#7622 = CARTESIAN_POINT ( 'NONE',  ( 16.85321727930317692, -41.06537770899358009, -2.944640149785611172 ) ) ;
#7623 = CARTESIAN_POINT ( 'NONE',  ( -11.44748514795114680, -7.368409929873307895, 28.60000000000000142 ) ) ;
#7624 = CARTESIAN_POINT ( 'NONE',  ( 41.53988389866348285, -7.289014960493312323, 28.59999999999998721 ) ) ;
#7625 = VERTEX_POINT ( 'NONE', #6632 ) ;
#7626 = CARTESIAN_POINT ( 'NONE',  ( -19.96631460140823577, 43.91392182095891172, 9.599999999999999645 ) ) ;
#7627 = ORIENTED_EDGE ( 'NONE', *, *, #3595, .F. ) ;
#7628 = CARTESIAN_POINT ( 'NONE',  ( -14.10000000000000142, 35.89999999999999147, -3.000000000000000000 ) ) ;
#7629 = CARTESIAN_POINT ( 'NONE',  ( 21.10000000000000142, 39.10000000000000853, -3.630000000000000338 ) ) ;
#7630 = DIRECTION ( 'NONE',  ( 0.000000000000000000, -0.000000000000000000, -1.000000000000000000 ) ) ;
#7631 = DIRECTION ( 'NONE',  ( 0.7071067811865507924, -0.000000000000000000, 0.7071067811865441310 ) ) ;
#7632 = CARTESIAN_POINT ( 'NONE',  ( -18.79115110422663903, -42.62161365322543816, -1.722049639534856569 ) ) ;
#7633 = CARTESIAN_POINT ( 'NONE',  ( 16.10000000000000142, 44.09802463877585410, 0.4688325137343559157 ) ) ;
#7634 = DIRECTION ( 'NONE',  ( -0.000000000000000000, -0.000000000000000000, 1.000000000000000000 ) ) ;
#7635 = EDGE_CURVE ( 'NONE', #9045, #6452, #55, .T. ) ;
#7636 = CARTESIAN_POINT ( 'NONE',  ( -20.05407719602559524, 42.55036663456285595, -1.826146001237736849 ) ) ;
#7637 = EDGE_LOOP ( 'NONE', ( #3091, #1443, #9697, #4298 ) ) ;
#7638 = EDGE_LOOP ( 'NONE', ( #3260, #7613, #4788, #7198 ) ) ;
#7639 = DIRECTION ( 'NONE',  ( -0.000000000000000000, -0.000000000000000000, -1.000000000000000000 ) ) ;
#7640 = CARTESIAN_POINT ( 'NONE',  ( 21.10000000000000142, 39.10000000000187725, 2.000000000000000888 ) ) ;
#7641 = CARTESIAN_POINT ( 'NONE',  ( 20.70120510767206667, -40.47897655613978429, -1.781147883372354634 ) ) ;
#7642 = CARTESIAN_POINT ( 'NONE',  ( -18.77590753266077783, 43.18619108746002411, -2.259332843835386129 ) ) ;
#7643 = EDGE_CURVE ( 'NONE', #1493, #5782, #3481, .T. ) ;
#7644 = CARTESIAN_POINT ( 'NONE',  ( -19.84466002192012013, 42.75079123804892589, -1.853406649629264269 ) ) ;
#7645 = CARTESIAN_POINT ( 'NONE',  ( 40.38329560834894494, -21.07077768596513323, 13.60000000000000142 ) ) ;
#7646 = CARTESIAN_POINT ( 'NONE',  ( -13.76936832475590755, -6.672157922708240818, 13.60000000000061249 ) ) ;
#7647 = CARTESIAN_POINT ( 'NONE',  ( 17.53584101845736498, 43.03164678250191599, -2.750005809654074262 ) ) ;
#7648 = EDGE_LOOP ( 'NONE', ( #4931, #2735, #2571, #4452 ) ) ;
#7649 = VERTEX_POINT ( 'NONE', #9492 ) ;
#7650 = VERTEX_POINT ( 'NONE', #8061 ) ;
#7651 = DIRECTION ( 'NONE',  ( 0.000000000000000000, 1.000000000000000000, 0.000000000000000000 ) ) ;
#7652 = LINE ( 'NONE', #3057, #8475 ) ;
#7653 = CARTESIAN_POINT ( 'NONE',  ( 20.97389364416856949, 42.65631831747969471, 9.600000000000004974 ) ) ;
#7654 = CARTESIAN_POINT ( 'NONE',  ( 15.50000000000000000, -37.50000000000000000, 0.000000000000000000 ) ) ;
#7655 = CARTESIAN_POINT ( 'NONE',  ( -20.60000000000000497, 43.60000000000000853, 2.000000000000001332 ) ) ;
#7656 = CARTESIAN_POINT ( 'NONE',  ( -21.10000000000000142, 42.22000000000001307, 2.000000000000000000 ) ) ;
#7657 = AXIS2_PLACEMENT_3D ( 'NONE', #4933, #350, #8049 ) ;
#7658 = CARTESIAN_POINT ( 'NONE',  ( -43.08187568645742260, 17.99411667356023514, 7.600000000000000533 ) ) ;
#7659 = ORIENTED_EDGE ( 'NONE', *, *, #2106, .T. ) ;
#7660 = CARTESIAN_POINT ( 'NONE',  ( 40.60000000000006537, -3.840983005624974300, 27.40901699437492667 ) ) ;
#7661 = CARTESIAN_POINT ( 'NONE',  ( 42.12037981426146160, -19.28047690216958188, 9.599999999999944578 ) ) ;
#7662 = CARTESIAN_POINT ( 'NONE',  ( -20.68917621106692550, -42.33662834523030227, 0.5637608549731343288 ) ) ;
#7663 = CARTESIAN_POINT ( 'NONE',  ( -42.94728329632139463, -19.70005921271568994, 7.569999999999929230 ) ) ;
#7664 = EDGE_CURVE ( 'NONE', #4560, #3689, #1944, .T. ) ;
#7665 = ADVANCED_BREP_SHAPE_REPRESENTATION ( '', ( #6158, #4338 ), #3249 ) ;
#7666 = DIRECTION ( 'NONE',  ( -1.000000000000000000, 0.000000000000000000, 0.000000000000000000 ) ) ;
#7667 = CARTESIAN_POINT ( 'NONE',  ( 19.84999999999704201, 42.85000000000004405, -1.750000000002673639 ) ) ;
#7668 = CARTESIAN_POINT ( 'NONE',  ( 41.98672844033067264, -19.98438209061057336, 10.03000000000000469 ) ) ;
#7669 = DIRECTION ( 'NONE',  ( 0.000000000000000000, -1.000000000000000000, 0.000000000000000000 ) ) ;
#7670 = CARTESIAN_POINT ( 'NONE',  ( 43.10000000000006537, -3.384484829834285335, 28.60000000000000142 ) ) ;
#7671 = ORIENTED_EDGE ( 'NONE', *, *, #9671, .T. ) ;
#7672 = CARTESIAN_POINT ( 'NONE',  ( -18.95942014064772607, 44.04485155126210572, 9.600000000000004974 ) ) ;
#7673 = ORIENTED_EDGE ( 'NONE', *, *, #8821, .F. ) ;
#7674 = VECTOR ( 'NONE', #7587, 1000.000000000000000 ) ;
#7675 = LINE ( 'NONE', #1784, #5786 ) ;
#7676 = CARTESIAN_POINT ( 'NONE',  ( -40.99411667355494870, -20.08187568645551480, 7.600000000000001421 ) ) ;
#7677 = CARTESIAN_POINT ( 'NONE',  ( 21.06069831984530438, 41.69057582616181890, 1.245127502117506113 ) ) ;
#7678 = CARTESIAN_POINT ( 'NONE',  ( -11.69689577749890219, 38.90000000000000568, -22.10446822030533198 ) ) ;
#7679 = CARTESIAN_POINT ( 'NONE',  ( -17.58228836263749173, -43.09769885324931238, 1.239881106301007341 ) ) ;
#7680 = CARTESIAN_POINT ( 'NONE',  ( -16.03342470772260953, 21.09999999999994458, 13.64405461180634305 ) ) ;
#7681 = CARTESIAN_POINT ( 'NONE',  ( 12.16353357722453055, 36.89014451012868534, 6.000000000000000000 ) ) ;
#7682 = CARTESIAN_POINT ( 'NONE',  ( -20.84663627708641442, 42.37216851478233082, -0.7139865189449831062 ) ) ;
#7683 = ORIENTED_EDGE ( 'NONE', *, *, #6779, .T. ) ;
#7684 = CARTESIAN_POINT ( 'NONE',  ( 20.58390522574148562, -41.47253210955381775, -1.185113476105897901 ) ) ;
#7685 = CYLINDRICAL_SURFACE ( 'NONE', #2490, 1.379999999999999227 ) ;
#7686 = CIRCLE ( 'NONE', #5148, 3.149999999999999911 ) ;
#7687 = CARTESIAN_POINT ( 'NONE',  ( -16.86546107923233251, 39.09999999999960352, -3.000000000000000888 ) ) ;
#7688 = EDGE_CURVE ( 'NONE', #6339, #8319, #9014, .T. ) ;
#7689 = CARTESIAN_POINT ( 'NONE',  ( 40.95942014059935588, -21.04485155126631923, 13.60000000000000320 ) ) ;
#7690 = CARTESIAN_POINT ( 'NONE',  ( -14.05903567207700000, -5.011964348908667155, 18.59999999999753229 ) ) ;
#7691 = APPLICATION_CONTEXT ( 'automotive_design' ) ;
#7692 = AXIS2_PLACEMENT_3D ( 'NONE', #374, #7834, #4815 ) ;
#7693 = CARTESIAN_POINT ( 'NONE',  ( 19.80406933661146951, 42.24003477612728830, -2.287724532161939717 ) ) ;
#7694 = ORIENTED_EDGE ( 'NONE', *, *, #1047, .T. ) ;
#7695 = EDGE_LOOP ( 'NONE', ( #8308, #7319, #9104, #5661 ) ) ;
#7696 = ADVANCED_FACE ( 'NONE', ( #608 ), #5686, .T. ) ;
#7697 = EDGE_LOOP ( 'NONE', ( #5755, #6249, #1284, #7549 ) ) ;
#7698 = LINE ( 'NONE', #2367, #1532 ) ;
#7699 = CARTESIAN_POINT ( 'NONE',  ( 11.50304059332376383, 37.34406571453860835, 6.000000000000000000 ) ) ;
#7700 = CARTESIAN_POINT ( 'NONE',  ( 20.87811096940431099, 43.09664412391518340, 9.600000000000004974 ) ) ;
#7701 = VECTOR ( 'NONE', #7932, 1000.000000000000000 ) ;
#7702 = CARTESIAN_POINT ( 'NONE',  ( -17.53539937452469033, 43.96197724029003950, -1.628311328179923301 ) ) ;
#7703 = DIRECTION ( 'NONE',  ( 1.000000000000000000, 0.000000000000000000, 0.000000000000000000 ) ) ;
#7704 = CARTESIAN_POINT ( 'NONE',  ( 19.33080941177669843, -42.08137278453664720, -1.981372784539196186 ) ) ;
#7705 = CARTESIAN_POINT ( 'NONE',  ( 0.000000000000000000, 0.000000000000000000, 2.000000000000000000 ) ) ;
#7706 = CARTESIAN_POINT ( 'NONE',  ( 39.60000000000006537, 14.83538406167147095, 23.89999999999999858 ) ) ;
#7707 = VERTEX_POINT ( 'NONE', #3520 ) ;
#7708 = CARTESIAN_POINT ( 'NONE',  ( 19.88124999999693543, 42.88124999999987352, -1.687500000002617462 ) ) ;
#7709 = LINE ( 'NONE', #7759, #9692 ) ;
#7710 = CARTESIAN_POINT ( 'NONE',  ( -20.97836521770065588, -41.64449941131513810, 1.248610026088341707 ) ) ;
#7711 = CYLINDRICAL_SURFACE ( 'NONE', #9704, 0.5000000000000004441 ) ;
#7712 = CARTESIAN_POINT ( 'NONE',  ( -43.09568880630495613, 17.36892443157525179, 7.569999999999995843 ) ) ;
#7713 = CARTESIAN_POINT ( 'NONE',  ( 37.50000000000000000, 15.50000000000000000, 25.59999999999999787 ) ) ;
#7714 = CARTESIAN_POINT ( 'NONE',  ( 41.28255110314957221, -20.14287602988623505, 10.02999999999986791 ) ) ;
#7715 = AXIS2_PLACEMENT_3D ( 'NONE', #7330, #9747, #9008 ) ;
#7716 = DIRECTION ( 'NONE',  ( 0.000000000000000000, 0.000000000000000000, -1.000000000000000000 ) ) ;
#7717 = CARTESIAN_POINT ( 'NONE',  ( -12.14736041318841409, -7.331460741380598556, 28.59999999999999432 ) ) ;
#7718 = CARTESIAN_POINT ( 'NONE',  ( 42.93063647161690000, -6.201079797767376611, 28.59999999999999787 ) ) ;
#7719 = VERTEX_POINT ( 'NONE', #1997 ) ;
#7720 = CARTESIAN_POINT ( 'NONE',  ( -18.14704002020298645, 44.07837550577984587, 9.600000000000003197 ) ) ;
#7721 = ORIENTED_EDGE ( 'NONE', *, *, #4638, .T. ) ;
#7722 = CARTESIAN_POINT ( 'NONE',  ( -23.20999999999999730, -43.10000000000000853, -3.000000000000000000 ) ) ;
#7723 = DIRECTION ( 'NONE',  ( -0.000000000000000000, -0.000000000000000000, 1.000000000000000000 ) ) ;
#7724 = CARTESIAN_POINT ( 'NONE',  ( 41.96834341765563181, 19.96816119399936795, 9.600000000000001421 ) ) ;
#7725 = CARTESIAN_POINT ( 'NONE',  ( -16.10000000000000142, 39.09999999999836717, -3.000000000000000000 ) ) ;
#7726 = VECTOR ( 'NONE', #7509, 1000.000000000000000 ) ;
#7727 = CARTESIAN_POINT ( 'NONE',  ( -16.85023313853239912, -42.83565336333847284, -2.135507035868525527 ) ) ;
#7728 = CARTESIAN_POINT ( 'NONE',  ( -16.18408920510546878, 21.09999999999994813, 13.63727440998929374 ) ) ;
#7729 = EDGE_CURVE ( 'NONE', #8382, #1515, #1247, .T. ) ;
#7730 = VECTOR ( 'NONE', #8059, 1000.000000000000000 ) ;
#7731 = CARTESIAN_POINT ( 'NONE',  ( -20.84802794910747892, 43.19473485721421468, 1.999999999999999556 ) ) ;
#7732 = ORIENTED_EDGE ( 'NONE', *, *, #9081, .T. ) ;
#7733 = EDGE_CURVE ( 'NONE', #7949, #1571, #4255, .T. ) ;
#7734 = CARTESIAN_POINT ( 'NONE',  ( -43.99643778796652782, -19.48039098668841618, 13.60000000000000142 ) ) ;
#7735 = B_SPLINE_CURVE_WITH_KNOTS ( 'NONE', 3,
 ( #3433, #5693, #8706, #1952, #1201, #1108, #464, #365, #2639, #5642, #4210, #4358 ),
 .UNSPECIFIED., .F., .F.,
 ( 4, 2, 2, 2, 2, 4 ),
 ( 0.000000000000000000, 0.5000000000000000000, 0.7500000000000000000, 0.8750000000000000000, 0.9375000000000000000, 1.000000000000000000 ),
 .UNSPECIFIED. ) ;
#7736 = CARTESIAN_POINT ( 'NONE',  ( 20.84663627708428280, -41.37216851478142843, -0.7139865189460400385 ) ) ;
#7737 = CARTESIAN_POINT ( 'NONE',  ( -19.10000000096297512, -3.272882219652444746, 13.59999999999999964 ) ) ;
#7738 = CARTESIAN_POINT ( 'NONE',  ( -17.53583960580137813, 43.03165125944493496, -2.750004470090583908 ) ) ;
#7739 = CARTESIAN_POINT ( 'NONE',  ( -18.47587029890713239, 43.35072599843645236, -2.250725998437197450 ) ) ;
#7740 = CARTESIAN_POINT ( 'NONE',  ( 21.10000000000000142, 42.22000000000001307, -2.999999999999998668 ) ) ;
#7741 = CARTESIAN_POINT ( 'NONE',  ( 16.10000000000001208, -43.10000000000001563, 2.000000000000001332 ) ) ;
#7742 = CARTESIAN_POINT ( 'NONE',  ( 18.80422545706608872, 42.55059604045999322, -2.671739524705851299 ) ) ;
#7743 = ORIENTED_EDGE ( 'NONE', *, *, #2929, .T. ) ;
#7744 = ORIENTED_EDGE ( 'NONE', *, *, #8768, .T. ) ;
#7745 = ADVANCED_FACE ( 'NONE', ( #9003 ), #1439, .T. ) ;
#7746 = PLANE ( 'NONE',  #4354 ) ;
#7747 = CARTESIAN_POINT ( 'NONE',  ( 18.10000000000000142, -40.10000000000000142, 7.599999999999999645 ) ) ;
#7748 = CARTESIAN_POINT ( 'NONE',  ( -12.46026316928587008, -40.10000000000000142, 6.000000000000000000 ) ) ;
#7749 = CARTESIAN_POINT ( 'NONE',  ( 40.64239511823270590, 20.16744196330898831, 9.600000000000001421 ) ) ;
#7750 = CARTESIAN_POINT ( 'NONE',  ( -16.10000000000023945, 43.93222032930457743, -1.820295056389985566 ) ) ;
#7751 = CARTESIAN_POINT ( 'NONE',  ( -12.17735045483277290, 35.89999999999999147, 0.000000000000000000 ) ) ;
#7752 = CARTESIAN_POINT ( 'NONE',  ( 34.35000000000005116, -15.49999999999987033, 13.60000000000000142 ) ) ;
#7753 = CARTESIAN_POINT ( 'NONE',  ( 39.07292860328761464, -20.09650699025604936, 7.600000000000000533 ) ) ;
#7754 = EDGE_LOOP ( 'NONE', ( #5578, #8924, #7905, #488 ) ) ;
#7755 = ADVANCED_FACE ( 'NONE', ( #6780 ), #9686, .F. ) ;
#7756 = EDGE_LOOP ( 'NONE', ( #927, #6191, #6749, #2887 ) ) ;
#7757 = CARTESIAN_POINT ( 'NONE',  ( 19.78749999999709885, 42.88125000000017906, -1.781250000002772893 ) ) ;
#7758 = EDGE_CURVE ( 'NONE', #8382, #1028, #1380, .T. ) ;
#7759 = CARTESIAN_POINT ( 'NONE',  ( -34.35000000000005116, 15.49999999999987033, 13.60000000000000142 ) ) ;
#7760 = CARTESIAN_POINT ( 'NONE',  ( -43.00428713161377203, 19.94571140254901209, 10.03000000000000469 ) ) ;
#7761 = DIRECTION ( 'NONE',  ( 0.000000000000000000, -0.000000000000000000, -1.000000000000000000 ) ) ;
#7762 = ADVANCED_FACE ( 'NONE', ( #8212 ), #8363, .T. ) ;
#7763 = CARTESIAN_POINT ( 'NONE',  ( -19.73078873175654735, -42.96431329436442326, 1.999999999999994893 ) ) ;
#7764 = CARTESIAN_POINT ( 'NONE',  ( 9.776895777498797457, 41.30000000000000426, 0.000000000000000000 ) ) ;
#7765 = CARTESIAN_POINT ( 'NONE',  ( 41.98379500470358749, -19.98768761388298287, 10.03000000000000647 ) ) ;
#7766 = VERTEX_POINT ( 'NONE', #7628 ) ;
#7767 = VERTEX_POINT ( 'NONE', #2192 ) ;
#7768 = DIRECTION ( 'NONE',  ( -0.000000000000000000, -0.000000000000000000, -1.000000000000000000 ) ) ;
#7769 = CARTESIAN_POINT ( 'NONE',  ( -14.09999999999993747, -2.399999999999876010, 18.60000000000000497 ) ) ;
#7770 = FACE_OUTER_BOUND ( 'NONE', #4595, .T. ) ;
#7771 = CARTESIAN_POINT ( 'NONE',  ( 12.50000000000000000, 35.89999999999999147, 0.000000000000000000 ) ) ;
#7772 = CARTESIAN_POINT ( 'NONE',  ( -16.09999999999999787, -43.10000000000000142, 1.234535060370017368 ) ) ;
#7773 = CARTESIAN_POINT ( 'NONE',  ( -15.89690198319658165, 21.09999999999995168, 13.65103547461466604 ) ) ;
#7774 = CARTESIAN_POINT ( 'NONE',  ( -20.94989146761636789, 42.84072066215238550, 1.249108750849456939 ) ) ;
#7775 = ORIENTED_EDGE ( 'NONE', *, *, #8739, .T. ) ;
#7776 = CARTESIAN_POINT ( 'NONE',  ( -17.58231510585798674, -38.86011572819032978, -2.997698119810880968 ) ) ;
#7777 = PRODUCT_DEFINITION_SHAPE ( 'NONE', 'NONE',  #9518 ) ;
#7778 = CARTESIAN_POINT ( 'NONE',  ( -43.02763088765252775, -20.89929146666727178, 13.59999999999999964 ) ) ;
#7779 = CARTESIAN_POINT ( 'NONE',  ( 20.85000447008937030, -39.53583960580090206, -1.931651259446271807 ) ) ;
#7780 = CARTESIAN_POINT ( 'NONE',  ( 43.10000000000006537, -16.10000000000013642, 9.600000000000001421 ) ) ;
#7781 = LINE ( 'NONE', #1661, #4881 ) ;
#7782 = DIRECTION ( 'NONE',  ( -0.000000000000000000, -0.000000000000000000, 1.000000000000000000 ) ) ;
#7783 = CARTESIAN_POINT ( 'NONE',  ( -14.09999999999993570, -2.399999999999876010, 18.60000000000000142 ) ) ;
#7784 = CARTESIAN_POINT ( 'NONE',  ( 16.10000000000001563, 43.28449770133376262, -2.713554052992250387 ) ) ;
#7785 = ORIENTED_EDGE ( 'NONE', *, *, #9464, .T. ) ;
#7786 = ORIENTED_EDGE ( 'NONE', *, *, #1592, .T. ) ;
#7787 = DIRECTION ( 'NONE',  ( 0.000000000000000000, 0.000000000000000000, 1.000000000000000000 ) ) ;
#7788 = CARTESIAN_POINT ( 'NONE',  ( 16.86546493962997673, 39.10000000000049880, -2.999999999999998668 ) ) ;
#7789 = CARTESIAN_POINT ( 'NONE',  ( 13.40031711825083427, -34.69976218936863432, 6.000000000000000000 ) ) ;
#7790 = CARTESIAN_POINT ( 'NONE',  ( 21.09627965690835794, 40.24942143396770433, 9.599999999999999645 ) ) ;
#7791 = CARTESIAN_POINT ( 'NONE',  ( -20.09531886208649354, 43.43424735887593613, -0.6794329300099445357 ) ) ;
#7792 = CARTESIAN_POINT ( 'NONE',  ( -42.91595086561353156, 19.91600897916261204, 8.266666667631769272 ) ) ;
#7793 = CARTESIAN_POINT ( 'NONE',  ( 20.35072599843330110, -42.35072599843496732, -0.3758702989091721181 ) ) ;
#7794 = DIRECTION ( 'NONE',  ( 0.000000000000000000, 0.000000000000000000, -1.000000000000000000 ) ) ;
#7795 = EDGE_LOOP ( 'NONE', ( #4966, #7659, #5672, #6861 ) ) ;
#7796 = CIRCLE ( 'NONE', #7005, 4.000000000000000000 ) ;
#7797 = ORIENTED_EDGE ( 'NONE', *, *, #3519, .F. ) ;
#7798 = CARTESIAN_POINT ( 'NONE',  ( 19.97645406692379666, 43.64662036395620248, -0.3777666453322608420 ) ) ;
#7799 = CARTESIAN_POINT ( 'NONE',  ( 41.96816119399191791, -19.96834341766045640, 9.600000000000001421 ) ) ;
#7800 = CARTESIAN_POINT ( 'NONE',  ( -42.93845260907309580, -19.73881208845766722, 7.569999999999997620 ) ) ;
#7801 = CARTESIAN_POINT ( 'NONE',  ( 20.06931452656536763, 42.63979096058237417, -1.727691261672776202 ) ) ;
#7802 =( BOUNDED_SURFACE ( )  B_SPLINE_SURFACE ( 2, 3, ( 
 ( #2757, #5764, #5029, #2031, #1281, #4283, #9571, #8833 ),
 ( #2077, #5075, #5326, #6163, #9125, #9080, #3115, #3846 ),
 ( #8391, #8195, #5967, #4628, #740, #7656, #882, #8985 ) ),
 .UNSPECIFIED., .F., .F., .T. ) 
 B_SPLINE_SURFACE_WITH_KNOTS ( ( 3, 3 ),
 ( 4, 2, 2, 4 ),
 ( 0.000000000000000000, 1.000000000000000000 ),
 ( -0.007360000000000003692, 0.001999999999999994837, 0.07920000000000002038, 0.08856000000000001371 ),
 .UNSPECIFIED. ) 
 GEOMETRIC_REPRESENTATION_ITEM ( )  RATIONAL_B_SPLINE_SURFACE ( (
 ( 1.000000000000000000, 1.000000000000000000, 1.000000000000000000, 1.000000000000000000, 1.000000000000000000, 1.000000000000000000, 1.000000000000000000, 1.000000000000000000),
 ( 4.000000000000000888, 4.000000000000000888, 4.000000000000000888, 4.000000000000000888, 4.000000000000000888, 4.000000000000000888, 4.000000000000000888, 4.000000000000000888),
 ( 1.000000000000000000, 1.000000000000000000, 1.000000000000000000, 1.000000000000000000, 1.000000000000000000, 1.000000000000000000, 1.000000000000000000, 1.000000000000000000) ) ) 
 REPRESENTATION_ITEM ( '' )  SURFACE ( )  );
#7803 = EDGE_CURVE ( 'NONE', #2816, #6153, #4878, .T. ) ;
#7804 = CIRCLE ( 'NONE', #9372, 0.5000000000000004441 ) ;
#7805 = CARTESIAN_POINT ( 'NONE',  ( 39.36874638910678925, -20.09570381197882227, 7.569999999999995843 ) ) ;
#7806 = DIRECTION ( 'NONE',  ( 1.000000000000000000, 0.000000000000000000, 0.000000000000000000 ) ) ;
#7807 = DIRECTION ( 'NONE',  ( -0.000000000000000000, -0.000000000000000000, -1.000000000000000000 ) ) ;
#7808 = ORIENTED_EDGE ( 'NONE', *, *, #2268, .F. ) ;
#7809 = ORIENTED_EDGE ( 'NONE', *, *, #8449, .T. ) ;
#7810 = EDGE_LOOP ( 'NONE', ( #5623, #5436, #1203, #315 ) ) ;
#7811 = ADVANCED_FACE ( 'NONE', ( #705 ), #2284, .T. ) ;
#7812 = CARTESIAN_POINT ( 'NONE',  ( -18.47587029890629751, -42.35072599843615393, -2.250725998437342223 ) ) ;
#7813 = FACE_OUTER_BOUND ( 'NONE', #1954, .T. ) ;
#7814 = CARTESIAN_POINT ( 'NONE',  ( -14.09999999999993570, 0.000000000000000000, 25.59999999999999787 ) ) ;
#7815 = DIRECTION ( 'NONE',  ( -1.000000000000000000, 0.000000000000000000, 0.000000000000000000 ) ) ;
#7816 = CARTESIAN_POINT ( 'NONE',  ( -17.10597769982221905, 24.18153062728633174, 13.59999999999999076 ) ) ;
#7817 = CARTESIAN_POINT ( 'NONE',  ( -12.71059134401668800, 21.09999999999996234, 14.99956567794070494 ) ) ;
#7818 = DIRECTION ( 'NONE',  ( 1.000000000000000000, 0.000000000000000000, 0.000000000000000000 ) ) ;
#7819 = CARTESIAN_POINT ( 'NONE',  ( -20.85000447009020519, 40.53583960580035495, -1.931651259445367641 ) ) ;
#7820 = ADVANCED_FACE ( 'NONE', ( #1447 ), #7118, .T. ) ;
#7821 = ORIENTED_EDGE ( 'NONE', *, *, #3058, .F. ) ;
#7822 = CARTESIAN_POINT ( 'NONE',  ( -19.97645370996385239, -40.47776637993725046, -2.546620517726499777 ) ) ;
#7823 = CARTESIAN_POINT ( 'NONE',  ( -43.71654195172294521, -20.48402385467184317, 13.60000000000000142 ) ) ;
#7824 = CARTESIAN_POINT ( 'NONE',  ( 20.96431189082510826, -38.09999999999998010, -1.630797051691069921 ) ) ;
#7825 = DIRECTION ( 'NONE',  ( 0.000000000000000000, 0.000000000000000000, 1.000000000000000000 ) ) ;
#7826 = DIRECTION ( 'NONE',  ( 0.000000000000000000, 0.000000000000000000, 1.000000000000000000 ) ) ;
#7827 = FACE_OUTER_BOUND ( 'NONE', #3591, .T. ) ;
#7828 = CARTESIAN_POINT ( 'NONE',  ( 19.82769126126507331, 42.63979095401803932, -1.969314528374152440 ) ) ;
#7829 = ORIENTED_EDGE ( 'NONE', *, *, #2258, .F. ) ;
#7830 = ORIENTED_EDGE ( 'NONE', *, *, #2940, .F. ) ;
#7831 = EDGE_CURVE ( 'NONE', #815, #4285, #1092, .T. ) ;
#7832 = CARTESIAN_POINT ( 'NONE',  ( 43.07837550577990271, 18.14704002023451679, 28.59999999999999787 ) ) ;
#7833 = CARTESIAN_POINT ( 'NONE',  ( -9.099999999999933920, -7.399999999999876010, 12.84999999999999787 ) ) ;
#7834 = DIRECTION ( 'NONE',  ( 0.000000000000000000, 0.000000000000000000, 1.000000000000000000 ) ) ;
#7835 = CARTESIAN_POINT ( 'NONE',  ( 21.07237354602654378, 41.33773021340606846, 9.600000000000003197 ) ) ;
#7836 = CARTESIAN_POINT ( 'NONE',  ( -16.10000000000021103, 44.03798432061487489, -1.061431337114650653 ) ) ;
#7837 = CARTESIAN_POINT ( 'NONE',  ( 42.99646271450217228, -5.809769239196250545, 18.60000000000065512 ) ) ;
#7838 = VECTOR ( 'NONE', #455, 1000.000000000000000 ) ;
#7839 = DIRECTION ( 'NONE',  ( -0.4173058582581320453, -0.6425946703262690463, 0.6425946703262620519 ) ) ;
#7840 = CARTESIAN_POINT ( 'NONE',  ( -15.50000000000000000, -37.50000000000000000, 6.000000000000000000 ) ) ;
#7841 = VERTEX_POINT ( 'NONE', #259 ) ;
#7842 = ORIENTED_EDGE ( 'NONE', *, *, #6817, .F. ) ;
#7843 = CARTESIAN_POINT ( 'NONE',  ( 20.13650671140141668, 43.86926143331665884, 1.249630440738245696 ) ) ;
#7844 = CARTESIAN_POINT ( 'NONE',  ( -19.78749999999926956, 42.88124999999896403, -1.781250000000163869 ) ) ;
#7845 = AXIS2_PLACEMENT_3D ( 'NONE', #2776, #9539, #4996 ) ;
#7846 = VECTOR ( 'NONE', #9290, 1000.000000000000000 ) ;
#7847 = CARTESIAN_POINT ( 'NONE',  ( -43.22735090365787158, -16.10000000000013998, 10.03000000000000469 ) ) ;
#7848 = CARTESIAN_POINT ( 'NONE',  ( 20.05407719601902983, 42.55036664352714126, -1.826146001244346229 ) ) ;
#7849 = CARTESIAN_POINT ( 'NONE',  ( 38.73474969525202027, -20.22735090553094750, 10.03000000000000469 ) ) ;
#7850 = FACE_OUTER_BOUND ( 'NONE', #256, .T. ) ;
#7851 = AXIS2_PLACEMENT_3D ( 'NONE', #5583, #4840, #3325 ) ;
#7852 = LINE ( 'NONE', #9424, #7515 ) ;
#7853 = CARTESIAN_POINT ( 'NONE',  ( 42.04147107059423405, -19.85079035642367273, 10.03000000000000824 ) ) ;
#7854 = ORIENTED_EDGE ( 'NONE', *, *, #1776, .F. ) ;
#7855 = VERTEX_POINT ( 'NONE', #3274 ) ;
#7856 = EDGE_LOOP ( 'NONE', ( #5635, #9722, #2608, #1040 ) ) ;
#7857 = EDGE_CURVE ( 'NONE', #4734, #6008, #2526, .T. ) ;
#7858 = CARTESIAN_POINT ( 'NONE',  ( -12.17735045483277290, 35.89999999999999147, 6.000000000000000000 ) ) ;
#7859 = DIRECTION ( 'NONE',  ( 1.000000000000000000, 0.000000000000000000, 0.000000000000000000 ) ) ;
#7860 = CARTESIAN_POINT ( 'NONE',  ( 41.65190566092697821, 19.95868652844786695, 7.599999999999998757 ) ) ;
#7861 = DIRECTION ( 'NONE',  ( 1.000000000000000000, 0.000000000000000000, 0.000000000000000000 ) ) ;
#7862 = FACE_OUTER_BOUND ( 'NONE', #8060, .T. ) ;
#7863 = EDGE_CURVE ( 'NONE', #3679, #4861, #2485, .T. ) ;
#7864 = CARTESIAN_POINT ( 'NONE',  ( -12.36582406065457818, 21.09999999999996589, 15.33796802407053406 ) ) ;
#7865 = CARTESIAN_POINT ( 'NONE',  ( -15.50000000000000000, -37.50000000000000000, 6.000000000000000000 ) ) ;
#7866 = CARTESIAN_POINT ( 'NONE',  ( -20.66766467421546238, 39.09999999999917719, -2.432335325784531044 ) ) ;
#7867 = ORIENTED_EDGE ( 'NONE', *, *, #4605, .F. ) ;
#7869 = VECTOR ( 'NONE', #3472, 1000.000000000000000 ) ;
#7868 = CARTESIAN_POINT ( 'NONE',  ( -20.33662834523144980, -39.53623914502626491, -2.589176211068524136 ) ) ;
#7870 = CARTESIAN_POINT ( 'NONE',  ( -43.98959392881950237, -19.53538422206539593, 13.60000000000000320 ) ) ;
#7871 = CARTESIAN_POINT ( 'NONE',  ( 21.09802463877587186, -38.10000000000002274, 0.4688325137343324345 ) ) ;
#7872 = LINE ( 'NONE', #7918, #9214 ) ;
#7873 = EDGE_CURVE ( 'NONE', #6669, #7841, #9193, .T. ) ;
#7874 = CIRCLE ( 'NONE', #3163, 4.000000000000000000 ) ;
#7875 = DIRECTION ( 'NONE',  ( -0.000000000000000000, -0.000000000000000000, -1.000000000000000000 ) ) ;
#7876 = DIRECTION ( 'NONE',  ( -0.000000000000000000, 1.000000000000000000, -0.000000000000000000 ) ) ;
#7877 = CYLINDRICAL_SURFACE ( 'NONE', #8177, 0.5000000000000004441 ) ;
#7878 = CARTESIAN_POINT ( 'NONE',  ( 19.92030272036257799, 39.10000000000077591, -2.832218652871373532 ) ) ;
#7879 = ORIENTED_EDGE ( 'NONE', *, *, #3662, .F. ) ;
#7880 = ORIENTED_EDGE ( 'NONE', *, *, #5091, .T. ) ;
#7881 = DIRECTION ( 'NONE',  ( -0.000000000000000000, -0.000000000000000000, -1.000000000000000000 ) ) ;
#7882 = PLANE ( 'NONE',  #1205 ) ;
#7883 = CARTESIAN_POINT ( 'NONE',  ( -20.86925953092275066, -42.13651264737050894, 1.249631173700031184 ) ) ;
#7884 = FACE_OUTER_BOUND ( 'NONE', #9298, .T. ) ;
#7885 = CIRCLE ( 'NONE', #9146, 0.7500000000000006661 ) ;
#7886 = CARTESIAN_POINT ( 'NONE',  ( 18.44748514794659400, 44.06840992987398664, 9.600000000000001421 ) ) ;
#7887 = CARTESIAN_POINT ( 'NONE',  ( -20.35072599843597985, 43.35072599843578445, -0.3758702989075448087 ) ) ;
#7888 = CARTESIAN_POINT ( 'NONE',  ( 42.07579555300784335, -7.202290169196733594, 13.59999999999872067 ) ) ;
#7889 =( BOUNDED_CURVE ( )  B_SPLINE_CURVE ( 2, ( #6325, #309, #7023 ),
 .UNSPECIFIED., .F., .T. ) 
 B_SPLINE_CURVE_WITH_KNOTS ( ( 3, 3 ),
 ( 0.000000000000000000, 1.000000000000000000 ),
 .UNSPECIFIED. ) 
 CURVE ( )  GEOMETRIC_REPRESENTATION_ITEM ( )  RATIONAL_B_SPLINE_CURVE ( ( 2.500000000000001332, 2.499999999999986233, 1.000000000000000000 ) ) 
 REPRESENTATION_ITEM ( '' )  );
#7890 = CARTESIAN_POINT ( 'NONE',  ( 16.10000000000001563, -42.93222032930454901, -1.820295056390011990 ) ) ;
#7891 = CARTESIAN_POINT ( 'NONE',  ( -40.79999999999996163, -11.69689577749904430, 10.59999999999999964 ) ) ;
#7892 = VERTEX_POINT ( 'NONE', #7020 ) ;
#7893 = ORIENTED_EDGE ( 'NONE', *, *, #2998, .T. ) ;
#7894 = CARTESIAN_POINT ( 'NONE',  ( 19.34565532567112811, 43.14786261773162579, -1.903597371092693002 ) ) ;
#7895 = DIRECTION ( 'NONE',  ( 0.7071067811865442421, 5.451709925985304631E-16, -0.7071067811865509034 ) ) ;
#7896 = CARTESIAN_POINT ( 'NONE',  ( -42.93872658585972601, 19.73751285395767496, 7.569999999999999396 ) ) ;
#7897 = CARTESIAN_POINT ( 'NONE',  ( 20.86926143331782413, 39.85036955926211988, -2.036506711404755698 ) ) ;
#7898 = CARTESIAN_POINT ( 'NONE',  ( 43.10000000000006537, -16.10000000000013642, 13.90000000000000036 ) ) ;
#7899 = FACE_OUTER_BOUND ( 'NONE', #9636, .T. ) ;
#7900 = EDGE_CURVE ( 'NONE', #5868, #6679, #7675, .T. ) ;
#7901 = CARTESIAN_POINT ( 'NONE',  ( -41.38329560835351373, 21.07077768596482770, 13.60000000000000142 ) ) ;
#7902 = CARTESIAN_POINT ( 'NONE',  ( 18.10000000000000142, 40.10000000000000142, 4.585786437626904188 ) ) ;
#7903 = ORIENTED_EDGE ( 'NONE', *, *, #1021, .F. ) ;
#7904 = VERTEX_POINT ( 'NONE', #956 ) ;
#7905 = ORIENTED_EDGE ( 'NONE', *, *, #6190, .F. ) ;
#7906 = DIRECTION ( 'NONE',  ( -1.000000000000000000, 0.000000000000000000, 0.000000000000000000 ) ) ;
#7907 = CARTESIAN_POINT ( 'NONE',  ( -19.97040907923872055, -41.97040907923874187, -1.495219409409531020 ) ) ;
#7908 = CARTESIAN_POINT ( 'NONE',  ( 41.65726608445202572, 19.95760772477865075, 7.599999999999998757 ) ) ;
#7909 = CARTESIAN_POINT ( 'NONE',  ( -11.09999999999993570, 18.09999999999996234, 10.59999999999999787 ) ) ;
#7910 = CARTESIAN_POINT ( 'NONE',  ( -19.06366945305409288, 18.71658221439300362, 13.60000000000000142 ) ) ;
#7911 = CARTESIAN_POINT ( 'NONE',  ( -14.47297226593289388, 21.09999999999994458, 13.82617123294501837 ) ) ;
#7912 = CARTESIAN_POINT ( 'NONE',  ( 16.10000000000000142, -38.10000000000001563, -3.000000000000000000 ) ) ;
#7913 = DIRECTION ( 'NONE',  ( 0.000000000000000000, 0.000000000000000000, 1.000000000000000000 ) ) ;
#7914 = ORIENTED_EDGE ( 'NONE', *, *, #8739, .F. ) ;
#7915 = CARTESIAN_POINT ( 'NONE',  ( -20.60000000000001563, -42.60000000000000853, 2.000000000000001332 ) ) ;
#7916 = CARTESIAN_POINT ( 'NONE',  ( -42.54737320415833324, -20.98804278005445667, 13.60000000000000497 ) ) ;
#7917 = CARTESIAN_POINT ( 'NONE',  ( 20.68917621106716354, -39.53623914502672676, -2.236628345232894333 ) ) ;
#7918 = CARTESIAN_POINT ( 'NONE',  ( 20.04509543492725854, 43.04509543492726920, 6.552358489066799407 ) ) ;
#7919 = EDGE_CURVE ( 'NONE', #1164, #7625, #3347, .T. ) ;
#7920 = CARTESIAN_POINT ( 'NONE',  ( 42.98866520347225162, -19.54258782409728568, 13.60000000000000142 ) ) ;
#7921 = CARTESIAN_POINT ( 'NONE',  ( 0.000000000000000000, 0.000000000000000000, 0.000000000000000000 ) ) ;
#7922 = EDGE_CURVE ( 'NONE', #4286, #3105, #3964, .T. ) ;
#7923 = CARTESIAN_POINT ( 'NONE',  ( -21.10000000000000142, 0.000000000000000000, 9.600000000000001421 ) ) ;
#7924 = CARTESIAN_POINT ( 'NONE',  ( 19.72831701804339488, 40.53539661981743336, -2.861976285371072404 ) ) ;
#7925 = ORIENTED_EDGE ( 'NONE', *, *, #5371, .F. ) ;
#7926 = ORIENTED_EDGE ( 'NONE', *, *, #2385, .F. ) ;
#7927 = CARTESIAN_POINT ( 'NONE',  ( 12.50000000000000888, -35.70000000000000284, -2.957831373953969667 ) ) ;
#7928 = CARTESIAN_POINT ( 'NONE',  ( -14.09999999999993570, -7.399999999999876010, 12.84999999999999787 ) ) ;
#7929 = CARTESIAN_POINT ( 'NONE',  ( -20.20487506274020006, -42.05194259113309840, -1.105758781156541692 ) ) ;
#7930 = CARTESIAN_POINT ( 'NONE',  ( -44.10000000000007248, -16.10000000000013998, 9.600000000000001421 ) ) ;
#7931 = EDGE_CURVE ( 'NONE', #5215, #5016, #2134, .T. ) ;
#7932 = DIRECTION ( 'NONE',  ( -0.000000000000000000, -0.000000000000000000, -1.000000000000000000 ) ) ;
#7933 = CARTESIAN_POINT ( 'NONE',  ( 42.47613984652162600, -7.005525832969788702, 18.60000000000000142 ) ) ;
#7934 = CARTESIAN_POINT ( 'NONE',  ( 19.72107589630499547, -42.44040282528644781, -1.151369879155256237 ) ) ;
#7935 = DIRECTION ( 'NONE',  ( -0.000000000000000000, -0.000000000000000000, 1.000000000000000000 ) ) ;
#7936 = ORIENTED_EDGE ( 'NONE', *, *, #3230, .F. ) ;
#7937 = ORIENTED_EDGE ( 'NONE', *, *, #1215, .T. ) ;
#7938 = CARTESIAN_POINT ( 'NONE',  ( 20.16652091450986362, 43.51642660619879877, -0.3761791733860214704 ) ) ;
#7939 = EDGE_CURVE ( 'NONE', #4098, #8820, #9289, .T. ) ;
#7940 = DIRECTION ( 'NONE',  ( 1.000000000000000000, -0.000000000000000000, -0.000000000000000000 ) ) ;
#7941 = CARTESIAN_POINT ( 'NONE',  ( -19.97645406692757675, 41.47776664532940316, -2.546620363957958322 ) ) ;
#7942 = CARTESIAN_POINT ( 'NONE',  ( 42.12044396547474889, 19.28028477984243594, 9.599999999999639044 ) ) ;
#7943 = CARTESIAN_POINT ( 'NONE',  ( 20.84802794910747537, 39.10000000000092513, -2.094734857214223478 ) ) ;
#7944 = CARTESIAN_POINT ( 'NONE',  ( 42.09674837065594488, -17.04334377587502658, 7.599999999999999645 ) ) ;
#7945 = CARTESIAN_POINT ( 'NONE',  ( 21.10000000000476561, -43.10000000000952980, 4.743333333333334068 ) ) ;
#7946 = CARTESIAN_POINT ( 'NONE',  ( -41.63684803177324767, 20.06115651372293840, 7.569999999999995843 ) ) ;
#7947 = CARTESIAN_POINT ( 'NONE',  ( -43.86170419352085048, 20.14833751234635528, 13.60000000000000142 ) ) ;
#7948 = ORIENTED_EDGE ( 'NONE', *, *, #8558, .T. ) ;
#7949 = VERTEX_POINT ( 'NONE', #8505 ) ;
#7950 = EDGE_CURVE ( 'NONE', #1246, #4188, #6276, .T. ) ;
#7951 = VERTEX_POINT ( 'NONE', #7858 ) ;
#7952 = CARTESIAN_POINT ( 'NONE',  ( -10.87180854722513246, 21.08542865622435514, 28.59999999999999432 ) ) ;
#7953 = CARTESIAN_POINT ( 'NONE',  ( -20.43424730999795358, -40.77943311167197038, -1.995318914481395423 ) ) ;
#7954 = CARTESIAN_POINT ( 'NONE',  ( 40.19028241227137244, 20.07704667531383436, 7.599999999999997868 ) ) ;
#7955 = CARTESIAN_POINT ( 'NONE',  ( 43.10000000000007248, -5.835395687047437718, 15.17181068220196138 ) ) ;
#7956 = VECTOR ( 'NONE', #1740, 1000.000000000000000 ) ;
#7957 = CARTESIAN_POINT ( 'NONE',  ( -17.82487824510251073, 23.32727593175287950, 13.59999999999999787 ) ) ;
#7958 = CARTESIAN_POINT ( 'NONE',  ( -11.66559769548373815, 21.09999999999995879, 16.03006242187898067 ) ) ;
#7959 = CARTESIAN_POINT ( 'NONE',  ( 13.13482210506586512, 35.06897852042618524, 6.000000000000000000 ) ) ;
#7960 = CONICAL_SURFACE ( 'NONE', #9220, 3.149999999999999911, 0.7853981633974482790 ) ;
#7961 = CARTESIAN_POINT ( 'NONE',  ( -20.60000000000000142, 39.09999999999917719, -2.499999999999994227 ) ) ;
#7962 = ORIENTED_EDGE ( 'NONE', *, *, #7093, .T. ) ;
#7963 = DIRECTION ( 'NONE',  ( -0.000000000000000000, -0.000000000000000000, -1.000000000000000000 ) ) ;
#7964 = CARTESIAN_POINT ( 'NONE',  ( 21.10000000000000142, 44.10000000000000853, 7.486666666666669023 ) ) ;
#7965 = CARTESIAN_POINT ( 'NONE',  ( 21.00835974909807291, -39.53510290715874476, -1.430700781866410143 ) ) ;
#7966 = CARTESIAN_POINT ( 'NONE',  ( -19.91159499246764142, -41.91159499246766273, -1.624047293175004292 ) ) ;
#7967 = AXIS2_PLACEMENT_3D ( 'NONE', #2615, #9422, #3267 ) ;
#7968 = CARTESIAN_POINT ( 'NONE',  ( 42.73941876031796028, -20.43244147772098529, 13.60000000000000142 ) ) ;
#7969 = CARTESIAN_POINT ( 'NONE',  ( 17.23397459621556393, -40.10000000000000142, 6.000000000000000000 ) ) ;
#7970 = DIRECTION ( 'NONE',  ( 0.000000000000000000, -0.000000000000000000, 1.000000000000000000 ) ) ;
#7971 = CARTESIAN_POINT ( 'NONE',  ( 18.52398588804581792, 41.52398660121141916, -3.008192410219976853 ) ) ;
#7972 = VERTEX_POINT ( 'NONE', #9238 ) ;
#7973 = VERTEX_POINT ( 'NONE', #3186 ) ;
#7974 = CARTESIAN_POINT ( 'NONE',  ( 40.79246757329476480, 21.05304772075449549, 28.59999999999999787 ) ) ;
#7975 = CARTESIAN_POINT ( 'NONE',  ( -20.66038026670394956, -41.30725910198238893, -1.207258020997908687 ) ) ;
#7976 = EDGE_CURVE ( 'NONE', #7719, #8283, #5439, .T. ) ;
#7977 = CARTESIAN_POINT ( 'NONE',  ( -20.13248562931546815, 42.19424047815892465, -2.032485629316192366 ) ) ;
#7978 = AXIS2_PLACEMENT_3D ( 'NONE', #9175, #9219, #1077 ) ;
#7979 = CARTESIAN_POINT ( 'NONE',  ( 19.58902559124231146, 43.98247474094993237, 9.599999999999999645 ) ) ;
#7980 = CARTESIAN_POINT ( 'NONE',  ( 38.10000000000007248, -12.39999999999987601, 13.60000000000000142 ) ) ;
#7981 = CARTESIAN_POINT ( 'NONE',  ( 18.77590760189277930, -42.35933284379724029, -2.086191087503384445 ) ) ;
#7982 = EDGE_CURVE ( 'NONE', #3912, #7052, #4321, .T. ) ;
#7983 = EDGE_LOOP ( 'NONE', ( #3727, #8936, #2899, #4215 ) ) ;
#7984 = ORIENTED_EDGE ( 'NONE', *, *, #3699, .F. ) ;
#7985 = CARTESIAN_POINT ( 'NONE',  ( 19.76528687392769967, 43.31939565370316814, -1.289197387576805465 ) ) ;
#7986 = CARTESIAN_POINT ( 'NONE',  ( -17.53623954460178780, 43.68917607033228023, -2.236628522728751900 ) ) ;
#7987 = CARTESIAN_POINT ( 'NONE',  ( -19.80406941629101070, 42.24003503370553858, -2.287724469078551870 ) ) ;
#7988 = CARTESIAN_POINT ( 'NONE',  ( -16.10000000000000497, -43.10000000000001563, 0.1233333333333331561 ) ) ;
#7989 = CARTESIAN_POINT ( 'NONE',  ( 20.56517033146614182, 41.78705519762054621, -1.813254825613029197 ) ) ;
#7990 = VECTOR ( 'NONE', #2803, 1000.000000000000000 ) ;
#7991 = CARTESIAN_POINT ( 'NONE',  ( 41.98954201474462877, -19.47021393931689914, 7.600000000000001421 ) ) ;
#7992 = CARTESIAN_POINT ( 'NONE',  ( -41.29999999999996163, -11.19689577749904252, 7.600000000000000533 ) ) ;
#7993 = DIRECTION ( 'NONE',  ( -0.000000000000000000, -0.000000000000000000, -1.000000000000000000 ) ) ;
#7994 = ORIENTED_EDGE ( 'NONE', *, *, #8267, .T. ) ;
#7995 = AXIS2_PLACEMENT_3D ( 'NONE', #8651, #6428, #5092 ) ;
#7996 = VERTEX_POINT ( 'NONE', #2817 ) ;
#7997 = CIRCLE ( 'NONE', #9260, 0.5000000000000004441 ) ;
#7998 = ORIENTED_EDGE ( 'NONE', *, *, #1750, .T. ) ;
#7999 = CARTESIAN_POINT ( 'NONE',  ( -13.09948029764386312, 20.87725659433506920, 28.59999999999999432 ) ) ;
#8000 = DIRECTION ( 'NONE',  ( -0.000000000000000000, 0.000000000000000000, -1.000000000000000000 ) ) ;
#8001 = CARTESIAN_POINT ( 'NONE',  ( 18.38973471204652910, -43.07054652695215680, 9.600000000000001421 ) ) ;
#8002 = CARTESIAN_POINT ( 'NONE',  ( 20.20481555856608225, -42.20481555856608935, 9.600000000000001421 ) ) ;
#8003 = LINE ( 'NONE', #9532, #7169 ) ;
#8004 = VECTOR ( 'NONE', #3954, 1000.000000000000000 ) ;
#8005 = CARTESIAN_POINT ( 'NONE',  ( 19.73078873175656867, -38.09999999999999432, -2.864313294364401852 ) ) ;
#8006 = CARTESIAN_POINT ( 'NONE',  ( -13.98901496049346171, -5.839883898662635353, 28.60000000000000853 ) ) ;
#8007 = CARTESIAN_POINT ( 'NONE',  ( 19.59521940940663143, 42.97040907924121456, -1.870409079243655848 ) ) ;
#8008 = CARTESIAN_POINT ( 'NONE',  ( 15.50000000000000000, -37.50000000000000000, 6.000000000000000000 ) ) ;
#8009 = CARTESIAN_POINT ( 'NONE',  ( 40.66964569095198812, -3.912143682238331532, 27.33785631776157388 ) ) ;
#8010 = EDGE_LOOP ( 'NONE', ( #1581, #3529, #9083, #456 ) ) ;
#8011 = CARTESIAN_POINT ( 'NONE',  ( 10.27689577749880101, 40.60000000000000142, 7.599999999999999645 ) ) ;
#8012 = DIRECTION ( 'NONE',  ( 0.000000000000000000, -0.000000000000000000, -1.000000000000000000 ) ) ;
#8013 = DIRECTION ( 'NONE',  ( 1.000000000000000000, 0.000000000000000000, 0.000000000000000000 ) ) ;
#8014 = CARTESIAN_POINT ( 'NONE',  ( -19.55059604045501587, -42.77173952470077012, -0.7042254570673042169 ) ) ;
#8015 = CARTESIAN_POINT ( 'NONE',  ( 40.60000000000006537, -3.804898722860814431, 27.44510127713908787 ) ) ;
#8016 = CARTESIAN_POINT ( 'NONE',  ( -19.06815758572041020, -4.892048528767560356, 13.60000000000000497 ) ) ;
#8017 = AXIS2_PLACEMENT_3D ( 'NONE', #8855, #5051, #4457 ) ;
#8018 = ADVANCED_FACE ( 'NONE', ( #3557 ), #7264, .F. ) ;
#8019 = CIRCLE ( 'NONE', #4086, 2.000000000000001776 ) ;
#8020 = CARTESIAN_POINT ( 'NONE',  ( 18.87036442724892993, 41.50669127814915527, -2.969609538719950148 ) ) ;
#8021 = ORIENTED_EDGE ( 'NONE', *, *, #9073, .T. ) ;
#8022 = ORIENTED_EDGE ( 'NONE', *, *, #2309, .F. ) ;
#8023 = CARTESIAN_POINT ( 'NONE',  ( 40.42161314647547243, 21.06938128774588037, 28.60000000000000497 ) ) ;
#8024 = CARTESIAN_POINT ( 'NONE',  ( -42.89588082671698288, -20.02861363587541632, 10.03000000000000647 ) ) ;
#8025 = CARTESIAN_POINT ( 'NONE',  ( -20.81355453544554734, -42.28449666861352085, 2.000000000000008882 ) ) ;
#8026 = CARTESIAN_POINT ( 'NONE',  ( -19.91159499246764142, -41.91159499246766273, -1.624047293175004292 ) ) ;
#8027 = CARTESIAN_POINT ( 'NONE',  ( -14.09999999999993570, 16.09999999999996945, 13.60000000000000497 ) ) ;
#8028 = CARTESIAN_POINT ( 'NONE',  ( 42.56663694220970484, -6.934128053754595733, 18.60000000000000142 ) ) ;
#8029 = CARTESIAN_POINT ( 'NONE',  ( 19.20575881329821399, -42.20487506272633027, -1.951942591155377160 ) ) ;
#8030 = EDGE_CURVE ( 'NONE', #5016, #5215, #2599, .T. ) ;
#8031 = ORIENTED_EDGE ( 'NONE', *, *, #4060, .F. ) ;
#8032 = ORIENTED_EDGE ( 'NONE', *, *, #2258, .T. ) ;
#8033 = CARTESIAN_POINT ( 'NONE',  ( 18.59020365706666311, 44.13238374522541108, 0.5647522646984209915 ) ) ;
#8034 = CARTESIAN_POINT ( 'NONE',  ( -19.60982081020998180, -41.70386467895198734, -2.101201801806364955 ) ) ;
#8035 = CARTESIAN_POINT ( 'NONE',  ( 38.73468093440549609, -20.20481556043845828, 9.600000000000004974 ) ) ;
#8036 = CARTESIAN_POINT ( 'NONE',  ( -20.33662852272838961, 40.53623954460101686, -2.589176070332653179 ) ) ;
#8037 = CARTESIAN_POINT ( 'NONE',  ( -21.10000000000000853, -43.10000000000952980, 4.743333333333334068 ) ) ;
#8038 = CARTESIAN_POINT ( 'NONE',  ( 21.05646371664030525, 39.10000000000078302, -0.6785506489318672285 ) ) ;
#8039 = CARTESIAN_POINT ( 'NONE',  ( 16.10000000000001563, -42.93222032930454901, -1.820295056390011990 ) ) ;
#8040 = LINE ( 'NONE', #7152, #8644 ) ;
#8041 = DIRECTION ( 'NONE',  ( 0.000000000000000000, 0.000000000000000000, -1.000000000000000000 ) ) ;
#8042 = EDGE_CURVE ( 'NONE', #5355, #9750, #1349, .T. ) ;
#8043 = EDGE_CURVE ( 'NONE', #3157, #3248, #6693, .T. ) ;
#8044 = B_SPLINE_CURVE_WITH_KNOTS ( 'NONE', 3,
 ( #1030, #3310, #6167, #6312 ),
 .UNSPECIFIED., .F., .F.,
 ( 4, 4 ),
 ( 0.000000000000000000, 1.000000000000000000 ),
 .UNSPECIFIED. ) ;
#8045 = CARTESIAN_POINT ( 'NONE',  ( -44.06840992987402927, 18.44748514794471106, 13.59999999999999787 ) ) ;
#8046 = VERTEX_POINT ( 'NONE', #5720 ) ;
#8047 = AXIS2_PLACEMENT_3D ( 'NONE', #9495, #2729, #8013 ) ;
#8048 = ORIENTED_EDGE ( 'NONE', *, *, #8053, .T. ) ;
#8049 = DIRECTION ( 'NONE',  ( -1.000000000000000000, 0.000000000000000000, 0.000000000000000000 ) ) ;
#8050 = CARTESIAN_POINT ( 'NONE',  ( -20.20852091177701126, -41.36030968756841020, -1.824394736383606830 ) ) ;
#8051 = LINE ( 'NONE', #6620, #1499 ) ;
#8052 = CARTESIAN_POINT ( 'NONE',  ( 43.10000000000007248, -10.77890746452447956, 13.60000000000000853 ) ) ;
#8053 = EDGE_CURVE ( 'NONE', #5101, #4486, #1495, .T. ) ;
#8054 = CARTESIAN_POINT ( 'NONE',  ( 0.000000000000000000, 0.000000000000000000, 0.000000000000000000 ) ) ;
#8055 = CARTESIAN_POINT ( 'NONE',  ( -12.50976923921112771, 20.99646271462685476, 13.60000000000194476 ) ) ;
#8056 = CARTESIAN_POINT ( 'NONE',  ( 19.40343044518388638, -41.68537591280591670, -2.269740957108134172 ) ) ;
#8057 = DIRECTION ( 'NONE',  ( 1.000000000000000000, 0.000000000000000000, 0.000000000000000000 ) ) ;
#8058 = CARTESIAN_POINT ( 'NONE',  ( 43.10000000000006537, 16.10000000000013287, 22.26666666666665861 ) ) ;
#8059 = DIRECTION ( 'NONE',  ( 1.000000000000000000, 0.000000000000000000, 0.000000000000000000 ) ) ;
#8060 = EDGE_LOOP ( 'NONE', ( #3308, #8588, #6792, #108, #6992, #6010 ) ) ;
#8061 = CARTESIAN_POINT ( 'NONE',  ( 38.10000000000007248, -21.10000000000013642, 9.600000000000001421 ) ) ;
#8062 = CARTESIAN_POINT ( 'NONE',  ( 16.10000000000000142, 44.10000000000000853, 7.486666666666669023 ) ) ;
#8063 = CARTESIAN_POINT ( 'NONE',  ( -16.10000000000028564, 43.60000000000002274, -2.499999999999995115 ) ) ;
#8064 = CARTESIAN_POINT ( 'NONE',  ( -19.73078873175654735, -42.96431329436442326, 1.999999999999994893 ) ) ;
#8065 = CARTESIAN_POINT ( 'NONE',  ( 40.10000000000006537, 18.10000000000012221, 7.599999999999999645 ) ) ;
#8066 = CARTESIAN_POINT ( 'NONE',  ( 41.93845260907279737, 19.73881208845884672, 7.569999999999995843 ) ) ;
#8067 = CARTESIAN_POINT ( 'NONE',  ( 16.86398481210834888, 39.86398131449607263, -3.000000000000075051 ) ) ;
#8068 = VERTEX_POINT ( 'NONE', #2621 ) ;
#8069 = ORIENTED_EDGE ( 'NONE', *, *, #2895, .T. ) ;
#8070 = CARTESIAN_POINT ( 'NONE',  ( 40.81805682701002524, -12.35750574213354014, 13.60000000000000142 ) ) ;
#8071 = CARTESIAN_POINT ( 'NONE',  ( -41.32435739703826272, -20.20113888443770733, 10.02999999999972758 ) ) ;
#8072 = EDGE_CURVE ( 'NONE', #9599, #1931, #8421, .T. ) ;
#8073 = CARTESIAN_POINT ( 'NONE',  ( 20.06931452656515091, -41.82769126166956397, -1.539790960585043056 ) ) ;
#8074 = CARTESIAN_POINT ( 'NONE',  ( -18.32382501293497157, -8.735286589503465038, 13.60000000000000497 ) ) ;
#8075 = CARTESIAN_POINT ( 'NONE',  ( 19.56481889561159448, 43.98574326795754530, 9.600000000000003197 ) ) ;
#8076 = CARTESIAN_POINT ( 'NONE',  ( -19.88114788337005834, 43.70120510767329591, -0.3789765561409085270 ) ) ;
#8077 = DIRECTION ( 'NONE',  ( -0.000000000000000000, -0.000000000000000000, -1.000000000000000000 ) ) ;
#8078 = CARTESIAN_POINT ( 'NONE',  ( 18.80422545706442250, -42.77173952470346308, -1.450596040461433089 ) ) ;
#8079 = DIRECTION ( 'NONE',  ( -0.000000000000000000, 0.000000000000000000, 1.000000000000000000 ) ) ;
#8080 = ORIENTED_EDGE ( 'NONE', *, *, #4004, .F. ) ;
#8081 = ORIENTED_EDGE ( 'NONE', *, *, #5840, .T. ) ;
#8082 = CARTESIAN_POINT ( 'NONE',  ( 16.86398131449489313, 44.10000000000001563, 1.236015187890226352 ) ) ;
#8083 = CARTESIAN_POINT ( 'NONE',  ( -16.10000000000005826, -41.92029505638999609, -2.832220329304586226 ) ) ;
#8084 = CARTESIAN_POINT ( 'NONE',  ( 21.09802543199291591, -39.63114033232974265, 1.999999999999988676 ) ) ;
#8085 = CARTESIAN_POINT ( 'NONE',  ( -19.75079123681296167, 42.84466002191922485, -1.853406649629848468 ) ) ;
#8086 = CARTESIAN_POINT ( 'NONE',  ( 11.50304059332376383, 37.34406571453860835, 0.000000000000000000 ) ) ;
#8087 = CARTESIAN_POINT ( 'NONE',  ( 21.06960953871545073, 41.87036442724804175, -0.4066912781477847738 ) ) ;
#8088 = CARTESIAN_POINT ( 'NONE',  ( 42.08242835690181494, -17.97130812349417894, 7.600000000000000533 ) ) ;
#8089 = CARTESIAN_POINT ( 'NONE',  ( 43.10000000000006537, -16.10000000000013642, 9.499999999999984013 ) ) ;
#8090 = CARTESIAN_POINT ( 'NONE',  ( 15.50000000000000000, 37.50000000000000000, 6.000000000000000000 ) ) ;
#8091 = CARTESIAN_POINT ( 'NONE',  ( -42.52038923085530087, -20.08863698949007315, 9.599999999999962341 ) ) ;
#8092 = ORIENTED_EDGE ( 'NONE', *, *, #9277, .T. ) ;
#8093 = ORIENTED_EDGE ( 'NONE', *, *, #1445, .T. ) ;
#8094 = CARTESIAN_POINT ( 'NONE',  ( -12.48039098668615310, 20.99643778796541227, 28.60000000000000142 ) ) ;
#8095 = CARTESIAN_POINT ( 'NONE',  ( -20.05407719602031591, -41.55036664352555675, -1.826146001242282102 ) ) ;
#8096 = CARTESIAN_POINT ( 'NONE',  ( 20.81364017786933118, -42.27774806692386278, 9.600000000000003197 ) ) ;
#8097 = CARTESIAN_POINT ( 'NONE',  ( 43.10000000000006537, -6.502029524744462385, 14.53737131478506051 ) ) ;
#8098 = EDGE_CURVE ( 'NONE', #8319, #7019, #400, .T. ) ;
#8099 = DIRECTION ( 'NONE',  ( 0.000000000000000000, 0.000000000000000000, 1.000000000000000000 ) ) ;
#8100 = CARTESIAN_POINT ( 'NONE',  ( -8.246112270910515463, 21.09999999999997300, 18.59999999999999787 ) ) ;
#8101 = CARTESIAN_POINT ( 'NONE',  ( 18.81398462173738650, -41.37217076276104422, -2.746636109360248046 ) ) ;
#8102 = CARTESIAN_POINT ( 'NONE',  ( -13.97389364416979696, -5.956318317469394330, 28.60000000000001208 ) ) ;
#8103 = CARTESIAN_POINT ( 'NONE',  ( 40.38329560835239818, -7.370777685964858605, 28.60000000000000142 ) ) ;
#8104 = ADVANCED_FACE ( 'NONE', ( #3607 ), #132, .T. ) ;
#8105 = VERTEX_POINT ( 'NONE', #9085 ) ;
#8106 = CARTESIAN_POINT ( 'NONE',  ( -20.35072599843597985, 43.35072599843578445, -0.3758702989075448087 ) ) ;
#8107 = ORIENTED_EDGE ( 'NONE', *, *, #6109, .F. ) ;
#8108 = CARTESIAN_POINT ( 'NONE',  ( -40.80000000000003979, 9.776895777498655349, 7.600000000000000533 ) ) ;
#8109 = CARTESIAN_POINT ( 'NONE',  ( 18.35000000000000142, 39.66698729810778445, 4.585786437626904188 ) ) ;
#8110 = CARTESIAN_POINT ( 'NONE',  ( -18.77943293000839020, -42.43424735887597876, -1.995318862087831935 ) ) ;
#8111 =( BOUNDED_SURFACE ( )  B_SPLINE_SURFACE ( 2, 3, ( 
 ( #8488, #2421, #1726, #937 ),
 ( #4128, #5519, #3947, #8621 ),
 ( #6957, #7142, #1025, #3350 ) ),
 .UNSPECIFIED., .F., .F., .T. ) 
 B_SPLINE_SURFACE_WITH_KNOTS ( ( 3, 3 ),
 ( 4, 4 ),
 ( 0.000000000000000000, 1.000000000000000000 ),
 ( -0.003299999999999999982, 0.003300000000000000849 ),
 .UNSPECIFIED. ) 
 GEOMETRIC_REPRESENTATION_ITEM ( )  RATIONAL_B_SPLINE_SURFACE ( (
 ( 1.000000000000000000, 1.000000000000000000, 1.000000000000000000, 1.000000000000000000),
 ( 4.000000000000000888, 4.000000000000000888, 4.000000000000000888, 4.000000000000000888),
 ( 1.000000000000000000, 1.000000000000000000, 1.000000000000000000, 1.000000000000000000) ) ) 
 REPRESENTATION_ITEM ( '' )  SURFACE ( )  );
#8112 = CYLINDRICAL_SURFACE ( 'NONE', #6781, 0.5000000000000004441 ) ;
#8113 = AXIS2_PLACEMENT_3D ( 'NONE', #1182, #6565, #7906 ) ;
#8114 = EDGE_CURVE ( 'NONE', #1504, #2201, #5739, .T. ) ;
#8115 = CARTESIAN_POINT ( 'NONE',  ( -19.09999999999993747, -2.399999999999876010, 13.60000000000000142 ) ) ;
#8116 = CARTESIAN_POINT ( 'NONE',  ( 42.22735090365785737, 16.10000000000013287, 10.03000000000000469 ) ) ;
#8117 = CARTESIAN_POINT ( 'NONE',  ( -20.60000000000000853, 43.60000000000001563, 2.000000000000000888 ) ) ;
#8118 = ORIENTED_EDGE ( 'NONE', *, *, #560, .T. ) ;
#8119 = EDGE_LOOP ( 'NONE', ( #926, #4087, #8022, #8439 ) ) ;
#8120 = CARTESIAN_POINT ( 'NONE',  ( 40.49873699102327862, 21.06641683701862533, 28.59999999999999432 ) ) ;
#8121 = CARTESIAN_POINT ( 'NONE',  ( 21.10000000000000142, -38.10000000000001563, 2.000000000000000000 ) ) ;
#8122 = CARTESIAN_POINT ( 'NONE',  ( 20.61665412125206842, -42.43669093743010734, 0.5636572871548751751 ) ) ;
#8123 = FACE_OUTER_BOUND ( 'NONE', #9502, .T. ) ;
#8124 = VECTOR ( 'NONE', #5336, 1000.000000000000000 ) ;
#8125 = CARTESIAN_POINT ( 'NONE',  ( 16.10000000000001563, 44.03798319008015483, -1.061445128398946558 ) ) ;
#8126 = CARTESIAN_POINT ( 'NONE',  ( -11.78615387216641430, -36.01428571428571956, 6.000000000000000000 ) ) ;
#8127 = CARTESIAN_POINT ( 'NONE',  ( 16.10000000000001208, -43.10000000000000142, 1.234538920767837666 ) ) ;
#8128 = CARTESIAN_POINT ( 'NONE',  ( -11.19689577749890219, 41.30000000000000426, 0.000000000000000000 ) ) ;
#8129 = ORIENTED_EDGE ( 'NONE', *, *, #1602, .F. ) ;
#8130 = AXIS2_PLACEMENT_3D ( 'NONE', #5573, #8585, #1826 ) ;
#8131 = ORIENTED_EDGE ( 'NONE', *, *, #3025, .F. ) ;
#8132 = CARTESIAN_POINT ( 'NONE',  ( 18.47617900287218973, 43.51642667443302059, -2.066520830953466614 ) ) ;
#8133 = CARTESIAN_POINT ( 'NONE',  ( -17.53598869740826771, -42.13409614037506401, -2.705303921174041282 ) ) ;
#8134 = CARTESIAN_POINT ( 'NONE',  ( 42.08155764929714593, 18.00747221968832434, 7.599999999999998757 ) ) ;
#8135 = CARTESIAN_POINT ( 'NONE',  ( -18.47587029890713239, 43.35072599843645236, -2.250725998437197006 ) ) ;
#8136 = CARTESIAN_POINT ( 'NONE',  ( 41.96834341765563181, 19.96816119399936795, 9.600000000000001421 ) ) ;
#8137 = CARTESIAN_POINT ( 'NONE',  ( 20.43424735887336396, 43.09531886208560536, -0.6794329300114959613 ) ) ;
#8138 = B_SPLINE_CURVE_WITH_KNOTS ( 'NONE', 3,
 ( #1282, #5031, #7413, #3701 ),
 .UNSPECIFIED., .F., .F.,
 ( 4, 4 ),
 ( 0.3333333333334133619, 1.000000000000000000 ),
 .UNSPECIFIED. ) ;
#8139 = CARTESIAN_POINT ( 'NONE',  ( -21.10000000000000497, 40.08448482984050543, 9.600000000000001421 ) ) ;
#8140 = CARTESIAN_POINT ( 'NONE',  ( 42.05550665149568346, -18.71416540255831507, 7.600000000000000533 ) ) ;
#8141 = CARTESIAN_POINT ( 'NONE',  ( 41.12238420223178537, 20.15647620517118810, 10.03000000000000647 ) ) ;
#8142 = CARTESIAN_POINT ( 'NONE',  ( -40.36874638910989432, 20.09570381197985611, 7.569999999999995843 ) ) ;
#8143 = CARTESIAN_POINT ( 'NONE',  ( -19.92029505639004938, 39.09999999999923403, -2.832220329304560469 ) ) ;
#8144 = EDGE_CURVE ( 'NONE', #467, #3362, #6218, .T. ) ;
#8145 = VERTEX_POINT ( 'NONE', #2967 ) ;
#8146 = CARTESIAN_POINT ( 'NONE',  ( -13.93063647161763008, 19.90107979775903857, 28.59999999999998721 ) ) ;
#8147 = AXIS2_PLACEMENT_3D ( 'NONE', #4897, #3425, #7273 ) ;
#8148 = CARTESIAN_POINT ( 'NONE',  ( 20.84640685949593220, -42.19274964925055116, 9.600000000000003197 ) ) ;
#8149 = CARTESIAN_POINT ( 'NONE',  ( 43.10000000000006537, -7.741193424575582682, 13.83422651927690339 ) ) ;
#8150 = CARTESIAN_POINT ( 'NONE',  ( -14.60000000000000142, -34.11769309494244595, 6.000000000000000000 ) ) ;
#8151 = CARTESIAN_POINT ( 'NONE',  ( 19.36030961933612460, -41.92439472599870953, -2.108520929098483876 ) ) ;
#8152 = CIRCLE ( 'NONE', #5937, 4.000000000000000000 ) ;
#8153 = CARTESIAN_POINT ( 'NONE',  ( -13.98959392881940289, -5.835384222063697557, 28.59999999999999787 ) ) ;
#8154 = CARTESIAN_POINT ( 'NONE',  ( -18.10000000000000142, -40.10000000000000142, 7.599999999999999645 ) ) ;
#8155 = EDGE_CURVE ( 'NONE', #6452, #6699, #8401, .T. ) ;
#8156 = ORIENTED_EDGE ( 'NONE', *, *, #2780, .T. ) ;
#8157 = CARTESIAN_POINT ( 'NONE',  ( -20.10000000000000142, -42.10000000000000853, 7.599999999999999645 ) ) ;
#8158 = ORIENTED_EDGE ( 'NONE', *, *, #6854, .F. ) ;
#8159 = CARTESIAN_POINT ( 'NONE',  ( -16.10000000000000142, 44.10000000000001563, 10.23000000000000043 ) ) ;
#8160 = DIRECTION ( 'NONE',  ( 0.05226442768871387284, -0.05226442768871387284, -0.9972646886342373396 ) ) ;
#8161 = CARTESIAN_POINT ( 'NONE',  ( 17.23397459621556393, -40.10000000000000142, 7.599999999999999645 ) ) ;
#8162 = CIRCLE ( 'NONE', #4843, 0.5000000000000004441 ) ;
#8163 = CARTESIAN_POINT ( 'NONE',  ( -20.53233532578452980, -42.66766467421548015, 2.000000000000000888 ) ) ;
#8164 = CARTESIAN_POINT ( 'NONE',  ( -11.78615387216641608, -36.01428571428571956, 6.000000000000000000 ) ) ;
#8165 = FACE_OUTER_BOUND ( 'NONE', #3212, .T. ) ;
#8166 = DIRECTION ( 'NONE',  ( 0.000000000000000000, 1.000000000000000000, 0.000000000000000000 ) ) ;
#8167 = VECTOR ( 'NONE', #9460, 1000.000000000000000 ) ;
#8168 = CARTESIAN_POINT ( 'NONE',  ( -18.35000000000000142, -39.66698729810778445, 6.000000000000000000 ) ) ;
#8169 = ORIENTED_EDGE ( 'NONE', *, *, #5243, .F. ) ;
#8170 = EDGE_LOOP ( 'NONE', ( #358, #9760, #9661, #86, #9319, #5793, #4547, #6152, #1054, #6939, #8081, #6549, #6387 ) ) ;
#8171 = CARTESIAN_POINT ( 'NONE',  ( 41.90107979774603564, 20.93063647162131247, 28.60000000000000142 ) ) ;
#8172 = CARTESIAN_POINT ( 'NONE',  ( -12.46026316928586297, -40.10000000000000142, 0.000000000000000000 ) ) ;
#8173 = CARTESIAN_POINT ( 'NONE',  ( -13.35548101595313497, -12.22373518329580833, 13.60000000000000320 ) ) ;
#8174 =( BOUNDED_CURVE ( )  B_SPLINE_CURVE ( 3, ( #8749, #5884, #2932, #3522, #6529, #9690, #1347 ),
 .UNSPECIFIED., .F., .F. ) 
 B_SPLINE_CURVE_WITH_KNOTS ( ( 4, 3, 4 ),
 ( 4.712388980384689674, 6.505039071834453068, 8.297689163284216463 ),
 .UNSPECIFIED. ) 
 CURVE ( )  GEOMETRIC_REPRESENTATION_ITEM ( )  RATIONAL_B_SPLINE_CURVE ( ( 1.000000000000000000, 0.7496563032400281879, 0.7496563032400281879, 1.000000000000000000, 0.7496563032400281879, 0.7496563032400281879, 1.000000000000000000 ) ) 
 REPRESENTATION_ITEM ( '' )  );
#8175 = EDGE_CURVE ( 'NONE', #4200, #1955, #1731, .T. ) ;
#8176 = CARTESIAN_POINT ( 'NONE',  ( -20.13651264737089264, 43.86925953092296737, 1.249631173699960351 ) ) ;
#8177 = AXIS2_PLACEMENT_3D ( 'NONE', #1151, #1062, #2689 ) ;
#8178 = FACE_OUTER_BOUND ( 'NONE', #9525, .T. ) ;
#8179 = CARTESIAN_POINT ( 'NONE',  ( 20.13651264736874325, -42.86925953092178077, 1.249631173699514264 ) ) ;
#8180 = DIRECTION ( 'NONE',  ( 0.000000000000000000, -0.9986295347545739443, 0.05233595624294377913 ) ) ;
#8181 = ORIENTED_EDGE ( 'NONE', *, *, #8647, .F. ) ;
#8182 = ORIENTED_EDGE ( 'NONE', *, *, #373, .T. ) ;
#8183 = ORIENTED_EDGE ( 'NONE', *, *, #5715, .T. ) ;
#8184 = CARTESIAN_POINT ( 'NONE',  ( 16.10000000000000853, 44.10000000000001563, 2.000000000000000888 ) ) ;
#8185 = CARTESIAN_POINT ( 'NONE',  ( -16.09999999999994813, -42.19473485721428574, -2.748027949107466394 ) ) ;
#8186 = AXIS2_PLACEMENT_3D ( 'NONE', #7276, #5835, #2095 ) ;
#8187 = CARTESIAN_POINT ( 'NONE',  ( 41.95410382469188448, 19.67437739003491615, 7.600000000000001421 ) ) ;
#8188 = AXIS2_PLACEMENT_3D ( 'NONE', #8553, #1790, #7818 ) ;
#8189 = EDGE_CURVE ( 'NONE', #9377, #1739, #7709, .T. ) ;
#8190 =( REPRESENTATION_RELATIONSHIP ('NONE','NONE', #6422, #8891 ) REPRESENTATION_RELATIONSHIP_WITH_TRANSFORMATION ( #7281 )SHAPE_REPRESENTATION_RELATIONSHIP( ) );
#8191 = CARTESIAN_POINT ( 'NONE',  ( -21.07444201803188832, -40.27566523582181190, 9.600000000000003197 ) ) ;
#8192 = CARTESIAN_POINT ( 'NONE',  ( -18.60000000000000142, 39.23397459621556749, 7.599999999999999645 ) ) ;
#8193 = DIRECTION ( 'NONE',  ( -1.916821520416347353E-16, 1.000000000000000000, 0.000000000000000000 ) ) ;
#8194 = CARTESIAN_POINT ( 'NONE',  ( -43.12037981425695676, 19.28047690216265764, 9.600000000000237677 ) ) ;
#8195 = CARTESIAN_POINT ( 'NONE',  ( -21.10000000000000142, -44.33999999999795705, 2.000000000000000000 ) ) ;
#8196 = CARTESIAN_POINT ( 'NONE',  ( 40.10000000000006537, -18.10000000000013642, 10.59999999999999964 ) ) ;
#8197 = EDGE_CURVE ( 'NONE', #1164, #8046, #5801, .T. ) ;
#8198 = ORIENTED_EDGE ( 'NONE', *, *, #9497, .F. ) ;
#8199 = DIRECTION ( 'NONE',  ( -1.000000000000000000, 0.000000000000000000, 0.000000000000000000 ) ) ;
#8200 = DIRECTION ( 'NONE',  ( 1.000000000000000000, 0.000000000000000000, 0.000000000000000000 ) ) ;
#8201 = CARTESIAN_POINT ( 'NONE',  ( 19.41380356356963333, -43.00416956306061422, 9.600000000000001421 ) ) ;
#8202 = PRODUCT_RELATED_PRODUCT_CATEGORY ( 'part', '', ( #4770 ) ) ;
#8203 = CARTESIAN_POINT ( 'NONE',  ( 41.88984571103283372, -19.88984178720754059, 7.599999999999999645 ) ) ;
#8204 = LINE ( 'NONE', #1487, #2918 ) ;
#8205 = CARTESIAN_POINT ( 'NONE',  ( -13.28033628410117473, 20.81432212528282477, 13.59999999999870468 ) ) ;
#8206 = EDGE_CURVE ( 'NONE', #6643, #2816, #8044, .T. ) ;
#8207 = CARTESIAN_POINT ( 'NONE',  ( 19.30725802099631139, -41.30725910198598427, -2.560380266708460084 ) ) ;
#8208 = CARTESIAN_POINT ( 'NONE',  ( 42.20481555856616041, -16.10000000000012932, 9.600000000000001421 ) ) ;
#8209 = CARTESIAN_POINT ( 'NONE',  ( 41.51270507531864240, -7.292469960017585073, 28.59999999999999787 ) ) ;
#8210 = CARTESIAN_POINT ( 'NONE',  ( -20.84802577744956764, 39.09999999999917719, -2.094740836381769444 ) ) ;
#8211 = VERTEX_POINT ( 'NONE', #839 ) ;
#8212 = FACE_OUTER_BOUND ( 'NONE', #2363, .T. ) ;
#8213 = CARTESIAN_POINT ( 'NONE',  ( -41.19028241225647946, -20.07704667531386988, 7.600000000000000533 ) ) ;
#8214 = CARTESIAN_POINT ( 'NONE',  ( 0.000000000000000000, -21.10000000000013642, 9.600000000000001421 ) ) ;
#8215 = CARTESIAN_POINT ( 'NONE',  ( -20.45345044736524542, -42.72365611449979639, 1.999999999999987121 ) ) ;
#8216 = PRESENTATION_STYLE_ASSIGNMENT (( #8852 ) ) ;
#8217 = APPLICATION_PROTOCOL_DEFINITION ( 'draft international standard', 'automotive_design', 1998, #1812 ) ;
#8218 = DIRECTION ( 'NONE',  ( -0.000000000000000000, -0.000000000000000000, -1.000000000000000000 ) ) ;
#8219 = CARTESIAN_POINT ( 'NONE',  ( 42.07229497478898850, 18.31994558796383643, 7.569999999999995843 ) ) ;
#8220 = DIRECTION ( 'NONE',  ( 0.4173058582581321008, -0.6425946703262690463, -0.6425946703262620519 ) ) ;
#8221 = EDGE_LOOP ( 'NONE', ( #3043, #231, #3606, #5367 ) ) ;
#8222 = EDGE_LOOP ( 'NONE', ( #3739, #7548, #3410, #1918, #8407, #7111, #7994, #6179 ) ) ;
#8223 = CARTESIAN_POINT ( 'NONE',  ( 19.77688266332108213, -41.77688266467108491, -1.893290925106209333 ) ) ;
#8224 = CARTESIAN_POINT ( 'NONE',  ( 12.50000000000000000, 35.89999999999999147, 76.38141135119198566 ) ) ;
#8225 = CARTESIAN_POINT ( 'NONE',  ( 19.97040907923737052, -41.97040907923983610, -1.495219409411863820 ) ) ;
#8226 = CARTESIAN_POINT ( 'NONE',  ( 42.10000000000006537, 16.10000000000013287, 7.599999999999999645 ) ) ;
#8227 = EDGE_CURVE ( 'NONE', #2800, #2058, #1965, .T. ) ;
#8228 = CARTESIAN_POINT ( 'NONE',  ( -19.99887817354171204, 42.52984423246806500, -1.898878173542521086 ) ) ;
#8229 = CARTESIAN_POINT ( 'NONE',  ( 47.91448451592328439, -6.768234991913788079, 13.60000000000000497 ) ) ;
#8230 = CARTESIAN_POINT ( 'NONE',  ( 19.72831701804080140, -42.96197628536842217, 0.5646033801824743570 ) ) ;
#8231 = DIRECTION ( 'NONE',  ( -0.000000000000000000, -0.000000000000000000, -1.000000000000000000 ) ) ;
#8232 = ORIENTED_EDGE ( 'NONE', *, *, #2309, .T. ) ;
#8233 = ORIENTED_EDGE ( 'NONE', *, *, #6817, .T. ) ;
#8234 = EDGE_CURVE ( 'NONE', #8046, #9144, #989, .T. ) ;
#8235 = DIRECTION ( 'NONE',  ( 0.000000000000000000, 0.000000000000000000, 1.000000000000000000 ) ) ;
#8236 = CARTESIAN_POINT ( 'NONE',  ( 16.10000000000002274, 43.84802577744959962, -2.094740836381765003 ) ) ;
#8237 = CARTESIAN_POINT ( 'NONE',  ( -19.89950662132162051, -41.61774815287816409, -1.921437596427235883 ) ) ;
#8238 = DIRECTION ( 'NONE',  ( 0.000000000000000000, -0.000000000000000000, -1.000000000000000000 ) ) ;
#8239 = CARTESIAN_POINT ( 'NONE',  ( -21.06157421608115854, -40.63707660281146161, 9.600000000000003197 ) ) ;
#8240 = B_SPLINE_SURFACE_WITH_KNOTS ( 'NONE', 3, 3, ( 
 ( #5472, #1767, #194, #8487, #3167, #7704, #9174, #2420, #5419, #4730, #8435, #3946 ),
 ( #7002, #1024, #1269, #7194, #9409, #427, #8029, #7981, #3493, #1213, #5703, #2744 ),
 ( #8770, #2603, #3539, #4223, #335, #6497, #4916, #3445, #4317, #2651, #9462, #2796 ),
 ( #8620, #8670, #2700, #5015, #2019, #7292, #3349, #5610, #8716, #1963, #1162, #6547 ),
 ( #4127, #1915, #6449, #475, #7243, #4965, #4871, #9510, #6348, #1118, #5752, #9558 ),
 ( #1864, #4272, #522, #5803, #8818, #2065, #5062, #8078, #1314, #7141, #9362, #7890 ),
 ( #376, #3391, #5656, #6396, #7934, #4171, #724, #4518, #3050, #9608, #2850, #672 ),
 ( #9065, #9707, #9021, #8866, #5852, #2159, #2210, #5312, #2948, #8918, #7396, #2111 ),
 ( #34, #1363, #5953, #1512, #7546, #5167, #8970, #4373, #2897, #5212, #7447, #8332 ),
 ( #8277, #4422, #6653, #3686, #5257, #8230, #3734, #1465, #4467, #9758, #5110, #6006 ),
 ( #774, #7493, #7342, #6747, #8179, #6697, #1567, #9657, #3000, #6050, #1417, #8127 ),
 ( #3786, #2254, #6799, #576, #2305, #3589, #6598, #628, #3640, #5899, #4763, #7741 ) ),
 .UNSPECIFIED., .F., .F., .F.,
 ( 4, 2, 2, 2, 2, 4 ),
 ( 4, 2, 2, 2, 2, 4 ),
 ( 0.000000000000000000, 0.06250000000000000000, 0.1250000000000000000, 0.2500000000000000000, 0.5000000000000000000, 1.000000000000000000 ),
 ( 0.000000000000000000, 0.06250000000000000000, 0.1250000000000000000, 0.2500000000000000000, 0.5000000000000000000, 1.000000000000000000 ),
 .UNSPECIFIED. ) ;
#8241 = CARTESIAN_POINT ( 'NONE',  ( -21.06979218642875296, 41.41047241443177285, 9.600000000000001421 ) ) ;
#8242 = CARTESIAN_POINT ( 'NONE',  ( -17.23397459621556393, -40.10000000000000142, 6.000000000000000000 ) ) ;
#8243 = CYLINDRICAL_SURFACE ( 'NONE', #140, 3.191002977041931921 ) ;
#8244 = CARTESIAN_POINT ( 'NONE',  ( 41.57129478382172749, -19.97397648427638117, 7.599999999999998757 ) ) ;
#8245 = EDGE_CURVE ( 'NONE', #4721, #6603, #5708, .T. ) ;
#8246 = LINE ( 'NONE', #6065, #3153 ) ;
#8247 = ORIENTED_EDGE ( 'NONE', *, *, #9543, .T. ) ;
#8248 = CARTESIAN_POINT ( 'NONE',  ( -21.10000000000000142, 39.09999999999832454, 2.000000000000000000 ) ) ;
#8249 = CARTESIAN_POINT ( 'NONE',  ( -14.09999999999993570, 16.09999999999996945, 28.59999999999999787 ) ) ;
#8250 = DIRECTION ( 'NONE',  ( 1.000000000000000000, 0.000000000000000000, 0.000000000000000000 ) ) ;
#8251 = CARTESIAN_POINT ( 'NONE',  ( -18.35000000000000142, 39.66698729810778445, 7.599999999999999645 ) ) ;
#8252 = DIRECTION ( 'NONE',  ( -1.000000000000000000, 0.000000000000000000, 0.000000000000000000 ) ) ;
#8253 = CARTESIAN_POINT ( 'NONE',  ( -11.69689577749890219, 40.80000000000000426, 7.599999999999999645 ) ) ;
#8254 = CARTESIAN_POINT ( 'NONE',  ( -14.60000000000000142, 34.11769309494244595, 6.000000000000000000 ) ) ;
#8255 = CARTESIAN_POINT ( 'NONE',  ( -12.54737320415809343, -7.288042780054219349, 28.59999999999999787 ) ) ;
#8256 = ADVANCED_FACE ( 'NONE', ( #9467 ), #2750, .T. ) ;
#8257 = CARTESIAN_POINT ( 'NONE',  ( -11.09999999999993570, 18.09999999999996234, 25.59999999999999787 ) ) ;
#8258 = ORIENTED_EDGE ( 'NONE', *, *, #8114, .F. ) ;
#8259 = DIRECTION ( 'NONE',  ( 0.000000000000000000, 0.000000000000000000, 1.000000000000000000 ) ) ;
#8260 = EDGE_LOOP ( 'NONE', ( #567, #512, #9660, #8709 ) ) ;
#8261 = DIRECTION ( 'NONE',  ( -0.000000000000000000, -0.000000000000000000, -1.000000000000000000 ) ) ;
#8262 = CARTESIAN_POINT ( 'NONE',  ( -42.88984178720487250, -19.88984571103815213, 7.599999999999999645 ) ) ;
#8263 = CARTESIAN_POINT ( 'NONE',  ( 39.85000000000006537, 1.850000000000133760, 28.59999999999999787 ) ) ;
#8264 = EDGE_CURVE ( 'NONE', #3192, #6948, #7491, .T. ) ;
#8265 = CARTESIAN_POINT ( 'NONE',  ( -19.09999999999993747, 16.09999999999996945, 13.60000000000000142 ) ) ;
#8266 = VECTOR ( 'NONE', #5747, 1000.000000000000000 ) ;
#8267 = EDGE_CURVE ( 'NONE', #4745, #5807, #7461, .T. ) ;
#8268 = CARTESIAN_POINT ( 'NONE',  ( -20.66766467421546949, 43.53233532578454401, 2.000000000000000888 ) ) ;
#8269 = ORIENTED_EDGE ( 'NONE', *, *, #76, .T. ) ;
#8270 = VERTEX_POINT ( 'NONE', #4921 ) ;
#8271 = CARTESIAN_POINT ( 'NONE',  ( 19.72404729317200278, -41.91159499246953146, -1.811594992472383980 ) ) ;
#8272 = DIRECTION ( 'NONE',  ( 1.000000000000000000, 0.000000000000000000, -0.000000000000000000 ) ) ;
#8273 = CARTESIAN_POINT ( 'NONE',  ( 20.31939570397391748, -41.38919717909330132, -1.665286831765101283 ) ) ;
#8274 = CARTESIAN_POINT ( 'NONE',  ( -10.98433655070921944, -12.38385922780765824, 13.59999999999999787 ) ) ;
#8275 = CIRCLE ( 'NONE', #9531, 0.5000000000000004441 ) ;
#8276 = DIRECTION ( 'NONE',  ( -0.000000000000000000, -0.000000000000000000, -1.000000000000000000 ) ) ;
#8277 = CARTESIAN_POINT ( 'NONE',  ( 20.52666543960833678, -42.52666543960932444, 0.5635990939276882550 ) ) ;
#8278 = CARTESIAN_POINT ( 'NONE',  ( 23.21000000000000085, 39.10000000000000853, -3.000000000000000000 ) ) ;
#8279 = ORIENTED_EDGE ( 'NONE', *, *, #2985, .T. ) ;
#8280 = ORIENTED_EDGE ( 'NONE', *, *, #7643, .T. ) ;
#8281 = ADVANCED_FACE ( 'NONE', ( #6354 ), #8404, .T. ) ;
#8282 = VECTOR ( 'NONE', #3651, 1000.000000000000000 ) ;
#8283 = VERTEX_POINT ( 'NONE', #2303 ) ;
#8284 = CARTESIAN_POINT ( 'NONE',  ( -14.09999999999993570, 21.09999999999995168, 23.84999999999999076 ) ) ;
#8285 = CARTESIAN_POINT ( 'NONE',  ( -16.09999999999994102, -40.77855064893186210, -2.956463716640301165 ) ) ;
#8286 = CARTESIAN_POINT ( 'NONE',  ( 41.99474113930486396, 19.43092493448028790, 7.600000000000000533 ) ) ;
#8287 = CARTESIAN_POINT ( 'NONE',  ( -20.81003976635388142, -42.31763701898216823, 9.600000000000004974 ) ) ;
#8288 = ADVANCED_FACE ( 'NONE', ( #3048 ), #2252, .F. ) ;
#8289 = DIRECTION ( 'NONE',  ( 0.000000000000000000, 0.000000000000000000, 1.000000000000000000 ) ) ;
#8290 = CARTESIAN_POINT ( 'NONE',  ( 16.10000000000000142, 48.46000000000000796, -3.000000000000000000 ) ) ;
#8291 = CARTESIAN_POINT ( 'NONE',  ( 16.10000000000001563, 43.28449770133376262, -2.713554052992250387 ) ) ;
#8292 = CARTESIAN_POINT ( 'NONE',  ( 39.85717863697019681, -20.08525459699136562, 7.599999999999999645 ) ) ;
#8293 = CIRCLE ( 'NONE', #6381, 0.5000000000000004441 ) ;
#8294 = CARTESIAN_POINT ( 'NONE',  ( 43.10000000000006537, -2.399999999999876010, 28.59999999999999432 ) ) ;
#8295 = ORIENTED_EDGE ( 'NONE', *, *, #8072, .T. ) ;
#8296 = CARTESIAN_POINT ( 'NONE',  ( 19.84999999999704201, 42.85000000000004405, -1.750000000002673639 ) ) ;
#8297 = CARTESIAN_POINT ( 'NONE',  ( -14.00743052736752503, 19.39755730796451871, 28.60000000000000142 ) ) ;
#8298 = CARTESIAN_POINT ( 'NONE',  ( -20.85000580965160211, -39.53584101845716958, -1.931646782500463067 ) ) ;
#8299 = CARTESIAN_POINT ( 'NONE',  ( -12.25038463814561318, -36.20000000000000284, 6.000000000000000000 ) ) ;
#8300 = FACE_OUTER_BOUND ( 'NONE', #9332, .T. ) ;
#8301 = CARTESIAN_POINT ( 'NONE',  ( 18.60000000000006892, -4.399999999999876010, 26.85000000000003340 ) ) ;
#8302 = CARTESIAN_POINT ( 'NONE',  ( -19.09572327461122399, 17.34152534698593939, 13.60000000000000497 ) ) ;
#8303 = ADVANCED_FACE ( 'NONE', ( #771 ), #1564, .F. ) ;
#8304 = DIRECTION ( 'NONE',  ( 1.000000000000000000, 0.000000000000000000, 0.000000000000000000 ) ) ;
#8305 = CARTESIAN_POINT ( 'NONE',  ( -18.60000000000000142, 39.23397459621556749, 6.000000000000000000 ) ) ;
#8306 = CARTESIAN_POINT ( 'NONE',  ( 42.09568880629863230, -17.36892443157629273, 7.570000000000543849 ) ) ;
#8307 = CARTESIAN_POINT ( 'NONE',  ( -20.87483915154468050, 43.10733879021313442, 9.599999999999999645 ) ) ;
#8308 = ORIENTED_EDGE ( 'NONE', *, *, #9277, .F. ) ;
#8309 = CARTESIAN_POINT ( 'NONE',  ( -11.19689577749890219, 40.80000000000000426, -22.10446822030533198 ) ) ;
#8310 = CARTESIAN_POINT ( 'NONE',  ( -42.76578909028837217, -19.93545855427080937, 7.599999999999999645 ) ) ;
#8311 = CARTESIAN_POINT ( 'NONE',  ( 21.04464014978420394, 42.06537770899225137, 1.246782720695668090 ) ) ;
#8312 = DIRECTION ( 'NONE',  ( -1.000000000000000000, 0.000000000000000000, 0.000000000000000000 ) ) ;
#8313 = CARTESIAN_POINT ( 'NONE',  ( -16.09999999999998366, -42.96431189082516511, -1.630797051691082800 ) ) ;
#8314 = FILL_AREA_STYLE ('',( #5296 ) ) ;
#8315 = VECTOR ( 'NONE', #6021, 1000.000000000000000 ) ;
#8316 = CARTESIAN_POINT ( 'NONE',  ( -40.80000000000003979, 9.776895777498655349, -15.40511026734024824 ) ) ;
#8317 = CARTESIAN_POINT ( 'NONE',  ( 42.06364008707043212, 19.76978910883077134, 10.03000000000000469 ) ) ;
#8318 = CARTESIAN_POINT ( 'NONE',  ( -20.43424730999803529, 43.09531891447970509, -0.6794331116734755316 ) ) ;
#8319 = VERTEX_POINT ( 'NONE', #5310 ) ;
#8320 = ORIENTED_EDGE ( 'NONE', *, *, #4013, .F. ) ;
#8321 = B_SPLINE_SURFACE_WITH_KNOTS ( 'NONE', 3, 3, ( 
 ( #3783, #6796, #4713, #31, #969, #3973, #9110, #6986, #225, #3241, #2354, #6241 ),
 ( #9251, #2499, #2300, #4514, #8926, #5218, #9663, #2116, #8976, #2903, #5906, #1423 ),
 ( #3645, #679, #2802, #6704, #526, #7500, #6659, #7348, #4429, #2856, #1369, #2261 ),
 ( #9714, #8237, #7453, #1273, #8034, #1471, #2166, #4378, #9027, #8133, #2955, #6753 ),
 ( #6012, #5173, #4474, #3692, #7401, #5959, #4276, #635, #5809, #2216, #9614, #8185 ),
 ( #8824, #7296, #3544, #731, #3742, #5067, #9764, #3007, #6552, #9562, #2070, #8083 ),
 ( #1319, #4324, #582, #3594, #6605, #5857, #8871, #5116, #1573, #780, #8338, #3373 ),
 ( #9248, #2584, #5590, #4801, #9391, #830, #6238, #1055, #8601, #7079, #3331, #9344 ),
 ( #4110, #1843, #2541, #7822, #316, #6376, #2312, #5263, #4065, #3285, #4850, #8285 ),
 ( #2495, #5497, #7868, #1103, #7551, #39, #3792, #222, #5319, #6332, #7124, #359 ),
 ( #3056, #1519, #4525, #4577, #7605, #6286, #8516, #9299, #3238, #7776, #5545, #4015 ),
 ( #6805, #6057, #9072, #8556, #3841, #6983, #1751, #4755, #1008, #7033, #1793, #268 ) ),
 .UNSPECIFIED., .F., .F., .F.,
 ( 4, 2, 2, 2, 2, 4 ),
 ( 4, 2, 2, 2, 2, 4 ),
 ( 0.000000000000000000, 0.06250000000000000000, 0.1250000000000000000, 0.2500000000000000000, 0.5000000000000000000, 1.000000000000000000 ),
 ( 0.000000000000000000, 0.06250000000000000000, 0.1250000000000000000, 0.2500000000000000000, 0.5000000000000000000, 1.000000000000000000 ),
 .UNSPECIFIED. ) ;
#8322 = VECTOR ( 'NONE', #7225, 1000.000000000000000 ) ;
#8323 = CARTESIAN_POINT ( 'NONE',  ( 20.08137278453338936, -41.33080941177895795, -1.981372784538205645 ) ) ;
#8324 = CARTESIAN_POINT ( 'NONE',  ( 21.09802543199293368, 39.10000000000061959, 0.4688596676702382893 ) ) ;
#8325 = CARTESIAN_POINT ( 'NONE',  ( 21.03798432061485713, -41.16143133711470625, 2.000000000000000444 ) ) ;
#8326 = CARTESIAN_POINT ( 'NONE',  ( -17.53623914502689374, 43.33662834523155283, -2.589176211068416222 ) ) ;
#8327 = PRODUCT_RELATED_PRODUCT_CATEGORY ( 'part', '', ( #2331 ) ) ;
#8328 = CARTESIAN_POINT ( 'NONE',  ( 42.10000000000006537, 0.000000000000000000, 7.599999999999999645 ) ) ;
#8329 = EDGE_CURVE ( 'NONE', #7951, #3556, #1166, .T. ) ;
#8330 = CARTESIAN_POINT ( 'NONE',  ( -19.09999999999993747, -2.399999999999876010, 13.60000000000000142 ) ) ;
#8331 = AXIS2_PLACEMENT_3D ( 'NONE', #8352, #1585, #5381 ) ;
#8332 = CARTESIAN_POINT ( 'NONE',  ( 16.10000000000002984, -43.05646371664032301, -0.6785506489318728907 ) ) ;
#8333 = CARTESIAN_POINT ( 'NONE',  ( 18.47000000000205588, 39.10000000000000853, -3.000000000000000000 ) ) ;
#8334 = ORIENTED_EDGE ( 'NONE', *, *, #2491, .T. ) ;
#8335 = ORIENTED_EDGE ( 'NONE', *, *, #6656, .T. ) ;
#8336 = EDGE_LOOP ( 'NONE', ( #5984, #1758, #2572, #777 ) ) ;
#8337 = CARTESIAN_POINT ( 'NONE',  ( 19.97040907923794961, -41.59521940940916096, -1.870409079243180672 ) ) ;
#8338 = CARTESIAN_POINT ( 'NONE',  ( -16.85139133128608790, -41.64449125787407269, -2.878366421012919396 ) ) ;
#8339 = CARTESIAN_POINT ( 'NONE',  ( 42.10000000108653495, 16.46797689304506918, 7.600000000000001421 ) ) ;
#8340 = CARTESIAN_POINT ( 'NONE',  ( -20.88097685546519244, -42.08708972991325936, 9.600000000000001421 ) ) ;
#8341 = VECTOR ( 'NONE', #5597, 1000.000000000000000 ) ;
#8342 = CARTESIAN_POINT ( 'NONE',  ( -14.10000000000000142, 34.11769309494244595, 76.38141135119198566 ) ) ;
#8343 = CARTESIAN_POINT ( 'NONE',  ( -43.20481555856615330, 16.09999999999986287, 9.600000000000001421 ) ) ;
#8344 = CARTESIAN_POINT ( 'NONE',  ( 40.08376142933451547, -20.07960062175207483, 7.600000000000001421 ) ) ;
#8345 = CARTESIAN_POINT ( 'NONE',  ( -43.09674837066046393, 17.04334377586947014, 7.600000000000000533 ) ) ;
#8346 = VECTOR ( 'NONE', #7807, 1000.000000000000000 ) ;
#8347 = ORIENTED_EDGE ( 'NONE', *, *, #1297, .F. ) ;
#8348 = CARTESIAN_POINT ( 'NONE',  ( 19.82769126166716944, 43.06931452656807124, -1.539790960585379009 ) ) ;
#8349 = CARTESIAN_POINT ( 'NONE',  ( -43.09636902247214607, -17.08893986355663941, 7.599999999999998757 ) ) ;
#8350 = UNCERTAINTY_MEASURE_WITH_UNIT (LENGTH_MEASURE( 1.000000000000000082E-05 ), #2344, 'distance_accuracy_value', 'NONE');
#8351 = CARTESIAN_POINT ( 'NONE',  ( 21.00743052736784122, -41.39755730795531719, 9.600000000000001421 ) ) ;
#8352 = CARTESIAN_POINT ( 'NONE',  ( 18.10000000000000142, 44.10000000000000853, 7.599999999999999645 ) ) ;
#8353 = FACE_OUTER_BOUND ( 'NONE', #7450, .T. ) ;
#8354 = CARTESIAN_POINT ( 'NONE',  ( 17.35000000000002274, -2.649999999999878675, 25.59999999999999787 ) ) ;
#8355 = ADVANCED_FACE ( 'NONE', ( #4567 ), #9705, .T. ) ;
#8356 = CARTESIAN_POINT ( 'NONE',  ( 18.52398660120836738, -40.52398588804843627, -3.008192410219999058 ) ) ;
#8357 = CARTESIAN_POINT ( 'NONE',  ( -12.55436243565092269, -7.287125456395469492, 28.60000000000001208 ) ) ;
#8358 = CARTESIAN_POINT ( 'NONE',  ( 43.10000000000006537, 0.000000000000000000, 10.59999999999999964 ) ) ;
#8359 = ORIENTED_EDGE ( 'NONE', *, *, #847, .F. ) ;
#8360 = CARTESIAN_POINT ( 'NONE',  ( -20.86170419352173866, 43.14833751234588277, 9.599999999999999645 ) ) ;
#8361 = VERTEX_POINT ( 'NONE', #6797 ) ;
#8362 = ADVANCED_FACE ( 'NONE', ( #2356 ), #6905, .T. ) ;
#8364 = VECTOR ( 'NONE', #1566, 1000.000000000000000 ) ;
#8363 = CYLINDRICAL_SURFACE ( 'NONE', #5166, 0.5000000000000004441 ) ;
#8365 = CARTESIAN_POINT ( 'NONE',  ( -40.04334377586079086, -20.09674837066087605, 7.600000000000002309 ) ) ;
#8366 = CARTESIAN_POINT ( 'NONE',  ( -40.60000000000003695, 10.27689577749865890, 10.59999999999999964 ) ) ;
#8367 = FACE_OUTER_BOUND ( 'NONE', #5488, .T. ) ;
#8368 = CARTESIAN_POINT ( 'NONE',  ( -18.78705471579178976, -42.56517044976880726, -1.813254603464798276 ) ) ;
#8369 = CYLINDRICAL_SURFACE ( 'NONE', #8959, 0.5000000000000004441 ) ;
#8370 = LINE ( 'NONE', #1601, #9237 ) ;
#8371 = CARTESIAN_POINT ( 'NONE',  ( -20.27338287872943567, 41.77269184024923732, -2.173382878730059087 ) ) ;
#8372 = ORIENTED_EDGE ( 'NONE', *, *, #181, .T. ) ;
#8373 = ORIENTED_EDGE ( 'NONE', *, *, #4095, .T. ) ;
#8374 = CARTESIAN_POINT ( 'NONE',  ( 40.61977647822124027, -12.36550840930488171, 13.59999999999999964 ) ) ;
#8375 = DIRECTION ( 'NONE',  ( -0.000000000000000000, -0.000000000000000000, 1.000000000000000000 ) ) ;
#8376 = CARTESIAN_POINT ( 'NONE',  ( 20.70120575520484607, -41.88114560558175015, -0.3789768448114411159 ) ) ;
#8377 = CARTESIAN_POINT ( 'NONE',  ( -19.01176083913139792, -5.923584865739353056, 13.60000000000000497 ) ) ;
#8378 = CARTESIAN_POINT ( 'NONE',  ( -18.84582051132641922, 41.84582436512721415, -2.921200891706345004 ) ) ;
#8379 = CARTESIAN_POINT ( 'NONE',  ( 40.36820079461961797, -21.07131387799110911, 13.60000000000000142 ) ) ;
#8380 = CARTESIAN_POINT ( 'NONE',  ( -14.09641051250868493, -3.775001414488015961, 18.60000000000000497 ) ) ;
#8381 = CARTESIAN_POINT ( 'NONE',  ( 19.70386467095056204, 42.60982067038170129, -2.101201844132450702 ) ) ;
#8382 = VERTEX_POINT ( 'NONE', #1610 ) ;
#8383 = EDGE_CURVE ( 'NONE', #9599, #9589, #6095, .T. ) ;
#8384 = EDGE_LOOP ( 'NONE', ( #6322, #5065, #4460, #975 ) ) ;
#8385 = ORIENTED_EDGE ( 'NONE', *, *, #1824, .F. ) ;
#8386 = CARTESIAN_POINT ( 'NONE',  ( 15.50000000000000000, -37.50000000000000000, 6.000000000000000000 ) ) ;
#8387 = CARTESIAN_POINT ( 'NONE',  ( -40.80000000000003979, 10.27689577749865713, -15.40511026734024824 ) ) ;
#8388 = CARTESIAN_POINT ( 'NONE',  ( 41.96834341765563181, 19.96816119399936795, 9.600000000000001421 ) ) ;
#8389 = CARTESIAN_POINT ( 'NONE',  ( 0.000000000000000000, -20.20481555856621725, 9.600000000000001421 ) ) ;
#8390 = PLANE ( 'NONE',  #2656 ) ;
#8391 = CARTESIAN_POINT ( 'NONE',  ( -21.10000000000000142, -47.46000000000000796, 2.000000000000000000 ) ) ;
#8392 = CARTESIAN_POINT ( 'NONE',  ( -43.09681646764341423, 17.03497541070228749, 7.599999999999998757 ) ) ;
#8393 = ORIENTED_EDGE ( 'NONE', *, *, #8615, .F. ) ;
#8394 = DIRECTION ( 'NONE',  ( -1.000000000000000000, 0.000000000000000000, 0.000000000000000000 ) ) ;
#8395 = CARTESIAN_POINT ( 'NONE',  ( -43.08982048260111242, -17.62895153282234162, 7.600000000000000533 ) ) ;
#8396 = CARTESIAN_POINT ( 'NONE',  ( -20.84427059966295204, -41.59829718316805014, -0.3837689175047317436 ) ) ;
#8397 = CARTESIAN_POINT ( 'NONE',  ( -42.98331538500394089, -19.50514369042728546, 7.569999999999859064 ) ) ;
#8398 = DIRECTION ( 'NONE',  ( -1.000000000000000000, 0.000000000000000000, 0.000000000000000000 ) ) ;
#8399 = CARTESIAN_POINT ( 'NONE',  ( 21.10000000000000142, 39.09999999999998721, 7.066666666666668206 ) ) ;
#8400 = CARTESIAN_POINT ( 'NONE',  ( -43.08856283237219742, -19.52076669960854360, 9.599999999999972999 ) ) ;
#8401 = B_SPLINE_CURVE_WITH_KNOTS ( 'NONE', 3,
 ( #3066, #5276, #1530, #6068, #3657, #7361, #2868, #5185, #645, #9675, #4439, #7465, #9725, #5973, #8991, #5227, #1484, #5476, #99, #3851, #3173, #7008, #246, #1774, #3951, #2564, #3993, #5425, #4684, #4779, #4040, #1679, #8493, #8395, #8441, #2378, #150, #8349, #7054, #293, #3264, #199, #2425, #9276 ),
 .UNSPECIFIED., .F., .F.,
 ( 4, 1, 1, 1, 2, 2, 1, 1, 1, 2, 2, 1, 1, 1, 1, 2, 2, 1, 1, 1, 1, 1, 2, 2, 1, 1, 1, 1, 1, 2, 2, 4 ),
 ( 0.000000000000000000, 0.03125000000000256045, 0.04687500000000306699, 0.05468750000000333067, 0.05859375000000405231, 0.06250000000000477396, 0.09375000000000810463, 0.1093750000000102141, 0.1171875000000116435, 0.1210937500000123651, 0.1250000000000130729, 0.1875000000000425493, 0.2187500000000588973, 0.2343750000000683342, 0.2421875000000720257, 0.2460937500000738576, 0.2500000000000757172, 0.3750000000001208478, 0.4375000000001448841, 0.4687500000001580402, 0.4843750000001645351, 0.4921875000001678102, 0.4960937500001694755, 0.5000000000001711964, 0.6250000000001375566, 0.6875000000001193490, 0.7187500000001115774, 0.7343750000001076916, 0.7421875000001044720, 0.7460937500001041389, 0.7500000000001038059, 1.000000000000000000 ),
 .UNSPECIFIED. ) ;
#8402 = DIRECTION ( 'NONE',  ( 0.000000000000000000, -0.000000000000000000, -1.000000000000000000 ) ) ;
#8403 = CARTESIAN_POINT ( 'NONE',  ( 17.54556998013401881, -39.54559056778299464, -3.043404054123420188 ) ) ;
#8404 = B_SPLINE_SURFACE_WITH_KNOTS ( 'NONE', 3, 3, ( 
 ( #1274, #7844, #1081, #3497, #5757, #4178, #2705, #7201, #8720, #8775, #4089, #7102 ),
 ( #3354, #1870, #339, #8625, #3545, #5020, #432, #4277, #7297, #6553, #4877, #4132 ),
 ( #1218, #7147, #3399, #6402, #9414, #2657, #3450, #6454, #1969, #7986, #4971, #4229 ),
 ( #682, #4477, #784, #4082, #1116, #3165, #981, #3986, #6346, #9359, #2419, #4674 ),
 ( #4728, #6954, #8571, #1811, #3346, #5516, #4125, #5560, #7000, #6254, #2601, #5608 ),
 ( #238, #1765, #3944, #5469, #4771, #1671, #3255, #1022, #7095, #7702, #8434, #7750 ),
 ( #2557, #4818, #192, #8616, #934, #9269, #1862, #3208, #6206, #333, #9216, #2515 ),
 ( #2464, #8485, #7791, #1723, #4031, #286, #4868, #3302, #6305, #1073, #9315, #7836 ),
 ( #7887, #141, #6160, #1912, #8076, #9407, #6595, #8767, #6494, #3537, #9508, #2016 ),
 ( #5013, #1267, #5850, #519, #8667, #6545, #2793, #1312, #4315, #7340, #3389, #4914 ),
 ( #3586, #5108, #423, #9018, #8176, #5949, #4465, #4515, #1510, #6743, #8916, #7543 ),
 ( #3100, #5164, #3638, #9655, #5255, #821, #1415, #2997, #6096, #6651, #2894, #6048 ) ),
 .UNSPECIFIED., .F., .F., .F.,
 ( 4, 2, 2, 2, 2, 4 ),
 ( 4, 2, 2, 2, 2, 4 ),
 ( 0.000000000000000000, 0.06250000000000000000, 0.1250000000000000000, 0.2500000000000000000, 0.5000000000000000000, 1.000000000000000000 ),
 ( 0.000000000000000000, 0.06250000000000000000, 0.1250000000000000000, 0.2500000000000000000, 0.5000000000000000000, 1.000000000000000000 ),
 .UNSPECIFIED. ) ;
#8405 = CARTESIAN_POINT ( 'NONE',  ( -13.71654195172612489, -6.784023854669700704, 28.59999999999999432 ) ) ;
#8406 = CARTESIAN_POINT ( 'NONE',  ( 42.98866520347225872, -5.842587824097030591, 28.59999999999999787 ) ) ;
#8407 = ORIENTED_EDGE ( 'NONE', *, *, #6476, .F. ) ;
#8408 = CARTESIAN_POINT ( 'NONE',  ( -20.84640685949592509, 43.19274964925094196, 9.600000000000003197 ) ) ;
#8409 = ORIENTED_EDGE ( 'NONE', *, *, #2780, .F. ) ;
#8410 = ADVANCED_FACE ( 'NONE', ( #9665, #8655 ), #409, .T. ) ;
#8411 = CARTESIAN_POINT ( 'NONE',  ( -5.366666666666667140, -43.10000000000001563, 2.000000000000000000 ) ) ;
#8412 = CARTESIAN_POINT ( 'NONE',  ( -42.65726608445287837, -19.95760772477881417, 7.600000000000000533 ) ) ;
#8413 = CARTESIAN_POINT ( 'NONE',  ( 20.59999999999814335, 43.59999999999875087, 1.249999999999557021 ) ) ;
#8414 = CARTESIAN_POINT ( 'NONE',  ( -15.50000000000000000, -37.50000000000000000, 6.000000000000000000 ) ) ;
#8415 = CARTESIAN_POINT ( 'NONE',  ( -20.45345021429153931, 43.72365630556132032, 2.000000000000000888 ) ) ;
#8416 = EDGE_CURVE ( 'NONE', #6090, #3912, #7178, .T. ) ;
#8417 = LINE ( 'NONE', #9102, #4975 ) ;
#8418 = DIRECTION ( 'NONE',  ( -1.000000000000000000, 0.000000000000000000, 0.000000000000000000 ) ) ;
#8419 = CARTESIAN_POINT ( 'NONE',  ( -20.85000580965105854, 43.03164678249879671, 0.5641589815419758569 ) ) ;
#8420 = ORIENTED_EDGE ( 'NONE', *, *, #1797, .F. ) ;
#8421 = B_SPLINE_CURVE_WITH_KNOTS ( 'NONE', 3,
 ( #4287, #5080, #7112, #7952, #4190, #540, #8837, #9380, #8637, #5628, #1934, #1134, #2761, #2036, #7309, #2715, #8094, #9527, #7214, #446, #4101, #3364, #4145, #3464, #8732, #7160, #9430, #4983, #1883, #7999, #4243, #4889, #491, #3509, #5034, #6514, #395, #3413, #6416, #2670, #5676, #8146, #792, #2322, #3803, #1382, #6022, #6766, #4391, #8297, #5918, #2129, #8884, #692, #6818, #49, #3019, #5332, #6670, #2180, #4, #8249 ),
 .UNSPECIFIED., .F., .F.,
 ( 4, 1, 1, 1, 1, 1, 1, 1, 2, 2, 1, 1, 1, 1, 1, 1, 2, 2, 1, 1, 1, 1, 2, 2, 2, 1, 1, 1, 1, 2, 2, 1, 1, 1, 1, 1, 2, 2, 1, 1, 1, 1, 1, 1, 2, 2, 4 ),
 ( 0.000000000000000000, 0.1250000000000490163, 0.1875000000000732470, 0.2187500000000853484, 0.2343750000000910383, 0.2421875000000935363, 0.2460937500000943967, 0.2480468750000944245, 0.2490234375000944245, 0.2500000000000944245, 0.3125000000000939249, 0.3437500000000937028, 0.3593750000000933142, 0.3671875000000930922, 0.3710937500000924816, 0.3730468750000917599, 0.3740234375000917599, 0.3750000000000917599, 0.4062500000001042499, 0.4218750000001104672, 0.4296875000001131317, 0.4335937500001147971, 0.4355468750001161293, 0.4375000000001174061, 0.5000000000001589839, 0.5312500000001805223, 0.5468750000001917355, 0.5546875000001971756, 0.5585937500001999512, 0.5605468750002018385, 0.5625000000002037259, 0.5937500000002220446, 0.6093750000002311484, 0.6171875000002362555, 0.6210937500002382539, 0.6230468750002392531, 0.6240234375002391420, 0.6250000000002390310, 0.6875000000001898481, 0.7187500000001658673, 0.7343750000001543210, 0.7421875000001485478, 0.7460937500001462164, 0.7480468750001449951, 0.7490234375001448841, 0.7500000000001446621, 1.000000000000000000 ),
 .UNSPECIFIED. ) ;
#8422 = CARTESIAN_POINT ( 'NONE',  ( 20.24561279930829727, -41.62905563817778187, -1.529055847160527115 ) ) ;
#8423 = FACE_OUTER_BOUND ( 'NONE', #1153, .T. ) ;
#8424 = CARTESIAN_POINT ( 'NONE',  ( -18.87035893254763508, 41.50669107810309555, -2.969609888566440592 ) ) ;
#8425 = CARTESIAN_POINT ( 'NONE',  ( -19.52984423246846646, 42.99887817354142783, -1.898878173542540182 ) ) ;
#8426 = CARTESIAN_POINT ( 'NONE',  ( -13.86206657713867862, -6.470602038605323791, 13.59999999999876508 ) ) ;
#8427 = CARTESIAN_POINT ( 'NONE',  ( 16.10000000000001563, 43.19473485721425732, -2.748027949107470391 ) ) ;
#8428 = VERTEX_POINT ( 'NONE', #8701 ) ;
#8429 = ORIENTED_EDGE ( 'NONE', *, *, #7643, .F. ) ;
#8430 = ORIENTED_EDGE ( 'NONE', *, *, #7011, .T. ) ;
#8431 = CARTESIAN_POINT ( 'NONE',  ( -9.099999999999951683, 21.09999999999996945, 12.84999999999999964 ) ) ;
#8432 = CARTESIAN_POINT ( 'NONE',  ( 42.09603600301844040, 17.12616797109691547, 7.600000000000000533 ) ) ;
#8433 = CARTESIAN_POINT ( 'NONE',  ( 20.99046056094359614, 42.52861721390314642, 9.600000000000001421 ) ) ;
#8434 = CARTESIAN_POINT ( 'NONE',  ( -16.85089124915062442, 43.94989146761709264, -1.740720662153631526 ) ) ;
#8435 = CARTESIAN_POINT ( 'NONE',  ( 16.84999999999947562, -42.60000000000115961, -2.500000000001726619 ) ) ;
#8436 = DIRECTION ( 'NONE',  ( -0.000000000000000000, -0.000000000000000000, 1.000000000000000000 ) ) ;
#8437 = AXIS2_PLACEMENT_3D ( 'NONE', #2272, #7566, #8938 ) ;
#8438 = LINE ( 'NONE', #7706, #7726 ) ;
#8439 = ORIENTED_EDGE ( 'NONE', *, *, #2504, .F. ) ;
#8440 = CARTESIAN_POINT ( 'NONE',  ( 40.64802443527359799, -3.886897611455286672, 27.36310238854461474 ) ) ;
#8441 = CARTESIAN_POINT ( 'NONE',  ( -43.09372723667187444, -17.34585462791658017, 7.599999999999997868 ) ) ;
#8442 = CARTESIAN_POINT ( 'NONE',  ( -20.59999999999895337, -42.59999999999897113, 1.250000000000116129 ) ) ;
#8443 = CARTESIAN_POINT ( 'NONE',  ( 20.93063647161991980, -41.90107979775314107, 9.600000000000001421 ) ) ;
#8444 = LINE ( 'NONE', #1683, #8004 ) ;
#8445 = VECTOR ( 'NONE', #3853, 1000.000000000000000 ) ;
#8446 = CARTESIAN_POINT ( 'NONE',  ( 20.45345021429155352, -42.72365630556132743, 2.000000000000000000 ) ) ;
#8447 = CARTESIAN_POINT ( 'NONE',  ( -41.29999999999996163, -11.19689577749904430, -15.40511026734024824 ) ) ;
#8448 = DIRECTION ( 'NONE',  ( -1.000000000000000000, -5.115210249675201216E-16, 0.000000000000000000 ) ) ;
#8449 = EDGE_CURVE ( 'NONE', #5843, #2667, #4804, .T. ) ;
#8450 = CARTESIAN_POINT ( 'NONE',  ( -12.58902559124360643, -7.282474740949347769, 28.59999999999999432 ) ) ;
#8451 = CARTESIAN_POINT ( 'NONE',  ( 42.84640685949441519, -6.492749649252345989, 28.59999999999998721 ) ) ;
#8452 = EDGE_LOOP ( 'NONE', ( #6726, #5156, #9142, #8847 ) ) ;
#8453 = CARTESIAN_POINT ( 'NONE',  ( -20.98804278005450996, 42.54737320415769375, 9.600000000000001421 ) ) ;
#8454 = EDGE_LOOP ( 'NONE', ( #8409, #3118, #6764, #8759 ) ) ;
#8455 = AXIS2_PLACEMENT_3D ( 'NONE', #2838, #5397, #6234 ) ;
#8456 = CARTESIAN_POINT ( 'NONE',  ( -7.017877491074699937E-14, 20.10000000000000142, 7.599999999999999645 ) ) ;
#8457 = DIRECTION ( 'NONE',  ( 1.000000000000000000, 0.000000000000000000, 0.000000000000000000 ) ) ;
#8458 = CARTESIAN_POINT ( 'NONE',  ( 20.85000447008808422, 43.03165125944332914, 0.5641603941979065340 ) ) ;
#8459 = LINE ( 'NONE', #8508, #9743 ) ;
#8460 = CARTESIAN_POINT ( 'NONE',  ( -18.77855064893186565, -43.05646371664033012, 2.000000000000000444 ) ) ;
#8461 = EDGE_CURVE ( 'NONE', #3837, #7649, #7872, .T. ) ;
#8462 = DIRECTION ( 'NONE',  ( 1.000000000000000000, 0.000000000000000000, 0.000000000000000000 ) ) ;
#8463 = FACE_OUTER_BOUND ( 'NONE', #644, .T. ) ;
#8464 = CARTESIAN_POINT ( 'NONE',  ( -20.91268977490179992, 42.41333066476362745, -0.3885131512359430994 ) ) ;
#8465 = VERTEX_POINT ( 'NONE', #1898 ) ;
#8466 = CARTESIAN_POINT ( 'NONE',  ( -42.55436243565129217, -20.98712545639569527, 13.60000000000000497 ) ) ;
#8467 = CARTESIAN_POINT ( 'NONE',  ( 20.58390516619718014, -41.28511273046751739, -1.372533052837545897 ) ) ;
#8468 = CARTESIAN_POINT ( 'NONE',  ( -19.06587418865812467, -4.910246549983052766, 13.60000000000000320 ) ) ;
#8469 = AXIS2_PLACEMENT_3D ( 'NONE', #7237, #621, #7389 ) ;
#8470 = CARTESIAN_POINT ( 'NONE',  ( -16.10000000000028564, 43.28449666861355638, -2.713554535445525051 ) ) ;
#8471 = DIRECTION ( 'NONE',  ( 0.000000000000000000, -0.000000000000000000, -1.000000000000000000 ) ) ;
#8472 = CARTESIAN_POINT ( 'NONE',  ( 16.10000000000000142, -47.46000000000000796, -3.000000000000000000 ) ) ;
#8473 = EDGE_CURVE ( 'NONE', #2886, #3540, #6433, .T. ) ;
#8474 = FACE_OUTER_BOUND ( 'NONE', #7438, .T. ) ;
#8475 = VECTOR ( 'NONE', #4029, 1000.000000000000000 ) ;
#8476 = CARTESIAN_POINT ( 'NONE',  ( 16.85089124915010927, 42.84072066215450292, -2.849891467618003826 ) ) ;
#8477 = ORIENTED_EDGE ( 'NONE', *, *, #8558, .F. ) ;
#8478 = EDGE_LOOP ( 'NONE', ( #976, #3363, #6465, #4214, #489, #2991, #8372, #9611, #3619, #6248, #4274, #1216 ) ) ;
#8479 = CARTESIAN_POINT ( 'NONE',  ( 13.40031711825083427, -34.69976218936863432, -2.957831373953969667 ) ) ;
#8480 = CARTESIAN_POINT ( 'NONE',  ( -14.09999999999993570, 16.09999999999996945, 12.84999999999999964 ) ) ;
#8481 = CARTESIAN_POINT ( 'NONE',  ( 42.08982048260720887, 17.62895153245304058, 7.599999999999999645 ) ) ;
#8482 = EDGE_CURVE ( 'NONE', #1738, #8857, #6634, .T. ) ;
#8483 = CARTESIAN_POINT ( 'NONE',  ( 41.76322836282708550, 20.04198630671715620, 9.600000000000001421 ) ) ;
#8484 = VECTOR ( 'NONE', #1924, 1000.000000000000000 ) ;
#8485 = CARTESIAN_POINT ( 'NONE',  ( -20.18619108745963686, 43.35933284383397535, -0.6759075326612410395 ) ) ;
#8486 = CARTESIAN_POINT ( 'NONE',  ( -14.09999999999993570, 16.09999999999996945, 18.60000000000000142 ) ) ;
#8487 = CARTESIAN_POINT ( 'NONE',  ( 19.59521940940668472, -41.97040907924098718, -1.870409079243722239 ) ) ;
#8488 = CARTESIAN_POINT ( 'NONE',  ( -39.10000000000009379, 21.09999999999986642, 7.299999999999999822 ) ) ;
#8489 = ORIENTED_EDGE ( 'NONE', *, *, #9343, .F. ) ;
#8490 = COLOUR_RGB ( '',0.7921568627450980005, 0.8196078431372548767, 0.9333333333333333481 ) ;
#8491 = VERTEX_POINT ( 'NONE', #9496 ) ;
#8492 = CARTESIAN_POINT ( 'NONE',  ( 12.46026316928587008, 40.10000000000000142, 6.000000000000000000 ) ) ;
#8493 = CARTESIAN_POINT ( 'NONE',  ( -43.08525459698746829, -17.85717863716648779, 7.600000000000001421 ) ) ;
#8494 = CARTESIAN_POINT ( 'NONE',  ( -43.20115721356366123, -18.32400627944121396, 10.03000000000028002 ) ) ;
#8495 = CARTESIAN_POINT ( 'NONE',  ( -42.97354894124951130, 20.00867571955347657, 10.03000000000000469 ) ) ;
#8496 = LINE ( 'NONE', #1733, #2606 ) ;
#8497 = CARTESIAN_POINT ( 'NONE',  ( 21.59398867041674919, -12.39999999999987601, 13.60000000000000142 ) ) ;
#8498 = VECTOR ( 'NONE', #6759, 1000.000000000000000 ) ;
#8499 = DIRECTION ( 'NONE',  ( -1.000000000000000000, 0.000000000000000000, 0.000000000000000000 ) ) ;
#8500 = CIRCLE ( 'NONE', #2824, 0.5000000000000004441 ) ;
#8501 = CARTESIAN_POINT ( 'NONE',  ( -41.63707660279292355, 21.06157421608101998, 13.60000000000000142 ) ) ;
#8502 = CARTESIAN_POINT ( 'NONE',  ( 43.10000000000006537, -2.399999999999876010, 28.59999999999999432 ) ) ;
#8503 = ORIENTED_EDGE ( 'NONE', *, *, #7426, .T. ) ;
#8504 = ORIENTED_EDGE ( 'NONE', *, *, #3623, .T. ) ;
#8505 = CARTESIAN_POINT ( 'NONE',  ( 13.13482210506586512, 35.06897852042618524, 0.000000000000000000 ) ) ;
#8506 = CARTESIAN_POINT ( 'NONE',  ( 38.10000000000007958, -12.39999999999987601, 13.60000000000000142 ) ) ;
#8507 = CARTESIAN_POINT ( 'NONE',  ( -16.10000000000000142, 39.09999999999836717, -3.000000000000000000 ) ) ;
#8508 = CARTESIAN_POINT ( 'NONE',  ( -11.69689577749890219, 41.30000000000000426, 0.000000000000000000 ) ) ;
#8509 = ADVANCED_FACE ( 'NONE', ( #4156 ), #5322, .T. ) ;
#8510 = VECTOR ( 'NONE', #997, 1000.000000000000000 ) ;
#8511 = CARTESIAN_POINT ( 'NONE',  ( -44.10000000000007248, -8.261500752994470738E-15, 9.600000000000001421 ) ) ;
#8512 = CARTESIAN_POINT ( 'NONE',  ( -20.27338287872886724, -40.77269184024900284, -2.173382878730252266 ) ) ;
#8513 = CARTESIAN_POINT ( 'NONE',  ( 38.10000000000005826, 20.10000000000013287, 7.599999999999999645 ) ) ;
#8514 = CARTESIAN_POINT ( 'NONE',  ( -20.91268936809856527, 41.48851293542037411, -1.313333905465316809 ) ) ;
#8515 = ORIENTED_EDGE ( 'NONE', *, *, #7484, .F. ) ;
#8516 = CARTESIAN_POINT ( 'NONE',  ( -19.64449941131534416, -38.85138997391127447, -2.878365217700899592 ) ) ;
#8517 = CARTESIAN_POINT ( 'NONE',  ( 21.10000000000000497, -38.86546107923214066, 2.000000000000000888 ) ) ;
#8518 = CARTESIAN_POINT ( 'NONE',  ( -19.72404729317407046, 42.91159499246846565, -1.811594992469633514 ) ) ;
#8519 = CARTESIAN_POINT ( 'NONE',  ( 12.00266051915829379, 37.36355750022128319, 6.000000000000000000 ) ) ;
#8520 = DIRECTION ( 'NONE',  ( -0.000000000000000000, 0.000000000000000000, 1.000000000000000000 ) ) ;
#8521 = CARTESIAN_POINT ( 'NONE',  ( 19.21722931859178018, 42.96949865479046338, -2.170059632255536108 ) ) ;
#8522 = ORIENTED_EDGE ( 'NONE', *, *, #8197, .T. ) ;
#8523 = VERTEX_POINT ( 'NONE', #6370 ) ;
#8524 = CARTESIAN_POINT ( 'NONE',  ( 43.07237354602658996, 18.33773021340035569, 28.59999999999999432 ) ) ;
#8525 = DIRECTION ( 'NONE',  ( 0.000000000000000000, 1.000000000000000000, -0.000000000000000000 ) ) ;
#8526 = EDGE_CURVE ( 'NONE', #1007, #5718, #1838, .T. ) ;
#8527 = CARTESIAN_POINT ( 'NONE',  ( -17.23397459621556393, -40.60000000000000142, 7.599999999999999645 ) ) ;
#8528 = CARTESIAN_POINT ( 'NONE',  ( 41.84437849793672370, 20.01986127612411082, 9.600000000000001421 ) ) ;
#8529 = CARTESIAN_POINT ( 'NONE',  ( 12.16353357722453055, 36.89014451012868534, 0.000000000000000000 ) ) ;
#8530 = CARTESIAN_POINT ( 'NONE',  ( 20.13248562931237728, -42.13248562931457286, -1.094240478162187946 ) ) ;
#8531 = CARTESIAN_POINT ( 'NONE',  ( 12.00266051915829379, 37.36355750022128319, 0.000000000000000000 ) ) ;
#8532 = EDGE_CURVE ( 'NONE', #2901, #6750, #4010, .T. ) ;
#8533 = B_SPLINE_CURVE_WITH_KNOTS ( 'NONE', 3,
 ( #2875, #2186, #5191, #550 ),
 .UNSPECIFIED., .F., .F.,
 ( 4, 4 ),
 ( 0.000000000000000000, 0.6666666666666665186 ),
 .UNSPECIFIED. ) ;
#8534 = ORIENTED_EDGE ( 'NONE', *, *, #6047, .T. ) ;
#8535 = CARTESIAN_POINT ( 'NONE',  ( 19.61774815287684959, 43.02143759642731879, -1.799506621326095068 ) ) ;
#8536 = CARTESIAN_POINT ( 'NONE',  ( 41.97345285620943400, -19.95750394834415431, 9.599999999999941025 ) ) ;
#8537 = B_SPLINE_CURVE_WITH_KNOTS ( 'NONE', 1,
 ( #8763, #6344 ),
 .UNSPECIFIED., .F., .F.,
 ( 2, 2 ),
 ( 0.1747967479675474056, 0.9878048780487789227 ),
 .UNSPECIFIED. ) ;
#8538 = CARTESIAN_POINT ( 'NONE',  ( 20.02143759642360266, 42.89950662132249448, -1.517748152882087531 ) ) ;
#8539 = CARTESIAN_POINT ( 'NONE',  ( 41.81532429733171341, -19.91748157575323575, 7.569999999999995843 ) ) ;
#8540 = DIRECTION ( 'NONE',  ( -0.000000000000000000, -0.000000000000000000, 1.000000000000000000 ) ) ;
#8541 = DIRECTION ( 'NONE',  ( 0.000000000000000000, 1.000000000000000000, 0.000000000000000000 ) ) ;
#8542 = ORIENTED_EDGE ( 'NONE', *, *, #156, .T. ) ;
#8543 = VERTEX_POINT ( 'NONE', #5631 ) ;
#8544 = VERTEX_POINT ( 'NONE', #2579 ) ;
#8545 = CARTESIAN_POINT ( 'NONE',  ( -18.77269184024896020, -42.27338287872890987, -2.173382878730250933 ) ) ;
#8546 = LINE ( 'NONE', #6229, #1799 ) ;
#8547 =( BOUNDED_CURVE ( )  B_SPLINE_CURVE ( 2, ( #4979, #4239, #9572 ),
 .UNSPECIFIED., .F., .T. ) 
 B_SPLINE_CURVE_WITH_KNOTS ( ( 3, 3 ),
 ( 0.000000000000000000, 1.000000000000000000 ),
 .UNSPECIFIED. ) 
 CURVE ( )  GEOMETRIC_REPRESENTATION_ITEM ( )  RATIONAL_B_SPLINE_CURVE ( ( 0.9999999999999996669, 2.499999999999998668, 2.500000000000000000 ) ) 
 REPRESENTATION_ITEM ( '' )  );
#8548 = CARTESIAN_POINT ( 'NONE',  ( 39.99736721230881642, 20.08179634024482496, 7.599999999999999645 ) ) ;
#8549 = DIRECTION ( 'NONE',  ( -0.000000000000000000, 1.000000000000000000, -0.000000000000000000 ) ) ;
#8550 = DIRECTION ( 'NONE',  ( 1.000000000000000000, 0.000000000000000000, 0.000000000000000000 ) ) ;
#8551 = EDGE_CURVE ( 'NONE', #8543, #6154, #1788, .T. ) ;
#8552 = CARTESIAN_POINT ( 'NONE',  ( -11.15442936414045683, 21.09999999999995524, 16.53993676055825546 ) ) ;
#8553 = CARTESIAN_POINT ( 'NONE',  ( -37.50000000000005684, 15.49999999999987033, 10.59999999999999964 ) ) ;
#8554 = CARTESIAN_POINT ( 'NONE',  ( -21.00836052684512723, 42.53069457996083713, 0.5648931975379843928 ) ) ;
#8555 = ORIENTED_EDGE ( 'NONE', *, *, #720, .F. ) ;
#8556 = CARTESIAN_POINT ( 'NONE',  ( -20.28449666861351730, -38.09999999999999432, -2.713554535445538374 ) ) ;
#8557 = CARTESIAN_POINT ( 'NONE',  ( -43.12889382622952184, -20.86802747807814029, 13.59999999999999964 ) ) ;
#8558 = EDGE_CURVE ( 'NONE', #4241, #2423, #1888, .T. ) ;
#8559 = CARTESIAN_POINT ( 'NONE',  ( 20.60000000000000142, -38.10000000000000853, -2.499999999999996891 ) ) ;
#8560 = B_SPLINE_CURVE_WITH_KNOTS ( 'NONE', 3,
 ( #2110, #4316, #7341, #575 ),
 .UNSPECIFIED., .F., .F.,
 ( 4, 4 ),
 ( -0.002002744692617852706, -2.273736754432320595E-13 ),
 .UNSPECIFIED. ) ;
#8561 = CARTESIAN_POINT ( 'NONE',  ( 41.53538422206375458, -20.98959392881960895, 13.60000000000000142 ) ) ;
#8562 = CARTESIAN_POINT ( 'NONE',  ( -13.56235722015772538, -6.937664104507632601, 13.59999999999783959 ) ) ;
#8563 = CARTESIAN_POINT ( 'NONE',  ( 19.89950662132045878, 42.61774815288002571, -1.921437596429520278 ) ) ;
#8564 = ORIENTED_EDGE ( 'NONE', *, *, #4817, .T. ) ;
#8565 = ORIENTED_EDGE ( 'NONE', *, *, #847, .T. ) ;
#8566 = B_SPLINE_CURVE_WITH_KNOTS ( 'NONE', 3,
 ( #5858, #3646, #8872, #1473, #732, #9028, #8187, #6806, #2262, #9664, #8927, #5266, #6660, #5812, #8286, #1520, #2904, #2117, #2167, #8825, #7554, #6705, #781, #680, #9715, #2071, #2956, #5960, #8978, #5219, #5117, #8134, #1370, #8481, #2313, #9266, #8432, #9121, #6204, #4624, #3162, #5320, #8339, #1720 ),
 .UNSPECIFIED., .F., .F.,
 ( 4, 1, 1, 1, 2, 2, 1, 1, 1, 2, 2, 1, 1, 1, 1, 2, 2, 1, 1, 1, 1, 1, 2, 2, 1, 1, 1, 1, 1, 2, 2, 4 ),
 ( 0.000000000000000000, 0.03125000000001018630, 0.04687500000001604966, 0.05468750000001897787, 0.05859375000002044892, 0.06250000000002191303, 0.09375000000002819966, 0.1093750000000326961, 0.1171875000000349443, 0.1210937500000360684, 0.1250000000000371925, 0.1875000000000406342, 0.2187500000000426326, 0.2343750000000446587, 0.2421875000000442979, 0.2460937500000439371, 0.2500000000000435763, 0.3750000000000817124, 0.4375000000000995315, 0.4687500000001097455, 0.4843750000001149636, 0.4921875000001187384, 0.4960937500001206812, 0.5000000000001225686, 0.6250000000001346701, 0.6875000000001393330, 0.7187500000001416645, 0.7343750000001415534, 0.7421875000001402212, 0.7460937500001395550, 0.7500000000001387779, 1.000000000000000000 ),
 .UNSPECIFIED. ) ;
#8567 = CARTESIAN_POINT ( 'NONE',  ( 43.10000000000006537, 16.10000000000013287, 28.59999999999999432 ) ) ;
#8568 = DIRECTION ( 'NONE',  ( -0.000000000000000000, -0.000000000000000000, 1.000000000000000000 ) ) ;
#8569 = CARTESIAN_POINT ( 'NONE',  ( -39.10000000000007248, -21.10000000000013642, 9.600000000000001421 ) ) ;
#8570 = CARTESIAN_POINT ( 'NONE',  ( 20.53880138776148456, 43.66090659504317983, 9.600000000000004974 ) ) ;
#8571 = CARTESIAN_POINT ( 'NONE',  ( -19.85240843124251597, 43.10546131036131356, -1.470476168573386033 ) ) ;
#8572 = CARTESIAN_POINT ( 'NONE',  ( 45.01467376633602413, -11.32723871807456995, 13.59999999999998366 ) ) ;
#8573 = CARTESIAN_POINT ( 'NONE',  ( -40.60000000000003695, 10.77689577749865890, 10.59999999999999964 ) ) ;
#8574 = CARTESIAN_POINT ( 'NONE',  ( -12.19689577749890219, 40.10000000000000142, 7.599999999999998757 ) ) ;
#8575 = ADVANCED_FACE ( 'NONE', ( #7862 ), #5113, .F. ) ;
#8576 = VECTOR ( 'NONE', #2205, 1000.000000000000114 ) ;
#8577 = ORIENTED_EDGE ( 'NONE', *, *, #9169, .F. ) ;
#8578 = CARTESIAN_POINT ( 'NONE',  ( 20.09531891447710450, 43.43424730999756633, -0.6794331116755003563 ) ) ;
#8579 = CARTESIAN_POINT ( 'NONE',  ( 38.10000000000005826, -20.20481555856307310, 9.600000000000001421 ) ) ;
#8580 = EDGE_CURVE ( 'NONE', #4264, #6020, #8595, .T. ) ;
#8581 = CARTESIAN_POINT ( 'NONE',  ( 20.44018644154875730, 41.47580190091832009, -2.161295015601208735 ) ) ;
#8582 = VECTOR ( 'NONE', #6974, 1000.000000000000000 ) ;
#8583 = B_SPLINE_CURVE_WITH_KNOTS ( 'NONE', 3,
 ( #856, #114, #6184, #5242 ),
 .UNSPECIFIED., .F., .F.,
 ( 4, 4 ),
 ( 0.000000000000000000, 1.000000000000000000 ),
 .UNSPECIFIED. ) ;
#8584 = CARTESIAN_POINT ( 'NONE',  ( 41.73881208845209301, -19.93845260907452754, 7.569999999999995843 ) ) ;
#8585 = DIRECTION ( 'NONE',  ( 0.000000000000000000, 0.000000000000000000, -1.000000000000000000 ) ) ;
#8586 = DIRECTION ( 'NONE',  ( 1.000000000000000000, 0.000000000000000000, 0.000000000000000000 ) ) ;
#8587 = ORIENTED_EDGE ( 'NONE', *, *, #3324, .F. ) ;
#8588 = ORIENTED_EDGE ( 'NONE', *, *, #2013, .F. ) ;
#8589 = ORIENTED_EDGE ( 'NONE', *, *, #1252, .F. ) ;
#8590 = DIRECTION ( 'NONE',  ( -0.000000000000000000, -0.000000000000000000, -1.000000000000000000 ) ) ;
#8591 = CIRCLE ( 'NONE', #9536, 3.149999999999999911 ) ;
#8592 = CARTESIAN_POINT ( 'NONE',  ( 41.62994004719669050, 19.96301418375891501, 7.600000000000000533 ) ) ;
#8593 = FACE_OUTER_BOUND ( 'NONE', #7795, .T. ) ;
#8594 = ADVANCED_FACE ( 'NONE', ( #3418 ), #7445, .T. ) ;
#8595 = LINE ( 'NONE', #1188, #1660 ) ;
#8596 = CARTESIAN_POINT ( 'NONE',  ( -13.22667846996282037, 21.09999999999995879, 14.51548021183410420 ) ) ;
#8597 = CARTESIAN_POINT ( 'NONE',  ( 15.50000000000000000, 37.50000000000000000, 6.000000000000000000 ) ) ;
#8598 = VECTOR ( 'NONE', #3750, 1000.000000000000000 ) ;
#8599 = CARTESIAN_POINT ( 'NONE',  ( -21.10000000000000853, 39.09999999999961773, 1.234535060370021586 ) ) ;
#8600 = ORIENTED_EDGE ( 'NONE', *, *, #3832, .T. ) ;
#8601 = CARTESIAN_POINT ( 'NONE',  ( -18.50669107810336911, -40.87035893254727625, -2.969609888566626665 ) ) ;
#8602 = CARTESIAN_POINT ( 'NONE',  ( -44.01881759006082007, -19.27279173386155264, 13.60000000000000142 ) ) ;
#8603 = DIRECTION ( 'NONE',  ( 1.000000000000000000, 0.000000000000000000, 0.000000000000000000 ) ) ;
#8604 = CARTESIAN_POINT ( 'NONE',  ( -20.43669093743022103, -42.61665412125312002, 0.5636572871558784836 ) ) ;
#8605 = CARTESIAN_POINT ( 'NONE',  ( 42.86802747807855241, -20.12889382622866563, 13.60000000000000497 ) ) ;
#8606 = SHAPE_REPRESENTATION_RELATIONSHIP ( 'NONE' , 'NONE' ,  #366, #6601 ) ;
#8607 = LINE ( 'NONE', #7130, #6762 ) ;
#8608 = CARTESIAN_POINT ( 'NONE',  ( 19.82204963953302013, 41.79115110422984003, -2.521613653228999219 ) ) ;
#8609 = ORIENTED_EDGE ( 'NONE', *, *, #6544, .T. ) ;
#8610 = ORIENTED_EDGE ( 'NONE', *, *, #2293, .F. ) ;
#8611 = CARTESIAN_POINT ( 'NONE',  ( 42.99246996001757992, 19.51270507532019849, 28.59999999999999432 ) ) ;
#8612 = FACE_OUTER_BOUND ( 'NONE', #8673, .T. ) ;
#8613 = CARTESIAN_POINT ( 'NONE',  ( -20.35072599843484653, -42.35072599843486074, -0.3758702989074833578 ) ) ;
#8614 = CARTESIAN_POINT ( 'NONE',  ( 15.50000000000000000, -37.50000000000000000, 2.000000000000000000 ) ) ;
#8615 = EDGE_CURVE ( 'NONE', #1571, #656, #8275, .T. ) ;
#8616 = CARTESIAN_POINT ( 'NONE',  ( -19.80406933661248559, 43.38772453215827341, -1.140034776126267690 ) ) ;
#8617 = CARTESIAN_POINT ( 'NONE',  ( 38.82135399905190809, -7.400000000738661043, 13.59999999999483755 ) ) ;
#8618 = VECTOR ( 'NONE', #3581, 1000.000000000000000 ) ;
#8619 = ADVANCED_FACE ( 'NONE', ( #1336 ), #8942, .T. ) ;
#8620 = CARTESIAN_POINT ( 'NONE',  ( 19.97040907923737052, -41.97040907923983610, -1.495219409411863820 ) ) ;
#8621 = CARTESIAN_POINT ( 'NONE',  ( -44.10000000000007248, 21.09999999999984510, 13.90000000000000036 ) ) ;
#8622 = EDGE_LOOP ( 'NONE', ( #4597, #1593, #630, #3381 ) ) ;
#8623 = ORIENTED_EDGE ( 'NONE', *, *, #7758, .T. ) ;
#8624 = CARTESIAN_POINT ( 'NONE',  ( 19.80406941628772799, 43.38772446907755409, -1.140035033709070778 ) ) ;
#8625 = CARTESIAN_POINT ( 'NONE',  ( -19.61774815859694954, 43.02143759642313370, -1.799506621326058875 ) ) ;
#8626 = VECTOR ( 'NONE', #4945, 1000.000000000000000 ) ;
#8627 = AXIS2_PLACEMENT_3D ( 'NONE', #4053, #4890, #7859 ) ;
#8628 = CARTESIAN_POINT ( 'NONE',  ( 20.62161405295861627, 41.79115177378948687, -1.722048096577946552 ) ) ;
#8629 = CARTESIAN_POINT ( 'NONE',  ( 39.60000000000006537, -4.959016994374857212, 23.89999999999999858 ) ) ;
#8630 = CARTESIAN_POINT ( 'NONE',  ( -19.16143133711470981, -43.03798432061488199, 2.000000000000023093 ) ) ;
#8631 = VECTOR ( 'NONE', #2718, 1000.000000000000000 ) ;
#8632 = CARTESIAN_POINT ( 'NONE',  ( -43.09948029764396438, 20.87725659433494485, 13.60000000000000142 ) ) ;
#8633 = DIRECTION ( 'NONE',  ( 0.000000000000000000, 0.000000000000000000, -1.000000000000000000 ) ) ;
#8634 = ORIENTED_EDGE ( 'NONE', *, *, #5690, .F. ) ;
#8635 = EDGE_LOOP ( 'NONE', ( #2458, #8373, #2457, #8335 ) ) ;
#8636 = ORIENTED_EDGE ( 'NONE', *, *, #1021, .T. ) ;
#8637 = CARTESIAN_POINT ( 'NONE',  ( -11.38329560835341248, 21.07077768596495559, 28.59999999999999076 ) ) ;
#8638 = CARTESIAN_POINT ( 'NONE',  ( -17.23397459621556393, 40.10000000000000142, 6.000000000000000000 ) ) ;
#8639 = CARTESIAN_POINT ( 'NONE',  ( 40.44941599430249823, 20.06846027190708526, 7.600000000000001421 ) ) ;
#8640 = DIRECTION ( 'NONE',  ( 0.000000000000000000, 0.000000000000000000, 1.000000000000000000 ) ) ;
#8641 = ADVANCED_FACE ( 'NONE', ( #7268 ), #4648, .F. ) ;
#8642 = EDGE_CURVE ( 'NONE', #4861, #6973, #8003, .T. ) ;
#8643 = CARTESIAN_POINT ( 'NONE',  ( -19.09683023553770553, 17.59548118335282041, 13.60000000000000142 ) ) ;
#8644 = VECTOR ( 'NONE', #1873, 1000.000000000000000 ) ;
#8645 = CARTESIAN_POINT ( 'NONE',  ( -12.17823738714137605, 21.09999999999995879, 15.52359396062479746 ) ) ;
#8646 = CARTESIAN_POINT ( 'NONE',  ( -42.91309494534985447, 19.84221813256271716, 7.600000000000000533 ) ) ;
#8647 = EDGE_CURVE ( 'NONE', #9045, #3340, #4039, .T. ) ;
#8648 = CARTESIAN_POINT ( 'NONE',  ( -21.09999999999990905, 39.86398131449514182, 1.236015187890732836 ) ) ;
#8649 = ORIENTED_EDGE ( 'NONE', *, *, #5198, .T. ) ;
#8650 = AXIS2_PLACEMENT_3D ( 'NONE', #8224, #8272, #3095 ) ;
#8652 = VECTOR ( 'NONE', #5682, 1000.000000000000000 ) ;
#8651 = CARTESIAN_POINT ( 'NONE',  ( 15.50000000000000000, -37.50000000000000000, 6.000000000000000000 ) ) ;
#8653 = CARTESIAN_POINT ( 'NONE',  ( -42.72889785856928313, -20.96164780065825184, 13.60000000000000142 ) ) ;
#8654 = CARTESIAN_POINT ( 'NONE',  ( 20.86925953092292474, -38.85036882630004129, -2.036512647372039631 ) ) ;
#8655 = FACE_BOUND ( 'NONE', #1131, .T. ) ;
#8656 = CARTESIAN_POINT ( 'NONE',  ( 43.09011195108236336, -17.84967719374104433, 13.60000000000000320 ) ) ;
#8657 =( NAMED_UNIT ( * ) SI_UNIT ( $, .STERADIAN. ) SOLID_ANGLE_UNIT ( ) );
#8658 = CARTESIAN_POINT ( 'NONE',  ( -9.811581657458255279, -12.40000000078310194, 13.60000000000000142 ) ) ;
#8659 = CARTESIAN_POINT ( 'NONE',  ( 16.10000000000001563, 41.77855064893209658, -2.956463716640295836 ) ) ;
#8660 = ORIENTED_EDGE ( 'NONE', *, *, #1797, .T. ) ;
#8661 = ORIENTED_EDGE ( 'NONE', *, *, #2512, .T. ) ;
#8662 = CARTESIAN_POINT ( 'NONE',  ( -17.23397459621555328, 40.10000000000000142, 7.599999999999999645 ) ) ;
#8663 = CARTESIAN_POINT ( 'NONE',  ( -14.09999999999993570, -7.399999999999876010, 18.35000000000001563 ) ) ;
#8664 = CARTESIAN_POINT ( 'NONE',  ( -20.13248562931390495, -42.13248562931393337, -1.094240478160070529 ) ) ;
#8665 = CARTESIAN_POINT ( 'NONE',  ( -20.10000000000000497, -38.10000000000001563, -3.000000000000000888 ) ) ;
#8666 = DIRECTION ( 'NONE',  ( 0.000000000000000000, 0.000000000000000000, 1.000000000000000000 ) ) ;
#8667 = CARTESIAN_POINT ( 'NONE',  ( -20.03165125944457969, 43.85000447008989255, 0.5641603941985777748 ) ) ;
#8668 = CARTESIAN_POINT ( 'NONE',  ( 46.67090183457021624, -9.839950794868986605, 13.60000000000000142 ) ) ;
#8669 = EDGE_CURVE ( 'NONE', #9221, #2113, #7572, .T. ) ;
#8670 = CARTESIAN_POINT ( 'NONE',  ( 19.89950662131986903, -42.02143759642626719, -1.517748152882346879 ) ) ;
#8671 = CARTESIAN_POINT ( 'NONE',  ( 20.13248562931232755, 43.13248562931477892, -1.094240478162133767 ) ) ;
#8672 = ORIENTED_EDGE ( 'NONE', *, *, #4780, .F. ) ;
#8673 = EDGE_LOOP ( 'NONE', ( #4698, #2103, #4559, #8542 ) ) ;
#8674 = CARTESIAN_POINT ( 'NONE',  ( 19.52984423246647339, 42.99887817354304076, -1.898878173545437864 ) ) ;
#8675 = CARTESIAN_POINT ( 'NONE',  ( -11.09999999999993570, -4.399999999999876010, 10.59999999999999787 ) ) ;
#8676 = CARTESIAN_POINT ( 'NONE',  ( -19.62905563817843202, 42.62905584715759488, -2.145612799311666485 ) ) ;
#8677 = CARTESIAN_POINT ( 'NONE',  ( -21.10000000000000853, -43.10000000000000853, 7.486666666666669023 ) ) ;
#8678 = CARTESIAN_POINT ( 'NONE',  ( 20.60000000000000142, 39.10000000000093934, -2.500000000000003997 ) ) ;
#8679 = CARTESIAN_POINT ( 'NONE',  ( 41.95760772477650136, -19.65726608445660872, 7.600000000000001421 ) ) ;
#8680 = CARTESIAN_POINT ( 'NONE',  ( 42.00867571955115665, 19.97354894125432878, 10.03000000000000647 ) ) ;
#8681 = FACE_OUTER_BOUND ( 'NONE', #9118, .T. ) ;
#8682 = CARTESIAN_POINT ( 'NONE',  ( -43.03820785104429802, 20.89504420574598953, 13.60000000000000142 ) ) ;
#8683 = ORIENTED_EDGE ( 'NONE', *, *, #9134, .T. ) ;
#8684 = EDGE_LOOP ( 'NONE', ( #716, #5766, #3507, #1110 ) ) ;
#8685 = ORIENTED_EDGE ( 'NONE', *, *, #2188, .F. ) ;
#8686 = CARTESIAN_POINT ( 'NONE',  ( 16.10000000000000142, -43.10000000000000853, 4.533333333333334991 ) ) ;
#8687 = CARTESIAN_POINT ( 'NONE',  ( -20.13248562931475405, -41.19424047815852674, -2.032485629316367781 ) ) ;
#8688 = CARTESIAN_POINT ( 'NONE',  ( 40.89628922577973213, 20.04450687065478576, 7.600000000000000533 ) ) ;
#8689 = CARTESIAN_POINT ( 'NONE',  ( 36.12000000000005429, -15.49999999999987033, 11.83000000000000007 ) ) ;
#8690 = DIRECTION ( 'NONE',  ( 1.000000000000000000, 0.000000000000000000, 0.000000000000000000 ) ) ;
#8691 = CARTESIAN_POINT ( 'NONE',  ( -13.84012292039583514, 21.09999999999995168, 14.06686429684038053 ) ) ;
#8692 = CARTESIAN_POINT ( 'NONE',  ( 19.52984423246647339, 42.99887817354304076, -1.898878173545437864 ) ) ;
#8693 = EDGE_CURVE ( 'NONE', #4811, #3630, #5231, .T. ) ;
#8694 = DIRECTION ( 'NONE',  ( 0.000000000000000000, 0.000000000000000000, 1.000000000000000000 ) ) ;
#8695 = CYLINDRICAL_SURFACE ( 'NONE', #3894, 0.5000000000000004441 ) ;
#8696 = ORIENTED_EDGE ( 'NONE', *, *, #5737, .T. ) ;
#8697 = CARTESIAN_POINT ( 'NONE',  ( -15.50000000000000000, -37.50000000000000000, 6.000000000000000000 ) ) ;
#8698 = FACE_OUTER_BOUND ( 'NONE', #2163, .T. ) ;
#8699 = PLANE ( 'NONE',  #533 ) ;
#8700 = CIRCLE ( 'NONE', #3597, 0.5000000000000004441 ) ;
#8701 = CARTESIAN_POINT ( 'NONE',  ( -18.10000000000000142, -39.23397459621556749, 6.000000000000000000 ) ) ;
#8702 = EDGE_CURVE ( 'NONE', #7332, #4014, #2229, .T. ) ;
#8703 = CARTESIAN_POINT ( 'NONE',  ( 41.52861721389862737, -20.99046056094424273, 13.59999999999999609 ) ) ;
#8704 = B_SPLINE_CURVE_WITH_KNOTS ( 'NONE', 3,
 ( #9196, #7583, #6931, #64 ),
 .UNSPECIFIED., .F., .F.,
 ( 4, 4 ),
 ( 0.000000000000000000, 0.6666666666666669627 ),
 .UNSPECIFIED. ) ;
#8705 = DIRECTION ( 'NONE',  ( -0.000000000000000000, -0.000000000000000000, -1.000000000000000000 ) ) ;
#8706 = CARTESIAN_POINT ( 'NONE',  ( 20.52666543961012735, 40.53640090607201785, -2.426665439612250452 ) ) ;
#8707 = CARTESIAN_POINT ( 'NONE',  ( 19.59829718316867542, 41.48376891750643836, -2.744270599666455368 ) ) ;
#8708 = ORIENTED_EDGE ( 'NONE', *, *, #5145, .F. ) ;
#8709 = ORIENTED_EDGE ( 'NONE', *, *, #5664, .F. ) ;
#8710 = CARTESIAN_POINT ( 'NONE',  ( 41.91518271912298843, -12.27896583797028462, 13.60000000000000142 ) ) ;
#8711 = LINE ( 'NONE', #9403, #2635 ) ;
#8712 = CARTESIAN_POINT ( 'NONE',  ( -20.62161365322490880, -41.82204963953246590, -0.6911511042284335105 ) ) ;
#8713 = CARTESIAN_POINT ( 'NONE',  ( -20.52666543961101908, 40.53640090607038360, -2.426665439611345398 ) ) ;
#8714 = LINE ( 'NONE', #5012, #2178 ) ;
#8715 = CARTESIAN_POINT ( 'NONE',  ( 42.87812371297918190, -6.404962989093855086, 13.59999999999675957 ) ) ;
#8716 = CARTESIAN_POINT ( 'NONE',  ( 18.47776664532814905, -42.64662036395904465, -1.876454066931639186 ) ) ;
#8717 = ORIENTED_EDGE ( 'NONE', *, *, #1948, .F. ) ;
#8718 = ORIENTED_EDGE ( 'NONE', *, *, #8461, .F. ) ;
#8719 = CARTESIAN_POINT ( 'NONE',  ( 19.68537544719298893, 43.36974103932009683, -1.303430746701931486 ) ) ;
#8720 = CARTESIAN_POINT ( 'NONE',  ( -18.47587029890713239, 43.35072599843645236, -2.250725998437197450 ) ) ;
#8721 = CARTESIAN_POINT ( 'NONE',  ( -19.72831132817963251, 40.53539937452409703, -2.861977240290371594 ) ) ;
#8722 = CARTESIAN_POINT ( 'NONE',  ( 42.01938072535833868, 19.84601726415412415, 9.599999999999637268 ) ) ;
#8723 = CARTESIAN_POINT ( 'NONE',  ( 20.44040297829732111, 42.25137024352490300, -1.621075194040722423 ) ) ;
#8724 = CARTESIAN_POINT ( 'NONE',  ( -42.98438209060723381, -19.98672844033767504, 10.03000000000000469 ) ) ;
#8725 = VECTOR ( 'NONE', #9541, 1000.000000000000000 ) ;
#8726 = CARTESIAN_POINT ( 'NONE',  ( 43.10000000000006537, -21.10000000000013642, 11.69999999999999574 ) ) ;
#8727 = DIRECTION ( 'NONE',  ( -1.000000000000000000, 0.000000000000000000, 0.000000000000000000 ) ) ;
#8728 = CARTESIAN_POINT ( 'NONE',  ( -42.72179701815418440, -20.05142201890374309, 9.600000000000001421 ) ) ;
#8729 = ORIENTED_EDGE ( 'NONE', *, *, #1824, .T. ) ;
#8730 = VERTEX_POINT ( 'NONE', #7621 ) ;
#8731 = VERTEX_POINT ( 'NONE', #8253 ) ;
#8732 = CARTESIAN_POINT ( 'NONE',  ( -12.96631460140416081, 20.91392182096149810, 28.59999999999999787 ) ) ;
#8733 = CARTESIAN_POINT ( 'NONE',  ( -20.20120180180427738, -41.60982081020947732, -1.603864678953482503 ) ) ;
#8734 = CARTESIAN_POINT ( 'NONE',  ( 38.10000000000005116, 20.20481555856621370, 9.600000000000001421 ) ) ;
#8735 = EDGE_CURVE ( 'NONE', #2392, #742, #844, .T. ) ;
#8736 = DIRECTION ( 'NONE',  ( 3.616999854740248348E-16, -0.7071067811865437980, -0.7071067811865512365 ) ) ;
#8737 = AXIS2_PLACEMENT_3D ( 'NONE', #1148, #1796, #2686 ) ;
#8738 = CARTESIAN_POINT ( 'NONE',  ( -13.70552583296829319, 20.47613984652348051, 18.59999999999935838 ) ) ;
#8739 = EDGE_CURVE ( 'NONE', #4390, #1015, #6981, .T. ) ;
#8740 = CARTESIAN_POINT ( 'NONE',  ( 19.76528687392923089, -41.38919738757479649, -2.219395653706495164 ) ) ;
#8741 = CARTESIAN_POINT ( 'NONE',  ( -13.80127803321973978, 21.09999999999995168, 14.08857594997938989 ) ) ;
#8742 = DIRECTION ( 'NONE',  ( 0.000000000000000000, 0.000000000000000000, 1.000000000000000000 ) ) ;
#8743 = AXIS2_PLACEMENT_3D ( 'NONE', #9679, #7365, #3611 ) ;
#8744 = DIRECTION ( 'NONE',  ( 0.000000000000000000, 0.000000000000000000, 1.000000000000000000 ) ) ;
#8745 = CARTESIAN_POINT ( 'NONE',  ( 40.59999999999998721, 4.850000000000186162, 25.59999999999999787 ) ) ;
#8746 = EDGE_LOOP ( 'NONE', ( #8032, #5613 ) ) ;
#8747 = CARTESIAN_POINT ( 'NONE',  ( 20.60000000000006537, 14.83538406167147095, 20.89999999999999503 ) ) ;
#8748 = PLANE ( 'NONE',  #4397 ) ;
#8749 = CARTESIAN_POINT ( 'NONE',  ( 39.35000000000001563, -4.399999999999876010, 26.85000000000003340 ) ) ;
#8750 = CARTESIAN_POINT ( 'NONE',  ( -19.64449125787241357, -42.97836642101142246, 1.248608668713618641 ) ) ;
#8751 = EDGE_CURVE ( 'NONE', #7427, #8319, #6744, .T. ) ;
#8752 = AXIS2_PLACEMENT_3D ( 'NONE', #9396, #5692, #4952 ) ;
#8753 = AXIS2_PLACEMENT_3D ( 'NONE', #3999, #7806, #7716 ) ;
#8754 = LINE ( 'NONE', #2001, #6944 ) ;
#8755 = SHAPE_DEFINITION_REPRESENTATION ( #7777, #366 ) ;
#8756 = CARTESIAN_POINT ( 'NONE',  ( -9.099999999999933920, -7.399999999999876010, 13.60000000000000142 ) ) ;
#8757 = CARTESIAN_POINT ( 'NONE',  ( 20.18619108745870605, 41.77590753266179036, -2.259332843837182914 ) ) ;
#8758 = VERTEX_POINT ( 'NONE', #1385 ) ;
#8759 = ORIENTED_EDGE ( 'NONE', *, *, #7576, .T. ) ;
#8760 = CARTESIAN_POINT ( 'NONE',  ( 42.14833751234580461, 20.86170419352208327, 28.59999999999999787 ) ) ;
#8761 = CARTESIAN_POINT ( 'NONE',  ( -42.60471939032744615, -20.09829147979318975, 10.02999999999993719 ) ) ;
#8762 = FACE_OUTER_BOUND ( 'NONE', #5169, .T. ) ;
#8763 = CARTESIAN_POINT ( 'NONE',  ( 38.10000000000005826, -20.20481555856307310, 9.600000000000001421 ) ) ;
#8764 = CIRCLE ( 'NONE', #2613, 0.5000000000000004441 ) ;
#8765 = CARTESIAN_POINT ( 'NONE',  ( 13.40031711825083427, -34.69976218936863432, 6.000000000000000000 ) ) ;
#8766 = EDGE_CURVE ( 'NONE', #5101, #3542, #1437, .T. ) ;
#8768 = EDGE_CURVE ( 'NONE', #7951, #1367, #8204, .T. ) ;
#8767 = CARTESIAN_POINT ( 'NONE',  ( -18.87036442724930652, 44.06960953871741538, -0.4066912781470659599 ) ) ;
#8769 = CARTESIAN_POINT ( 'NONE',  ( 43.08360980520384231, -4.416600723516279636, 13.60000000000129283 ) ) ;
#8770 = CARTESIAN_POINT ( 'NONE',  ( 19.91159499246636599, -41.91159499246893461, -1.624047293177403262 ) ) ;
#8771 = ORIENTED_EDGE ( 'NONE', *, *, #2674, .F. ) ;
#8772 = EDGE_CURVE ( 'NONE', #5315, #1305, #7804, .T. ) ;
#8773 = ORIENTED_EDGE ( 'NONE', *, *, #8768, .F. ) ;
#8774 = CARTESIAN_POINT ( 'NONE',  ( 19.06536417594338317, 44.04464114138217923, 1.246780727450452320 ) ) ;
#8775 = CARTESIAN_POINT ( 'NONE',  ( -17.53640090607124691, 43.52666543961096579, -2.426665439611389363 ) ) ;
#8776 = CARTESIAN_POINT ( 'NONE',  ( -19.59521940940866358, 42.97040907923968689, -1.870409079240821448 ) ) ;
#8777 = CARTESIAN_POINT ( 'NONE',  ( -16.10000000000000497, -43.10000000000000853, 7.486666666666669023 ) ) ;
#8778 = CARTESIAN_POINT ( 'NONE',  ( 20.91268936809622048, 42.41333390546301985, -0.3885129354226734000 ) ) ;
#8779 = CARTESIAN_POINT ( 'NONE',  ( 42.09714857553976231, -16.99274735649210299, 7.599999999999996092 ) ) ;
#8780 = CARTESIAN_POINT ( 'NONE',  ( 38.73444870839492893, 20.09842776848936197, 7.569999999999995843 ) ) ;
#8781 = CARTESIAN_POINT ( 'NONE',  ( -42.58340741531759477, 19.97108259092897242, 7.569999999999929230 ) ) ;
#8782 = CARTESIAN_POINT ( 'NONE',  ( -14.09999999999993747, -2.399999999999876010, 18.60000000000000497 ) ) ;
#8783 = VERTEX_POINT ( 'NONE', #6770 ) ;
#8784 = AXIS2_PLACEMENT_3D ( 'NONE', #9445, #505, #3521 ) ;
#8785 = VERTEX_POINT ( 'NONE', #5977 ) ;
#8786 = DIRECTION ( 'NONE',  ( -0.000000000000000000, -0.000000000000000000, 1.000000000000000000 ) ) ;
#8787 = CARTESIAN_POINT ( 'NONE',  ( -20.06931452656671055, -41.63979096058094598, -1.727691261670711631 ) ) ;
#8788 = CARTESIAN_POINT ( 'NONE',  ( 19.96631460139699143, -42.91392182096273444, 9.600000000000001421 ) ) ;
#8789 = CARTESIAN_POINT ( 'NONE',  ( 18.10000000000000142, -40.10000000000000142, 6.000000000000000000 ) ) ;
#8790 = CARTESIAN_POINT ( 'NONE',  ( 43.10000000000006537, -16.10000000000013642, 9.600000000000001421 ) ) ;
#8791 = CARTESIAN_POINT ( 'NONE',  ( -13.46255874675624931, 20.71516125040896839, 13.59999999999741505 ) ) ;
#8792 = VECTOR ( 'NONE', #2039, 1000.000000000000000 ) ;
#8793 = CARTESIAN_POINT ( 'NONE',  ( 20.13650671140311488, -38.85036955926132407, -2.769261433318414678 ) ) ;
#8794 = LINE ( 'NONE', #2922, #1350 ) ;
#8795 = ADVANCED_FACE ( 'NONE', ( #2183 ), #7960, .F. ) ;
#8796 = CARTESIAN_POINT ( 'NONE',  ( 40.33773021339602849, -7.372373546026384616, 28.59999999999998366 ) ) ;
#8797 = DIRECTION ( 'NONE',  ( 1.000000000000000000, 0.000000000000000000, 0.000000000000000000 ) ) ;
#8798 = ORIENTED_EDGE ( 'NONE', *, *, #2979, .T. ) ;
#8799 = CARTESIAN_POINT ( 'NONE',  ( -21.03798319008017259, -41.16144512839893821, 1.999999999999988676 ) ) ;
#8800 = CARTESIAN_POINT ( 'NONE',  ( 17.50000000000000000, -37.50000000000000000, 2.000000000000000000 ) ) ;
#8801 = CARTESIAN_POINT ( 'NONE',  ( 18.10000000000000142, -34.46026316928586652, 6.000000000000000000 ) ) ;
#8802 = CARTESIAN_POINT ( 'NONE',  ( -19.72107519403667197, -42.44040297829825192, -1.151370243525870585 ) ) ;
#8803 =( BOUNDED_SURFACE ( )  B_SPLINE_SURFACE ( 2, 3, ( 
 ( #1293, #1242, #4294, #498 ),
 ( #9682, #1441, #7422, #651 ),
 ( #9634, #5926, #9734, #7315 ) ),
 .UNSPECIFIED., .F., .F., .F. ) 
 B_SPLINE_SURFACE_WITH_KNOTS ( ( 3, 3 ),
 ( 4, 4 ),
 ( 0.000000000000000000, 1.000000000000000000 ),
 ( -0.003300000000000000849, 0.003299999999999999982 ),
 .UNSPECIFIED. ) 
 GEOMETRIC_REPRESENTATION_ITEM ( )  RATIONAL_B_SPLINE_SURFACE ( (
 ( 1.000000000000000000, 1.000000000000000000, 1.000000000000000000, 1.000000000000000000),
 ( 4.000000000000000888, 4.000000000000000888, 4.000000000000000888, 4.000000000000000888),
 ( 1.000000000000000000, 1.000000000000000000, 1.000000000000000000, 1.000000000000000000) ) ) 
 REPRESENTATION_ITEM ( '' )  SURFACE ( )  );
#8804 = DIRECTION ( 'NONE',  ( 0.000000000000000000, 1.000000000000000000, 0.000000000000000000 ) ) ;
#8805 = FACE_OUTER_BOUND ( 'NONE', #8221, .T. ) ;
#8806 = CIRCLE ( 'NONE', #7394, 0.5000000000000004441 ) ;
#8807 = CIRCLE ( 'NONE', #7080, 0.7500000000000006661 ) ;
#8808 = CARTESIAN_POINT ( 'NONE',  ( 20.26129501556227908, 41.47580180201347133, -2.340186441588135491 ) ) ;
#8809 = ORIENTED_EDGE ( 'NONE', *, *, #428, .F. ) ;
#8810 = ORIENTED_EDGE ( 'NONE', *, *, #7950, .T. ) ;
#8811 = CARTESIAN_POINT ( 'NONE',  ( 42.11584027700514099, 20.87219128650733424, 28.59999999999999432 ) ) ;
#8812 = CARTESIAN_POINT ( 'NONE',  ( -42.72663500523912461, -20.07343458888375665, 10.03000000000004022 ) ) ;
#8813 = CARTESIAN_POINT ( 'NONE',  ( 19.95340664962676058, -41.75079123681324234, -1.744660021922778581 ) ) ;
#8814 = CARTESIAN_POINT ( 'NONE',  ( -16.05483673792571864, -11.33879599005283367, 13.60000000000000142 ) ) ;
#8815 = CARTESIAN_POINT ( 'NONE',  ( 0.000000000000000000, -7.399999999999876010, 25.59999999999999787 ) ) ;
#8816 = VECTOR ( 'NONE', #4404, 1000.000000000000000 ) ;
#8817 = DIRECTION ( 'NONE',  ( 0.000000000000000000, 0.000000000000000000, -1.000000000000000000 ) ) ;
#8818 = CARTESIAN_POINT ( 'NONE',  ( 19.68537591280121646, -42.36974095710438348, -1.303430445188713538 ) ) ;
#8819 = PLANE ( 'NONE',  #4867 ) ;
#8820 = VERTEX_POINT ( 'NONE', #5188 ) ;
#8821 = EDGE_CURVE ( 'NONE', #4836, #8758, #2135, .T. ) ;
#8822 = ORIENTED_EDGE ( 'NONE', *, *, #992, .T. ) ;
#8823 = DIRECTION ( 'NONE',  ( -0.000000000000000000, -0.000000000000000000, -1.000000000000000000 ) ) ;
#8824 = CARTESIAN_POINT ( 'NONE',  ( -20.08137278453451557, -41.33080941177760792, -1.981372784536199028 ) ) ;
#8825 = CARTESIAN_POINT ( 'NONE',  ( 42.03778840824951146, 18.99338584795339102, 7.599999999999998757 ) ) ;
#8826 = CARTESIAN_POINT ( 'NONE',  ( -19.28511273046894914, 42.47253305283532399, -2.483905166200496950 ) ) ;
#8827 = CARTESIAN_POINT ( 'NONE',  ( 20.56517044976643405, 42.91325460346247667, -0.6870547157949162820 ) ) ;
#8828 = VECTOR ( 'NONE', #7324, 1000.000000000000000 ) ;
#8829 = EDGE_CURVE ( 'NONE', #1270, #2759, #2925, .T. ) ;
#8830 = VECTOR ( 'NONE', #1399, 1000.000000000000000 ) ;
#8831 = CARTESIAN_POINT ( 'NONE',  ( 16.10000000000002274, -42.81355405299228067, -2.184497701333686148 ) ) ;
#8832 = CARTESIAN_POINT ( 'NONE',  ( -18.10000000000000142, 34.46026316928586652, 6.000000000000000000 ) ) ;
#8833 = CARTESIAN_POINT ( 'NONE',  ( -16.10000000000000142, 48.46000000000000796, -3.000000000000000000 ) ) ;
#8834 = CARTESIAN_POINT ( 'NONE',  ( -41.64239511823488016, -20.16744196330536099, 9.599999999999960565 ) ) ;
#8835 = VERTEX_POINT ( 'NONE', #648 ) ;
#8836 = VERTEX_POINT ( 'NONE', #4492 ) ;
#8837 = CARTESIAN_POINT ( 'NONE',  ( -11.33773021340045872, 21.07237354602646562, 28.59999999999998721 ) ) ;
#8838 = CARTESIAN_POINT ( 'NONE',  ( -19.88124999999823928, -41.88124999999826059, -1.687500000000242695 ) ) ;
#8839 = CARTESIAN_POINT ( 'NONE',  ( 18.39456583594459360, -43.07037261525420746, 9.600000000000001421 ) ) ;
#8840 = CARTESIAN_POINT ( 'NONE',  ( 43.10000000000006537, -6.491902208036585797, 14.54641016474858439 ) ) ;
#8841 = CARTESIAN_POINT ( 'NONE',  ( -13.50976622126243321, 20.68109130947781082, 18.59999999999934772 ) ) ;
#8842 = ADVANCED_FACE ( 'NONE', ( #7517 ), #2291, .F. ) ;
#8843 = CARTESIAN_POINT ( 'NONE',  ( 20.03164678249901698, -39.53584101845844856, -2.750005809653053745 ) ) ;
#8844 = CARTESIAN_POINT ( 'NONE',  ( -13.94883644206425544, -6.110498122248589681, 28.59999999999999432 ) ) ;
#8845 = DIRECTION ( 'NONE',  ( 0.000000000000000000, 0.000000000000000000, -1.000000000000000000 ) ) ;
#8846 = CARTESIAN_POINT ( 'NONE',  ( 10.27689577749880101, 38.90000000000000568, 0.000000000000000000 ) ) ;
#8847 = ORIENTED_EDGE ( 'NONE', *, *, #4641, .F. ) ;
#8848 = CYLINDRICAL_SURFACE ( 'NONE', #7995, 2.000000000000003553 ) ;
#8849 = CARTESIAN_POINT ( 'NONE',  ( -18.10000000000000142, 34.46026316928586652, 6.000000000000000000 ) ) ;
#8850 = CARTESIAN_POINT ( 'NONE',  ( -11.09999999999993570, 17.34999999999996234, 27.72132034355963981 ) ) ;
#8851 = CARTESIAN_POINT ( 'NONE',  ( -19.91325482560896276, -42.56517033146641893, -0.6870551976211100031 ) ) ;
#8852 = SURFACE_STYLE_USAGE ( .BOTH. , #3573 ) ;
#8853 = SHAPE_DEFINITION_REPRESENTATION ( #6269, #6422 ) ;
#8854 = DIRECTION ( 'NONE',  ( -1.000000000000000000, 0.000000000000000000, 0.000000000000000000 ) ) ;
#8855 = CARTESIAN_POINT ( 'NONE',  ( -18.60000000000000142, -39.23397459621556749, 6.000000000000000000 ) ) ;
#8856 = CARTESIAN_POINT ( 'NONE',  ( -20.68917607033167627, 43.33662852272746591, 0.5637604553980188893 ) ) ;
#8857 = VERTEX_POINT ( 'NONE', #8790 ) ;
#8858 = VERTEX_POINT ( 'NONE', #7419 ) ;
#8859 = CARTESIAN_POINT ( 'NONE',  ( 42.87725659433527881, 20.09948029764398214, 28.60000000000000497 ) ) ;
#8860 = DIRECTION ( 'NONE',  ( 0.000000000000000000, 0.000000000000000000, 1.000000000000000000 ) ) ;
#8861 = CARTESIAN_POINT ( 'NONE',  ( 20.08137278453231289, -42.08137278453460794, -1.230809411781434326 ) ) ;
#8862 = CARTESIAN_POINT ( 'NONE',  ( -17.38718064874606739, -10.18379868348843509, 13.60000000000000142 ) ) ;
#8863 = CARTESIAN_POINT ( 'NONE',  ( -17.63116748626573838, 44.09802463877590384, 2.000000000000001332 ) ) ;
#8864 = ADVANCED_FACE ( 'NONE', ( #2040 ), #5039, .F. ) ;
#8865 = DIRECTION ( 'NONE',  ( -0.000000000000000000, -0.000000000000000000, 1.000000000000000000 ) ) ;
#8866 = CARTESIAN_POINT ( 'NONE',  ( 19.91325460346053333, -42.56517044976855146, -0.6870547157958435402 ) ) ;
#8867 = CARTESIAN_POINT ( 'NONE',  ( -40.79999999999996163, -11.19689577749904430, 10.59999999999999964 ) ) ;
#8868 = VERTEX_POINT ( 'NONE', #2087 ) ;
#8869 = ORIENTED_EDGE ( 'NONE', *, *, #5867, .T. ) ;
#8870 = CARTESIAN_POINT ( 'NONE',  ( 19.16143133711472046, 44.03798432061486778, 2.000000000000004441 ) ) ;
#8871 = CARTESIAN_POINT ( 'NONE',  ( -19.30725910198349027, -41.30725802099691890, -2.560380266705994945 ) ) ;
#8872 = CARTESIAN_POINT ( 'NONE',  ( 41.91869900327930765, 19.81906979865059526, 7.600000000000000533 ) ) ;
#8873 = CARTESIAN_POINT ( 'NONE',  ( -19.41333066476509117, 41.48851315123528138, -2.812689774903039286 ) ) ;
#8874 = CARTESIAN_POINT ( 'NONE',  ( -19.84999999999926246, 42.84999999999892850, -1.750000000000155431 ) ) ;
#8875 = CARTESIAN_POINT ( 'NONE',  ( 20.93222032930457743, 39.10000000000088960, -1.820295056390003552 ) ) ;
#8876 = CARTESIAN_POINT ( 'NONE',  ( -18.87081980529232439, 20.72851428635871329, 13.60000000000000142 ) ) ;
#8877 = EDGE_CURVE ( 'NONE', #7041, #6849, #7497, .T. ) ;
#8878 = CARTESIAN_POINT ( 'NONE',  ( -41.29999999999996163, -11.19689577749904430, 10.59999999999999964 ) ) ;
#8879 = CARTESIAN_POINT ( 'NONE',  ( 41.88984571103283372, -19.88984178720754059, 7.599999999999999645 ) ) ;
#8880 = CARTESIAN_POINT ( 'NONE',  ( 41.52369367399578692, 20.11093151868263718, 10.03000000000000291 ) ) ;
#8881 = LINE ( 'NONE', #6667, #6875 ) ;
#8882 = CARTESIAN_POINT ( 'NONE',  ( -16.86546107923233251, 39.09999999999960352, -3.000000000000000888 ) ) ;
#8883 = ORIENTED_EDGE ( 'NONE', *, *, #4471, .T. ) ;
#8884 = CARTESIAN_POINT ( 'NONE',  ( -14.06222914285874914, 18.59927203774045168, 28.59999999999999787 ) ) ;
#8885 = CARTESIAN_POINT ( 'NONE',  ( -20.61665412125435637, -39.53634271284342816, -2.336690937432367221 ) ) ;
#8886 = CARTESIAN_POINT ( 'NONE',  ( 20.86802747807840674, -42.12889382622891077, 9.599999999999999645 ) ) ;
#8887 = CARTESIAN_POINT ( 'NONE',  ( 43.10000000000006537, -7.044105885851256410, 14.12245531051550174 ) ) ;
#8888 = CARTESIAN_POINT ( 'NONE',  ( -37.50000000000005684, 15.49999999999987033, 13.60000000000000142 ) ) ;
#8889 = CARTESIAN_POINT ( 'NONE',  ( -9.718563275085578823, 21.09915260999624564, 13.59999999999934950 ) ) ;
#8890 = CARTESIAN_POINT ( 'NONE',  ( 19.80406941628950790, -41.24003503370720125, -2.287724469080991252 ) ) ;
#8891 = SHAPE_REPRESENTATION ( 'LCD_Box', ( #4338 ), #3249 ) ;
#8892 = LINE ( 'NONE', #3664, #1992 ) ;
#8893 = CARTESIAN_POINT ( 'NONE',  ( 43.10000000000006537, 16.10000000000013287, 9.600000000000001421 ) ) ;
#8894 = ORIENTED_EDGE ( 'NONE', *, *, #413, .F. ) ;
#8895 = B_SPLINE_CURVE_WITH_KNOTS ( 'NONE', 3,
 ( #4094, #4741, #5670, #4138, #8630, #7763, #7153, #7106, #2477, #6220, #2525, #995 ),
 .UNSPECIFIED., .F., .F.,
 ( 4, 2, 2, 2, 2, 4 ),
 ( 0.000000000000000000, 0.5000000000000000000, 0.7500000000000000000, 0.8750000000000000000, 0.9375000000000000000, 1.000000000000000000 ),
 .UNSPECIFIED. ) ;
#8896 = CARTESIAN_POINT ( 'NONE',  ( 12.50000000000000000, 35.89999999999999147, 0.000000000000000000 ) ) ;
#8897 = ORIENTED_EDGE ( 'NONE', *, *, #8928, .F. ) ;
#8898 = EDGE_CURVE ( 'NONE', #3157, #2714, #5910, .T. ) ;
#8899 = CARTESIAN_POINT ( 'NONE',  ( -21.10000000000000142, 44.10000000000001563, 7.486666666666669023 ) ) ;
#8900 = CARTESIAN_POINT ( 'NONE',  ( 40.60000000000006537, 0.000000000000000000, 10.59999999999999964 ) ) ;
#8901 = FACE_BOUND ( 'NONE', #119, .T. ) ;
#8902 = CARTESIAN_POINT ( 'NONE',  ( -19.38919717909243445, -42.31939570397527461, -1.665286831763387987 ) ) ;
#8903 = FILL_AREA_STYLE_COLOUR ( '', #4092 ) ;
#8904 = AXIS2_PLACEMENT_3D ( 'NONE', #8328, #5361, #626 ) ;
#8905 = CONTEXT_DEPENDENT_SHAPE_REPRESENTATION ( #3648, #5646 ) ;
#8906 = DIRECTION ( 'NONE',  ( -0.000000000000000000, -0.000000000000000000, -1.000000000000000000 ) ) ;
#8907 = LINE ( 'NONE', #2149, #9593 ) ;
#8908 = CARTESIAN_POINT ( 'NONE',  ( -20.10546129867483955, 42.85240843350590723, -1.470476208395822271 ) ) ;
#8909 = ORIENTED_EDGE ( 'NONE', *, *, #3110, .T. ) ;
#8910 = CARTESIAN_POINT ( 'NONE',  ( 42.53880138776027309, 20.66090659504416038, 28.60000000000000497 ) ) ;
#8911 = CARTESIAN_POINT ( 'NONE',  ( -42.90471379356266368, -19.88083581186064208, 7.569999999999997620 ) ) ;
#8912 = CARTESIAN_POINT ( 'NONE',  ( -20.96431189082512603, -41.73079705169108422, 2.000000000000007105 ) ) ;
#8913 = PLANE ( 'NONE',  #6413 ) ;
#8914 = VECTOR ( 'NONE', #6623, 1000.000000000000000 ) ;
#8915 = CARTESIAN_POINT ( 'NONE',  ( 39.85000000000006537, -2.649999999999873790, 28.59999999999999787 ) ) ;
#8916 = CARTESIAN_POINT ( 'NONE',  ( -16.86398481210911982, 44.10000000000000853, 1.236018685504184589 ) ) ;
#8917 = CARTESIAN_POINT ( 'NONE',  ( 48.06624690466745875, -5.282150512976111045, 13.60000000000000497 ) ) ;
#8918 = CARTESIAN_POINT ( 'NONE',  ( 17.53477992980833022, -43.11238549097873118, -0.8539946262003763611 ) ) ;
#8919 = PRODUCT_DEFINITION_FORMATION_WITH_SPECIFIED_SOURCE ( 'ANY', '', #2331, .NOT_KNOWN. ) ;
#8920 = CARTESIAN_POINT ( 'NONE',  ( -5.366666666666667140, 39.10000000000000853, -3.000000000000001776 ) ) ;
#8921 = ORIENTED_EDGE ( 'NONE', *, *, #5072, .T. ) ;
#8922 = ORIENTED_EDGE ( 'NONE', *, *, #6909, .F. ) ;
#8923 = AXIS2_PLACEMENT_3D ( 'NONE', #8305, #3859, #1541 ) ;
#8924 = ORIENTED_EDGE ( 'NONE', *, *, #9062, .T. ) ;
#8925 = CARTESIAN_POINT ( 'NONE',  ( 17.53583960580021994, 43.85000447009201707, -1.931651259448518010 ) ) ;
#8926 = CARTESIAN_POINT ( 'NONE',  ( -19.55036664352569531, -41.92614600124058910, -1.954077196022198759 ) ) ;
#8927 = CARTESIAN_POINT ( 'NONE',  ( 41.98492167713141754, 19.50095778075938213, 7.600000000000004086 ) ) ;
#8928 = EDGE_CURVE ( 'NONE', #7346, #6129, #2872, .T. ) ;
#8929 = CARTESIAN_POINT ( 'NONE',  ( -18.47580180201246947, 43.26129501556346924, -2.340186441586567856 ) ) ;
#8930 = CARTESIAN_POINT ( 'NONE',  ( -20.89504420574450805, -42.03820785104581148, 9.600000000000001421 ) ) ;
#8931 = CARTESIAN_POINT ( 'NONE',  ( -21.10000000000000142, 39.10000000000001563, 9.600000000000001421 ) ) ;
#8932 = CARTESIAN_POINT ( 'NONE',  ( -9.099999999999951683, 21.09999999999996945, 28.59999999999999432 ) ) ;
#8933 = CARTESIAN_POINT ( 'NONE',  ( 41.28273563164082560, 20.14281270299690263, 10.03000000000000291 ) ) ;
#8934 = DIRECTION ( 'NONE',  ( -1.000000000000000000, 0.000000000000000000, 0.000000000000000000 ) ) ;
#8935 = CARTESIAN_POINT ( 'NONE',  ( -44.06938128774583419, 18.42161314647468728, 13.59999999999999787 ) ) ;
#8936 = ORIENTED_EDGE ( 'NONE', *, *, #7308, .F. ) ;
#8937 =( NAMED_UNIT ( * ) SI_UNIT ( $, .STERADIAN. ) SOLID_ANGLE_UNIT ( ) );
#8938 = DIRECTION ( 'NONE',  ( 1.000000000000000000, 0.000000000000000000, 0.000000000000000000 ) ) ;
#8939 = UNCERTAINTY_MEASURE_WITH_UNIT (LENGTH_MEASURE( 1.000000000000000082E-05 ), #1061, 'distance_accuracy_value', 'NONE');
#8940 = CARTESIAN_POINT ( 'NONE',  ( 18.14704002026768137, -43.07837550577987429, 9.599999999999999645 ) ) ;
#8941 = DIRECTION ( 'NONE',  ( -0.000000000000000000, -1.000000000000000000, -0.000000000000000000 ) ) ;
#8942 = CYLINDRICAL_SURFACE ( 'NONE', #3080, 0.5000000000000004441 ) ;
#8943 = CARTESIAN_POINT ( 'NONE',  ( 19.47253210955419434, -41.28511347610577786, -2.483905225747633061 ) ) ;
#8944 = VECTOR ( 'NONE', #2696, 1000.000000000000000 ) ;
#8945 = DIRECTION ( 'NONE',  ( -0.000000000000000000, -0.000000000000000000, -1.000000000000000000 ) ) ;
#8946 = CARTESIAN_POINT ( 'NONE',  ( 40.60000000000006537, -3.840983005624974300, 27.40901699437492667 ) ) ;
#8947 = CARTESIAN_POINT ( 'NONE',  ( 15.50000000000000000, -37.50000000000000000, 6.000000000000000000 ) ) ;
#8948 = ORIENTED_EDGE ( 'NONE', *, *, #7664, .F. ) ;
#8949 = ADVANCED_FACE ( 'NONE', ( #5923 ), #4541, .F. ) ;
#8950 = DIRECTION ( 'NONE',  ( 1.000000000000000000, 0.000000000000000000, 0.000000000000000000 ) ) ;
#8951 = CARTESIAN_POINT ( 'NONE',  ( -42.84221813256085198, -19.91309494535227742, 7.599999999999997868 ) ) ;
#8952 = CARTESIAN_POINT ( 'NONE',  ( -11.19689577749890219, 40.80000000000000426, 0.000000000000000000 ) ) ;
#8953 = CIRCLE ( 'NONE', #4534, 1.045751311064586631 ) ;
#8954 = CARTESIAN_POINT ( 'NONE',  ( -19.34565532567211577, -42.14786261772938047, -1.903597371089738255 ) ) ;
#8955 = EDGE_CURVE ( 'NONE', #2990, #6154, #1456, .T. ) ;
#8956 = LINE ( 'NONE', #9643, #632 ) ;
#8957 = CARTESIAN_POINT ( 'NONE',  ( 20.52666543960829770, 43.52666543960942391, 0.5635990939277196743 ) ) ;
#8958 = CARTESIAN_POINT ( 'NONE',  ( 42.20115721356474126, 18.32400627944299032, 10.03000000000000469 ) ) ;
#8959 = AXIS2_PLACEMENT_3D ( 'NONE', #2847, #3637, #115 ) ;
#8960 = CARTESIAN_POINT ( 'NONE',  ( -19.99887817354147757, 42.99887817354118624, -1.429844232469242193 ) ) ;
#8961 = ORIENTED_EDGE ( 'NONE', *, *, #2358, .F. ) ;
#8962 = ORIENTED_EDGE ( 'NONE', *, *, #9609, .T. ) ;
#8963 = CARTESIAN_POINT ( 'NONE',  ( 20.53233532578453691, -38.10000000000000853, -2.567664674215463627 ) ) ;
#8964 = CARTESIAN_POINT ( 'NONE',  ( -39.73444870839505683, -20.09842776848936552, 7.569999999999997620 ) ) ;
#8965 = CARTESIAN_POINT ( 'NONE',  ( -11.69689577749890219, 40.80000000000000426, 0.000000000000000000 ) ) ;
#8966 = CARTESIAN_POINT ( 'NONE',  ( -13.30134793601025223, -12.23149982290568971, 13.60000000000000142 ) ) ;
#8967 = CARTESIAN_POINT ( 'NONE',  ( 15.50000000000000000, 37.50000000000000000, 6.000000000000000000 ) ) ;
#8968 = VECTOR ( 'NONE', #3014, 1000.000000000000000 ) ;
#8969 = CARTESIAN_POINT ( 'NONE',  ( 37.50000000000005684, -15.49999999999987033, 3.696770567850254707 ) ) ;
#8970 = CARTESIAN_POINT ( 'NONE',  ( 19.41333390546116888, -42.91268936809809986, -0.3885129354243154198 ) ) ;
#8971 = PLANE ( 'NONE',  #2359 ) ;
#8972 = ORIENTED_EDGE ( 'NONE', *, *, #3572, .F. ) ;
#8973 = VERTEX_POINT ( 'NONE', #2382 ) ;
#8974 = DIRECTION ( 'NONE',  ( 0.000000000000000000, 0.000000000000000000, -1.000000000000000000 ) ) ;
#8975 = CARTESIAN_POINT ( 'NONE',  ( 16.85036882629961497, 43.86925953092463715, -2.036512647373618812 ) ) ;
#8976 = CARTESIAN_POINT ( 'NONE',  ( -18.47580190091698071, -42.26129501559877610, -2.340186441551047825 ) ) ;
#8977 = VECTOR ( 'NONE', #1655, 1000.000000000000000 ) ;
#8978 = CARTESIAN_POINT ( 'NONE',  ( 42.08065053179290516, 18.04353198705099004, 7.599999999999998757 ) ) ;
#8979 = AXIS2_PLACEMENT_3D ( 'NONE', #8154, #6628, #8845 ) ;
#8980 = CARTESIAN_POINT ( 'NONE',  ( -21.00416956306130700, -41.41380356358975234, 9.600000000000001421 ) ) ;
#8981 = EDGE_CURVE ( 'NONE', #4047, #5355, #4856, .T. ) ;
#8982 = CYLINDRICAL_SURFACE ( 'NONE', #1887, 0.5000000000000004441 ) ;
#8983 = CARTESIAN_POINT ( 'NONE',  ( 21.10000000000000142, 13.36666666666667602, -2.999999999999998668 ) ) ;
#8984 = CARTESIAN_POINT ( 'NONE',  ( -42.97874451842965726, 19.94666447902688944, 9.600000000000099121 ) ) ;
#8985 = CARTESIAN_POINT ( 'NONE',  ( -21.10000000000000142, 48.46000000000000796, 2.000000000000000000 ) ) ;
#8986 = VECTOR ( 'NONE', #6906, 1000.000000000000000 ) ;
#8987 = CARTESIAN_POINT ( 'NONE',  ( -42.94666447902488926, -19.97874451843241062, 9.599999999999964118 ) ) ;
#8988 = ORIENTED_EDGE ( 'NONE', *, *, #6843, .T. ) ;
#8989 = CARTESIAN_POINT ( 'NONE',  ( -14.09999999999993570, 0.000000000000000000, 28.59999999999999787 ) ) ;
#8990 = ADVANCED_FACE ( 'NONE', ( #8353 ), #202, .F. ) ;
#8991 = CARTESIAN_POINT ( 'NONE',  ( -42.99474113930449448, -19.43092493448279967, 7.600000000000000533 ) ) ;
#8992 = CARTESIAN_POINT ( 'NONE',  ( 18.36820079463336342, -43.07131387799101674, 9.600000000000001421 ) ) ;
#8993 = CARTESIAN_POINT ( 'NONE',  ( 10.77689577749880279, 40.10000000000000142, 0.000000000000000000 ) ) ;
#8994 = VECTOR ( 'NONE', #7875, 1000.000000000000000 ) ;
#8995 = DIRECTION ( 'NONE',  ( -0.000000000000000000, -0.000000000000000000, 1.000000000000000000 ) ) ;
#8996 = CARTESIAN_POINT ( 'NONE',  ( -18.98524843521370897, 19.85470522729499976, 13.60000000000000142 ) ) ;
#8997 = CARTESIAN_POINT ( 'NONE',  ( 16.10000000000002984, -42.19474083638178286, -2.748025777449564888 ) ) ;
#8998 = CARTESIAN_POINT ( 'NONE',  ( -14.09627965690829399, -3.549421433775246548, 28.59999999999999432 ) ) ;
#8999 = CARTESIAN_POINT ( 'NONE',  ( -20.10000000000000142, 43.10000000000000853, 7.599999999999999645 ) ) ;
#9000 = VERTEX_POINT ( 'NONE', #8301 ) ;
#9001 = CARTESIAN_POINT ( 'NONE',  ( -19.99887817354147757, 42.99887817354117914, -1.429844232469242193 ) ) ;
#9002 = ORIENTED_EDGE ( 'NONE', *, *, #121, .T. ) ;
#9003 = FACE_OUTER_BOUND ( 'NONE', #2549, .T. ) ;
#9004 = DIRECTION ( 'NONE',  ( 0.000000000000000000, -0.000000000000000000, 1.000000000000000000 ) ) ;
#9005 = CARTESIAN_POINT ( 'NONE',  ( -14.09999999999993570, 16.09999999999996945, 13.60000000000000142 ) ) ;
#9006 = EDGE_CURVE ( 'NONE', #1179, #852, #3925, .T. ) ;
#9007 = CARTESIAN_POINT ( 'NONE',  ( -20.66766467421546949, 43.53233532578454401, 2.000000000000000888 ) ) ;
#9008 = DIRECTION ( 'NONE',  ( 1.000000000000000000, 0.000000000000000000, 0.000000000000000000 ) ) ;
#9009 = CARTESIAN_POINT ( 'NONE',  ( -20.20487506272451128, 43.05194259115067723, -1.105758813300747212 ) ) ;
#9010 = ORIENTED_EDGE ( 'NONE', *, *, #250, .T. ) ;
#9011 = ORIENTED_EDGE ( 'NONE', *, *, #5965, .T. ) ;
#9012 = DIRECTION ( 'NONE',  ( -1.000000000000000000, 0.000000000000000000, -0.000000000000000000 ) ) ;
#9013 = CARTESIAN_POINT ( 'NONE',  ( 16.10000000000001918, 44.10000000000000853, 2.000000000000000000 ) ) ;
#9014 = B_SPLINE_CURVE_WITH_KNOTS ( 'NONE', 3,
 ( #7915, #3427, #5046, #1345, #5733, #4153, #1298, #8799, #7321, #7373, #2683, #1195 ),
 .UNSPECIFIED., .F., .F.,
 ( 4, 2, 2, 2, 2, 4 ),
 ( 0.000000000000000000, 0.06250000000000000000, 0.1250000000000000000, 0.2500000000000000000, 0.5000000000000000000, 1.000000000000000000 ),
 .UNSPECIFIED. ) ;
#9015 = CARTESIAN_POINT ( 'NONE',  ( 20.83565292289771165, -42.23550808394405465, 1.249766265148843924 ) ) ;
#9016 = CARTESIAN_POINT ( 'NONE',  ( -13.73947709521480931, -12.16738565973740194, 13.60000000000000320 ) ) ;
#9017 = ADVANCED_FACE ( 'NONE', ( #6966 ), #3807, .F. ) ;
#9018 = CARTESIAN_POINT ( 'NONE',  ( -20.23550703586786526, 43.83565336333828100, 1.249766861467130008 ) ) ;
#9019 = FACE_OUTER_BOUND ( 'NONE', #3436, .T. ) ;
#9020 = B_SPLINE_CURVE_WITH_KNOTS ( 'NONE', 3,
 ( #7640, #2298, #8324, #4659, #29, #5206, #3147, #6143, #1561, #9156, #5305, #1506 ),
 .UNSPECIFIED., .F., .F.,
 ( 4, 2, 2, 2, 2, 4 ),
 ( 0.000000000000000000, 0.5000000000000000000, 0.7500000000000000000, 0.8750000000000000000, 0.9375000000000000000, 1.000000000000000000 ),
 .UNSPECIFIED. ) ;
#9021 = CARTESIAN_POINT ( 'NONE',  ( 20.09531886208360518, -42.43424735887541033, -0.6794329300120126591 ) ) ;
#9022 = CARTESIAN_POINT ( 'NONE',  ( -18.46999999999999886, 44.10000000000001563, 2.000000000000000000 ) ) ;
#9023 = EDGE_LOOP ( 'NONE', ( #1468, #162, #6438, #1978 ) ) ;
#9024 = EDGE_LOOP ( 'NONE', ( #6041, #7808, #4621, #6872 ) ) ;
#9025 = ORIENTED_EDGE ( 'NONE', *, *, #1651, .T. ) ;
#9026 = DIRECTION ( 'NONE',  ( -1.000000000000000000, 0.000000000000000000, 0.000000000000000000 ) ) ;
#9027 = CARTESIAN_POINT ( 'NONE',  ( -18.47776664532934277, -41.97645406692717529, -2.546620363958162603 ) ) ;
#9028 = CARTESIAN_POINT ( 'NONE',  ( 41.95143768548426522, 19.68693878882133319, 7.599999999999999645 ) ) ;
#9029 = CARTESIAN_POINT ( 'NONE',  ( -18.59927203774370597, -43.06222914285847025, 9.599999999999999645 ) ) ;
#9030 = CARTESIAN_POINT ( 'NONE',  ( -40.85717863696550722, 20.08525459699199089, 7.600000000000001421 ) ) ;
#9031 = CARTESIAN_POINT ( 'NONE',  ( 16.10000000000000142, 42.22000000000001307, -2.999999999999998224 ) ) ;
#9032 = CARTESIAN_POINT ( 'NONE',  ( 19.84999999999711306, -41.84999999999978826, -1.750000000002728928 ) ) ;
#9033 = CARTESIAN_POINT ( 'NONE',  ( 41.46436809830996850, -19.99017548658639853, 7.600000000000003197 ) ) ;
#9034 = CARTESIAN_POINT ( 'NONE',  ( -42.99602867563670827, 19.42122724735999029, 7.600000000000000533 ) ) ;
#9035 = ORIENTED_EDGE ( 'NONE', *, *, #2293, .T. ) ;
#9036 = DIRECTION ( 'NONE',  ( 0.000000000000000000, 0.000000000000000000, 1.000000000000000000 ) ) ;
#9037 = CARTESIAN_POINT ( 'NONE',  ( 38.10000000000005116, 21.10000000000013287, 14.24999999999999112 ) ) ;
#9038 = CARTESIAN_POINT ( 'NONE',  ( 21.06641683701785794, -40.49873699102947455, 9.600000000000003197 ) ) ;
#9039 = CARTESIAN_POINT ( 'NONE',  ( 40.66964569095198812, -3.912143682238331532, 27.33785631776157388 ) ) ;
#9040 = DIRECTION ( 'NONE',  ( 0.000000000000000000, -1.000000000000000000, 0.000000000000000000 ) ) ;
#9041 = CARTESIAN_POINT ( 'NONE',  ( -18.98638800402139992, 19.84343498061802080, 13.60000000000000675 ) ) ;
#9042 = CARTESIAN_POINT ( 'NONE',  ( 16.10000000000002274, -40.77854727961332770, -2.956463743504130992 ) ) ;
#9043 = CARTESIAN_POINT ( 'NONE',  ( -13.02763088765047605, -7.199291466667291139, 28.60000000000000142 ) ) ;
#9044 = CARTESIAN_POINT ( 'NONE',  ( 42.01447571161060068, -19.26981359787242809, 7.569999999999999396 ) ) ;
#9045 = VERTEX_POINT ( 'NONE', #6170 ) ;
#9046 = CYLINDRICAL_SURFACE ( 'NONE', #948, 1.379999999999999227 ) ;
#9047 = ORIENTED_EDGE ( 'NONE', *, *, #7831, .F. ) ;
#9048 = CARTESIAN_POINT ( 'NONE',  ( -16.10000000000000142, 44.10000000000001563, 0.1233333333333331561 ) ) ;
#9049 = CARTESIAN_POINT ( 'NONE',  ( -40.99736721230955538, -20.08179634024577354, 7.600000000000000533 ) ) ;
#9050 = CARTESIAN_POINT ( 'NONE',  ( 21.13238403920623298, 41.59020129874681260, 0.5647632983252793837 ) ) ;
#9051 = FACE_OUTER_BOUND ( 'NONE', #9612, .T. ) ;
#9052 = EDGE_CURVE ( 'NONE', #1491, #8858, #8496, .T. ) ;
#9053 = CARTESIAN_POINT ( 'NONE',  ( -16.09999999999999787, -42.93221865287139138, -1.820302720362628079 ) ) ;
#9054 = DIRECTION ( 'NONE',  ( -0.000000000000000000, -0.000000000000000000, 1.000000000000000000 ) ) ;
#9055 = CARTESIAN_POINT ( 'NONE',  ( 42.14287602988559200, 19.28255110315402376, 10.03000000000000647 ) ) ;
#9056 = CARTESIAN_POINT ( 'NONE',  ( -19.99329092510260253, 42.77688266332257427, -1.676882664671053735 ) ) ;
#9057 = ORIENTED_EDGE ( 'NONE', *, *, #4051, .F. ) ;
#9058 = ORIENTED_EDGE ( 'NONE', *, *, #4732, .F. ) ;
#9059 = DIRECTION ( 'NONE',  ( 1.000000000000000000, 0.000000000000000000, 0.000000000000000000 ) ) ;
#9060 = CARTESIAN_POINT ( 'NONE',  ( 20.10000000000000142, 44.10000000000001563, 2.000000000000000888 ) ) ;
#9061 = CARTESIAN_POINT ( 'NONE',  ( 20.84663610935468014, -40.81398462173658714, -1.272170762760138407 ) ) ;
#9062 = EDGE_CURVE ( 'NONE', #8105, #6899, #1635, .T. ) ;
#9063 = VECTOR ( 'NONE', #8590, 1000.000000000000000 ) ;
#9064 = CARTESIAN_POINT ( 'NONE',  ( -19.78749999999926956, 42.88124999999896403, -1.781250000000163869 ) ) ;
#9065 = CARTESIAN_POINT ( 'NONE',  ( 20.27338287872611389, -42.27338287872798617, -0.6726918402521876450 ) ) ;
#9066 = CARTESIAN_POINT ( 'NONE',  ( 38.10000000000007248, -21.10000000000013642, 9.600000000000001421 ) ) ;
#9067 = VERTEX_POINT ( 'NONE', #1587 ) ;
#9068 = ORIENTED_EDGE ( 'NONE', *, *, #2013, .T. ) ;
#9069 = CIRCLE ( 'NONE', #2754, 0.7500000000000006661 ) ;
#9070 = CARTESIAN_POINT ( 'NONE',  ( -15.50000000000000000, 37.50000000000000000, 0.000000000000000000 ) ) ;
#9071 = DIRECTION ( 'NONE',  ( -0.9986295347545739443, 0.000000000000000000, 0.05233595624294377913 ) ) ;
#9072 = CARTESIAN_POINT ( 'NONE',  ( -20.45345021429156063, -38.09999999999999432, -2.623656305561317570 ) ) ;
#9073 = EDGE_CURVE ( 'NONE', #7495, #4200, #9381, .T. ) ;
#9074 = DIRECTION ( 'NONE',  ( -1.000000000000000000, 0.000000000000000000, -0.000000000000000000 ) ) ;
#9075 = ADVANCED_FACE ( 'NONE', ( #4636 ), #6026, .T. ) ;
#9076 = CARTESIAN_POINT ( 'NONE',  ( -20.53880138776214537, -42.66090659504434512, 9.600000000000003197 ) ) ;
#9077 = B_SPLINE_CURVE_WITH_KNOTS ( 'NONE', 1,
 ( #9535, #4295 ),
 .UNSPECIFIED., .F., .F.,
 ( 2, 2 ),
 ( 0.1747967479675482383, 0.9878048780487791447 ),
 .UNSPECIFIED. ) ;
#9078 = CARTESIAN_POINT ( 'NONE',  ( -21.09011195108232073, 40.84967719374611050, 9.600000000000003197 ) ) ;
#9079 = CARTESIAN_POINT ( 'NONE',  ( 16.10000000000000497, 39.86546107923263804, -2.999999999999998668 ) ) ;
#9080 = CARTESIAN_POINT ( 'NONE',  ( -21.10000000000000142, 42.22000000000001307, -2.999999999999998668 ) ) ;
#9081 = EDGE_CURVE ( 'NONE', #27, #5355, #2627, .T. ) ;
#9082 = DIRECTION ( 'NONE',  ( 1.000000000000000000, 0.000000000000000000, -1.112002228190249119E-16 ) ) ;
#9083 = ORIENTED_EDGE ( 'NONE', *, *, #7200, .T. ) ;
#9084 = CARTESIAN_POINT ( 'NONE',  ( 19.72404729317193883, 42.91159499246977305, -1.811594992472323584 ) ) ;
#9085 = CARTESIAN_POINT ( 'NONE',  ( 12.90031711825083427, -34.69976218936863432, 6.000000000000000000 ) ) ;
#9086 = CARTESIAN_POINT ( 'NONE',  ( -40.10000000000006537, -7.686454296869565743E-15, 10.59999999999999964 ) ) ;
#9087 = CARTESIAN_POINT ( 'NONE',  ( 41.91595086561068229, -19.91600897916363522, 8.266666667631774601 ) ) ;
#9088 = CIRCLE ( 'NONE', #6393, 0.5000000000000004441 ) ;
#9089 = CARTESIAN_POINT ( 'NONE',  ( 21.10000000000000142, 39.10000000000000853, 9.600000000000001421 ) ) ;
#9090 = CARTESIAN_POINT ( 'NONE',  ( 17.53634255459481039, -42.43669093741303300, -2.516654121277984935 ) ) ;
#9091 = CARTESIAN_POINT ( 'NONE',  ( -11.79246757332686890, -7.353047720751076710, 28.60000000000000497 ) ) ;
#9092 = CARTESIAN_POINT ( 'NONE',  ( 42.08708972991122010, -7.180976855465962316, 28.60000000000000497 ) ) ;
#9093 = ORIENTED_EDGE ( 'NONE', *, *, #6786, .F. ) ;
#9094 = CARTESIAN_POINT ( 'NONE',  ( -20.09948029764419175, 43.87725659433498748, 9.600000000000001421 ) ) ;
#9095 = ORIENTED_EDGE ( 'NONE', *, *, #5297, .T. ) ;
#9096 = CARTESIAN_POINT ( 'NONE',  ( -21.10000000000000497, 39.10000000000001563, 0.1233333333333331561 ) ) ;
#9097 = CARTESIAN_POINT ( 'NONE',  ( -40.98500095813749056, -20.08209738528374544, 7.600000000000000533 ) ) ;
#9098 = DIRECTION ( 'NONE',  ( 0.000000000000000000, -1.000000000000000000, 0.000000000000000000 ) ) ;
#9099 = CARTESIAN_POINT ( 'NONE',  ( -14.09999999999993570, 16.09999999999996945, 18.60000000000000142 ) ) ;
#9100 = CIRCLE ( 'NONE', #4519, 0.5000000000000004441 ) ;
#9101 = ADVANCED_FACE ( 'NONE', ( #9135 ), #3828, .T. ) ;
#9102 = CARTESIAN_POINT ( 'NONE',  ( -17.66698729810778445, -40.35000000000000142, 4.585786437626904188 ) ) ;
#9103 = CARTESIAN_POINT ( 'NONE',  ( -20.36974103931963498, 42.68537544719520582, -1.303430746699186349 ) ) ;
#9104 = ORIENTED_EDGE ( 'NONE', *, *, #5866, .T. ) ;
#9105 = ORIENTED_EDGE ( 'NONE', *, *, #5690, .T. ) ;
#9106 = AXIS2_PLACEMENT_3D ( 'NONE', #1669, #4671, #831 ) ;
#9107 = CARTESIAN_POINT ( 'NONE',  ( 20.13248562931365626, -41.19424047815982703, -2.032485629318264042 ) ) ;
#9108 = CARTESIAN_POINT ( 'NONE',  ( 16.10000000000002274, -42.53233532578452980, -2.567664674215480058 ) ) ;
#9109 = CARTESIAN_POINT ( 'NONE',  ( 20.06931452836850127, -41.63979095401691666, -1.727691261269995504 ) ) ;
#9110 = CARTESIAN_POINT ( 'NONE',  ( -19.19424047815848766, -42.13248562931479313, -2.032485629316367781 ) ) ;
#9111 = CARTESIAN_POINT ( 'NONE',  ( -18.77943293000951286, 43.09531886208689855, -2.334247358877306056 ) ) ;
#9112 = CARTESIAN_POINT ( 'NONE',  ( -20.27338287872943567, 41.77269184024923732, -2.173382878730059087 ) ) ;
#9113 = CARTESIAN_POINT ( 'NONE',  ( 40.14704002017098361, -21.07837550577997732, 13.60000000000000320 ) ) ;
#9114 = VECTOR ( 'NONE', #2027, 1000.000000000000000 ) ;
#9115 = CARTESIAN_POINT ( 'NONE',  ( -13.86206657881516158, -6.470602039376360359, 18.59999999999876508 ) ) ;
#9116 = CARTESIAN_POINT ( 'NONE',  ( 18.77590760189301733, 43.18619108750151980, -2.259332843799285673 ) ) ;
#9117 = ORIENTED_EDGE ( 'NONE', *, *, #6447, .F. ) ;
#9118 = EDGE_LOOP ( 'NONE', ( #7089, #9512, #3380, #8948 ) ) ;
#9119 = CARTESIAN_POINT ( 'NONE',  ( -16.09999999999996589, -43.10000000000000853, 2.000000000000000000 ) ) ;
#9120 = DIRECTION ( 'NONE',  ( 0.000000000000000000, 0.000000000000000000, 1.000000000000000000 ) ) ;
#9121 = CARTESIAN_POINT ( 'NONE',  ( 42.09636902247439849, 17.08893986351207062, 7.600000000000000533 ) ) ;
#9122 = CARTESIAN_POINT ( 'NONE',  ( -19.55436243565048215, -42.98712545639570948, 9.600000000000001421 ) ) ;
#9123 = CARTESIAN_POINT ( 'NONE',  ( -15.50000000000000000, -37.50000000000000000, 2.000000000000000000 ) ) ;
#9124 = CARTESIAN_POINT ( 'NONE',  ( -14.10000000000000142, 35.89999999999999147, 76.38141135119198566 ) ) ;
#9125 = CARTESIAN_POINT ( 'NONE',  ( -21.10000000000000142, 13.36666666666667602, -2.999999999999998668 ) ) ;
#9126 = EDGE_CURVE ( 'NONE', #9366, #4375, #5459, .T. ) ;
#9127 = CARTESIAN_POINT ( 'NONE',  ( -12.19689577749890219, 40.60000000000000142, 7.599999999999998757 ) ) ;
#9128 = AXIS2_PLACEMENT_3D ( 'NONE', #9475, #2813, #7258 ) ;
#9129 = EDGE_LOOP ( 'NONE', ( #665, #4118, #3790, #7937 ) ) ;
#9130 = CARTESIAN_POINT ( 'NONE',  ( 20.52666543960829770, 43.52666543960942391, 0.5635990939277196743 ) ) ;
#9131 = CARTESIAN_POINT ( 'NONE',  ( 41.84601726414736333, -20.01938072536067281, 9.600000000000004974 ) ) ;
#9132 = CARTESIAN_POINT ( 'NONE',  ( -43.01454375441853983, -19.26958562560318100, 7.570000000000271179 ) ) ;
#9133 = PLANE ( 'NONE',  #5329 ) ;
#9134 = EDGE_CURVE ( 'NONE', #9538, #7100, #3818, .T. ) ;
#9135 = FACE_OUTER_BOUND ( 'NONE', #2151, .T. ) ;
#9136 = CARTESIAN_POINT ( 'NONE',  ( -19.08324948901255169, 18.02560213749440621, 13.60000000000000497 ) ) ;
#9137 = CIRCLE ( 'NONE', #6937, 4.000000000000000000 ) ;
#9138 = LINE ( 'NONE', #7280, #7586 ) ;
#9139 = CARTESIAN_POINT ( 'NONE',  ( 16.85023313853242755, -42.23550703586928989, -2.735653363339762834 ) ) ;
#9140 = CARTESIAN_POINT ( 'NONE',  ( -12.63667213872555450, -7.275764004327482937, 28.60000000000000142 ) ) ;
#9141 = CARTESIAN_POINT ( 'NONE',  ( 42.48402385467330333, -7.016541951721605663, 28.60000000000000853 ) ) ;
#9142 = ORIENTED_EDGE ( 'NONE', *, *, #9678, .F. ) ;
#9143 = CARTESIAN_POINT ( 'NONE',  ( -18.39456583594450834, 44.07037261525412930, 9.600000000000001421 ) ) ;
#9144 = VERTEX_POINT ( 'NONE', #1548 ) ;
#9146 = AXIS2_PLACEMENT_3D ( 'NONE', #6683, #8402, #6638 ) ;
#9145 = CARTESIAN_POINT ( 'NONE',  ( 18.47000000000205588, -43.10000000000000853, 2.000000000000000000 ) ) ;
#9147 = CARTESIAN_POINT ( 'NONE',  ( -42.64537212291135404, -19.95999256853097137, 7.599999999999999645 ) ) ;
#9148 = CARTESIAN_POINT ( 'NONE',  ( 21.14340405412233537, 40.54559056778237647, 0.5544300198637642785 ) ) ;
#9149 = CARTESIAN_POINT ( 'NONE',  ( -17.23397459621555328, -40.10000000000000142, 7.599999999999999645 ) ) ;
#9150 = CARTESIAN_POINT ( 'NONE',  ( -17.53539661981518449, -42.96197628536957325, -1.628317018044903808 ) ) ;
#9151 = CARTESIAN_POINT ( 'NONE',  ( 16.10000000000002274, 44.05646374350413197, -0.6785472796132926421 ) ) ;
#9152 = CARTESIAN_POINT ( 'NONE',  ( -11.92788578010164713, -35.70000000000000284, 6.000000000000000000 ) ) ;
#9153 = CARTESIAN_POINT ( 'NONE',  ( 42.11085662664176255, 19.52407600697309675, 10.03000000000000647 ) ) ;
#9154 = CARTESIAN_POINT ( 'NONE',  ( -21.13238374522549989, 41.59020365706859934, 0.5647522647001743668 ) ) ;
#9155 = ORIENTED_EDGE ( 'NONE', *, *, #2501, .F. ) ;
#9156 = CARTESIAN_POINT ( 'NONE',  ( 20.72365611449978573, 39.10000000000093934, -2.353450447365240006 ) ) ;
#9157 = CIRCLE ( 'NONE', #2939, 4.000000000000000000 ) ;
#9158 = CARTESIAN_POINT ( 'NONE',  ( 20.56517033146506890, -41.91325482560916527, -0.6870551976225603985 ) ) ;
#9159 = CARTESIAN_POINT ( 'NONE',  ( -19.07736651565176444, -4.549778480419696791, 13.59999999999999787 ) ) ;
#9160 = CARTESIAN_POINT ( 'NONE',  ( -16.85487249788194930, 41.69057582616198943, -2.960698319845979753 ) ) ;
#9161 = CARTESIAN_POINT ( 'NONE',  ( -20.59999999999990905, 39.84999999999905640, -2.500000000000080824 ) ) ;
#9162 = CARTESIAN_POINT ( 'NONE',  ( -14.09999999999993747, -2.399999999999876010, 18.60000000000000497 ) ) ;
#9163 = CARTESIAN_POINT ( 'NONE',  ( 15.50000000000000000, -37.50000000000000000, 6.000000000000000000 ) ) ;
#9164 = CARTESIAN_POINT ( 'NONE',  ( 19.92614600123500423, 42.55036663456431256, -1.954077196028848329 ) ) ;
#9165 = ORIENTED_EDGE ( 'NONE', *, *, #3261, .T. ) ;
#9166 = ORIENTED_EDGE ( 'NONE', *, *, #6627, .F. ) ;
#9167 = VERTEX_POINT ( 'NONE', #63 ) ;
#9168 = CARTESIAN_POINT ( 'NONE',  ( 20.59999999999999787, 39.10000000000093223, -2.499999999999999556 ) ) ;
#9169 = EDGE_CURVE ( 'NONE', #5356, #7973, #1063, .T. ) ;
#9170 = DIRECTION ( 'NONE',  ( 0.000000000000000000, 0.000000000000000000, 1.000000000000000000 ) ) ;
#9171 = CARTESIAN_POINT ( 'NONE',  ( 21.07837550577983876, 41.14704002025492002, 9.599999999999999645 ) ) ;
#9172 = ADVANCED_FACE ( 'NONE', ( #4748 ), #113, .F. ) ;
#9173 = CARTESIAN_POINT ( 'NONE',  ( 40.60000000000000142, 1.400084016876096665E-13, 25.59999999999999787 ) ) ;
#9174 = CARTESIAN_POINT ( 'NONE',  ( 19.19424047815767409, -42.13248562931699581, -2.032485629319437326 ) ) ;
#9175 = CARTESIAN_POINT ( 'NONE',  ( 15.50000000000000000, -37.50000000000000000, 6.000000000000000000 ) ) ;
#9176 = CARTESIAN_POINT ( 'NONE',  ( -43.10000000054051839, 16.28412845346396409, 7.599999999999998757 ) ) ;
#9177 = ORIENTED_EDGE ( 'NONE', *, *, #4550, .T. ) ;
#9178 = CARTESIAN_POINT ( 'NONE',  ( -42.88984178720487250, -19.88984571103815213, 7.599999999999999645 ) ) ;
#9179 = CARTESIAN_POINT ( 'NONE',  ( 41.88977016816200916, -20.00638251792901556, 9.600000000000004974 ) ) ;
#9180 = CARTESIAN_POINT ( 'NONE',  ( -20.27338287872769840, -42.27338287872771616, -0.6726918402503144767 ) ) ;
#9181 = DIRECTION ( 'NONE',  ( 1.000000000000000000, 0.000000000000000000, 0.000000000000000000 ) ) ;
#9182 = CARTESIAN_POINT ( 'NONE',  ( 40.60000000000006537, -3.840983005624974300, 7.599999999999999645 ) ) ;
#9183 = ADVANCED_FACE ( 'NONE', ( #7770 ), #3035, .T. ) ;
#9184 = DIRECTION ( 'NONE',  ( 0.000000000000000000, 0.000000000000000000, 1.000000000000000000 ) ) ;
#9185 =( BOUNDED_CURVE ( )  B_SPLINE_CURVE ( 2, ( #708, #3719, #3137 ),
 .UNSPECIFIED., .F., .F. ) 
 B_SPLINE_CURVE_WITH_KNOTS ( ( 3, 3 ),
 ( 0.000000000000000000, 1.000000000000000000 ),
 .UNSPECIFIED. ) 
 CURVE ( )  GEOMETRIC_REPRESENTATION_ITEM ( )  RATIONAL_B_SPLINE_CURVE ( ( 2.500000000000000000, 2.499999999999998224, 1.000000000000000000 ) ) 
 REPRESENTATION_ITEM ( '' )  );
#9186 = CARTESIAN_POINT ( 'NONE',  ( 39.35000000000006537, 18.10000000000013642, 27.72132034355963981 ) ) ;
#9187 = DIRECTION ( 'NONE',  ( -0.000000000000000000, -0.000000000000000000, -1.000000000000000000 ) ) ;
#9188 = CARTESIAN_POINT ( 'NONE',  ( 18.59020365706892619, -39.53524773530050851, -3.032383745227083427 ) ) ;
#9189 = CARTESIAN_POINT ( 'NONE',  ( 42.96164780065721089, -6.028897858573992963, 28.59999999999999787 ) ) ;
#9190 = ORIENTED_EDGE ( 'NONE', *, *, #5151, .F. ) ;
#9191 = CARTESIAN_POINT ( 'NONE',  ( -19.53988389866366049, 43.98901496049344928, 9.600000000000003197 ) ) ;
#9192 = ORIENTED_EDGE ( 'NONE', *, *, #4398, .T. ) ;
#9193 = LINE ( 'NONE', #3226, #3909 ) ;
#9194 = CARTESIAN_POINT ( 'NONE',  ( 17.23397459621556393, -40.60000000000000142, 4.585786437626904188 ) ) ;
#9195 = CARTESIAN_POINT ( 'NONE',  ( 41.90292537900626257, 19.90289828684027285, 7.933333334038064955 ) ) ;
#9196 = CARTESIAN_POINT ( 'NONE',  ( -39.10000000000007248, -21.10000000000013642, 13.60000000000000142 ) ) ;
#9197 = DIRECTION ( 'NONE',  ( 0.000000000000000000, 0.000000000000000000, -1.000000000000000000 ) ) ;
#9198 = CARTESIAN_POINT ( 'NONE',  ( 42.02770028261184621, 19.89745817072850542, 10.03000000000010772 ) ) ;
#9199 = EDGE_CURVE ( 'NONE', #6365, #1829, #2340, .T. ) ;
#9200 = CARTESIAN_POINT ( 'NONE',  ( -20.10546131036169371, 42.57047616857212802, -1.752408431243528852 ) ) ;
#9201 = ORIENTED_EDGE ( 'NONE', *, *, #7263, .F. ) ;
#9202 = CARTESIAN_POINT ( 'NONE',  ( -44.07837550577990982, -18.14704002017214179, 13.60000000000000142 ) ) ;
#9203 = CARTESIAN_POINT ( 'NONE',  ( 20.05407719602350980, -41.55036663456353807, -1.826146001239978833 ) ) ;
#9204 = CARTESIAN_POINT ( 'NONE',  ( -16.10000000000029985, 42.73079705169099896, -2.864311890825131268 ) ) ;
#9205 = DIRECTION ( 'NONE',  ( -0.000000000000000000, -0.000000000000000000, -1.000000000000000000 ) ) ;
#9206 = CARTESIAN_POINT ( 'NONE',  ( 21.10000000000000142, 45.33999999999994657, -3.000000000000000000 ) ) ;
#9207 = CARTESIAN_POINT ( 'NONE',  ( -14.09999999999993570, -3.087639341476259069, 18.59999999999876863 ) ) ;
#9208 = CARTESIAN_POINT ( 'NONE',  ( 17.53634271284331803, 43.43669093743373821, -2.516654121257246857 ) ) ;
#9209 = ORIENTED_EDGE ( 'NONE', *, *, #5272, .T. ) ;
#9210 = VERTEX_POINT ( 'NONE', #855 ) ;
#9211 = CARTESIAN_POINT ( 'NONE',  ( 43.07131387799103095, 18.36820079462861344, 28.59999999999999432 ) ) ;
#9212 = DIRECTION ( 'NONE',  ( -1.000000000000000000, 0.000000000000000000, 0.000000000000000000 ) ) ;
#9213 = CARTESIAN_POINT ( 'NONE',  ( -41.30000000000003979, 9.776895777498653572, 10.59999999999999964 ) ) ;
#9214 = VECTOR ( 'NONE', #1947, 1000.000000000000000 ) ;
#9215 = CARTESIAN_POINT ( 'NONE',  ( 41.12056661059796880, 20.13401292487557370, 9.600000000000001421 ) ) ;
#9216 = CARTESIAN_POINT ( 'NONE',  ( -16.85139133128651068, 43.97836642101286486, -1.544491257874562207 ) ) ;
#9217 = CARTESIAN_POINT ( 'NONE',  ( 41.56998191296709422, -7.288188129630793988, 18.60000000000065512 ) ) ;
#9218 = CARTESIAN_POINT ( 'NONE',  ( -39.10000000000009379, 21.09999999999986642, 12.26666666666666750 ) ) ;
#9219 = DIRECTION ( 'NONE',  ( -0.000000000000000000, -0.000000000000000000, -1.000000000000000000 ) ) ;
#9220 = AXIS2_PLACEMENT_3D ( 'NONE', #7470, #8995, #5133 ) ;
#9221 = VERTEX_POINT ( 'NONE', #6878 ) ;
#9222 = ADVANCED_FACE ( 'NONE', ( #3466 ), #9383, .F. ) ;
#9223 = VERTEX_POINT ( 'NONE', #4935 ) ;
#9224 = CARTESIAN_POINT ( 'NONE',  ( 20.00359737109649316, 43.14786261771914155, -1.245655346693507637 ) ) ;
#9225 = CARTESIAN_POINT ( 'NONE',  ( 42.04198630671905335, -19.76322836282592732, 9.599999999999942801 ) ) ;
#9226 = CARTESIAN_POINT ( 'NONE',  ( 20.97576400432821586, -41.63667213872358985, 9.600000000000003197 ) ) ;
#9227 = CARTESIAN_POINT ( 'NONE',  ( -42.98338607260392052, 19.50478918533183048, 7.569999999999927454 ) ) ;
#9228 = AXIS2_PLACEMENT_3D ( 'NONE', #7921, #1849, #4855 ) ;
#9229 = CARTESIAN_POINT ( 'NONE',  ( 21.10000000000000142, 39.09999999999998721, 4.533333333333334991 ) ) ;
#9230 = CARTESIAN_POINT ( 'NONE',  ( 38.73435631924631650, -20.09842776849018975, 7.569999999999995843 ) ) ;
#9231 = CARTESIAN_POINT ( 'NONE',  ( 40.10000000000006537, -5.149999999999875122, 7.599999999999999645 ) ) ;
#9232 = CARTESIAN_POINT ( 'NONE',  ( -13.53880138776029085, -6.960906595043026002, 28.60000000000000142 ) ) ;
#9233 = CARTESIAN_POINT ( 'NONE',  ( 41.87323876972040892, -19.92027554826369951, 7.569999999999995843 ) ) ;
#9234 = ORIENTED_EDGE ( 'NONE', *, *, #8155, .F. ) ;
#9235 = CARTESIAN_POINT ( 'NONE',  ( -20.96164780066101940, 42.72889785855758760, 9.599999999999999645 ) ) ;
#9236 = ORIENTED_EDGE ( 'NONE', *, *, #4968, .F. ) ;
#9237 = VECTOR ( 'NONE', #2443, 1000.000000000000000 ) ;
#9238 = CARTESIAN_POINT ( 'NONE',  ( -11.09999999999993570, 17.34999999999996234, 25.59999999999999787 ) ) ;
#9239 = CARTESIAN_POINT ( 'NONE',  ( 40.60000000000006537, 0.000000000000000000, 10.59999999999999964 ) ) ;
#9240 = CARTESIAN_POINT ( 'NONE',  ( 41.95525980218947382, 19.95510860986609103, 9.266666667217052122 ) ) ;
#9241 = CARTESIAN_POINT ( 'NONE',  ( 18.10000000000000142, -40.10000000000000142, 7.599999999999999645 ) ) ;
#9242 = CARTESIAN_POINT ( 'NONE',  ( -15.25193511976847560, 25.41765109545472967, 13.60000000000000142 ) ) ;
#9243 = B_SPLINE_CURVE_WITH_KNOTS ( 'NONE', 3,
 ( #8115, #2241, #764, #8265 ),
 .UNSPECIFIED., .F., .F.,
 ( 4, 4 ),
 ( 0.000000000000000000, 1.000000000000000000 ),
 .UNSPECIFIED. ) ;
#9244 = CARTESIAN_POINT ( 'NONE',  ( 18.10000000000000142, -40.10000000000000142, 4.585786437626904188 ) ) ;
#9245 = EDGE_CURVE ( 'NONE', #4734, #5879, #7889, .T. ) ;
#9246 = CARTESIAN_POINT ( 'NONE',  ( -20.84427059966380469, 41.48376891750340434, -1.498297183170068436 ) ) ;
#9247 = EDGE_LOOP ( 'NONE', ( #8158, #6340, #2928, #2784 ) ) ;
#9248 = CARTESIAN_POINT ( 'NONE',  ( -20.27338287872886724, -40.77269184024900284, -2.173382878730252266 ) ) ;
#9249 = CARTESIAN_POINT ( 'NONE',  ( -44.06157421608440927, -18.63707660277773570, 13.60000000000000320 ) ) ;
#9250 = CARTESIAN_POINT ( 'NONE',  ( 21.13238403920664865, -39.53523670167297155, -0.4902012987491090046 ) ) ;
#9251 = CARTESIAN_POINT ( 'NONE',  ( -19.88124999999834586, -41.78749999999832454, -1.781250000000281108 ) ) ;
#9252 = AXIS2_PLACEMENT_3D ( 'NONE', #4120, #2643, #9264 ) ;
#9253 = CIRCLE ( 'NONE', #6896, 1.379999999999999227 ) ;
#9254 = CARTESIAN_POINT ( 'NONE',  ( -17.53539661981631070, 42.72831701804419424, -2.861976285370213091 ) ) ;
#9255 = ADVANCED_FACE ( 'NONE', ( #5678 ), #4791, .F. ) ;
#9256 = LINE ( 'NONE', #33, #5827 ) ;
#9257 = CARTESIAN_POINT ( 'NONE',  ( -44.10000000000007248, 16.09999999999986287, 9.600000000000001421 ) ) ;
#9258 = CARTESIAN_POINT ( 'NONE',  ( -13.17033993010776172, -7.162249809500141673, 18.60000000000123066 ) ) ;
#9259 = VECTOR ( 'NONE', #5783, 1000.000000000000000 ) ;
#9260 = AXIS2_PLACEMENT_3D ( 'NONE', #8108, #6633, #5047 ) ;
#9261 = CARTESIAN_POINT ( 'NONE',  ( 19.38919738757203248, 42.76528687393270189, -2.219395653706867311 ) ) ;
#9262 = VERTEX_POINT ( 'NONE', #8734 ) ;
#9263 = ORIENTED_EDGE ( 'NONE', *, *, #4870, .T. ) ;
#9264 = DIRECTION ( 'NONE',  ( -1.000000000000000000, 0.000000000000000000, 0.000000000000000000 ) ) ;
#9265 = CARTESIAN_POINT ( 'NONE',  ( -18.10000000000000142, -34.46026316928586652, 0.000000000000000000 ) ) ;
#9266 = CARTESIAN_POINT ( 'NONE',  ( 42.09532558559142501, 17.20009818784282274, 7.599999999999998757 ) ) ;
#9267 = CARTESIAN_POINT ( 'NONE',  ( 20.88525032197481224, 43.07265072837591902, 9.600000000000001421 ) ) ;
#9268 = CIRCLE ( 'NONE', #4380, 0.7500000000000006661 ) ;
#9269 = CARTESIAN_POINT ( 'NONE',  ( -19.47253305283512503, 43.58390516619935084, -1.185112730469382702 ) ) ;
#9270 = CARTESIAN_POINT ( 'NONE',  ( 42.23563650672623027, -7.138462905632130706, 18.60000000000129816 ) ) ;
#9271 = LINE ( 'NONE', #983, #7072 ) ;
#9272 = CARTESIAN_POINT ( 'NONE',  ( 38.10000000000005116, 21.10000000000013287, 9.600000000000001421 ) ) ;
#9273 = VERTEX_POINT ( 'NONE', #4839 ) ;
#9274 = ORIENTED_EDGE ( 'NONE', *, *, #6268, .F. ) ;
#9275 = CARTESIAN_POINT ( 'NONE',  ( 18.80422412797539522, 43.77173927811865894, -1.450598051707961522 ) ) ;
#9276 = CARTESIAN_POINT ( 'NONE',  ( -43.10000000000006537, -16.10000000000013642, 7.599999999999999645 ) ) ;
#9277 = EDGE_CURVE ( 'NONE', #8283, #4375, #1565, .T. ) ;
#9278 = CARTESIAN_POINT ( 'NONE',  ( -43.06385905547086423, 19.76867549032360927, 10.03000000000000824 ) ) ;
#9279 = CARTESIAN_POINT ( 'NONE',  ( 20.43424730999681316, 41.77943311167329199, -1.995318914482791861 ) ) ;
#9280 = CARTESIAN_POINT ( 'NONE',  ( 38.10000000000007248, -20.22735090365792487, 10.03000000000000469 ) ) ;
#9281 = AXIS2_PLACEMENT_3D ( 'NONE', #6920, #9187, #3957 ) ;
#9282 = FACE_OUTER_BOUND ( 'NONE', #7496, .T. ) ;
#9283 = CIRCLE ( 'NONE', #5021, 3.149999999999999911 ) ;
#9284 = CARTESIAN_POINT ( 'NONE',  ( -43.98247474094994658, 19.58902559124353360, 13.59999999999999964 ) ) ;
#9285 = CYLINDRICAL_SURFACE ( 'NONE', #301, 0.5000000000000004441 ) ;
#9286 = VERTEX_POINT ( 'NONE', #7363 ) ;
#9287 = ORIENTED_EDGE ( 'NONE', *, *, #5072, .F. ) ;
#9288 = ORIENTED_EDGE ( 'NONE', *, *, #4936, .T. ) ;
#9289 = LINE ( 'NONE', #5580, #9063 ) ;
#9290 = DIRECTION ( 'NONE',  ( 0.000000000000000000, 0.000000000000000000, -1.000000000000000000 ) ) ;
#9291 = CARTESIAN_POINT ( 'NONE',  ( 39.74293942031192728, 20.08744795435127983, 7.600000000000001421 ) ) ;
#9292 = CARTESIAN_POINT ( 'NONE',  ( 43.10000000000005826, -5.126222704615536863, 15.87086614294241826 ) ) ;
#9293 = AXIS2_PLACEMENT_3D ( 'NONE', #5781, #4896, #8797 ) ;
#9294 = CARTESIAN_POINT ( 'NONE',  ( -8.993264059029883128, 26.10042434154927804, 13.59999999999999787 ) ) ;
#9295 = CARTESIAN_POINT ( 'NONE',  ( -12.78046746521453336, 21.09999999999995168, 14.93192064378672690 ) ) ;
#9296 = CARTESIAN_POINT ( 'NONE',  ( 19.78749999999709885, 42.88125000000017906, -1.781250000002772893 ) ) ;
#9297 = CARTESIAN_POINT ( 'NONE',  ( -20.50821667535968729, 42.44544202142972011, -1.345442660911519095 ) ) ;
#9298 = EDGE_LOOP ( 'NONE', ( #9411, #6874, #3447, #5261 ) ) ;
#9299 = CARTESIAN_POINT ( 'NONE',  ( -19.06537770899269546, -38.85321727930340785, -2.944640149785004990 ) ) ;
#9300 = CARTESIAN_POINT ( 'NONE',  ( -43.19274964925210725, -20.84640685949507244, 13.60000000000000320 ) ) ;
#9301 = CARTESIAN_POINT ( 'NONE',  ( 18.10000000000000142, -34.46026316928586652, 0.000000000000000000 ) ) ;
#9302 = CARTESIAN_POINT ( 'NONE',  ( -41.30000000000003979, 9.776895777498653572, -15.40511026734024824 ) ) ;
#9303 = ADVANCED_FACE ( 'NONE', ( #597 ), #9676, .F. ) ;
#9304 = CARTESIAN_POINT ( 'NONE',  ( 43.06641683701761991, -18.49873699103435598, 13.60000000000000320 ) ) ;
#9305 = SHAPE_REPRESENTATION_RELATIONSHIP ( 'NONE' , 'NONE' ,  #8891, #7665 ) ;
#9306 = CARTESIAN_POINT ( 'NONE',  ( -13.92324478376124297, -6.292793638774599962, 13.60000000000369980 ) ) ;
#9307 = CARTESIAN_POINT ( 'NONE',  ( 19.36030968756784532, 42.92439473638455638, -2.108520911781691876 ) ) ;
#9308 = ORIENTED_EDGE ( 'NONE', *, *, #2384, .F. ) ;
#9309 = ORIENTED_EDGE ( 'NONE', *, *, #6002, .F. ) ;
#9310 = EDGE_CURVE ( 'NONE', #901, #4560, #8051, .T. ) ;
#9311 = DIRECTION ( 'NONE',  ( -0.000000000000000000, -0.000000000000000000, -1.000000000000000000 ) ) ;
#9312 = CARTESIAN_POINT ( 'NONE',  ( 16.10000000000001918, 44.10000000000000853, 2.000000000000000000 ) ) ;
#9313 = CARTESIAN_POINT ( 'NONE',  ( -19.99887817354171204, 42.52984423246805790, -1.898878173542521086 ) ) ;
#9314 = CARTESIAN_POINT ( 'NONE',  ( 20.81003976634190522, 43.31763701899789965, 9.600000000000001421 ) ) ;
#9315 = CARTESIAN_POINT ( 'NONE',  ( -16.85321927254908658, 44.04464114138345820, -0.9653641759464424155 ) ) ;
#9316 = CARTESIAN_POINT ( 'NONE',  ( -42.90289828683653894, 19.90292537900858960, 7.933333334038063178 ) ) ;
#9317 = CARTESIAN_POINT ( 'NONE',  ( 20.27338287872611389, -42.27338287872798617, -0.6726918402521876450 ) ) ;
#9318 = CARTESIAN_POINT ( 'NONE',  ( -12.19689577749889509, 40.10000000000000142, 0.000000000000000000 ) ) ;
#9319 = ORIENTED_EDGE ( 'NONE', *, *, #7982, .T. ) ;
#9320 = ADVANCED_FACE ( 'NONE', ( #7468 ), #9628, .F. ) ;
#9321 = ORIENTED_EDGE ( 'NONE', *, *, #5627, .F. ) ;
#9322 = CARTESIAN_POINT ( 'NONE',  ( 18.78705471579100106, 43.56517044977113073, -1.813254603468161585 ) ) ;
#9323 = DIRECTION ( 'NONE',  ( 0.000000000000000000, 0.000000000000000000, 1.000000000000000000 ) ) ;
#9324 = CARTESIAN_POINT ( 'NONE',  ( -42.91748157575162992, -19.81532429733717748, 7.569999999999997620 ) ) ;
#9325 = CARTESIAN_POINT ( 'NONE',  ( -43.11093151868244888, 19.52369367399842304, 10.02999999999993541 ) ) ;
#9326 = CARTESIAN_POINT ( 'NONE',  ( 20.84427107284968983, 41.48376921292449993, -1.498294251053940540 ) ) ;
#9327 = CARTESIAN_POINT ( 'NONE',  ( 41.26958562559867971, -20.01454375442004974, 7.569999999999859064 ) ) ;
#9328 = DIRECTION ( 'NONE',  ( -0.000000000000000000, 0.000000000000000000, 1.000000000000000000 ) ) ;
#9329 = CARTESIAN_POINT ( 'NONE',  ( -39.10000000000009379, 21.09999999999986642, 13.60000000000000142 ) ) ;
#9330 = DIRECTION ( 'NONE',  ( -0.000000000000000000, -0.000000000000000000, 1.000000000000000000 ) ) ;
#9331 = ORIENTED_EDGE ( 'NONE', *, *, #4724, .T. ) ;
#9332 = EDGE_LOOP ( 'NONE', ( #5114, #3145, #790, #6513, #7854, #4549, #2976, #6912 ) ) ;
#9333 = ORIENTED_EDGE ( 'NONE', *, *, #1450, .F. ) ;
#9334 = CARTESIAN_POINT ( 'NONE',  ( -19.33080941177758305, -42.08137278453455110, -1.981372784536199472 ) ) ;
#9335 = CARTESIAN_POINT ( 'NONE',  ( 22.36666666666676306, -12.39999999999987601, 13.60000000000000142 ) ) ;
#9336 = CARTESIAN_POINT ( 'NONE',  ( 41.39777772584511695, 19.99905485595831678, 7.599999999999999645 ) ) ;
#9337 = CARTESIAN_POINT ( 'NONE',  ( 18.10000000000000142, 40.10000000000000142, 6.000000000000000000 ) ) ;
#9338 = CARTESIAN_POINT ( 'NONE',  ( -13.98818812790835509, 19.56998191267176068, 13.60000000000323972 ) ) ;
#9339 = CARTESIAN_POINT ( 'NONE',  ( -13.30494520040585193, 21.09999999999995879, 14.44737789498624814 ) ) ;
#9340 = CARTESIAN_POINT ( 'NONE',  ( -42.95760772477859746, 19.65726608445471157, 7.600000000000001421 ) ) ;
#9341 = DIRECTION ( 'NONE',  ( 0.000000000000000000, -0.000000000000000000, -1.000000000000000000 ) ) ;
#9342 = VERTEX_POINT ( 'NONE', #694 ) ;
#9343 = EDGE_CURVE ( 'NONE', #4610, #1356, #4261, .T. ) ;
#9344 = CARTESIAN_POINT ( 'NONE',  ( -16.09999999999997300, -41.16143133711464230, -2.937984320614858369 ) ) ;
#9345 = CARTESIAN_POINT ( 'NONE',  ( -41.39770951319385972, -21.07025860286490015, 13.60000000000000142 ) ) ;
#9346 = CARTESIAN_POINT ( 'NONE',  ( 20.66766467421546949, -38.10000000000000853, -2.432335325784530156 ) ) ;
#9347 = EDGE_CURVE ( 'NONE', #5782, #8857, #5082, .T. ) ;
#9348 = DIRECTION ( 'NONE',  ( 1.000000000000000000, 0.000000000000000000, 0.000000000000000000 ) ) ;
#9349 = DIRECTION ( 'NONE',  ( 1.000000000000000000, 0.000000000000000000, 0.000000000000000000 ) ) ;
#9350 = LINE ( 'NONE', #2590, #2814 ) ;
#9351 = CARTESIAN_POINT ( 'NONE',  ( 19.06537770899176820, 39.85321727930445235, -2.944640149785112460 ) ) ;
#9352 = VERTEX_POINT ( 'NONE', #7311 ) ;
#9353 = ORIENTED_EDGE ( 'NONE', *, *, #8821, .T. ) ;
#9354 = DIRECTION ( 'NONE',  ( -1.000000000000000000, 0.000000000000000000, -0.000000000000000000 ) ) ;
#9355 = CARTESIAN_POINT ( 'NONE',  ( -11.09999999999993570, 17.34999999999996234, 10.60000000000000142 ) ) ;
#9356 = CARTESIAN_POINT ( 'NONE',  ( -21.13238374522591556, -39.53524773529902347, -0.4902036570705988194 ) ) ;
#9357 = CARTESIAN_POINT ( 'NONE',  ( 40.10000000000001563, -4.399999999999876010, 27.72132034355963981 ) ) ;
#9358 = CARTESIAN_POINT ( 'NONE',  ( 20.19274964925159210, 43.84640685949566574, 9.600000000000003197 ) ) ;
#9359 = CARTESIAN_POINT ( 'NONE',  ( -17.53598869740872956, 43.80530392117353244, -2.034096140375613704 ) ) ;
#9360 = B_SPLINE_CURVE_WITH_KNOTS ( 'NONE', 3,
 ( #8506, #7068, #6324, #4102 ),
 .UNSPECIFIED., .F., .F.,
 ( 4, 4 ),
 ( 0.000000000000000000, 0.0008682840425545741052 ),
 .UNSPECIFIED. ) ;
#9361 = CARTESIAN_POINT ( 'NONE',  ( 42.99646271462761149, -5.809769239207807523, 13.60000000000000497 ) ) ;
#9362 = CARTESIAN_POINT ( 'NONE',  ( 16.85089124915019454, -42.94989146761850662, -1.740720662156200360 ) ) ;
#9363 = CARTESIAN_POINT ( 'NONE',  ( -12.25038463814561318, -35.70000000000000284, 6.000000000000000000 ) ) ;
#9364 = ORIENTED_EDGE ( 'NONE', *, *, #5994, .T. ) ;
#9365 = EDGE_CURVE ( 'NONE', #9750, #8543, #3329, .T. ) ;
#9366 = VERTEX_POINT ( 'NONE', #4589 ) ;
#9367 = CARTESIAN_POINT ( 'NONE',  ( 19.68284921705108914, 43.15917927406522381, -1.582849216763175804 ) ) ;
#9368 = CARTESIAN_POINT ( 'NONE',  ( 41.72292105549442454, -20.05119839417624661, 9.600000000000074252 ) ) ;
#9369 = CARTESIAN_POINT ( 'NONE',  ( -42.94750221178846772, 19.69895721866180338, 7.569999999999927454 ) ) ;
#9370 = CARTESIAN_POINT ( 'NONE',  ( 20.52666543961012735, 40.53640090607201074, -2.426665439612250452 ) ) ;
#9371 = EDGE_CURVE ( 'NONE', #6803, #6973, #4634, .T. ) ;
#9372 = AXIS2_PLACEMENT_3D ( 'NONE', #4395, #546, #9630 ) ;
#9373 = CARTESIAN_POINT ( 'NONE',  ( 41.90450979681097010, -19.88097846064660246, 7.569999999999995843 ) ) ;
#9374 = DIRECTION ( 'NONE',  ( 0.000000000000000000, 0.000000000000000000, -1.000000000000000000 ) ) ;
#9375 = CARTESIAN_POINT ( 'NONE',  ( -42.27279173388149758, 21.01881759005644312, 13.60000000000000142 ) ) ;
#9376 = CARTESIAN_POINT ( 'NONE',  ( 12.04111586979625059, -36.96509760345961126, 0.000000000000000000 ) ) ;
#9377 = VERTEX_POINT ( 'NONE', #6916 ) ;
#9378 = ORIENTED_EDGE ( 'NONE', *, *, #1480, .T. ) ;
#9379 = ORIENTED_EDGE ( 'NONE', *, *, #4968, .T. ) ;
#9380 = CARTESIAN_POINT ( 'NONE',  ( -11.36820079462857436, 21.07131387799091726, 28.59999999999999787 ) ) ;
#9381 = CIRCLE ( 'NONE', #4174, 3.191002977041931921 ) ;
#9382 = CARTESIAN_POINT ( 'NONE',  ( -19.09999999999993747, 16.09999999999996945, 13.60000000000000142 ) ) ;
#9383 = PLANE ( 'NONE',  #6380 ) ;
#9384 = CARTESIAN_POINT ( 'NONE',  ( 12.50000000000000000, -35.70000000000000284, 76.38141135119198566 ) ) ;
#9385 = CARTESIAN_POINT ( 'NONE',  ( -16.09999999999999787, -43.10000000000002274, 2.000000000000000888 ) ) ;
#9386 = CARTESIAN_POINT ( 'NONE',  ( -15.19735700747579088, 21.09999999999994813, 13.70476986548290554 ) ) ;
#9387 = CARTESIAN_POINT ( 'NONE',  ( 18.35000000000000142, -39.66698729810778445, 4.585786437626904188 ) ) ;
#9388 = AXIS2_PLACEMENT_3D ( 'NONE', #9522, #8041, #8934 ) ;
#9389 = CARTESIAN_POINT ( 'NONE',  ( -21.03798319008017614, 39.09999999999930509, -1.061445128398958326 ) ) ;
#9390 = EDGE_LOOP ( 'NONE', ( #9201, #9287, #1167, #7386 ) ) ;
#9391 = CARTESIAN_POINT ( 'NONE',  ( -19.82204963953378751, -40.79115110422748103, -2.521613653227135377 ) ) ;
#9392 = CARTESIAN_POINT ( 'NONE',  ( -43.87811096940424704, -20.09664412391470378, 13.60000000000000675 ) ) ;
#9393 = CARTESIAN_POINT ( 'NONE',  ( -19.84466002191897971, -41.95340664962733968, -1.650791238050191012 ) ) ;
#9394 = EDGE_CURVE ( 'NONE', #7346, #1829, #4687, .T. ) ;
#9395 = CARTESIAN_POINT ( 'NONE',  ( 42.96164780065808486, -19.72889785856725453, 13.60000000000000142 ) ) ;
#9396 = CARTESIAN_POINT ( 'NONE',  ( 0.000000000000000000, 0.000000000000000000, 0.000000000000000000 ) ) ;
#9397 = CARTESIAN_POINT ( 'NONE',  ( -19.05434651644347710, -5.247889708055539337, 13.60000000000000142 ) ) ;
#9398 = CARTESIAN_POINT ( 'NONE',  ( 19.16144512839893110, 39.10000000000082565, -2.937983190080169837 ) ) ;
#9399 = ORIENTED_EDGE ( 'NONE', *, *, #4605, .T. ) ;
#9400 = EDGE_LOOP ( 'NONE', ( #8429, #70, #393, #511 ) ) ;
#9401 = CIRCLE ( 'NONE', #746, 0.5000000000000004441 ) ;
#9402 = DIRECTION ( 'NONE',  ( 0.000000000000000000, 0.000000000000000000, -1.000000000000000000 ) ) ;
#9403 = CARTESIAN_POINT ( 'NONE',  ( 18.60000000000000142, 40.10000000000000142, 4.585786437626904188 ) ) ;
#9404 = CARTESIAN_POINT ( 'NONE',  ( -21.00836052684565303, -39.53510680246114362, -1.430694579962707769 ) ) ;
#9405 = CARTESIAN_POINT ( 'NONE',  ( -20.08137278453379082, -42.08137278453381924, -1.230809411779240969 ) ) ;
#9406 = CARTESIAN_POINT ( 'NONE',  ( 13.06581359191259928, -35.07139021692749026, 6.000000000000000000 ) ) ;
#9407 = CARTESIAN_POINT ( 'NONE',  ( -19.59829718316909464, 43.84427059966363061, -0.3837689175047787060 ) ) ;
#9408 = CARTESIAN_POINT ( 'NONE',  ( 40.71658221438921998, -12.36366945305403853, 13.59999999999999076 ) ) ;
#9409 = CARTESIAN_POINT ( 'NONE',  ( 19.55036664352449804, -42.05407719602217753, -1.826146001245127160 ) ) ;
#9410 = LINE ( 'NONE', #4917, #5761 ) ;
#9411 = ORIENTED_EDGE ( 'NONE', *, *, #3880, .F. ) ;
#9412 = VERTEX_POINT ( 'NONE', #6 ) ;
#9413 = CARTESIAN_POINT ( 'NONE',  ( 20.45345044736523477, 43.72365611449982481, 1.999999999999997335 ) ) ;
#9414 = CARTESIAN_POINT ( 'NONE',  ( -19.57047620839497171, 43.10546129867470455, -1.752408433507290475 ) ) ;
#9415 = B_SPLINE_CURVE_WITH_KNOTS ( 'NONE', 3,
 ( #1142, #7168, #1991, #1051, #4991, #3423, #4062, #8692, #8007, #1243, #9296, #2538 ),
 .UNSPECIFIED., .F., .F.,
 ( 4, 2, 2, 2, 2, 4 ),
 ( 0.000000000000000000, 0.5000000000000000000, 0.7500000000000000000, 0.8750000000000000000, 0.9375000000000000000, 1.000000000000000000 ),
 .UNSPECIFIED. ) ;
#9416 = CARTESIAN_POINT ( 'NONE',  ( -20.45345044736523477, 39.09999999999912035, -2.623656114499797187 ) ) ;
#9417 = CARTESIAN_POINT ( 'NONE',  ( 42.20209550671139453, 17.36989670848549849, 9.599999999999637268 ) ) ;
#9418 = CARTESIAN_POINT ( 'NONE',  ( 20.10546129867275766, 42.57047620839540514, -1.752408433509391905 ) ) ;
#9419 = EDGE_CURVE ( 'NONE', #6948, #8465, #9069, .T. ) ;
#9420 = CARTESIAN_POINT ( 'NONE',  ( 42.09837432113195632, -16.80759269852701721, 7.600000000000001421 ) ) ;
#9421 = CARTESIAN_POINT ( 'NONE',  ( 40.32029945714817387, 20.07227657705711721, 7.569999999999995843 ) ) ;
#9422 = DIRECTION ( 'NONE',  ( -0.000000000000000000, -0.000000000000000000, 1.000000000000000000 ) ) ;
#9423 = AXIS2_PLACEMENT_3D ( 'NONE', #8815, #3536, #573 ) ;
#9424 = CARTESIAN_POINT ( 'NONE',  ( -11.69689577749890219, 40.80000000000000426, 7.599999999999998757 ) ) ;
#9425 = DIRECTION ( 'NONE',  ( -1.000000000000000000, 0.000000000000000000, 0.000000000000000000 ) ) ;
#9426 = ORIENTED_EDGE ( 'NONE', *, *, #3430, .F. ) ;
#9427 = ORIENTED_EDGE ( 'NONE', *, *, #7873, .F. ) ;
#9428 = ORIENTED_EDGE ( 'NONE', *, *, #4780, .T. ) ;
#9429 = ADVANCED_FACE ( 'NONE', ( #7617 ), #7711, .T. ) ;
#9430 = CARTESIAN_POINT ( 'NONE',  ( -13.07265072837240538, 20.88525032197552278, 28.59999999999999432 ) ) ;
#9431 = CARTESIAN_POINT ( 'NONE',  ( -19.91159499246764142, -41.91159499246766273, -1.624047293175004292 ) ) ;
#9432 = CARTESIAN_POINT ( 'NONE',  ( 41.36814086329712126, 20.00274248370658015, 7.600000000000002309 ) ) ;
#9433 = DIRECTION ( 'NONE',  ( 0.000000000000000000, 1.000000000000000000, 0.000000000000000000 ) ) ;
#9434 = CARTESIAN_POINT ( 'NONE',  ( -18.76433480622809924, 21.30968706781928645, 13.60000000000001208 ) ) ;
#9435 = AXIS2_PLACEMENT_3D ( 'NONE', #6789, #713, #2987 ) ;
#9436 =( BOUNDED_SURFACE ( )  B_SPLINE_SURFACE ( 2, 3, ( 
 ( #3525, #1302, #6532, #2781 ),
 ( #5789, #2098, #4303, #2053 ),
 ( #5050, #7327, #612, #562 ) ),
 .UNSPECIFIED., .F., .F., .T. ) 
 B_SPLINE_SURFACE_WITH_KNOTS ( ( 3, 3 ),
 ( 4, 4 ),
 ( 0.000000000000000000, 1.000000000000000000 ),
 ( 0.002250000000000001131, 0.01874999999999999584 ),
 .UNSPECIFIED. ) 
 GEOMETRIC_REPRESENTATION_ITEM ( )  RATIONAL_B_SPLINE_SURFACE ( (
 ( 1.000000000000000000, 1.000000000000000000, 1.000000000000000000, 1.000000000000000000),
 ( 4.000000000000000888, 4.000000000000000888, 4.000000000000000888, 4.000000000000000888),
 ( 1.000000000000000000, 1.000000000000000000, 1.000000000000000000, 1.000000000000000000) ) ) 
 REPRESENTATION_ITEM ( '' )  SURFACE ( )  );
#9437 = CARTESIAN_POINT ( 'NONE',  ( -12.69868048764650403, 21.09999999999995524, 15.01113016920711374 ) ) ;
#9438 = LINE ( 'NONE', #1940, #8652 ) ;
#9439 = CARTESIAN_POINT ( 'NONE',  ( -20.94989004568016000, 39.85089012585927293, -1.740728184059335826 ) ) ;
#9440 = CARTESIAN_POINT ( 'NONE',  ( -21.10000000000000142, -12.36666666666723025, 2.000000000000000000 ) ) ;
#9441 = EDGE_LOOP ( 'NONE', ( #3990, #3778, #618, #8069 ) ) ;
#9442 = CIRCLE ( 'NONE', #4372, 0.5000000000000004441 ) ;
#9444 = VECTOR ( 'NONE', #6475, 1000.000000000000000 ) ;
#9443 = CARTESIAN_POINT ( 'NONE',  ( 12.50000000000000888, -35.70000000000000284, -2.957831373953969667 ) ) ;
#9445 = CARTESIAN_POINT ( 'NONE',  ( 37.50000000000005684, -15.49999999999987033, 13.60000000000000142 ) ) ;
#9446 = CARTESIAN_POINT ( 'NONE',  ( 21.09769811981077581, -38.86011572819046478, 0.5176848941407187210 ) ) ;
#9447 = CARTESIAN_POINT ( 'NONE',  ( 43.10000000000006537, -16.10000000000013642, 13.60000000000000142 ) ) ;
#9448 = CIRCLE ( 'NONE', #4726, 0.5000000000000004441 ) ;
#9449 = CARTESIAN_POINT ( 'NONE',  ( 43.03146074138093269, -19.14736041319259741, 13.60000000000000320 ) ) ;
#9450 = DIRECTION ( 'NONE',  ( 0.000000000000000000, 0.000000000000000000, 1.000000000000000000 ) ) ;
#9451 = DIRECTION ( 'NONE',  ( 0.000000000000000000, 1.000000000000000000, 0.000000000000000000 ) ) ;
#9452 =( BOUNDED_SURFACE ( )  B_SPLINE_SURFACE ( 2, 3, ( 
 ( #8431, #2460, #1572, #3890 ),
 ( #5465, #6011, #8284, #3840 ),
 ( #8480, #1619, #6752, #1518 ) ),
 .UNSPECIFIED., .F., .F., .F. ) 
 B_SPLINE_SURFACE_WITH_KNOTS ( ( 3, 3 ),
 ( 4, 4 ),
 ( 0.000000000000000000, 1.000000000000000000 ),
 ( -0.01274999999999999745, 0.003749999999999998994 ),
 .UNSPECIFIED. ) 
 GEOMETRIC_REPRESENTATION_ITEM ( )  RATIONAL_B_SPLINE_SURFACE ( (
 ( 1.000000000000000000, 1.000000000000000000, 1.000000000000000000, 1.000000000000000000),
 ( 4.000000000000000888, 4.000000000000000888, 4.000000000000000888, 4.000000000000000888),
 ( 1.000000000000000000, 1.000000000000000000, 1.000000000000000000, 1.000000000000000000) ) ) 
 REPRESENTATION_ITEM ( '' )  SURFACE ( )  );
#9453 = CARTESIAN_POINT ( 'NONE',  ( 16.85321927254845775, 42.06536417594709576, -2.944641141384054084 ) ) ;
#9454 = ORIENTED_EDGE ( 'NONE', *, *, #4004, .T. ) ;
#9455 = EDGE_LOOP ( 'NONE', ( #7785, #8988 ) ) ;
#9456 = CARTESIAN_POINT ( 'NONE',  ( 42.25224359250248796, -12.23904420979187258, 13.59999999999999964 ) ) ;
#9457 = CARTESIAN_POINT ( 'NONE',  ( -11.84999999999993747, 18.09999999999995879, 7.599999999999999645 ) ) ;
#9458 = CARTESIAN_POINT ( 'NONE',  ( -20.91268977490177150, -40.48851315123435768, -1.313330664765536504 ) ) ;
#9459 = CARTESIAN_POINT ( 'NONE',  ( -20.59999999999990905, 39.84999999999905640, -2.500000000000080380 ) ) ;
#9460 = DIRECTION ( 'NONE',  ( 0.000000000000000000, -1.000000000000000000, 0.000000000000000000 ) ) ;
#9461 = CARTESIAN_POINT ( 'NONE',  ( 43.10040903741753482, -2.297687380366665977, 18.59999999999935483 ) ) ;
#9462 = CARTESIAN_POINT ( 'NONE',  ( 16.85004899478166607, -42.74141812957473974, -2.327526155831422638 ) ) ;
#9463 = ORIENTED_EDGE ( 'NONE', *, *, #5846, .F. ) ;
#9464 = EDGE_CURVE ( 'NONE', #37, #1654, #5444, .T. ) ;
#9465 = EDGE_LOOP ( 'NONE', ( #6399, #7998, #3078, #2540, #9093, #233, #5942, #6702 ) ) ;
#9466 = CARTESIAN_POINT ( 'NONE',  ( 19.57047616857034100, 43.10546131036277728, -1.752408431246430309 ) ) ;
#9467 = FACE_OUTER_BOUND ( 'NONE', #4810, .T. ) ;
#9468 = ADVANCED_FACE ( 'NONE', ( #2427 ), #4539, .T. ) ;
#9469 = CARTESIAN_POINT ( 'NONE',  ( -19.40343044518536431, 42.68537591280392718, -2.269740957105208956 ) ) ;
#9470 = DIRECTION ( 'NONE',  ( 0.000000000000000000, 0.000000000000000000, 1.000000000000000000 ) ) ;
#9471 = CARTESIAN_POINT ( 'NONE',  ( 20.72365611449978573, 39.10000000000093934, -2.353450447365240006 ) ) ;
#9472 = CARTESIAN_POINT ( 'NONE',  ( 42.06846027190990611, -18.44941599425240497, 7.600000000000002309 ) ) ;
#9473 = CARTESIAN_POINT ( 'NONE',  ( 21.10000000000000142, -43.10000000000000853, 7.486666666666669023 ) ) ;
#9474 = CARTESIAN_POINT ( 'NONE',  ( -41.64302649857230421, 20.18996209167845990, 10.03000000000000469 ) ) ;
#9475 = CARTESIAN_POINT ( 'NONE',  ( 13.43834651777714839, 34.67164625281093748, -2.957831373953969667 ) ) ;
#9476 = ORIENTED_EDGE ( 'NONE', *, *, #811, .F. ) ;
#9477 = EDGE_LOOP ( 'NONE', ( #3319, #8233, #1517, #3330 ) ) ;
#9478 = VERTEX_POINT ( 'NONE', #5427 ) ;
#9479 = EDGE_CURVE ( 'NONE', #5842, #9412, #7568, .T. ) ;
#9480 = CARTESIAN_POINT ( 'NONE',  ( 17.23397459621556393, 40.60000000000000142, 7.599999999999999645 ) ) ;
#9481 = CARTESIAN_POINT ( 'NONE',  ( -20.27005963225087726, -41.21722931859225980, -1.869498654789321090 ) ) ;
#9482 = CARTESIAN_POINT ( 'NONE',  ( 40.92527334355779089, 20.04256652672140504, 7.599999999999999645 ) ) ;
#9483 = CARTESIAN_POINT ( 'NONE',  ( 43.10000000000007248, -9.814493407400751934, 13.61714196735726112 ) ) ;
#9484 = CARTESIAN_POINT ( 'NONE',  ( -13.10496298956368655, 20.87812371426894131, 18.60000000000129106 ) ) ;
#9485 = CARTESIAN_POINT ( 'NONE',  ( 18.84582051132557012, -40.84582436512985026, -2.921200891708580549 ) ) ;
#9486 = CARTESIAN_POINT ( 'NONE',  ( -11.23444575488475294, 21.09999999999996234, 16.45958037250799677 ) ) ;
#9487 = FACE_OUTER_BOUND ( 'NONE', #6127, .T. ) ;
#9488 = CARTESIAN_POINT ( 'NONE',  ( -20.86925953092315922, 39.85036882629915311, -2.036512647371365503 ) ) ;
#9489 = DIRECTION ( 'NONE',  ( -0.000000000000000000, -0.000000000000000000, -1.000000000000000000 ) ) ;
#9490 = ORIENTED_EDGE ( 'NONE', *, *, #8042, .F. ) ;
#9491 = EDGE_CURVE ( 'NONE', #2392, #2748, #6215, .T. ) ;
#9492 = CARTESIAN_POINT ( 'NONE',  ( 20.09999999999999787, 43.09999999999999432, 7.599999999999999645 ) ) ;
#9493 = CARTESIAN_POINT ( 'NONE',  ( 21.10000000000000142, 44.10000000000000853, -3.630000000000000782 ) ) ;
#9494 = ADVANCED_FACE ( 'NONE', ( #5380 ), #1622, .F. ) ;
#9495 = CARTESIAN_POINT ( 'NONE',  ( 0.000000000000000000, 0.000000000000000000, 10.59999999999999964 ) ) ;
#9496 = CARTESIAN_POINT ( 'NONE',  ( -42.88984571103569010, 19.88984178720644991, 7.599999999999999645 ) ) ;
#9497 = EDGE_CURVE ( 'NONE', #7625, #1545, #5558, .T. ) ;
#9498 = CARTESIAN_POINT ( 'NONE',  ( -15.50000000000000000, 37.50000000000000000, 6.000000000000000000 ) ) ;
#9499 = CARTESIAN_POINT ( 'NONE',  ( 0.000000000000000000, -4.399999999999876010, 25.59999999999999787 ) ) ;
#9500 = CARTESIAN_POINT ( 'NONE',  ( 16.10000000000001563, 42.73078873175663261, -2.864313294364401852 ) ) ;
#9501 = ORIENTED_EDGE ( 'NONE', *, *, #8551, .F. ) ;
#9502 = EDGE_LOOP ( 'NONE', ( #5599, #8477, #2760, #5533 ) ) ;
#9503 = CARTESIAN_POINT ( 'NONE',  ( 42.87811096940441757, 20.09664412391505905, 28.60000000000000853 ) ) ;
#9504 = CARTESIAN_POINT ( 'NONE',  ( -42.94571140254661401, -20.00428713161657512, 10.03000000000000647 ) ) ;
#9505 = CARTESIAN_POINT ( 'NONE',  ( -21.05646374350414263, -40.77854727961329218, 2.000000000000002220 ) ) ;
#9506 = DIRECTION ( 'NONE',  ( -1.000000000000000000, 0.000000000000000000, 0.000000000000000000 ) ) ;
#9507 = CARTESIAN_POINT ( 'NONE',  ( 17.84967719366138539, 44.09011195108236336, 9.600000000000004974 ) ) ;
#9508 = CARTESIAN_POINT ( 'NONE',  ( -16.85487482653052993, 44.06069827924569893, -0.5905794222912090774 ) ) ;
#9509 = CARTESIAN_POINT ( 'NONE',  ( 43.09915260999633801, -3.018563275086141307, 13.60000000000000142 ) ) ;
#9510 = CARTESIAN_POINT ( 'NONE',  ( 18.79115177378766788, -42.62161405296202332, -1.722048096580231613 ) ) ;
#9511 = ORIENTED_EDGE ( 'NONE', *, *, #7197, .T. ) ;
#9512 = ORIENTED_EDGE ( 'NONE', *, *, #3463, .T. ) ;
#9513 = LINE ( 'NONE', #1318, #6406 ) ;
#9514 = CARTESIAN_POINT ( 'NONE',  ( 41.76437442640041553, -20.04175772303214842, 9.600000000000004974 ) ) ;
#9515 = CARTESIAN_POINT ( 'NONE',  ( -19.60982067038023047, 42.70386467095196537, -2.101201844129808372 ) ) ;
#9516 = CARTESIAN_POINT ( 'NONE',  ( -21.10000000000000853, -43.10000000000000853, 10.23000000000000043 ) ) ;
#9517 = CARTESIAN_POINT ( 'NONE',  ( 20.97836642101268012, 39.85139133128728162, -1.544491257875419299 ) ) ;
#9518 = PRODUCT_DEFINITION ( 'UNKNOWN', '', #6077, #541 ) ;
#9519 = CARTESIAN_POINT ( 'NONE',  ( 42.08179634024351401, -17.99736721231242953, 7.599999999999999645 ) ) ;
#9520 = CIRCLE ( 'NONE', #5264, 0.5000000000000004441 ) ;
#9521 = CARTESIAN_POINT ( 'NONE',  ( 41.69895721865948701, 19.94750221178830429, 7.569999999999995843 ) ) ;
#9522 = CARTESIAN_POINT ( 'NONE',  ( 9.776895777498797457, 40.80000000000000426, 7.599999999999998757 ) ) ;
#9523 = EDGE_CURVE ( 'NONE', #5355, #9712, #6834, .T. ) ;
#9524 = CARTESIAN_POINT ( 'NONE',  ( -14.10000000000000853, 35.89999999999999147, 6.000000000000000000 ) ) ;
#9525 = EDGE_LOOP ( 'NONE', ( #6887, #1111, #6631, #3666 ) ) ;
#9526 = ORIENTED_EDGE ( 'NONE', *, *, #8642, .T. ) ;
#9527 = CARTESIAN_POINT ( 'NONE',  ( -12.51270507531776310, 20.99246996001754439, 28.59999999999999432 ) ) ;
#9528 = CARTESIAN_POINT ( 'NONE',  ( -19.88124999999834586, -41.78749999999831743, -1.781250000000280886 ) ) ;
#9529 = CARTESIAN_POINT ( 'NONE',  ( 19.54086757463695534, -42.98888856329185870, 9.599999999999999645 ) ) ;
#9530 = CARTESIAN_POINT ( 'NONE',  ( 43.10000000000008669, -9.181111090296433019, 13.65189948816862398 ) ) ;
#9531 = AXIS2_PLACEMENT_3D ( 'NONE', #2042, #4248, #5134 ) ;
#9532 = CARTESIAN_POINT ( 'NONE',  ( -40.10000000000003695, 10.77689577749866245, -15.40511026734024824 ) ) ;
#9533 = CARTESIAN_POINT ( 'NONE',  ( 19.82204809657491040, -40.79115177379115664, -2.521614052963452757 ) ) ;
#9534 = CARTESIAN_POINT ( 'NONE',  ( -14.07237354602645318, -4.637730213382441846, 28.59999999999999432 ) ) ;
#9535 = CARTESIAN_POINT ( 'NONE',  ( -43.20481555856299849, -16.10000000000012932, 9.600000000000001421 ) ) ;
#9536 = AXIS2_PLACEMENT_3D ( 'NONE', #4904, #7782, #5641 ) ;
#9537 = DIRECTION ( 'NONE',  ( 1.000000000000000000, 0.000000000000000000, 0.000000000000000000 ) ) ;
#9538 = VERTEX_POINT ( 'NONE', #8242 ) ;
#9539 = DIRECTION ( 'NONE',  ( 0.000000000000000000, 0.000000000000000000, 1.000000000000000000 ) ) ;
#9540 = PLANE ( 'NONE',  #9732 ) ;
#9541 = DIRECTION ( 'NONE',  ( -0.000000000000000000, -0.000000000000000000, -1.000000000000000000 ) ) ;
#9542 = CARTESIAN_POINT ( 'NONE',  ( -20.09531891447868901, -42.43424730999689132, -0.6794331116734453335 ) ) ;
#9543 = EDGE_CURVE ( 'NONE', #726, #5236, #5912, .T. ) ;
#9544 = CARTESIAN_POINT ( 'NONE',  ( -14.47142857142857331, -33.63450639421993316, 6.000000000000000000 ) ) ;
#9545 =( LENGTH_UNIT ( ) NAMED_UNIT ( * ) SI_UNIT ( .MILLI., .METRE. ) );
#9546 = CARTESIAN_POINT ( 'NONE',  ( -13.01101048972662610, -12.27430629097622017, 13.59999999999999787 ) ) ;
#9547 = CARTESIAN_POINT ( 'NONE',  ( 19.55059805170294851, 41.80422412798014165, -2.671739278120402794 ) ) ;
#9548 = ORIENTED_EDGE ( 'NONE', *, *, #2554, .F. ) ;
#9549 = ORIENTED_EDGE ( 'NONE', *, *, #6880, .F. ) ;
#9550 = CARTESIAN_POINT ( 'NONE',  ( 41.87152585569928220, -12.28352820413124746, 13.60000000000000320 ) ) ;
#9551 = CARTESIAN_POINT ( 'NONE',  ( -39.73484171501848294, -20.22735090552901127, 10.03000000000000647 ) ) ;
#9552 = CARTESIAN_POINT ( 'NONE',  ( 20.66766467421545528, -42.53233532578452269, 1.999999999999999112 ) ) ;
#9553 = CARTESIAN_POINT ( 'NONE',  ( -15.37579997298907841, -11.65132727498343534, 13.60000000000000142 ) ) ;
#9554 = ADVANCED_FACE ( 'NONE', ( #786 ), #972, .T. ) ;
#9555 =( BOUNDED_CURVE ( )  B_SPLINE_CURVE ( 2, ( #613, #7382, #9595 ),
 .UNSPECIFIED., .F., .F. ) 
 B_SPLINE_CURVE_WITH_KNOTS ( ( 3, 3 ),
 ( 0.000000000000000000, 1.000000000000000000 ),
 .UNSPECIFIED. ) 
 CURVE ( )  GEOMETRIC_REPRESENTATION_ITEM ( )  RATIONAL_B_SPLINE_CURVE ( ( 1.000000000000000000, 4.000000000000000888, 1.000000000000000000 ) ) 
 REPRESENTATION_ITEM ( '' )  );
#9556 = CARTESIAN_POINT ( 'NONE',  ( -16.09999999999995879, -38.10000000000000853, -3.000000000000000000 ) ) ;
#9557 = CARTESIAN_POINT ( 'NONE',  ( 42.20871860652120233, -12.25130278280803253, 13.60000000000001208 ) ) ;
#9558 = CARTESIAN_POINT ( 'NONE',  ( 16.10000000000001563, -42.84802794910746826, -2.094734857214223922 ) ) ;
#9559 = VERTEX_POINT ( 'NONE', #6811 ) ;
#9560 = ORIENTED_EDGE ( 'NONE', *, *, #8155, .T. ) ;
#9561 = CARTESIAN_POINT ( 'NONE',  ( 16.85089012585973123, 43.94989004568168411, -1.740728184061781203 ) ) ;
#9562 = CARTESIAN_POINT ( 'NONE',  ( -17.53539937452443453, -41.72831132817937316, -2.861977240290511038 ) ) ;
#9563 = EDGE_CURVE ( 'NONE', #6993, #3689, #9768, .T. ) ;
#9564 = CARTESIAN_POINT ( 'NONE',  ( 18.10000000000000142, -40.10000000000000142, 0.000000000000000000 ) ) ;
#9565 = CARTESIAN_POINT ( 'NONE',  ( -19.38919717909388041, 42.76528683176235290, -2.219395703977066425 ) ) ;
#9566 = CARTESIAN_POINT ( 'NONE',  ( 41.97360932271772072, 19.95730921020391690, 9.599999999999587530 ) ) ;
#9567 = CARTESIAN_POINT ( 'NONE',  ( 20.84663610935416500, 42.37217076275681649, -0.7139846217395419137 ) ) ;
#9568 = AXIS2_PLACEMENT_3D ( 'NONE', #6056, #9071, #2311 ) ;
#9569 = CARTESIAN_POINT ( 'NONE',  ( 42.09691780243458226, -17.02238548602594292, 7.599999999999997868 ) ) ;
#9570 = CARTESIAN_POINT ( 'NONE',  ( 21.09999999999675069, -43.09999999999350706, 0.1233333333333327120 ) ) ;
#9571 = CARTESIAN_POINT ( 'NONE',  ( -16.10000000000000142, 45.34000000000006736, -3.000000000000000000 ) ) ;
#9572 = CARTESIAN_POINT ( 'NONE',  ( 20.60000000000000497, -38.10000000000000853, -2.499999999999997335 ) ) ;
#9573 = ORIENTED_EDGE ( 'NONE', *, *, #6786, .T. ) ;
#9574 = CIRCLE ( 'NONE', #8627, 2.000000000000001776 ) ;
#9575 = ORIENTED_EDGE ( 'NONE', *, *, #2723, .T. ) ;
#9576 = DIRECTION ( 'NONE',  ( -0.000000000000000000, -0.000000000000000000, -1.000000000000000000 ) ) ;
#9577 = CARTESIAN_POINT ( 'NONE',  ( -14.09999999999993570, 16.09999999999996945, 18.60000000000000142 ) ) ;
#9578 = DIRECTION ( 'NONE',  ( 1.000000000000000000, 0.000000000000000000, 0.000000000000000000 ) ) ;
#9579 = CARTESIAN_POINT ( 'NONE',  ( 43.10000000000006537, -6.505533742834186839, 14.53424714429665343 ) ) ;
#9580 = DIRECTION ( 'NONE',  ( -0.000000000000000000, 0.000000000000000000, 1.000000000000000000 ) ) ;
#9581 = CARTESIAN_POINT ( 'NONE',  ( -13.73903216353666323, 20.42549664815217980, 18.59999999999869402 ) ) ;
#9582 = AXIS2_PLACEMENT_3D ( 'NONE', #695, #4635, #7666 ) ;
#9583 = B_SPLINE_CURVE_WITH_KNOTS ( 'NONE', 3,
 ( #5700, #9459, #8713, #6302, #4960, #7977, #5557, #9313, #2555, #1808, #2790, #2846 ),
 .UNSPECIFIED., .F., .F.,
 ( 4, 2, 2, 2, 2, 4 ),
 ( 0.000000000000000000, 0.5000000000000000000, 0.7500000000000000000, 0.8750000000000000000, 0.9375000000000000000, 1.000000000000000000 ),
 .UNSPECIFIED. ) ;
#9584 = CARTESIAN_POINT ( 'NONE',  ( 19.59829425105143841, -40.48376921292668840, -2.744271072854032933 ) ) ;
#9585 = CARTESIAN_POINT ( 'NONE',  ( -14.06157421608516422, -4.937076602754392418, 28.60000000000000497 ) ) ;
#9586 = CARTESIAN_POINT ( 'NONE',  ( 11.56666666666665400, -11.43333333333330515, 19.81666666666668419 ) ) ;
#9587 = CARTESIAN_POINT ( 'NONE',  ( -20.59999999999951470, 43.59999999999944720, 1.250000000000049738 ) ) ;
#9588 = EDGE_CURVE ( 'NONE', #7841, #8428, #4481, .T. ) ;
#9589 = VERTEX_POINT ( 'NONE', #640 ) ;
#9590 = CARTESIAN_POINT ( 'NONE',  ( -7.367025624959012011E-14, 21.10000000000000142, 9.600000000000001421 ) ) ;
#9591 = CARTESIAN_POINT ( 'NONE',  ( 21.10000000000000142, 39.10000000000000853, -1.753333333333333632 ) ) ;
#9592 = CARTESIAN_POINT ( 'NONE',  ( 38.10000000000007248, -7.399999999999876010, 23.89999999999999858 ) ) ;
#9593 = VECTOR ( 'NONE', #8166, 1000.000000000000000 ) ;
#9594 = CARTESIAN_POINT ( 'NONE',  ( -19.53069457995969316, -43.00836052684421418, 0.5648931975380688808 ) ) ;
#9595 = CARTESIAN_POINT ( 'NONE',  ( 38.10000000000007958, -7.399999999999875122, 18.60000000000000497 ) ) ;
#9596 = CARTESIAN_POINT ( 'NONE',  ( 41.88842729701994472, 19.88915931806555903, 7.569999999999995843 ) ) ;
#9597 = VECTOR ( 'NONE', #4496, 1000.000000000000000 ) ;
#9598 = CARTESIAN_POINT ( 'NONE',  ( -19.91159499246876408, 42.72404729317372585, -1.811594992469624410 ) ) ;
#9599 = VERTEX_POINT ( 'NONE', #8932 ) ;
#9600 = ORIENTED_EDGE ( 'NONE', *, *, #3454, .T. ) ;
#9601 = CARTESIAN_POINT ( 'NONE',  ( 41.54737320415783586, 20.98804278005457391, 28.60000000000000142 ) ) ;
#9602 = CARTESIAN_POINT ( 'NONE',  ( -42.96669950821578965, -19.99404106816163917, 10.03000000000000647 ) ) ;
#9603 = CARTESIAN_POINT ( 'NONE',  ( 20.27338287872611389, -42.27338287872800038, -0.6726918402521875340 ) ) ;
#9604 = ADVANCED_FACE ( 'NONE', ( #3013 ), #4478, .T. ) ;
#9605 = CARTESIAN_POINT ( 'NONE',  ( -11.11152451844614752, -12.38092322689383984, 13.60000000000000320 ) ) ;
#9606 = CARTESIAN_POINT ( 'NONE',  ( -14.60000000000000142, -34.11769309494244595, 0.000000000000000000 ) ) ;
#9607 = DIRECTION ( 'NONE',  ( -1.000000000000000000, 0.000000000000000000, -0.000000000000000000 ) ) ;
#9608 = CARTESIAN_POINT ( 'NONE',  ( 17.53510680246067466, -43.00836052684743294, -1.430694579965962276 ) ) ;
#9609 = EDGE_CURVE ( 'NONE', #6309, #8835, #3796, .T. ) ;
#9610 = LINE ( 'NONE', #1130, #6933 ) ;
#9611 = ORIENTED_EDGE ( 'NONE', *, *, #2315, .F. ) ;
#9612 = EDGE_LOOP ( 'NONE', ( #5943, #7157, #4754, #654 ) ) ;
#9613 = DIRECTION ( 'NONE',  ( 1.000000000000000000, 0.000000000000000000, 0.000000000000000000 ) ) ;
#9614 = CARTESIAN_POINT ( 'NONE',  ( -16.85036955926087643, -42.13650671140375437, -2.769261433318205068 ) ) ;
#9615 = CARTESIAN_POINT ( 'NONE',  ( 39.85000000000006537, 1.850000000000133760, 28.59999999999999787 ) ) ;
#9616 = CARTESIAN_POINT ( 'NONE',  ( -19.24003477612573576, 42.80406933661270585, -2.287724532159562063 ) ) ;
#9617 = CARTESIAN_POINT ( 'NONE',  ( 40.28312713926143829, -3.316957306625702540, 27.93304269337419754 ) ) ;
#9618 = CARTESIAN_POINT ( 'NONE',  ( 20.35933284383139608, 43.18619108745881618, -0.6759075326629016001 ) ) ;
#9619 = CARTESIAN_POINT ( 'NONE',  ( -41.97631169180319688, 20.03901575552299974, 7.599999999999997868 ) ) ;
#9620 = CARTESIAN_POINT ( 'NONE',  ( 42.04450687065822478, -18.89628922577135128, 7.599999999999999645 ) ) ;
#9621 = CARTESIAN_POINT ( 'NONE',  ( 41.89588082671533442, 20.02861363587701504, 10.03000000000000647 ) ) ;
#9622 = CARTESIAN_POINT ( 'NONE',  ( -39.73435631924511569, 20.09842776849431800, 7.569999999999995843 ) ) ;
#9623 = EDGE_CURVE ( 'NONE', #2244, #2901, #4113, .T. ) ;
#9624 = CARTESIAN_POINT ( 'NONE',  ( -42.12056661059712326, -20.13401292487525041, 9.599999999999960565 ) ) ;
#9625 = EDGE_LOOP ( 'NONE', ( #7088, #2, #9095, #5248 ) ) ;
#9626 = DIRECTION ( 'NONE',  ( -0.000000000000000000, -0.000000000000000000, -1.000000000000000000 ) ) ;
#9627 = CARTESIAN_POINT ( 'NONE',  ( -20.67955401047538544, -38.85000007912381648, -2.420445989524658614 ) ) ;
#9628 = PLANE ( 'NONE',  #4805 ) ;
#9629 = CARTESIAN_POINT ( 'NONE',  ( 43.10000000000007958, -6.080644329547840066, 14.93021369702524481 ) ) ;
#9630 = DIRECTION ( 'NONE',  ( -1.000000000000000000, 0.000000000000000000, 0.000000000000000000 ) ) ;
#9631 = CARTESIAN_POINT ( 'NONE',  ( -13.63412805375621950, 20.56663694220760874, 18.60000000000064091 ) ) ;
#9632 = EDGE_CURVE ( 'NONE', #6679, #4286, #7457, .T. ) ;
#9633 = CARTESIAN_POINT ( 'NONE',  ( 18.47587029890581078, -42.35072599843859109, -2.250725998440442410 ) ) ;
#9634 = CARTESIAN_POINT ( 'NONE',  ( -44.10000000000007248, -16.10000000000013642, 13.90000000000000036 ) ) ;
#9635 = CARTESIAN_POINT ( 'NONE',  ( 40.63707660277614764, -7.361574216082315658, 28.60000000000000142 ) ) ;
#9636 = EDGE_LOOP ( 'NONE', ( #539, #7344, #7744, #1966, #466, #5090 ) ) ;
#9637 = DIRECTION ( 'NONE',  ( 0.000000000000000000, 1.000000000000000000, 0.000000000000000000 ) ) ;
#9638 = EDGE_LOOP ( 'NONE', ( #8636, #8247, #3530, #2348, #9105, #690 ) ) ;
#9639 = CARTESIAN_POINT ( 'NONE',  ( -21.10000000000000497, 39.10000000000001563, 4.743333333333334068 ) ) ;
#9640 = CARTESIAN_POINT ( 'NONE',  ( -7.367025624959012011E-14, 21.10000000000000142, 10.59999999999999964 ) ) ;
#9641 = LINE ( 'NONE', #3479, #2849 ) ;
#9642 = CARTESIAN_POINT ( 'NONE',  ( -19.60982067037883425, -42.20120184412788689, -1.603864670953075722 ) ) ;
#9643 = CARTESIAN_POINT ( 'NONE',  ( -18.10000000000000142, 39.23397459621556749, 7.599999999999999645 ) ) ;
#9644 = CARTESIAN_POINT ( 'NONE',  ( 19.84999999999704201, 42.85000000000004405, -1.750000000002673639 ) ) ;
#9645 = FACE_OUTER_BOUND ( 'NONE', #6927, .T. ) ;
#9646 = EDGE_CURVE ( 'NONE', #7649, #1854, #5505, .T. ) ;
#9647 = FACE_OUTER_BOUND ( 'NONE', #6055, .T. ) ;
#9648 = ORIENTED_EDGE ( 'NONE', *, *, #8030, .T. ) ;
#9649 = EDGE_LOOP ( 'NONE', ( #8031, #5032, #757, #6009 ) ) ;
#9650 = CARTESIAN_POINT ( 'NONE',  ( 42.19274964925067195, 20.84640685949647221, 28.59999999999999787 ) ) ;
#9651 = CARTESIAN_POINT ( 'NONE',  ( 16.10000000000001208, 43.60000000000000853, -2.499999999999979128 ) ) ;
#9652 = CARTESIAN_POINT ( 'NONE',  ( 19.97040907923794961, -41.59521940940916096, -1.870409079243180894 ) ) ;
#9653 = CARTESIAN_POINT ( 'NONE',  ( -18.30449099045128492, -8.776165862449813559, 13.60000000000000497 ) ) ;
#9654 = CARTESIAN_POINT ( 'NONE',  ( 16.10000000000000853, 43.81355453544552603, -2.184496668613509662 ) ) ;
#9655 = CARTESIAN_POINT ( 'NONE',  ( -20.28449666861352796, 43.81355453544551892, 2.000000000000000888 ) ) ;
#9656 = CARTESIAN_POINT ( 'NONE',  ( 47.96338984013085849, -6.398588512977004150, 13.60000000000000497 ) ) ;
#9657 = CARTESIAN_POINT ( 'NONE',  ( 19.06537770899010553, -43.04464014978375275, 1.246782720695722491 ) ) ;
#9658 = CARTESIAN_POINT ( 'NONE',  ( 5.366666666657357254, 39.10000000000000853, -3.000000000000000000 ) ) ;
#9659 = ORIENTED_EDGE ( 'NONE', *, *, #6109, .T. ) ;
#9660 = ORIENTED_EDGE ( 'NONE', *, *, #5417, .F. ) ;
#9661 = ORIENTED_EDGE ( 'NONE', *, *, #5798, .T. ) ;
#9662 = CARTESIAN_POINT ( 'NONE',  ( 17.53510290715815145, 44.00835974910050652, -1.430700781868876614 ) ) ;
#9663 = CARTESIAN_POINT ( 'NONE',  ( -19.20575881329925494, -42.05194259115074829, -2.104875062725854118 ) ) ;
#9664 = CARTESIAN_POINT ( 'NONE',  ( 41.97397648427442363, 19.57129478384079846, 7.599999999999997868 ) ) ;
#9665 = FACE_OUTER_BOUND ( 'NONE', #2179, .T. ) ;
#9666 = CARTESIAN_POINT ( 'NONE',  ( 15.50000000000000000, 37.50000000000000000, 6.000000000000000000 ) ) ;
#9667 = CARTESIAN_POINT ( 'NONE',  ( -40.06224190603198565, 20.09659791214861713, 7.600000000000001421 ) ) ;
#9668 = CARTESIAN_POINT ( 'NONE',  ( 21.10000000000000142, 13.36666666666667602, 2.000000000000000000 ) ) ;
#9669 = FACE_OUTER_BOUND ( 'NONE', #1819, .T. ) ;
#9670 = DIRECTION ( 'NONE',  ( 0.000000000000000000, -1.000000000000000000, 0.000000000000000000 ) ) ;
#9671 = EDGE_CURVE ( 'NONE', #2007, #7495, #2960, .T. ) ;
#9672 = ADVANCED_FACE ( 'NONE', ( #2220 ), #1477, .T. ) ;
#9673 = CARTESIAN_POINT ( 'NONE',  ( -20.45345044736523477, 39.09999999999912035, -2.623656114499797187 ) ) ;
#9674 = EDGE_LOOP ( 'NONE', ( #7893, #8489, #4336, #3318 ) ) ;
#9675 = CARTESIAN_POINT ( 'NONE',  ( -42.97397648427869399, -19.57129478381267518, 7.600000000000001421 ) ) ;
#9676 = PLANE ( 'NONE',  #874 ) ;
#9677 = CARTESIAN_POINT ( 'NONE',  ( 40.10000000000006537, 18.10000000000012221, 25.59999999999999787 ) ) ;
#9678 = EDGE_CURVE ( 'NONE', #7123, #3961, #6228, .T. ) ;
#9679 = CARTESIAN_POINT ( 'NONE',  ( 18.10000000000000142, 40.10000000000000142, 6.000000000000000000 ) ) ;
#9680 = CARTESIAN_POINT ( 'NONE',  ( -13.46255874637115824, 20.71516124974593964, 18.59999999999806164 ) ) ;
#9681 = CARTESIAN_POINT ( 'NONE',  ( 19.34565532567144430, -42.00359737109031499, -2.047862617734074853 ) ) ;
#9682 = CARTESIAN_POINT ( 'NONE',  ( -44.10000000000007248, -21.10000000000013642, 13.90000000000000036 ) ) ;
#9683 = CARTESIAN_POINT ( 'NONE',  ( 40.39456583594458294, -7.370372615253991455, 28.59999999999999787 ) ) ;
#9684 = DIRECTION ( 'NONE',  ( -1.000000000000000000, 0.000000000000000000, 0.000000000000000000 ) ) ;
#9685 = ORIENTED_EDGE ( 'NONE', *, *, #7612, .F. ) ;
#9686 = CYLINDRICAL_SURFACE ( 'NONE', #5323, 0.5000000000000004441 ) ;
#9687 = VECTOR ( 'NONE', #212, 1000.000000000000000 ) ;
#9688 = CARTESIAN_POINT ( 'NONE',  ( -41.71416540257496308, -20.05550665149068124, 7.599999999999998757 ) ) ;
#9689 = EDGE_CURVE ( 'NONE', #3437, #429, #8591, .T. ) ;
#9690 = CARTESIAN_POINT ( 'NONE',  ( 41.00100531170180318, -4.548518403593504011, 26.70148159640640273 ) ) ;
#9691 = CARTESIAN_POINT ( 'NONE',  ( -19.68284921705235035, -42.15917927406352561, -1.582849216760493949 ) ) ;
#9692 = VECTOR ( 'NONE', #4736, 1000.000000000000114 ) ;
#9693 = PRODUCT_CONTEXT ( 'NONE', #1630, 'mechanical' ) ;
#9694 = DIRECTION ( 'NONE',  ( -1.000000000000000000, 0.000000000000000000, 0.000000000000000000 ) ) ;
#9695 = CARTESIAN_POINT ( 'NONE',  ( 41.88097846064374608, 19.90450979681573429, 7.569999999999951434 ) ) ;
#9696 = CARTESIAN_POINT ( 'NONE',  ( 13.34575131106461221, -35.70000000000000284, 6.000000000000000000 ) ) ;
#9697 = ORIENTED_EDGE ( 'NONE', *, *, #8234, .T. ) ;
#9698 = ORIENTED_EDGE ( 'NONE', *, *, #4724, .F. ) ;
#9699 = CARTESIAN_POINT ( 'NONE',  ( 39.16063661064404755, -12.40000000116638113, 13.60000000000000320 ) ) ;
#9700 = CARTESIAN_POINT ( 'NONE',  ( -42.50478918532976991, -19.98338607260419053, 7.569999999999995843 ) ) ;
#9701 = EDGE_CURVE ( 'NONE', #7100, #4721, #6484, .T. ) ;
#9702 = CARTESIAN_POINT ( 'NONE',  ( -20.93221865287138428, -41.92030272036257088, 2.000000000000011102 ) ) ;
#9703 = CARTESIAN_POINT ( 'NONE',  ( -11.20404407029325000, -12.37858834684727682, 13.59999999999999964 ) ) ;
#9704 = AXIS2_PLACEMENT_3D ( 'NONE', #8299, #3805, #3756 ) ;
#9705 = PLANE ( 'NONE',  #5431 ) ;
#9706 = CARTESIAN_POINT ( 'NONE',  ( -42.52076669960566591, 20.08856283237281559, 9.600000000000065370 ) ) ;
#9707 = CARTESIAN_POINT ( 'NONE',  ( 20.18619108745680535, -42.35933284383339981, -0.6759075326631965863 ) ) ;
#9708 = CARTESIAN_POINT ( 'NONE',  ( 19.81645280242897655, 42.81645280243203899, -1.818015302434547786 ) ) ;
#9709 = VERTEX_POINT ( 'NONE', #7969 ) ;
#9710 = ORIENTED_EDGE ( 'NONE', *, *, #2329, .F. ) ;
#9711 = AXIS2_PLACEMENT_3D ( 'NONE', #3130, #800, #3073 ) ;
#9712 = VERTEX_POINT ( 'NONE', #2638 ) ;
#9713 = CARTESIAN_POINT ( 'NONE',  ( 17.53634255459465763, 43.61665412127704400, -2.336690937414221736 ) ) ;
#9714 = CARTESIAN_POINT ( 'NONE',  ( -19.97040907923911846, -41.59521940940773987, -1.870409079240949790 ) ) ;
#9715 = CARTESIAN_POINT ( 'NONE',  ( 42.06167168020818536, 18.60658263654026712, 7.599999999999998757 ) ) ;
#9716 = CARTESIAN_POINT ( 'NONE',  ( -19.58902559124204856, -42.98247474094959131, 9.599999999999999645 ) ) ;
#9717 = CARTESIAN_POINT ( 'NONE',  ( -42.10905543776488003, 20.02887602816693047, 7.599999999999999645 ) ) ;
#9718 = DIRECTION ( 'NONE',  ( 3.491481338843133750E-15, -1.000000000000000000, 0.000000000000000000 ) ) ;
#9719 = CARTESIAN_POINT ( 'NONE',  ( 16.10000000000001563, 42.73078873175663261, -2.864313294364401852 ) ) ;
#9720 = CARTESIAN_POINT ( 'NONE',  ( 40.04353198703768868, -20.08065053179305082, 7.599999999999998757 ) ) ;
#9721 = CARTESIAN_POINT ( 'NONE',  ( 21.10000000000000142, -38.10000000000001563, 2.000000000000000000 ) ) ;
#9722 = ORIENTED_EDGE ( 'NONE', *, *, #5456, .T. ) ;
#9723 = CARTESIAN_POINT ( 'NONE',  ( 39.60000000000006537, -4.959016994374864318, 20.89999999999999858 ) ) ;
#9724 = CIRCLE ( 'NONE', #5936, 3.149999999999999911 ) ;
#9725 = CARTESIAN_POINT ( 'NONE',  ( -42.99238023628617356, -19.44838226707674167, 7.600000000000001421 ) ) ;
#9726 = AXIS2_PLACEMENT_3D ( 'NONE', #8386, #5318, #3107 ) ;
#9727 = CARTESIAN_POINT ( 'NONE',  ( 43.10000000000006537, 0.000000000000000000, 9.600000000000001421 ) ) ;
#9728 = CARTESIAN_POINT ( 'NONE',  ( 41.94205602711485170, -19.94217619073447167, 8.933333334222433919 ) ) ;
#9729 = EDGE_CURVE ( 'NONE', #148, #4745, #6187, .T. ) ;
#9730 = CARTESIAN_POINT ( 'NONE',  ( -43.00638251792629774, -19.88977016816746612, 9.600000000000111555 ) ) ;
#9731 = DIRECTION ( 'NONE',  ( 1.000000000000000000, 0.000000000000000000, 0.000000000000000000 ) ) ;
#9732 = AXIS2_PLACEMENT_3D ( 'NONE', #5734, #5784, #4351 ) ;
#9733 = CARTESIAN_POINT ( 'NONE',  ( -43.04096527429027219, -19.85251873003171852, 10.03000000000000469 ) ) ;
#9734 = CARTESIAN_POINT ( 'NONE',  ( -44.10000000000007248, -16.10000000000013642, 9.500000000000017764 ) ) ;
#9735 = CARTESIAN_POINT ( 'NONE',  ( 21.10000000000000142, 39.10000000000187725, 2.000000000000000888 ) ) ;
#9736 = EDGE_CURVE ( 'NONE', #3105, #7766, #4021, .T. ) ;
#9737 = ORIENTED_EDGE ( 'NONE', *, *, #4949, .T. ) ;
#9738 = CARTESIAN_POINT ( 'NONE',  ( -20.08137278453492058, 43.08137278453465058, -1.230809411779217433 ) ) ;
#9739 = EDGE_LOOP ( 'NONE', ( #2022, #7591, #5203, #16 ) ) ;
#9740 = CARTESIAN_POINT ( 'NONE',  ( -23.20999999999999730, -38.10000000000000853, -3.000000000000000000 ) ) ;
#9741 = CARTESIAN_POINT ( 'NONE',  ( -42.65190566092680768, -19.95868652844812630, 7.600000000000000533 ) ) ;
#9742 = CARTESIAN_POINT ( 'NONE',  ( -19.09999999999993747, 3.766666666666745211, 13.60000000000000142 ) ) ;
#9743 = VECTOR ( 'NONE', #4104, 1000.000000000000000 ) ;
#9744 = CARTESIAN_POINT ( 'NONE',  ( -16.10000000000002984, -42.72365630556135585, -2.353450214291536557 ) ) ;
#9745 = APPLICATION_PROTOCOL_DEFINITION ( 'draft international standard', 'automotive_design', 1998, #1630 ) ;
#9746 = CARTESIAN_POINT ( 'NONE',  ( 19.91159499246630205, 42.91159499246919040, -1.624047293177347528 ) ) ;
#9747 = DIRECTION ( 'NONE',  ( 0.000000000000000000, 0.000000000000000000, 1.000000000000000000 ) ) ;
#9748 = CARTESIAN_POINT ( 'NONE',  ( 0.000000000000000000, 0.000000000000000000, 9.600000000000001421 ) ) ;
#9749 = ORIENTED_EDGE ( 'NONE', *, *, #4032, .F. ) ;
#9750 = VERTEX_POINT ( 'NONE', #6435 ) ;
#9751 = CARTESIAN_POINT ( 'NONE',  ( 38.10000000000007958, -12.39999999999987601, 13.60000000000000142 ) ) ;
#9752 = CARTESIAN_POINT ( 'NONE',  ( 20.60000000000000142, -42.59999999999999432, 1.999999999999999556 ) ) ;
#9753 = CARTESIAN_POINT ( 'NONE',  ( 20.84802794910746471, -42.19473485721422890, 2.000000000000001776 ) ) ;
#9754 = CARTESIAN_POINT ( 'NONE',  ( -11.67146421045234028, -12.36604442853218622, 13.60000000000000320 ) ) ;
#9755 = VECTOR ( 'NONE', #7839, 1000.000000000000114 ) ;
#9756 = AXIS2_PLACEMENT_3D ( 'NONE', #9376, #8633, #391 ) ;
#9757 = CARTESIAN_POINT ( 'NONE',  ( -16.10000000000037446, 44.10000000000000853, 2.000000000000000000 ) ) ;
#9758 = CARTESIAN_POINT ( 'NONE',  ( 17.54559056778040471, -43.14340405412292512, 0.5544300198627175602 ) ) ;
#9759 = CARTESIAN_POINT ( 'NONE',  ( 43.10000000000006537, -16.10000000000013642, 9.600000000000001421 ) ) ;
#9760 = ORIENTED_EDGE ( 'NONE', *, *, #8615, .T. ) ;
#9761 = ORIENTED_EDGE ( 'NONE', *, *, #3084, .F. ) ;
#9762 = ORIENTED_EDGE ( 'NONE', *, *, #2086, .T. ) ;
#9763 = CARTESIAN_POINT ( 'NONE',  ( -14.10000000000000320, -34.11769309494244595, 6.000000000000000000 ) ) ;
#9764 = CARTESIAN_POINT ( 'NONE',  ( -19.28511347610344728, -41.47253210955488356, -2.483905225745207890 ) ) ;
#9765 = FACE_OUTER_BOUND ( 'NONE', #6629, .T. ) ;
#9766 = CARTESIAN_POINT ( 'NONE',  ( -19.56481889561149501, -42.98574326795736056, 9.600000000000004974 ) ) ;
#9767 = CARTESIAN_POINT ( 'NONE',  ( -39.46797689287637212, 20.10000000108634310, 7.600000000000000533 ) ) ;
#9768 = LINE ( 'NONE', #5458, #1173 ) ;
#9769 = CARTESIAN_POINT ( 'NONE',  ( 12.50000000000000711, -35.70000000000000284, 0.000000000000000000 ) ) ;
#9770 = CARTESIAN_POINT ( 'NONE',  ( -43.00274248370519814, 19.36814086331246543, 7.599999999999999645 ) ) ;
#9771 = NEXT_ASSEMBLY_USAGE_OCCURRENCE ( 'NAUO1', ' ', ' ', #296, #4814, $ ) ;
#9772 = NEXT_ASSEMBLY_USAGE_OCCURRENCE ( 'NAUO2', ' ', ' ', #296, #9518, $ ) ;
ENDSEC;
END-ISO-10303-21;
