ISO-10303-21;
HEADER;
FILE_DESCRIPTION (( 'STEP AP214' ),
    '1' );
FILE_NAME ('Cover.STEP',
    '2026-02-06T07:28:44',
    ( '' ),
    ( '' ),
    'SwSTEP 2.0',
    'SolidWorks 2026',
    '' );
FILE_SCHEMA (( 'AUTOMOTIVE_DESIGN' ));
ENDSEC;

DATA;
#1 = CARTESIAN_POINT ( 'NONE',  ( -11.09999999999993570, 18.09999999999996234, 27.72132034355963981 ) ) ;
#2 = ORIENTED_EDGE ( 'NONE', *, *, #1602, .F. ) ;
#3 = CARTESIAN_POINT ( 'NONE',  ( 42.07320996662632240, 19.72776371185502953, 10.03000000000000824 ) ) ;
#4 = CARTESIAN_POINT ( 'NONE',  ( -42.60148538755207426, 20.07597369116286501, 9.599999999999928590 ) ) ;
#5 = CARTESIAN_POINT ( 'NONE',  ( 38.10000000000005826, 20.10000000000013287, 7.599999999999999645 ) ) ;
#6 = CARTESIAN_POINT ( 'NONE',  ( 40.39402075846241758, -21.07039211818134561, 13.60000000000000320 ) ) ;
#7 = VERTEX_POINT ( 'NONE', #363 ) ;
#8 = DIRECTION ( 'NONE',  ( 1.916821520416347599E-16, -1.000000000000000000, 0.000000000000000000 ) ) ;
#9 = FACE_OUTER_BOUND ( 'NONE', #1019, .T. ) ;
#10 = CARTESIAN_POINT ( 'NONE',  ( -14.05903567207700000, -5.011964348908667155, 18.59999999999753229 ) ) ;
#11 = CARTESIAN_POINT ( 'NONE',  ( -42.76978910882780838, 20.06364008707083002, 10.03000000000000469 ) ) ;
#12 = CARTESIAN_POINT ( 'NONE',  ( -18.91614760871909340, -6.706487528224087669, 13.60000000000000320 ) ) ;
#13 = EDGE_CURVE ( 'NONE', #3807, #1122, #2439, .T. ) ;
#14 = VERTEX_POINT ( 'NONE', #1433 ) ;
#15 = EDGE_CURVE ( 'NONE', #1979, #3076, #3802, .T. ) ;
#16 = LINE ( 'NONE', #3668, #2933 ) ;
#17 = CARTESIAN_POINT ( 'NONE',  ( 47.91448451592328439, -6.768234991913788079, 13.60000000000000497 ) ) ;
#18 = CARTESIAN_POINT ( 'NONE',  ( -14.19479555712720042, 25.76892731083793109, 13.60000000000000142 ) ) ;
#19 = LINE ( 'NONE', #3613, #3434 ) ;
#20 = CARTESIAN_POINT ( 'NONE',  ( 42.03487874806378244, 19.03267561659417240, 7.599999999999998757 ) ) ;
#21 = EDGE_LOOP ( 'NONE', ( #1260, #2371, #3446, #173 ) ) ;
#22 = CARTESIAN_POINT ( 'NONE',  ( 42.98901496049347770, 19.53988389866378839, 28.60000000000000142 ) ) ;
#23 = CARTESIAN_POINT ( 'NONE',  ( 39.37032354542992607, 20.22461654477780257, 10.03000000000000647 ) ) ;
#24 = CARTESIAN_POINT ( 'NONE',  ( 42.09948029764398569, -20.87725659433515091, 13.59999999999999787 ) ) ;
#25 = VERTEX_POINT ( 'NONE', #1895 ) ;
#26 = LINE ( 'NONE', #2448, #129 ) ;
#27 = CARTESIAN_POINT ( 'NONE',  ( -42.97397648427869399, -19.57129478381267518, 7.600000000000001421 ) ) ;
#28 = CARTESIAN_POINT ( 'NONE',  ( 42.16744729553263227, 18.64194652266829166, 9.599999999999637268 ) ) ;
#29 = CARTESIAN_POINT ( 'NONE',  ( 43.10000000000006537, -3.073145196413487934, 17.92664381616417302 ) ) ;
#30 = CARTESIAN_POINT ( 'NONE',  ( 43.10000000000006537, -2.399999999999876010, 18.59999999999973497 ) ) ;
#31 = ORIENTED_EDGE ( 'NONE', *, *, #1193, .F. ) ;
#32 = CARTESIAN_POINT ( 'NONE',  ( 42.81364017786680165, -6.577748066926932147, 28.59999999999999076 ) ) ;
#33 = CARTESIAN_POINT ( 'NONE',  ( 44.01629930470084417, -11.85009261390654345, 13.59999999999998366 ) ) ;
#34 = CARTESIAN_POINT ( 'NONE',  ( -16.53995079486613307, 24.67090183456683050, 13.59999999999999076 ) ) ;
#35 = CARTESIAN_POINT ( 'NONE',  ( -42.58902559124452836, -20.98247474094949894, 13.60000000000000142 ) ) ;
#36 = CARTESIAN_POINT ( 'NONE',  ( 42.09659791214821922, 17.06224190603238000, 7.599999999999999645 ) ) ;
#37 = VERTEX_POINT ( 'NONE', #2598 ) ;
#38 = CARTESIAN_POINT ( 'NONE',  ( 42.87811096940441757, 20.09664412391505905, 28.60000000000000853 ) ) ;
#39 = CARTESIAN_POINT ( 'NONE',  ( 39.22341368408378770, 20.09525126151882546, 7.599999999999999645 ) ) ;
#40 = AXIS2_PLACEMENT_3D ( 'NONE', #2285, #1082, #497 ) ;
#41 = CARTESIAN_POINT ( 'NONE',  ( 42.73941876031796028, -20.43244147772098529, 13.60000000000000142 ) ) ;
#42 = VECTOR ( 'NONE', #1269, 1000.000000000000000 ) ;
#43 = VERTEX_POINT ( 'NONE', #3480 ) ;
#44 = CARTESIAN_POINT ( 'NONE',  ( -14.09999999999993570, 0.000000000000000000, 25.59999999999999787 ) ) ;
#45 = CARTESIAN_POINT ( 'NONE',  ( -43.08065053179264225, -18.04353198704208339, 7.599999999999998757 ) ) ;
#46 = CARTESIAN_POINT ( 'NONE',  ( -13.37297674841577333, -7.068960234768034034, 13.59999999999936193 ) ) ;
#47 = CARTESIAN_POINT ( 'NONE',  ( -42.70005921271320659, 19.94728329632205543, 7.570000000000032259 ) ) ;
#48 = CARTESIAN_POINT ( 'NONE',  ( -7.054473647750090207E-14, 20.20481555856608225, 9.600000000000001421 ) ) ;
#49 = ORIENTED_EDGE ( 'NONE', *, *, #3377, .T. ) ;
#50 = CARTESIAN_POINT ( 'NONE',  ( 41.81049812225314355, -7.248836442063608665, 28.59999999999999432 ) ) ;
#51 = CARTESIAN_POINT ( 'NONE',  ( 43.10000000000006537, -1.546112270910436015, 18.59999999999999787 ) ) ;
#52 = CARTESIAN_POINT ( 'NONE',  ( -8.246112270910515463, 21.09999999999997300, 13.59999999999999787 ) ) ;
#53 = DIRECTION ( 'NONE',  ( -3.639200510924877443E-15, 1.000000000000000000, 0.000000000000000000 ) ) ;
#54 = CARTESIAN_POINT ( 'NONE',  ( 38.73444870839492893, 20.09842776848936197, 7.569999999999995843 ) ) ;
#55 = ORIENTED_EDGE ( 'NONE', *, *, #1289, .F. ) ;
#56 = CARTESIAN_POINT ( 'NONE',  ( -14.09999999999993570, -7.399999999999875122, 18.60000000000000142 ) ) ;
#57 = CARTESIAN_POINT ( 'NONE',  ( 39.93922334539117713, 20.08318958766506057, 7.599999999999998757 ) ) ;
#58 = CARTESIAN_POINT ( 'NONE',  ( -43.10000000000006537, 16.09999999999986287, 7.599999999999999645 ) ) ;
#59 = FACE_OUTER_BOUND ( 'NONE', #390, .T. ) ;
#60 = ORIENTED_EDGE ( 'NONE', *, *, #1977, .T. ) ;
#61 = EDGE_CURVE ( 'NONE', #1279, #1979, #2912, .T. ) ;
#62 = CARTESIAN_POINT ( 'NONE',  ( 41.79822277959263488, 0.000000000000000000, 25.59999999999999787 ) ) ;
#63 = CARTESIAN_POINT ( 'NONE',  ( 42.13407336582523044, 19.12002029711751661, 9.599999999999637268 ) ) ;
#64 = CARTESIAN_POINT ( 'NONE',  ( -41.31994558796186823, 20.07229497478849467, 7.569999999999995843 ) ) ;
#65 = FILL_AREA_STYLE ('',( #2764 ) ) ;
#66 = VERTEX_POINT ( 'NONE', #1707 ) ;
#67 = CARTESIAN_POINT ( 'NONE',  ( 39.24942143388590665, -7.396279656908230749, 28.59999999999999432 ) ) ;
#68 = DIRECTION ( 'NONE',  ( 3.491481338843133750E-15, -1.000000000000000000, 0.000000000000000000 ) ) ;
#69 = EDGE_CURVE ( 'NONE', #1050, #3816, #217, .T. ) ;
#70 = CARTESIAN_POINT ( 'NONE',  ( -13.10496298909489532, 20.87812371298036496, 13.60000000000128928 ) ) ;
#71 = DIRECTION ( 'NONE',  ( 1.000000000000000000, 0.000000000000000000, 0.000000000000000000 ) ) ;
#72 = VECTOR ( 'NONE', #1412, 1000.000000000000000 ) ;
#73 = LINE ( 'NONE', #2479, #2780 ) ;
#74 = VERTEX_POINT ( 'NONE', #1688 ) ;
#75 = CARTESIAN_POINT ( 'NONE',  ( 40.40303354164304039, 21.07006491942929571, 28.59999999999998721 ) ) ;
#76 = CARTESIAN_POINT ( 'NONE',  ( 39.03497541068105647, 20.09681646764306606, 7.600000000000001421 ) ) ;
#77 = CARTESIAN_POINT ( 'NONE',  ( -14.74771557943789091, -11.94048614350140802, 13.59999999999998366 ) ) ;
#78 = CARTESIAN_POINT ( 'NONE',  ( -44.09011195108238468, 17.84967719365545591, 13.59999999999999964 ) ) ;
#79 = CARTESIAN_POINT ( 'NONE',  ( -42.91748157575162992, -19.81532429733717748, 7.569999999999997620 ) ) ;
#80 = DIRECTION ( 'NONE',  ( 0.000000000000000000, -1.000000000000000000, 0.000000000000000000 ) ) ;
#81 = EDGE_CURVE ( 'NONE', #517, #838, #198, .T. ) ;
#82 = CARTESIAN_POINT ( 'NONE',  ( -44.10000000000007248, 16.09999999999986287, 9.600000000000001421 ) ) ;
#83 = CARTESIAN_POINT ( 'NONE',  ( -13.37297674791683200, -7.068960233685925409, 18.59999999999936904 ) ) ;
#84 = CARTESIAN_POINT ( 'NONE',  ( 43.10000000000007248, -7.725666881285826015, 13.83829177708630631 ) ) ;
#85 = LINE ( 'NONE', #937, #1930 ) ;
#86 = ORIENTED_EDGE ( 'NONE', *, *, #1175, .F. ) ;
#87 = CARTESIAN_POINT ( 'NONE',  ( 38.10000000000007958, -7.399999999999876010, 28.59999999999999787 ) ) ;
#88 = EDGE_CURVE ( 'NONE', #1122, #1050, #1251, .T. ) ;
#89 = FACE_OUTER_BOUND ( 'NONE', #2753, .T. ) ;
#90 = LINE ( 'NONE', #1858, #3120 ) ;
#91 = CARTESIAN_POINT ( 'NONE',  ( 40.60000000000006537, 17.54098300562517565, 25.59999999999999787 ) ) ;
#92 = ORIENTED_EDGE ( 'NONE', *, *, #1589, .T. ) ;
#93 = CARTESIAN_POINT ( 'NONE',  ( 38.10000000000005116, 20.20481555856621370, 9.600000000000001421 ) ) ;
#94 = DIRECTION ( 'NONE',  ( 0.05233595624294377913, 0.000000000000000000, 0.9986295347545739443 ) ) ;
#95 = CARTESIAN_POINT ( 'NONE',  ( 40.60000000000006537, -3.840983005624974300, 7.599999999999999645 ) ) ;
#96 = CARTESIAN_POINT ( 'NONE',  ( -44.07025860286483265, 18.39770951319348313, 13.60000000000000142 ) ) ;
#97 = CARTESIAN_POINT ( 'NONE',  ( -42.88842729702029999, -19.88915931806457138, 7.569999999999997620 ) ) ;
#98 = ORIENTED_EDGE ( 'NONE', *, *, #3328, .F. ) ;
#99 = ADVANCED_FACE ( 'NONE', ( #3780 ), #2802, .F. ) ;
#100 = CARTESIAN_POINT ( 'NONE',  ( -42.97874451842965726, 19.94666447902688944, 9.600000000000099121 ) ) ;
#101 = VECTOR ( 'NONE', #1528, 1000.000000000000000 ) ;
#102 = CARTESIAN_POINT ( 'NONE',  ( -44.10000000000007248, 21.09999999999984510, 9.500000000000007105 ) ) ;
#103 = CARTESIAN_POINT ( 'NONE',  ( -19.09999999999993747, -2.399999999999876010, 13.60000000000000142 ) ) ;
#104 = CARTESIAN_POINT ( 'NONE',  ( 43.10000000000006537, -6.505533742834186839, 14.53424714429665343 ) ) ;
#105 = AXIS2_PLACEMENT_3D ( 'NONE', #1831, #3034, #338 ) ;
#106 = ORIENTED_EDGE ( 'NONE', *, *, #1747, .T. ) ;
#107 = CARTESIAN_POINT ( 'NONE',  ( 41.74637280587474208, -19.93797192884753855, 7.599999999999999645 ) ) ;
#108 = CARTESIAN_POINT ( 'NONE',  ( 20.35000000000006537, 1.850000000000123768, 28.59999999999999787 ) ) ;
#109 = CARTESIAN_POINT ( 'NONE',  ( 43.10000000000006537, -3.384484829834285335, 28.60000000000000142 ) ) ;
#110 = ADVANCED_FACE ( 'NONE', ( #1726 ), #2839, .T. ) ;
#111 = CARTESIAN_POINT ( 'NONE',  ( -8.997687380367480614, 21.10040903741744245, 18.60000000000129461 ) ) ;
#112 = EDGE_CURVE ( 'NONE', #2395, #3307, #996, .T. ) ;
#113 = CARTESIAN_POINT ( 'NONE',  ( 38.10000000000007248, -20.10000000000013642, 7.599999999999999645 ) ) ;
#114 = CARTESIAN_POINT ( 'NONE',  ( 39.35000000000006537, 18.10000000000013642, 7.599999999999999645 ) ) ;
#115 = ORIENTED_EDGE ( 'NONE', *, *, #133, .F. ) ;
#116 = CARTESIAN_POINT ( 'NONE',  ( 42.81003976634080743, 20.31763701899939534, 28.59999999999999432 ) ) ;
#117 = CARTESIAN_POINT ( 'NONE',  ( -14.09999999999993570, 16.09999999999996945, 12.84999999999999964 ) ) ;
#118 = LINE ( 'NONE', #1585, #922 ) ;
#119 = CARTESIAN_POINT ( 'NONE',  ( -19.06640744178084290, 18.59545424982459139, 13.59999999999999787 ) ) ;
#120 = CARTESIAN_POINT ( 'NONE',  ( -42.98331538500394089, -19.50514369042728546, 7.569999999999859064 ) ) ;
#121 = PLANE ( 'NONE',  #3785 ) ;
#122 = B_SPLINE_SURFACE_WITH_KNOTS ( 'NONE', 1, 3, ( 
 ( #1696, #2900, #2608, #64, #955, #2742, #1850, #2763, #2452, #47, #341, #3889, #3627, #1204, #1264, #3312, #3350 ),
 ( #2150, #1792, #2131, #1777, #2684, #895, #3646, #2704, #2428, #307, #11, #936, #2093, #3605, #916, #1184, #2111 ) ),
 .UNSPECIFIED., .F., .F., .F.,
 ( 2, 2 ),
 ( 4, 2, 2, 2, 2, 2, 3, 4 ),
 ( 0.000000000000000000, 1.000000000000000000 ),
 ( 0.000000000000000000, 0.5000000000000000000, 0.7500000000000000000, 0.8750000000000000000, 0.9375000000000000000, 0.9687500000000000000, 1.000000000000000000, 1.013443191589145531 ),
 .UNSPECIFIED. ) ;
#123 = CARTESIAN_POINT ( 'NONE',  ( -44.10000000000007248, 16.09999999999986287, 13.90000000000000036 ) ) ;
#124 = CARTESIAN_POINT ( 'NONE',  ( 43.10000000000007248, -5.973906440337259482, 15.03536302557981230 ) ) ;
#125 = CARTESIAN_POINT ( 'NONE',  ( -42.94750221178846772, 19.69895721866180338, 7.569999999999927454 ) ) ;
#126 = EDGE_LOOP ( 'NONE', ( #3477, #2420, #244, #2201 ) ) ;
#127 = CARTESIAN_POINT ( 'NONE',  ( 42.10000000000006537, 16.10000000000013287, 7.599999999999999645 ) ) ;
#128 = DIRECTION ( 'NONE',  ( 0.000000000000000000, 0.000000000000000000, 1.000000000000000000 ) ) ;
#129 = VECTOR ( 'NONE', #2506, 1000.000000000000000 ) ;
#130 = CARTESIAN_POINT ( 'NONE',  ( 20.60000000000006537, -4.399999999999876010, 20.89999999999999503 ) ) ;
#131 = EDGE_CURVE ( 'NONE', #2551, #1761, #3390, .T. ) ;
#132 = ADVANCED_FACE ( 'NONE', ( #812 ), #519, .T. ) ;
#133 = EDGE_CURVE ( 'NONE', #3530, #964, #1274, .T. ) ;
#134 = CARTESIAN_POINT ( 'NONE',  ( -13.70384904617510102, 21.09999999999995524, 14.14503404075457382 ) ) ;
#135 = PLANE ( 'NONE',  #141 ) ;
#136 = PLANE ( 'NONE',  #1741 ) ;
#137 = CARTESIAN_POINT ( 'NONE',  ( 39.36892443157331911, 20.09568880629875309, 7.569999999999995843 ) ) ;
#138 = ORIENTED_EDGE ( 'NONE', *, *, #1864, .T. ) ;
#139 = CARTESIAN_POINT ( 'NONE',  ( -17.28235439309511534, 21.09999999999994102, 13.60641280171859435 ) ) ;
#140 = CARTESIAN_POINT ( 'NONE',  ( -9.099999999999951683, 21.09999999999996945, 18.35000000000001563 ) ) ;
#141 = AXIS2_PLACEMENT_3D ( 'NONE', #2217, #978, #2845 ) ;
#142 = DIRECTION ( 'NONE',  ( 1.000000000000000000, 0.000000000000000000, 0.000000000000000000 ) ) ;
#143 = CARTESIAN_POINT ( 'NONE',  ( -42.97108259092832583, -19.58340741532060036, 7.570000000000135287 ) ) ;
#144 = ORIENTED_EDGE ( 'NONE', *, *, #3262, .T. ) ;
#145 = CARTESIAN_POINT ( 'NONE',  ( 38.10000000000007958, -7.399999999999876010, 13.60000000000000142 ) ) ;
#146 = CARTESIAN_POINT ( 'NONE',  ( -9.099999999999933920, -7.399999999999876010, 28.59999999999999787 ) ) ;
#147 = CARTESIAN_POINT ( 'NONE',  ( 43.10000000000006537, -9.129900726432268243, 13.65478517242740253 ) ) ;
#148 = CARTESIAN_POINT ( 'NONE',  ( -43.00638251792629774, -19.88977016816746612, 9.600000000000111555 ) ) ;
#149 = EDGE_LOOP ( 'NONE', ( #578, #574, #1615, #2173, #1587, #3453, #183 ) ) ;
#150 = CARTESIAN_POINT ( 'NONE',  ( 40.08376142933451547, -20.07960062175207483, 7.600000000000001421 ) ) ;
#151 = CARTESIAN_POINT ( 'NONE',  ( -9.099999999999933920, -7.399999999999876010, 18.35000000000001563 ) ) ;
#152 = CARTESIAN_POINT ( 'NONE',  ( 41.98379500470358749, -19.98768761388298287, 10.03000000000000647 ) ) ;
#153 =( BOUNDED_SURFACE ( )  B_SPLINE_SURFACE ( 2, 3, ( 
 ( #2351, #3269, #1471, #334 ),
 ( #3013, #889, #3287, #318 ),
 ( #299, #1490, #577, #2699 ) ),
 .UNSPECIFIED., .F., .F., .T. ) 
 B_SPLINE_SURFACE_WITH_KNOTS ( ( 3, 3 ),
 ( 4, 4 ),
 ( 0.000000000000000000, 1.000000000000000000 ),
 ( -0.03810000000000007825, 0.009099999999999934530 ),
 .UNSPECIFIED. ) 
 GEOMETRIC_REPRESENTATION_ITEM ( )  RATIONAL_B_SPLINE_SURFACE ( (
 ( 1.000000000000000000, 1.000000000000000000, 1.000000000000000000, 1.000000000000000000),
 ( 4.000000000000000888, 4.000000000000000888, 4.000000000000000888, 4.000000000000000888),
 ( 1.000000000000000000, 1.000000000000000000, 1.000000000000000000, 1.000000000000000000) ) ) 
 REPRESENTATION_ITEM ( '' )  SURFACE ( )  );
#154 = CARTESIAN_POINT ( 'NONE',  ( -40.59999999999996589, -11.69689577749904430, 10.59999999999999964 ) ) ;
#155 = LINE ( 'NONE', #3471, #990 ) ;
#156 = EDGE_LOOP ( 'NONE', ( #3346, #628, #1442, #207 ) ) ;
#157 = CARTESIAN_POINT ( 'NONE',  ( -42.88984178720487250, -19.88984571103815213, 7.599999999999999645 ) ) ;
#158 = CARTESIAN_POINT ( 'NONE',  ( 41.42122724735871486, 19.99602867563686814, 7.600000000000000533 ) ) ;
#159 = CARTESIAN_POINT ( 'NONE',  ( -19.09999999999993747, 16.09999999999996945, 13.60000000000000142 ) ) ;
#160 = DIRECTION ( 'NONE',  ( -1.000000000000000000, 0.000000000000000000, -1.826024711554534653E-16 ) ) ;
#161 = ORIENTED_EDGE ( 'NONE', *, *, #3010, .F. ) ;
#162 = CARTESIAN_POINT ( 'NONE',  ( -44.10000000000007248, -21.10000000000013642, 13.90000000000000036 ) ) ;
#163 = CARTESIAN_POINT ( 'NONE',  ( -41.27566523583030289, 21.07444201803174622, 13.59999999999999964 ) ) ;
#164 = CARTESIAN_POINT ( 'NONE',  ( 43.10000000000006537, -8.956241848914729076, 13.66546871164444354 ) ) ;
#165 = CARTESIAN_POINT ( 'NONE',  ( -43.06115088677240976, 18.63729749817517956, 7.569999999999995843 ) ) ;
#166 = ORIENTED_EDGE ( 'NONE', *, *, #835, .F. ) ;
#167 = DIRECTION ( 'NONE',  ( -7.709882115452476194E-16, 1.000000000000000000, -0.000000000000000000 ) ) ;
#168 = CARTESIAN_POINT ( 'NONE',  ( 40.61471464495202355, -12.36569709029035735, 13.60000000000000142 ) ) ;
#169 = LINE ( 'NONE', #2255, #417 ) ;
#170 = CIRCLE ( 'NONE', #2377, 0.5000000000000004441 ) ;
#171 = CARTESIAN_POINT ( 'NONE',  ( -39.10000000000007248, -21.10000000000013642, 12.26666666666666927 ) ) ;
#172 = CARTESIAN_POINT ( 'NONE',  ( 42.09714857553976231, -16.99274735649210299, 7.599999999999996092 ) ) ;
#173 = ORIENTED_EDGE ( 'NONE', *, *, #1470, .T. ) ;
#174 = CARTESIAN_POINT ( 'NONE',  ( -19.09999999999993747, -2.399999999999876010, 13.60000000000000142 ) ) ;
#175 = CARTESIAN_POINT ( 'NONE',  ( -14.09999999999993570, 21.09999999999995168, 23.84999999999999076 ) ) ;
#176 = LINE ( 'NONE', #2873, #3880 ) ;
#177 = LINE ( 'NONE', #2556, #2314 ) ;
#178 = ORIENTED_EDGE ( 'NONE', *, *, #1114, .F. ) ;
#179 = FACE_OUTER_BOUND ( 'NONE', #1647, .T. ) ;
#180 = CARTESIAN_POINT ( 'NONE',  ( -41.39402075846372497, 21.07039211818104718, 13.59999999999999787 ) ) ;
#181 = CARTESIAN_POINT ( 'NONE',  ( -41.31705988612218050, 20.07265512131086638, 7.599999999999999645 ) ) ;
#182 = CARTESIAN_POINT ( 'NONE',  ( -43.09829147979327502, 19.60471939032871802, 10.03000000000014147 ) ) ;
#183 = ORIENTED_EDGE ( 'NONE', *, *, #790, .T. ) ;
#184 = CARTESIAN_POINT ( 'NONE',  ( 39.07292860328761464, -20.09650699025604936, 7.600000000000000533 ) ) ;
#185 = DIRECTION ( 'NONE',  ( 1.000000000000000000, 0.000000000000000000, 0.000000000000000000 ) ) ;
#186 = CARTESIAN_POINT ( 'NONE',  ( -43.09714857554417478, 16.99274735645995804, 7.599999999999998757 ) ) ;
#187 = CARTESIAN_POINT ( 'NONE',  ( 42.09842776847938950, -16.73444870839506748, 7.569999999999995843 ) ) ;
#188 = CARTESIAN_POINT ( 'NONE',  ( 42.07579555242258351, -7.202290165750756756, 18.59999999999871889 ) ) ;
#189 = CARTESIAN_POINT ( 'NONE',  ( 41.99602867563614694, -19.42122724736239903, 7.600000000000001421 ) ) ;
#190 = ORIENTED_EDGE ( 'NONE', *, *, #2487, .F. ) ;
#191 = EDGE_CURVE ( 'NONE', #456, #2906, #250, .T. ) ;
#192 = CARTESIAN_POINT ( 'NONE',  ( -39.93242454286924925, -20.09758742275029775, 7.599999999999997868 ) ) ;
#193 = FACE_OUTER_BOUND ( 'NONE', #126, .T. ) ;
#194 = CARTESIAN_POINT ( 'NONE',  ( -14.09999999999993570, 16.09999999999996945, 13.60000000000000142 ) ) ;
#195 = CARTESIAN_POINT ( 'NONE',  ( -44.07039211818126745, -18.39402075846250284, 13.59999999999999964 ) ) ;
#196 = ORIENTED_EDGE ( 'NONE', *, *, #255, .F. ) ;
#197 = CARTESIAN_POINT ( 'NONE',  ( 38.10000000000007958, -12.39999999999987601, 13.60000000000000142 ) ) ;
#198 = LINE ( 'NONE', #1104, #1733 ) ;
#199 = CARTESIAN_POINT ( 'NONE',  ( -40.06224190603198565, 20.09659791214861713, 7.600000000000001421 ) ) ;
#200 = CARTESIAN_POINT ( 'NONE',  ( -43.01447571160564820, 19.26981359786969961, 7.570000000000132623 ) ) ;
#201 = VECTOR ( 'NONE', #2788, 1000.000000000000000 ) ;
#202 = ORIENTED_EDGE ( 'NONE', *, *, #883, .F. ) ;
#203 = ADVANCED_FACE ( 'NONE', ( #2404 ), #3643, .T. ) ;
#204 = CARTESIAN_POINT ( 'NONE',  ( 38.78515570071581209, -20.09889575078083368, 7.599999999999998757 ) ) ;
#205 = CARTESIAN_POINT ( 'NONE',  ( 0.000000000000000000, -7.399999999999876010, 20.89999999999999858 ) ) ;
#206 = CARTESIAN_POINT ( 'NONE',  ( -13.89929146666682769, 20.02763088765133404, 28.60000000000000497 ) ) ;
#207 = ORIENTED_EDGE ( 'NONE', *, *, #3262, .F. ) ;
#208 = CARTESIAN_POINT ( 'NONE',  ( -44.10000000000007248, -16.10000000000013642, 10.93333333333333357 ) ) ;
#209 = CARTESIAN_POINT ( 'NONE',  ( 41.99638483701524905, -19.41849497125965840, 7.600000000000001421 ) ) ;
#210 = EDGE_CURVE ( 'NONE', #1050, #2115, #2168, .T. ) ;
#211 = VERTEX_POINT ( 'NONE', #3675 ) ;
#212 = CARTESIAN_POINT ( 'NONE',  ( -42.62994004719503494, -19.96301418375911041, 7.599999999999999645 ) ) ;
#213 = CARTESIAN_POINT ( 'NONE',  ( -14.01881759006186456, -5.572791733830994687, 28.60000000000000142 ) ) ;
#214 = CARTESIAN_POINT ( 'NONE',  ( -44.01881759006082007, -19.27279173386155264, 13.60000000000000142 ) ) ;
#215 = ORIENTED_EDGE ( 'NONE', *, *, #3023, .T. ) ;
#216 = CARTESIAN_POINT ( 'NONE',  ( 42.09570381197872990, 17.36874638911220003, 7.569999999999995843 ) ) ;
#217 = LINE ( 'NONE', #537, #2550 ) ;
#218 = CARTESIAN_POINT ( 'NONE',  ( 42.20481555856299849, 16.10000000000012577, 9.600000000000001421 ) ) ;
#219 = EDGE_CURVE ( 'NONE', #66, #1393, #304, .T. ) ;
#220 = CARTESIAN_POINT ( 'NONE',  ( 42.09665274125306667, 17.05569862190631980, 7.600000000000000533 ) ) ;
#221 = ORIENTED_EDGE ( 'NONE', *, *, #69, .F. ) ;
#222 = CARTESIAN_POINT ( 'NONE',  ( 41.94205602711485170, -19.94217619073447167, 8.933333334222433919 ) ) ;
#223 = CARTESIAN_POINT ( 'NONE',  ( 42.06128581310110803, -12.26270713742398577, 13.59999999999999964 ) ) ;
#224 = CARTESIAN_POINT ( 'NONE',  ( -14.09011195108224790, 17.84967719371843131, 28.59999999999999787 ) ) ;
#225 = CARTESIAN_POINT ( 'NONE',  ( -43.09674837066046393, 17.04334377586947014, 7.600000000000000533 ) ) ;
#226 = CARTESIAN_POINT ( 'NONE',  ( 42.09568880629863230, -17.36892443157629273, 7.570000000000543849 ) ) ;
#227 = VERTEX_POINT ( 'NONE', #707 ) ;
#228 = CIRCLE ( 'NONE', #981, 0.7500000000000006661 ) ;
#229 = CARTESIAN_POINT ( 'NONE',  ( -12.69355151322729292, 21.09999999999996234, 15.01611304169034611 ) ) ;
#230 = CARTESIAN_POINT ( 'NONE',  ( 42.42549664815251731, -7.039032163536474762, 18.59999999999934417 ) ) ;
#231 = CARTESIAN_POINT ( 'NONE',  ( 41.88984571103283372, -19.88984178720754059, 7.599999999999999645 ) ) ;
#232 = ORIENTED_EDGE ( 'NONE', *, *, #2636, .T. ) ;
#233 = PRODUCT_DEFINITION_CONTEXT ( 'detailed design', #1017, 'design' ) ;
#234 = EDGE_CURVE ( 'NONE', #3076, #2308, #727, .T. ) ;
#235 = CARTESIAN_POINT ( 'NONE',  ( -15.96156171266854074, 21.09999999999994458, 13.64762006276185780 ) ) ;
#236 = CARTESIAN_POINT ( 'NONE',  ( -13.88525032197532738, -6.372650728371315410, 28.60000000000000142 ) ) ;
#237 = VECTOR ( 'NONE', #3787, 1000.000000000000000 ) ;
#238 = CARTESIAN_POINT ( 'NONE',  ( -44.07237354602657575, -18.33773021338307530, 13.59999999999999787 ) ) ;
#239 = ORIENTED_EDGE ( 'NONE', *, *, #252, .F. ) ;
#240 = CARTESIAN_POINT ( 'NONE',  ( 41.52407600696699319, -20.11085662664245888, 10.03000000000007397 ) ) ;
#241 = CARTESIAN_POINT ( 'NONE',  ( 43.10000000000006537, 16.10000000000013287, 21.95000000000000284 ) ) ;
#242 = CARTESIAN_POINT ( 'NONE',  ( 42.10000000000006537, 16.10000000000013287, 7.599999999999999645 ) ) ;
#243 = CARTESIAN_POINT ( 'NONE',  ( 41.95143768548426522, 19.68693878882133319, 7.599999999999999645 ) ) ;
#244 = ORIENTED_EDGE ( 'NONE', *, *, #368, .F. ) ;
#245 = CARTESIAN_POINT ( 'NONE',  ( 39.35000000000006537, 18.10000000000012221, 25.59999999999999787 ) ) ;
#246 = CARTESIAN_POINT ( 'NONE',  ( 43.10000000000006537, -12.08295866739850766, 13.60000000000000142 ) ) ;
#247 = CARTESIAN_POINT ( 'NONE',  ( -13.09948029764386312, 20.87725659433506920, 28.59999999999999432 ) ) ;
#248 = CARTESIAN_POINT ( 'NONE',  ( -43.05550665148946621, 18.71416540255413707, 7.599999999999996980 ) ) ;
#249 = CARTESIAN_POINT ( 'NONE',  ( 42.22735090365785737, -16.10000000000012932, 10.03000000000000647 ) ) ;
#250 = B_SPLINE_CURVE_WITH_KNOTS ( 'NONE', 3,
 ( #2049, #1215, #1824, #2957, #3250, #2070, #594, #3864, #2697, #2974, #561, #263, #3268, #576, #1752, #1452, #298 ),
 .UNSPECIFIED., .F., .F.,
 ( 4, 3, 2, 2, 2, 2, 2, 4 ),
 ( 0.000000000000000000, 2.843264893602484174E-05, 0.0001485224504890469163, 0.0002686122520420690146, 0.0005087918551481131028, 0.0009891510613602013877, 0.001949869473784378174, 0.003871306298632731097 ),
 .UNSPECIFIED. ) ;
#251 = ORIENTED_EDGE ( 'NONE', *, *, #2614, .F. ) ;
#252 = EDGE_CURVE ( 'NONE', #3617, #696, #3252, .T. ) ;
#253 = CARTESIAN_POINT ( 'NONE',  ( -12.27200576008930533, 21.09999999999996234, 15.43075277773896126 ) ) ;
#254 = CARTESIAN_POINT ( 'NONE',  ( 40.77737469915371804, -4.078031807554679311, 27.17196819244522743 ) ) ;
#255 = EDGE_CURVE ( 'NONE', #905, #3353, #228, .T. ) ;
#256 = CARTESIAN_POINT ( 'NONE',  ( -14.55173878487366679, 21.09999999999994458, 13.80732860242039450 ) ) ;
#257 = CARTESIAN_POINT ( 'NONE',  ( -13.43244147772463215, -7.039418760316003443, 28.60000000000000497 ) ) ;
#258 =( BOUNDED_CURVE ( )  B_SPLINE_CURVE ( 2, ( #2558, #2815, #3442 ),
 .UNSPECIFIED., .F., .F. ) 
 B_SPLINE_CURVE_WITH_KNOTS ( ( 3, 3 ),
 ( 0.000000000000000000, 1.000000000000000000 ),
 .UNSPECIFIED. ) 
 CURVE ( )  GEOMETRIC_REPRESENTATION_ITEM ( )  RATIONAL_B_SPLINE_CURVE ( ( 1.000000000000000000, 4.000000000000000888, 1.000000000000000000 ) ) 
 REPRESENTATION_ITEM ( '' )  );
#259 = CARTESIAN_POINT ( 'NONE',  ( -42.14736041314812098, -21.03146074138613386, 13.60000000000000142 ) ) ;
#260 = VERTEX_POINT ( 'NONE', #1256 ) ;
#261 = CARTESIAN_POINT ( 'NONE',  ( 38.10000000000007248, -20.22735090365792487, 10.03000000000000469 ) ) ;
#262 = PRODUCT_RELATED_PRODUCT_CATEGORY ( 'part', '', ( #2232 ) ) ;
#263 = CARTESIAN_POINT ( 'NONE',  ( 41.12002029711199924, -20.13407336582741181, 9.600000000000004974 ) ) ;
#264 = CARTESIAN_POINT ( 'NONE',  ( 40.38329560834894494, -21.07077768596513323, 13.60000000000000142 ) ) ;
#265 = CARTESIAN_POINT ( 'NONE',  ( 41.96384476362639049, 19.62671102340722484, 7.600000000000000533 ) ) ;
#266 = ORIENTED_EDGE ( 'NONE', *, *, #1048, .T. ) ;
#267 = CARTESIAN_POINT ( 'NONE',  ( -40.10000000000006537, -7.686454296869565743E-15, 7.599999999999999645 ) ) ;
#268 = CARTESIAN_POINT ( 'NONE',  ( -42.90155197451337443, -19.86571348515890634, 7.599999999999999645 ) ) ;
#269 = CARTESIAN_POINT ( 'NONE',  ( -13.93063647161763008, 19.90107979775903857, 28.59999999999998721 ) ) ;
#270 = CARTESIAN_POINT ( 'NONE',  ( -43.08209738528560706, 17.98500095814694077, 7.599999999999999645 ) ) ;
#271 = VECTOR ( 'NONE', #3308, 1000.000000000000000 ) ;
#272 = CARTESIAN_POINT ( 'NONE',  ( -19.07219162504251386, -4.725448087698097765, 13.60000000000000142 ) ) ;
#273 = DIRECTION ( 'NONE',  ( -0.000000000000000000, -0.000000000000000000, -1.000000000000000000 ) ) ;
#274 = CARTESIAN_POINT ( 'NONE',  ( -43.20481555856615330, 16.09999999999986287, 9.600000000000001421 ) ) ;
#275 = EDGE_CURVE ( 'NONE', #964, #3795, #2362, .T. ) ;
#276 = B_SPLINE_CURVE_WITH_KNOTS ( 'NONE', 3,
 ( #439, #1631, #3147, #457 ),
 .UNSPECIFIED., .F., .F.,
 ( 4, 4 ),
 ( 0.000000000000000000, 1.000000000000000000 ),
 .UNSPECIFIED. ) ;
#277 = CARTESIAN_POINT ( 'NONE',  ( -12.58902559124360643, -7.282474740949347769, 28.59999999999999432 ) ) ;
#278 = DIRECTION ( 'NONE',  ( -0.000000000000000000, -0.000000000000000000, -1.000000000000000000 ) ) ;
#279 = VERTEX_POINT ( 'NONE', #965 ) ;
#280 = CARTESIAN_POINT ( 'NONE',  ( 40.77319160183586888, -5.016993804781177069, 26.23300619521873855 ) ) ;
#281 = CARTESIAN_POINT ( 'NONE',  ( 38.10000000000007248, -7.399999999999876010, 18.35000000000000142 ) ) ;
#282 = CARTESIAN_POINT ( 'NONE',  ( 39.24942143377613490, -21.09627965690848939, 13.59999999999999964 ) ) ;
#283 = ORIENTED_EDGE ( 'NONE', *, *, #424, .F. ) ;
#284 = CARTESIAN_POINT ( 'NONE',  ( -43.16744196330100891, 18.64239511823559781, 9.600000000000099121 ) ) ;
#285 = CARTESIAN_POINT ( 'NONE',  ( -42.95143768548544472, -19.68693878881670756, 7.600000000000000533 ) ) ;
#286 = CARTESIAN_POINT ( 'NONE',  ( -13.81364017786914999, 20.27774806692493215, 28.60000000000000142 ) ) ;
#287 = CARTESIAN_POINT ( 'NONE',  ( 43.10000000000007248, -5.910581154677468696, 15.09774543593371732 ) ) ;
#288 = CARTESIAN_POINT ( 'NONE',  ( -15.32093649202127850, -11.67599977987602955, 13.60000000000000320 ) ) ;
#289 = ORIENTED_EDGE ( 'NONE', *, *, #1351, .F. ) ;
#290 = CARTESIAN_POINT ( 'NONE',  ( -13.22667846996282037, 21.09999999999995879, 14.51548021183410420 ) ) ;
#291 = CARTESIAN_POINT ( 'NONE',  ( 43.08360980520384231, -4.416600723516279636, 13.60000000000129283 ) ) ;
#292 = CARTESIAN_POINT ( 'NONE',  ( -15.90180790075990735, 21.09999999999995168, 13.65076931829334228 ) ) ;
#293 = CARTESIAN_POINT ( 'NONE',  ( -18.55009261390790698, 22.01629930470335594, 13.59999999999999787 ) ) ;
#294 = FACE_OUTER_BOUND ( 'NONE', #1408, .T. ) ;
#295 = VERTEX_POINT ( 'NONE', #3084 ) ;
#296 = CARTESIAN_POINT ( 'NONE',  ( 40.64302649856691119, -20.18996209167815792, 10.03000000000000469 ) ) ;
#297 = COLOUR_RGB ( '',0.7921568627450980005, 0.8196078431372548767, 0.9333333333333333481 ) ;
#298 = CARTESIAN_POINT ( 'NONE',  ( 38.10000000000005826, -20.20481555856307310, 9.600000000000001421 ) ) ;
#299 = CARTESIAN_POINT ( 'NONE',  ( 38.10000000000007958, -7.399999999999876010, 18.60000000000000142 ) ) ;
#300 = EDGE_CURVE ( 'NONE', #14, #260, #3573, .T. ) ;
#301 = VERTEX_POINT ( 'NONE', #667 ) ;
#302 = DIRECTION ( 'NONE',  ( -0.000000000000000000, -0.000000000000000000, -1.000000000000000000 ) ) ;
#303 = EDGE_CURVE ( 'NONE', #1785, #898, #761, .T. ) ;
#304 =( BOUNDED_CURVE ( )  B_SPLINE_CURVE ( 2, ( #3637, #56, #945 ),
 .UNSPECIFIED., .F., .T. ) 
 B_SPLINE_CURVE_WITH_KNOTS ( ( 3, 3 ),
 ( 0.000000000000000000, 1.000000000000000000 ),
 .UNSPECIFIED. ) 
 CURVE ( )  GEOMETRIC_REPRESENTATION_ITEM ( )  RATIONAL_B_SPLINE_CURVE ( ( 1.000000000000000000, 4.000000000000000888, 1.000000000000000000 ) ) 
 REPRESENTATION_ITEM ( '' )  );
#305 = CARTESIAN_POINT ( 'NONE',  ( -43.09665274125146084, -17.05569862189783592, 7.599999999999998757 ) ) ;
#306 = CARTESIAN_POINT ( 'NONE',  ( -9.787169389007409848, -7.399999999999876010, 18.59999999999877218 ) ) ;
#307 = CARTESIAN_POINT ( 'NONE',  ( -42.72776371185126010, 20.07320996662739532, 10.03000000000004022 ) ) ;
#308 = CARTESIAN_POINT ( 'NONE',  ( -13.34434509690232673, -12.22535333126097257, 13.60000000000000320 ) ) ;
#309 = ORIENTED_EDGE ( 'NONE', *, *, #1165, .F. ) ;
#310 = CARTESIAN_POINT ( 'NONE',  ( -11.16801276770856255, 21.09999999999996234, 16.52628926025649392 ) ) ;
#311 = CARTESIAN_POINT ( 'NONE',  ( 47.67222146963754881, -7.852190108908479793, 13.59999999999999787 ) ) ;
#312 = CARTESIAN_POINT ( 'NONE',  ( -12.70136291241813531, 20.96876705646279504, 13.59999999999935838 ) ) ;
#313 = CARTESIAN_POINT ( 'NONE',  ( -43.14833751234656489, -20.86170419352132299, 13.60000000000000142 ) ) ;
#314 = VERTEX_POINT ( 'NONE', #2571 ) ;
#315 = CARTESIAN_POINT ( 'NONE',  ( 42.18996209167934097, 18.64302649857190985, 10.03000000000000469 ) ) ;
#316 = CARTESIAN_POINT ( 'NONE',  ( 43.10000000000006537, -2.399999999999876010, 12.84999999999999964 ) ) ;
#317 = CARTESIAN_POINT ( 'NONE',  ( -42.96816119399441902, 19.96834341765943677, 9.600000000000001421 ) ) ;
#318 = CARTESIAN_POINT ( 'NONE',  ( -9.099999999999937472, -7.399999999999876010, 13.60000000000000142 ) ) ;
#319 = ORIENTED_EDGE ( 'NONE', *, *, #15, .F. ) ;
#320 = CARTESIAN_POINT ( 'NONE',  ( -4.364199060615334746E-15, -7.399999999999876010, 23.89999999999999147 ) ) ;
#321 = DIRECTION ( 'NONE',  ( 3.486696385013195963E-15, -0.9986295347545739443, 0.05233595624294377913 ) ) ;
#322 = CARTESIAN_POINT ( 'NONE',  ( -14.00178186234576749, -5.759275341108375024, 13.59999999999814690 ) ) ;
#323 = CARTESIAN_POINT ( 'NONE',  ( 43.10000000000006537, -16.10000000000013642, 9.600000000000001421 ) ) ;
#324 = CARTESIAN_POINT ( 'NONE',  ( -11.23002651586200251, -12.37790033462153971, 13.60000000000000497 ) ) ;
#325 = ORIENTED_EDGE ( 'NONE', *, *, #948, .F. ) ;
#326 = CARTESIAN_POINT ( 'NONE',  ( 41.54086757463647928, -7.288888563291729739, 28.59999999999999787 ) ) ;
#327 = CARTESIAN_POINT ( 'NONE',  ( 45.90941576793484558, -10.66559840588412200, 13.60000000000000320 ) ) ;
#328 = CARTESIAN_POINT ( 'NONE',  ( -11.11660072352625583, 21.08360980520114225, 13.59999999999740616 ) ) ;
#329 = CARTESIAN_POINT ( 'NONE',  ( 39.35000000000001563, -4.399999999999876010, 26.85000000000003340 ) ) ;
#330 = DIRECTION ( 'NONE',  ( 1.000000000000000000, 0.000000000000000000, 0.000000000000000000 ) ) ;
#331 = ORIENTED_EDGE ( 'NONE', *, *, #1807, .T. ) ;
#332 = CARTESIAN_POINT ( 'NONE',  ( 43.07131387799103095, 18.36820079462861344, 28.59999999999999432 ) ) ;
#333 = CARTESIAN_POINT ( 'NONE',  ( -9.100000021260813199, 21.10003571004895306, 18.60000000000119869 ) ) ;
#334 = CARTESIAN_POINT ( 'NONE',  ( -9.099999999999937472, -12.39999999999987601, 13.60000000000000142 ) ) ;
#335 = EDGE_LOOP ( 'NONE', ( #3254, #751, #3180, #3800, #1485, #2930, #1561, #1371, #1431, #232, #874, #3314 ) ) ;
#336 = CARTESIAN_POINT ( 'NONE',  ( 38.10000000000005116, 21.10000000000013287, 28.59999999999999432 ) ) ;
#337 = B_SPLINE_CURVE_WITH_KNOTS ( 'NONE', 3,
 ( #3305, #652, #282, #3640, #949, #633, #1509, #2088, #264, #930, #6, #2144, #2976, #2718, #3345, #909, #1808, #2126, #1198, #2445, #1826, #2406, #3561, #873, #1845, #3599, #2106, #3031, #614, #24, #3324, #1159, #2423, #41, #1242, #1453, #2663, #3866, #2071, #3883, #3580, #1179, #2387, #595, #1787, #2995, #2485, #2814, #731, #3127, #3723, #1929, #1337, #2505, #690, #2777, #375, #2186, #3702, #1007, #3383, #2206 ),
 .UNSPECIFIED., .F., .F.,
 ( 4, 1, 1, 1, 1, 1, 1, 1, 2, 2, 1, 1, 1, 1, 1, 1, 2, 2, 1, 1, 1, 1, 2, 2, 2, 1, 1, 1, 1, 2, 2, 1, 1, 1, 1, 1, 2, 2, 1, 1, 1, 1, 1, 1, 2, 2, 4 ),
 ( 0.000000000000000000, 0.1250000000002547684, 0.1875000000003833045, 0.2187500000004488632, 0.2343750000004816703, 0.2421875000004995448, 0.2460937500005085377, 0.2480468750005130341, 0.2490234375005136447, 0.2500000000005143108, 0.3125000000004864997, 0.3437500000004714007, 0.3593750000004638512, 0.3671875000004600209, 0.3710937500004567458, 0.3730468750004535816, 0.3740234375004519718, 0.3750000000004503065, 0.4062500000004284906, 0.4218750000004174439, 0.4296875000004106715, 0.4335937500004086176, 0.4355468750004077849, 0.4375000000004068967, 0.5000000000004034550, 0.5312500000004007905, 0.5468750000003994582, 0.5546875000003986811, 0.5585937500003980150, 0.5605468750003976819, 0.5625000000003972378, 0.5937500000003884670, 0.6093750000003843592, 0.6171875000003823608, 0.6210937500003811396, 0.6230468750003799183, 0.6240234375003794742, 0.6250000000003790301, 0.6875000000002954303, 0.7187500000002542411, 0.7343750000002335909, 0.7421875000002237099, 0.7460937500002188250, 0.7480468750002163825, 0.7490234375002147171, 0.7500000000002129408, 1.000000000000000000 ),
 .UNSPECIFIED. ) ;
#338 = DIRECTION ( 'NONE',  ( 0.000000000000000000, -0.05233595624294377913, 0.9986295347545739443 ) ) ;
#339 = FACE_OUTER_BOUND ( 'NONE', #432, .T. ) ;
#340 = EDGE_CURVE ( 'NONE', #2810, #66, #2135, .T. ) ;
#341 = CARTESIAN_POINT ( 'NONE',  ( -42.73881208845494228, 19.93845260907346884, 7.569999999999995843 ) ) ;
#342 = ORIENTED_EDGE ( 'NONE', *, *, #3464, .F. ) ;
#343 = CARTESIAN_POINT ( 'NONE',  ( 42.98712545639554605, -5.854362435651558449, 28.60000000000000497 ) ) ;
#344 = CARTESIAN_POINT ( 'NONE',  ( 20.35000000000006892, -2.649999999999876010, 28.59999999999999787 ) ) ;
#345 = CARTESIAN_POINT ( 'NONE',  ( -13.46255874675624931, 20.71516125040896839, 13.59999999999741505 ) ) ;
#346 = CARTESIAN_POINT ( 'NONE',  ( -43.00867571955415514, -19.97354894125177083, 10.03000000000000647 ) ) ;
#347 = CARTESIAN_POINT ( 'NONE',  ( 41.99383965099082161, 19.43765737097970359, 7.599999999999998757 ) ) ;
#348 = ORIENTED_EDGE ( 'NONE', *, *, #3412, .T. ) ;
#349 = ADVANCED_FACE ( 'NONE', ( #1120 ), #1702, .F. ) ;
#350 = DIRECTION ( 'NONE',  ( -1.000000000000000000, -0.000000000000000000, -0.000000000000000000 ) ) ;
#351 = DIRECTION ( 'NONE',  ( 1.916821520416347353E-16, -1.000000000000000000, 0.000000000000000000 ) ) ;
#352 = DIRECTION ( 'NONE',  ( 1.916821520416347599E-16, -1.000000000000000000, 0.000000000000000000 ) ) ;
#353 = VECTOR ( 'NONE', #3132, 1000.000000000000000 ) ;
#354 = CARTESIAN_POINT ( 'NONE',  ( -43.09819200303422804, -19.60531471172258478, 10.03000000000014147 ) ) ;
#355 = CIRCLE ( 'NONE', #3753, 0.7500000000000006661 ) ;
#356 =( BOUNDED_SURFACE ( )  B_SPLINE_SURFACE ( 2, 3, ( 
 ( #3725, #789, #733, #1986 ),
 ( #162, #3744, #2231, #714 ),
 ( #1043, #3801, #1025, #770 ) ),
 .UNSPECIFIED., .F., .F., .T. ) 
 B_SPLINE_SURFACE_WITH_KNOTS ( ( 3, 3 ),
 ( 4, 4 ),
 ( 0.000000000000000000, 1.000000000000000000 ),
 ( -0.003300000000000000849, 0.003299999999999999982 ),
 .UNSPECIFIED. ) 
 GEOMETRIC_REPRESENTATION_ITEM ( )  RATIONAL_B_SPLINE_SURFACE ( (
 ( 1.000000000000000000, 1.000000000000000000, 1.000000000000000000, 1.000000000000000000),
 ( 4.000000000000000888, 4.000000000000000888, 4.000000000000000888, 4.000000000000000888),
 ( 1.000000000000000000, 1.000000000000000000, 1.000000000000000000, 1.000000000000000000) ) ) 
 REPRESENTATION_ITEM ( '' )  SURFACE ( )  );
#357 = VERTEX_POINT ( 'NONE', #3226 ) ;
#358 = CARTESIAN_POINT ( 'NONE',  ( 40.74890453068680074, -4.018134674071795587, 27.21580840738133134 ) ) ;
#359 = CARTESIAN_POINT ( 'NONE',  ( -9.099999999999933920, -7.399999999999876010, 21.93333333333333712 ) ) ;
#360 = CARTESIAN_POINT ( 'NONE',  ( -13.56235722015772538, -6.937664104507632601, 13.59999999999783959 ) ) ;
#361 = DIRECTION ( 'NONE',  ( 1.916821520416347353E-16, -1.000000000000000000, 0.000000000000000000 ) ) ;
#362 = CARTESIAN_POINT ( 'NONE',  ( -19.10000000096297512, -3.272882219652444746, 13.59999999999999964 ) ) ;
#363 = CARTESIAN_POINT ( 'NONE',  ( 38.10000000000007248, -7.399999999999871569, 20.90000000000000213 ) ) ;
#364 = CARTESIAN_POINT ( 'NONE',  ( 42.98804278005435009, -5.847373204158388127, 28.59999999999999432 ) ) ;
#365 = CARTESIAN_POINT ( 'NONE',  ( 41.83572970367595900, -12.29166635302932242, 13.60000000000000497 ) ) ;
#366 = CARTESIAN_POINT ( 'NONE',  ( -14.09999999999993570, 16.09999999999996945, 18.60000000000000497 ) ) ;
#367 = CARTESIAN_POINT ( 'NONE',  ( -40.36892443157351806, -20.09568880630078525, 7.570000000000545626 ) ) ;
#368 = EDGE_CURVE ( 'NONE', #2052, #1705, #2194, .T. ) ;
#369 = CARTESIAN_POINT ( 'NONE',  ( 41.52369367399578692, 20.11093151868263718, 10.03000000000000291 ) ) ;
#370 = ORIENTED_EDGE ( 'NONE', *, *, #543, .T. ) ;
#371 = CARTESIAN_POINT ( 'NONE',  ( 42.10733879021319126, 20.87483915154478353, 28.59999999999999432 ) ) ;
#372 = CARTESIAN_POINT ( 'NONE',  ( 39.99411667355085598, 20.08187568645461241, 7.600000000000000533 ) ) ;
#373 = CARTESIAN_POINT ( 'NONE',  ( -16.88495146251537804, -10.68625830451476411, 13.60000000000000142 ) ) ;
#374 = CARTESIAN_POINT ( 'NONE',  ( -43.98574326795750977, 19.56481889561219845, 13.60000000000000320 ) ) ;
#375 = CARTESIAN_POINT ( 'NONE',  ( 43.06979218642874230, -18.41047241443295945, 13.60000000000000497 ) ) ;
#376 = VERTEX_POINT ( 'NONE', #603 ) ;
#377 = CARTESIAN_POINT ( 'NONE',  ( -9.099999999999937472, -12.39999999999987601, 13.60000000000000142 ) ) ;
#378 = CARTESIAN_POINT ( 'NONE',  ( -39.10000000000009379, 21.09999999999986642, 13.90000000000000036 ) ) ;
#379 = CARTESIAN_POINT ( 'NONE',  ( 42.17863251329090701, 18.32329648377793418, 9.599999999999637268 ) ) ;
#380 = CARTESIAN_POINT ( 'NONE',  ( 43.10000000000007248, -7.075519268908287529, 14.10354508900234549 ) ) ;
#381 =( BOUNDED_SURFACE ( )  B_SPLINE_SURFACE ( 2, 3, ( 
 ( #3183, #491, #1682, #3457 ),
 ( #3798, #2573, #2887, #194 ),
 ( #470, #2003, #3202, #2305 ) ),
 .UNSPECIFIED., .F., .F., .F. ) 
 B_SPLINE_SURFACE_WITH_KNOTS ( ( 3, 3 ),
 ( 4, 4 ),
 ( 0.000000000000000000, 1.000000000000000000 ),
 ( -0.002399999999999876191, 0.01609999999999996850 ),
 .UNSPECIFIED. ) 
 GEOMETRIC_REPRESENTATION_ITEM ( )  RATIONAL_B_SPLINE_SURFACE ( (
 ( 1.000000000000000000, 1.000000000000000000, 1.000000000000000000, 1.000000000000000000),
 ( 4.000000000000000888, 4.000000000000000888, 4.000000000000000888, 4.000000000000000888),
 ( 1.000000000000000000, 1.000000000000000000, 1.000000000000000000, 1.000000000000000000) ) ) 
 REPRESENTATION_ITEM ( '' )  SURFACE ( )  );
#382 = ADVANCED_FACE ( 'NONE', ( #2360 ), #3531, .F. ) ;
#383 =( NAMED_UNIT ( * ) PLANE_ANGLE_UNIT ( ) SI_UNIT ( $, .RADIAN. ) );
#384 = ORIENTED_EDGE ( 'NONE', *, *, #892, .F. ) ;
#385 = CARTESIAN_POINT ( 'NONE',  ( 42.07265072837252973, -7.185250321975127363, 28.60000000000000142 ) ) ;
#386 = CARTESIAN_POINT ( 'NONE',  ( 43.10000000000006537, 0.000000000000000000, 9.600000000000001421 ) ) ;
#387 = EDGE_CURVE ( 'NONE', #3240, #2906, #845, .T. ) ;
#388 = CARTESIAN_POINT ( 'NONE',  ( -42.94571140254661401, -20.00428713161657512, 10.03000000000000647 ) ) ;
#389 = DIRECTION ( 'NONE',  ( 0.4173058582581321008, -0.6425946703262690463, -0.6425946703262620519 ) ) ;
#390 = EDGE_LOOP ( 'NONE', ( #1902, #918, #2984, #3028 ) ) ;
#391 = CARTESIAN_POINT ( 'NONE',  ( 38.10000000000007248, -7.399999999999876010, 23.89999999999999858 ) ) ;
#392 = CARTESIAN_POINT ( 'NONE',  ( 40.83714683072128793, 20.04829580384112120, 7.599999999999999645 ) ) ;
#393 = CARTESIAN_POINT ( 'NONE',  ( -18.81871241389667659, -7.368945704266537611, 13.59999999999999787 ) ) ;
#394 = CARTESIAN_POINT ( 'NONE',  ( -19.10000000058008141, 16.62999196478804720, 13.60000000000000320 ) ) ;
#395 = CARTESIAN_POINT ( 'NONE',  ( -6.319581223306072004E-14, 18.10000000000000142, 7.599999999999999645 ) ) ;
#396 = ORIENTED_EDGE ( 'NONE', *, *, #1470, .F. ) ;
#397 = CARTESIAN_POINT ( 'NONE',  ( -44.10000000000007248, -16.10000000000013998, 9.600000000000001421 ) ) ;
#398 = CARTESIAN_POINT ( 'NONE',  ( 43.10000000000006537, -12.08295866739850766, 13.60000000000000142 ) ) ;
#399 = CARTESIAN_POINT ( 'NONE',  ( -18.97408431222266145, -6.313473004331904725, 13.59999999999999787 ) ) ;
#400 = CARTESIAN_POINT ( 'NONE',  ( 43.10000000000006537, -8.352371649981629176, 13.72144497467932922 ) ) ;
#401 = CARTESIAN_POINT ( 'NONE',  ( -19.07755251244247674, -4.542945180051852994, 13.60000000000000320 ) ) ;
#402 = ADVANCED_FACE ( 'NONE', ( #1152, #2707 ), #3512, .F. ) ;
#403 = CARTESIAN_POINT ( 'NONE',  ( 43.10000000000006537, 16.10000000000013287, 22.26666666666665861 ) ) ;
#404 = CARTESIAN_POINT ( 'NONE',  ( 42.84640685949441519, -6.492749649252345989, 28.59999999999998721 ) ) ;
#405 = CARTESIAN_POINT ( 'NONE',  ( -40.59999999999996589, -12.19689577749904608, -15.40511026734024824 ) ) ;
#406 = DIRECTION ( 'NONE',  ( 1.000000000000000000, 3.639200510924877443E-15, -0.000000000000000000 ) ) ;
#407 = CARTESIAN_POINT ( 'NONE',  ( 41.11198588730341186, 20.02796534580557264, 7.569999999999995843 ) ) ;
#408 = ORIENTED_EDGE ( 'NONE', *, *, #2220, .F. ) ;
#409 = CARTESIAN_POINT ( 'NONE',  ( 41.14736041314557013, 21.03146074138506094, 28.59999999999998721 ) ) ;
#410 = CARTESIAN_POINT ( 'NONE',  ( 40.92527334355779089, 20.04256652672140504, 7.599999999999999645 ) ) ;
#411 = CARTESIAN_POINT ( 'NONE',  ( -10.52315817654153562, -12.39689477104988313, 13.60000000000000142 ) ) ;
#412 = CARTESIAN_POINT ( 'NONE',  ( -43.87483915154474801, 20.10733879021256953, 13.60000000000000142 ) ) ;
#413 = CARTESIAN_POINT ( 'NONE',  ( -11.84999999999993747, -4.399999999999876010, 27.72132034355963981 ) ) ;
#414 = ORIENTED_EDGE ( 'NONE', *, *, #2751, .T. ) ;
#415 = CARTESIAN_POINT ( 'NONE',  ( -43.10000000000006537, 16.09999999999986287, 7.599999999999999645 ) ) ;
#416 = EDGE_CURVE ( 'NONE', #2005, #279, #899, .T. ) ;
#417 = VECTOR ( 'NONE', #1090, 1000.000000000000000 ) ;
#418 = EDGE_CURVE ( 'NONE', #3340, #2733, #2985, .T. ) ;
#419 = CARTESIAN_POINT ( 'NONE',  ( -11.09999999999993570, -4.399999999999876010, 25.59999999999999787 ) ) ;
#420 = CARTESIAN_POINT ( 'NONE',  ( 43.10000000000006537, -6.502029524744462385, 14.53737131478506051 ) ) ;
#421 = CIRCLE ( 'NONE', #3493, 0.7500000000000006661 ) ;
#422 = CARTESIAN_POINT ( 'NONE',  ( -42.91784294407783307, 19.81410856142114341, 7.569999999999999396 ) ) ;
#423 = VERTEX_POINT ( 'NONE', #570 ) ;
#424 = EDGE_CURVE ( 'NONE', #3307, #2243, #1462, .T. ) ;
#425 = CARTESIAN_POINT ( 'NONE',  ( 41.03267561656319629, -20.03487874806847913, 7.599999999999996092 ) ) ;
#426 = CARTESIAN_POINT ( 'NONE',  ( -42.84601726414926759, 20.01938072535966384, 9.599999999999994316 ) ) ;
#427 = VECTOR ( 'NONE', #278, 1000.000000000000000 ) ;
#428 = CARTESIAN_POINT ( 'NONE',  ( -10.24942143392359206, 21.09627965690832596, 28.59999999999999076 ) ) ;
#429 = PLANE ( 'NONE',  #2342 ) ;
#430 = DIRECTION ( 'NONE',  ( 1.000000000000000000, -0.000000000000000000, 0.000000000000000000 ) ) ;
#431 = CARTESIAN_POINT ( 'NONE',  ( 41.85079035641097533, 20.04147107059684174, 10.03000000000000824 ) ) ;
#432 = EDGE_LOOP ( 'NONE', ( #1835, #3674, #1966, #726 ) ) ;
#433 = CARTESIAN_POINT ( 'NONE',  ( 42.02763088764394439, 20.89929146666903037, 28.60000000000000497 ) ) ;
#434 = CARTESIAN_POINT ( 'NONE',  ( -14.09999999999993747, -2.892648192813029429, 28.60000000000000142 ) ) ;
#435 = DIRECTION ( 'NONE',  ( 1.000000000000000000, 0.000000000000000000, -0.000000000000000000 ) ) ;
#436 = CARTESIAN_POINT ( 'NONE',  ( -44.06979218642890572, 18.41047241443068216, 13.59999999999999964 ) ) ;
#437 = LINE ( 'NONE', #413, #1481 ) ;
#438 = VERTEX_POINT ( 'NONE', #1576 ) ;
#439 = CARTESIAN_POINT ( 'NONE',  ( -9.099999999999933920, -7.399999999999875122, 18.60000000000000497 ) ) ;
#440 = B_SPLINE_SURFACE_WITH_KNOTS ( 'NONE', 1, 3, ( 
 ( #3208, #831, #216, #1409, #3267, #2027, #3879, #1177, #3230, #2048, #3248, #2385, #3578, #559, #1751, #2956, #887 ),
 ( #2085, #3285, #3009, #2402, #315, #1195, #3301, #906, #3595, #3, #2103, #1506, #610, #1804, #2268, #3190, #2818 ) ),
 .UNSPECIFIED., .F., .F., .F.,
 ( 2, 2 ),
 ( 4, 2, 2, 2, 2, 2, 3, 4 ),
 ( 0.000000000000000000, 1.000000000000000000 ),
 ( 0.000000000000000000, 0.5000000000000000000, 0.7500000000000000000, 0.8750000000000000000, 0.9375000000000000000, 0.9687500000000000000, 1.000000000000000000, 1.013443191588596193 ),
 .UNSPECIFIED. ) ;
#441 = CARTESIAN_POINT ( 'NONE',  ( -39.10000000000009379, 21.09999999999986642, 9.499999999999984013 ) ) ;
#442 = CARTESIAN_POINT ( 'NONE',  ( -42.88984571103569010, 19.88984178720644991, 7.599999999999999645 ) ) ;
#443 = CARTESIAN_POINT ( 'NONE',  ( -43.09842776848380197, 16.73444870839450260, 7.569999999999995843 ) ) ;
#444 = ORIENTED_EDGE ( 'NONE', *, *, #88, .F. ) ;
#445 = CARTESIAN_POINT ( 'NONE',  ( 39.05569862190485253, -20.09665274125153189, 7.599999999999999645 ) ) ;
#446 = CARTESIAN_POINT ( 'NONE',  ( -39.10000000000009379, 21.09999999999986642, 9.600000000000001421 ) ) ;
#447 = CARTESIAN_POINT ( 'NONE',  ( 42.18995682188426599, -18.64347490967656285, 10.03000000000000647 ) ) ;
#448 = DIRECTION ( 'NONE',  ( 1.000000000000000000, 1.916821520416347353E-16, -0.000000000000000000 ) ) ;
#449 = CARTESIAN_POINT ( 'NONE',  ( 42.08209738528142196, -17.98500095813607658, 7.600000000000001421 ) ) ;
#450 = ORIENTED_EDGE ( 'NONE', *, *, #1934, .T. ) ;
#451 = CARTESIAN_POINT ( 'NONE',  ( -42.17468780751522672, -20.02362310408351931, 7.599999999999999645 ) ) ;
#452 = DIRECTION ( 'NONE',  ( 0.000000000000000000, -0.000000000000000000, 1.000000000000000000 ) ) ;
#453 = VECTOR ( 'NONE', #2603, 1000.000000000000000 ) ;
#454 = CARTESIAN_POINT ( 'NONE',  ( -11.09999999999993570, 18.09999999999996234, 25.59999999999999787 ) ) ;
#455 = CARTESIAN_POINT ( 'NONE',  ( -40.79999999999996163, -11.69689577749904430, 7.600000000000000533 ) ) ;
#456 = VERTEX_POINT ( 'NONE', #919 ) ;
#457 = CARTESIAN_POINT ( 'NONE',  ( 38.10000000000007958, -7.399999999999875122, 18.60000000000000497 ) ) ;
#458 = CARTESIAN_POINT ( 'NONE',  ( -39.10000000000009379, 21.09999999999986642, 13.60000000000000142 ) ) ;
#459 = CARTESIAN_POINT ( 'NONE',  ( 43.10000000000006537, 16.10000000000013287, 28.59999999999999432 ) ) ;
#460 = CARTESIAN_POINT ( 'NONE',  ( -43.02861363587174992, 19.89588082672269564, 10.03000000000000469 ) ) ;
#461 = ORIENTED_EDGE ( 'NONE', *, *, #1203, .F. ) ;
#462 = CARTESIAN_POINT ( 'NONE',  ( 38.46797689301005363, -20.10000000108406226, 7.599999999999998757 ) ) ;
#463 = CARTESIAN_POINT ( 'NONE',  ( -43.20481555856299849, -16.10000000000012932, 9.600000000000001421 ) ) ;
#464 = CARTESIAN_POINT ( 'NONE',  ( -13.63412805375621950, 20.56663694220760874, 18.60000000000064091 ) ) ;
#465 = CARTESIAN_POINT ( 'NONE',  ( 41.95868652844557545, -19.65190566093134450, 7.599999999999998757 ) ) ;
#466 = B_SPLINE_SURFACE_WITH_KNOTS ( 'NONE', 1, 3, ( 
 ( #2249, #1665, #2265, #3461, #1967, #3165, #473, #1786, #1725, #2991, #1450, #2643, #2348, #518, #2660, #1768, #2935 ),
 ( #261, #1486, #1123, #593, #296, #1468, #1157, #240, #1102, #2329, #811, #2696, #3822, #1432, #536, #3842, #2676 ) ),
 .UNSPECIFIED., .F., .F., .F.,
 ( 2, 2 ),
 ( 4, 2, 2, 2, 2, 2, 3, 4 ),
 ( 0.000000000000000000, 1.000000000000000000 ),
 ( 0.000000000000000000, 0.5000000000000000000, 0.7500000000000000000, 0.8750000000000000000, 0.9375000000000000000, 0.9687500000000000000, 1.000000000000000000, 1.013443191589685544 ),
 .UNSPECIFIED. ) ;
#467 = ORIENTED_EDGE ( 'NONE', *, *, #2331, .T. ) ;
#468 = CARTESIAN_POINT ( 'NONE',  ( -39.54118413884317107, -20.09958493382359634, 7.599999999999998757 ) ) ;
#469 = CARTESIAN_POINT ( 'NONE',  ( 41.62994004719669050, 19.96301418375891501, 7.600000000000000533 ) ) ;
#470 = CARTESIAN_POINT ( 'NONE',  ( -14.09999999999993570, -2.399999999999876010, 18.60000000000000142 ) ) ;
#471 = LINE ( 'NONE', #1646, #1172 ) ;
#472 = EDGE_CURVE ( 'NONE', #3300, #905, #1288, .T. ) ;
#473 = CARTESIAN_POINT ( 'NONE',  ( 41.26958562559867971, -20.01454375442004974, 7.569999999999859064 ) ) ;
#474 = CARTESIAN_POINT ( 'NONE',  ( -43.09664412391463628, 20.87811096940414402, 13.60000000000000142 ) ) ;
#475 = CARTESIAN_POINT ( 'NONE',  ( -42.25301621595883006, 20.01613699023635462, 7.599999999999998757 ) ) ;
#476 = CARTESIAN_POINT ( 'NONE',  ( -42.98414113284322013, -19.93560524261028633, 9.600000000000111555 ) ) ;
#477 = ORIENTED_EDGE ( 'NONE', *, *, #1521, .F. ) ;
#478 = CARTESIAN_POINT ( 'NONE',  ( -11.09999999999993570, -4.399999999999876010, 10.59999999999999787 ) ) ;
#479 = VECTOR ( 'NONE', #1297, 1000.000000000000000 ) ;
#480 = CARTESIAN_POINT ( 'NONE',  ( 41.01724912190732653, -12.34818762461442532, 13.60000000000000142 ) ) ;
#481 = CARTESIAN_POINT ( 'NONE',  ( -14.09999999999993570, -2.399999999999876010, 29.34999999999999787 ) ) ;
#482 = EDGE_CURVE ( 'NONE', #25, #279, #2475, .T. ) ;
#483 = CARTESIAN_POINT ( 'NONE',  ( 42.11093151867866169, -19.52369367400284617, 10.03000000000001002 ) ) ;
#484 = VECTOR ( 'NONE', #712, 1000.000000000000000 ) ;
#485 = CARTESIAN_POINT ( 'NONE',  ( -13.96830100734309532, 21.09999999999994813, 14.00072895493125991 ) ) ;
#486 = CARTESIAN_POINT ( 'NONE',  ( 41.96816119399191791, -19.96834341766045640, 9.600000000000001421 ) ) ;
#487 = CARTESIAN_POINT ( 'NONE',  ( 42.06846027190990611, -18.44941599425240497, 7.600000000000002309 ) ) ;
#488 = ORIENTED_EDGE ( 'NONE', *, *, #3614, .T. ) ;
#489 = CARTESIAN_POINT ( 'NONE',  ( -40.74293942039291494, -20.08744795435150010, 7.600000000000000533 ) ) ;
#490 = CARTESIAN_POINT ( 'NONE',  ( -14.06157421608516422, -4.937076602754392418, 28.60000000000000497 ) ) ;
#491 = CARTESIAN_POINT ( 'NONE',  ( -19.09999999999993747, 3.766666666666745211, 13.60000000000000142 ) ) ;
#492 = EDGE_CURVE ( 'NONE', #3300, #43, #699, .T. ) ;
#494 = CARTESIAN_POINT ( 'NONE',  ( -44.07077768596505507, -18.38329560834909415, 13.60000000000000497 ) ) ;
#493 = APPLICATION_CONTEXT ( 'automotive_design' ) ;
#495 = ORIENTED_EDGE ( 'NONE', *, *, #3428, .T. ) ;
#496 = DIRECTION ( 'NONE',  ( -0.000000000000000000, 0.000000000000000000, -1.000000000000000000 ) ) ;
#497 = DIRECTION ( 'NONE',  ( -0.05233595624294377913, -1.003186872180429239E-17, 0.9986295347545739443 ) ) ;
#498 = PRODUCT_CONTEXT ( 'NONE', #493, 'mechanical' ) ;
#499 = CARTESIAN_POINT ( 'NONE',  ( -41.38973471204506183, 21.07054652695194719, 13.59999999999999964 ) ) ;
#500 = CARTESIAN_POINT ( 'NONE',  ( 43.10000000000006537, -21.10000000000013642, 11.69999999999999574 ) ) ;
#501 = CARTESIAN_POINT ( 'NONE',  ( -43.13407336582574203, -19.12002029711687712, 9.600000000000111555 ) ) ;
#502 = ORIENTED_EDGE ( 'NONE', *, *, #760, .T. ) ;
#503 = CARTESIAN_POINT ( 'NONE',  ( 40.04353198703768868, -20.08065053179305082, 7.599999999999998757 ) ) ;
#504 = CARTESIAN_POINT ( 'NONE',  ( 41.76322836282708550, 20.04198630671715620, 9.600000000000001421 ) ) ;
#505 = CARTESIAN_POINT ( 'NONE',  ( -9.592648192897831549, 21.09999999999996945, 28.59999999999999787 ) ) ;
#506 = CARTESIAN_POINT ( 'NONE',  ( -43.09672409429501272, 17.04630792284035223, 7.600000000000001421 ) ) ;
#507 = EDGE_CURVE ( 'NONE', #3795, #696, #16, .T. ) ;
#508 = ORIENTED_EDGE ( 'NONE', *, *, #2076, .T. ) ;
#509 = CARTESIAN_POINT ( 'NONE',  ( 42.07607343086156249, -19.60088922028218050, 9.599999999999734968 ) ) ;
#510 = CARTESIAN_POINT ( 'NONE',  ( 42.04256652672474814, -18.92527334355548874, 7.599999999999998757 ) ) ;
#511 = ORIENTED_EDGE ( 'NONE', *, *, #3615, .T. ) ;
#512 = EDGE_CURVE ( 'NONE', #260, #3816, #1855, .T. ) ;
#513 = CARTESIAN_POINT ( 'NONE',  ( -42.65624352877708247, -19.95781337680891809, 7.600000000000001421 ) ) ;
#514 = CARTESIAN_POINT ( 'NONE',  ( -9.099999999999933920, -7.399999999999876010, 28.59999999999999787 ) ) ;
#515 = CARTESIAN_POINT ( 'NONE',  ( -42.96834341765797660, -19.96816119399719369, 9.600000000000003197 ) ) ;
#516 = CARTESIAN_POINT ( 'NONE',  ( 41.90292537900626257, 19.90289828684027285, 7.933333334038064955 ) ) ;
#517 = VERTEX_POINT ( 'NONE', #3194 ) ;
#518 = CARTESIAN_POINT ( 'NONE',  ( 41.88915931805921389, -19.88842729702288992, 7.569999999999995843 ) ) ;
#519 = PLANE ( 'NONE',  #1109 ) ;
#520 = CARTESIAN_POINT ( 'NONE',  ( -40.79999999999996163, -11.19689577749904430, 7.600000000000000533 ) ) ;
#521 = CARTESIAN_POINT ( 'NONE',  ( 42.08138178950365216, 18.01456311780293618, 7.599999999999999645 ) ) ;
#522 = ORIENTED_EDGE ( 'NONE', *, *, #3615, .F. ) ;
#523 = DIRECTION ( 'NONE',  ( 1.000000000000000000, 0.000000000000000000, 0.000000000000000000 ) ) ;
#524 = CARTESIAN_POINT ( 'NONE',  ( 42.62097167963855782, -12.18491380514351441, 13.60000000000000320 ) ) ;
#525 = CARTESIAN_POINT ( 'NONE',  ( -14.05304772075182029, 18.79246757332695594, 28.59999999999999432 ) ) ;
#526 = CARTESIAN_POINT ( 'NONE',  ( -43.09230172891003008, 17.47116016972598018, 7.600000000000002309 ) ) ;
#527 = EDGE_CURVE ( 'NONE', #301, #1803, #1666, .T. ) ;
#528 = ORIENTED_EDGE ( 'NONE', *, *, #2884, .F. ) ;
#529 = CARTESIAN_POINT ( 'NONE',  ( -13.14782631430395909, 21.09999999999995524, 14.58550043304342481 ) ) ;
#530 = CARTESIAN_POINT ( 'NONE',  ( -39.10000000000007248, -20.20481555856621725, 9.600000000000001421 ) ) ;
#531 = CARTESIAN_POINT ( 'NONE',  ( 42.00274248370784846, -19.36814086329877682, 7.600000000000000533 ) ) ;
#532 = ORIENTED_EDGE ( 'NONE', *, *, #3428, .F. ) ;
#533 = DIRECTION ( 'NONE',  ( 1.000000000000000000, 0.000000000000000000, 0.000000000000000000 ) ) ;
#534 = CARTESIAN_POINT ( 'NONE',  ( 41.96834341765563181, 19.96816119399936795, 9.600000000000001421 ) ) ;
#535 = EDGE_LOOP ( 'NONE', ( #215, #511, #1207, #3811 ) ) ;
#536 = CARTESIAN_POINT ( 'NONE',  ( 41.96608599111078775, -19.99439879138479981, 10.03000000000000469 ) ) ;
#537 = CARTESIAN_POINT ( 'NONE',  ( 43.10000000000006537, 0.000000000000000000, 28.59999999999999432 ) ) ;
#538 = DIRECTION ( 'NONE',  ( -0.000000000000000000, 0.000000000000000000, 1.000000000000000000 ) ) ;
#539 = AXIS2_PLACEMENT_3D ( 'NONE', #1711, #2942, #523 ) ;
#540 = DIRECTION ( 'NONE',  ( 1.000000000000000000, 0.000000000000000000, 0.000000000000000000 ) ) ;
#541 = VERTEX_POINT ( 'NONE', #446 ) ;
#542 = DIRECTION ( 'NONE',  ( 0.000000000000000000, 0.000000000000000000, 1.000000000000000000 ) ) ;
#543 = EDGE_CURVE ( 'NONE', #927, #2062, #2011, .T. ) ;
#544 = CARTESIAN_POINT ( 'NONE',  ( 39.99807503365487804, -12.38859539742031046, 13.60000000000000320 ) ) ;
#545 = CARTESIAN_POINT ( 'NONE',  ( -12.51270507531776310, 20.99246996001754439, 28.59999999999999432 ) ) ;
#546 = CARTESIAN_POINT ( 'NONE',  ( -42.95760772477859746, 19.65726608445471157, 7.600000000000001421 ) ) ;
#547 = EDGE_CURVE ( 'NONE', #2715, #1393, #3091, .T. ) ;
#548 = CARTESIAN_POINT ( 'NONE',  ( -15.12940872705880047, -11.75824812802616215, 13.60000000000000320 ) ) ;
#549 = VERTEX_POINT ( 'NONE', #1655 ) ;
#550 = VECTOR ( 'NONE', #1091, 1000.000000000000000 ) ;
#551 = CARTESIAN_POINT ( 'NONE',  ( -12.18566852150889446, 21.09999999999995524, 15.51623308143342861 ) ) ;
#552 = LINE ( 'NONE', #3490, #2864 ) ;
#553 = FACE_OUTER_BOUND ( 'NONE', #1555, .T. ) ;
#554 = CIRCLE ( 'NONE', #1047, 0.5000000000000004441 ) ;
#555 = ORIENTED_EDGE ( 'NONE', *, *, #1321, .T. ) ;
#556 = CARTESIAN_POINT ( 'NONE',  ( -14.07037261525401206, -4.694565835944707111, 28.59999999999999787 ) ) ;
#557 = CARTESIAN_POINT ( 'NONE',  ( -43.10733879021268677, -20.87483915154488301, 13.60000000000000142 ) ) ;
#558 = ORIENTED_EDGE ( 'NONE', *, *, #2195, .F. ) ;
#559 = CARTESIAN_POINT ( 'NONE',  ( 41.88842729701994472, 19.88915931806555903, 7.569999999999995843 ) ) ;
#560 =( BOUNDED_CURVE ( )  B_SPLINE_CURVE ( 2, ( #2693, #3299, #3265 ),
 .UNSPECIFIED., .F., .T. ) 
 B_SPLINE_CURVE_WITH_KNOTS ( ( 3, 3 ),
 ( 0.000000000000000000, 0.001500032751052043575 ),
 .UNSPECIFIED. ) 
 CURVE ( )  GEOMETRIC_REPRESENTATION_ITEM ( )  RATIONAL_B_SPLINE_CURVE ( ( 1.287851817710578217, 1.151585273947910215, 1.000000000000000000 ) ) 
 REPRESENTATION_ITEM ( '' )  );
#561 = CARTESIAN_POINT ( 'NONE',  ( 41.28028477983783517, -20.12044396547548075, 9.599999999999866418 ) ) ;
#562 = CARTESIAN_POINT ( 'NONE',  ( -40.34585462765362962, 20.09372723667875960, 7.599999999999999645 ) ) ;
#563 = CARTESIAN_POINT ( 'NONE',  ( 42.06167168020818536, 18.60658263654026712, 7.599999999999998757 ) ) ;
#564 = ORIENTED_EDGE ( 'NONE', *, *, #1639, .T. ) ;
#565 = CARTESIAN_POINT ( 'NONE',  ( 40.10000000000001563, -4.399999999999876010, 23.89999999999999858 ) ) ;
#566 = CARTESIAN_POINT ( 'NONE',  ( -43.08982048260111242, -17.62895153282234162, 7.600000000000000533 ) ) ;
#567 = CARTESIAN_POINT ( 'NONE',  ( -13.86170419352158767, 20.14833751234602488, 28.59999999999999432 ) ) ;
#568 = CARTESIAN_POINT ( 'NONE',  ( -43.03413186302427107, 19.04627819793156007, 7.600000000000003197 ) ) ;
#569 = CARTESIAN_POINT ( 'NONE',  ( -18.92055268084640929, -6.677080196587219518, 13.60000000000000142 ) ) ;
#570 = CARTESIAN_POINT ( 'NONE',  ( -41.29999999999996163, -11.19689577749904252, 7.600000000000000533 ) ) ;
#571 = CARTESIAN_POINT ( 'NONE',  ( 41.35206067631277449, -7.313899948144859664, 18.59999999999935838 ) ) ;
#572 = CARTESIAN_POINT ( 'NONE',  ( -12.90107979775755531, -7.230636471618488770, 28.59999999999999076 ) ) ;
#573 = LINE ( 'NONE', #1802, #3499 ) ;
#574 = ORIENTED_EDGE ( 'NONE', *, *, #2022, .T. ) ;
#575 = DIRECTION ( 'NONE',  ( -0.000000000000000000, 0.000000000000000000, 1.000000000000000000 ) ) ;
#576 = CARTESIAN_POINT ( 'NONE',  ( 40.32329648377489661, -20.17863251329107399, 9.600000000000004974 ) ) ;
#577 = CARTESIAN_POINT ( 'NONE',  ( 6.633333333333376380, -7.399999999999876010, 18.60000000000000142 ) ) ;
#578 = ORIENTED_EDGE ( 'NONE', *, *, #1589, .F. ) ;
#579 = DIRECTION ( 'NONE',  ( 0.000000000000000000, -1.000000000000000000, 0.000000000000000000 ) ) ;
#580 = CARTESIAN_POINT ( 'NONE',  ( -43.07960062175138916, -18.08376142934024244, 7.599999999999998757 ) ) ;
#581 = CARTESIAN_POINT ( 'NONE',  ( 41.96834341765563181, 19.96816119399936795, 9.600000000000001421 ) ) ;
#582 = CARTESIAN_POINT ( 'NONE',  ( 43.10000000000007248, -5.298342887967734782, 15.70083420268613494 ) ) ;
#583 = CIRCLE ( 'NONE', #3280, 0.5000000000000004441 ) ;
#584 = CARTESIAN_POINT ( 'NONE',  ( -10.98433655070921944, -12.38385922780765824, 13.59999999999999787 ) ) ;
#585 = ORIENTED_EDGE ( 'NONE', *, *, #303, .F. ) ;
#586 = CARTESIAN_POINT ( 'NONE',  ( -12.17823738714137605, 21.09999999999995879, 15.52359396062479746 ) ) ;
#587 = CARTESIAN_POINT ( 'NONE',  ( 42.81432212528421388, -6.580336284102073385, 13.60000000000322018 ) ) ;
#588 = EDGE_CURVE ( 'NONE', #1672, #43, #2216, .T. ) ;
#589 = CARTESIAN_POINT ( 'NONE',  ( -15.92649752855084344, 21.09999999999994458, 13.64944662575136647 ) ) ;
#590 = CARTESIAN_POINT ( 'NONE',  ( -19.06366945305409288, 18.71658221439300362, 13.60000000000000142 ) ) ;
#591 = CARTESIAN_POINT ( 'NONE',  ( -41.42161314647567139, -21.06938128774593721, 13.60000000000000320 ) ) ;
#592 = ORIENTED_EDGE ( 'NONE', *, *, #1069, .T. ) ;
#593 = CARTESIAN_POINT ( 'NONE',  ( 40.32400627943985683, -20.20115721356488692, 10.03000000000000469 ) ) ;
#594 = CARTESIAN_POINT ( 'NONE',  ( 41.76437442640041553, -20.04175772303214842, 9.600000000000004974 ) ) ;
#595 = CARTESIAN_POINT ( 'NONE',  ( 42.97576400432741650, -19.63667213872599859, 13.60000000000000142 ) ) ;
#596 = ORIENTED_EDGE ( 'NONE', *, *, #1289, .T. ) ;
#597 = DIRECTION ( 'NONE',  ( -0.000000000000000000, -0.000000000000000000, 1.000000000000000000 ) ) ;
#598 = CARTESIAN_POINT ( 'NONE',  ( -43.08525459698746829, -17.85717863716648779, 7.600000000000001421 ) ) ;
#599 = CARTESIAN_POINT ( 'NONE',  ( 42.05119839417455552, 19.72292105550157260, 9.599999999999640821 ) ) ;
#600 = CARTESIAN_POINT ( 'NONE',  ( -11.84999999999993747, 18.09999999999996234, 25.59999999999999787 ) ) ;
#601 = CARTESIAN_POINT ( 'NONE',  ( -11.23092192654828025, -12.37787646435181266, 13.60000000000000142 ) ) ;
#602 = ORIENTED_EDGE ( 'NONE', *, *, #252, .T. ) ;
#603 = CARTESIAN_POINT ( 'NONE',  ( 40.60000000000006537, -3.840983005624974300, 27.40901699437492667 ) ) ;
#604 = CARTESIAN_POINT ( 'NONE',  ( 42.20871860652120233, -12.25130278280803253, 13.60000000000001208 ) ) ;
#605 = EDGE_CURVE ( 'NONE', #3152, #2407, #2566, .T. ) ;
#606 = CARTESIAN_POINT ( 'NONE',  ( -17.82487824510251073, 23.32727593175287950, 13.59999999999999787 ) ) ;
#607 = AXIS2_PLACEMENT_3D ( 'NONE', #3374, #1878, #2806 ) ;
#608 = CARTESIAN_POINT ( 'NONE',  ( -43.71654195172294521, -20.48402385467184317, 13.60000000000000142 ) ) ;
#609 = EDGE_LOOP ( 'NONE', ( #488, #756, #2746, #1991 ) ) ;
#610 = CARTESIAN_POINT ( 'NONE',  ( 42.02770028261184621, 19.89745817072850542, 10.03000000000010772 ) ) ;
#611 = VECTOR ( 'NONE', #1121, 1000.000000000000000 ) ;
#612 = CARTESIAN_POINT ( 'NONE',  ( 43.10000000000006537, -2.399999999999876010, 18.35000000000000142 ) ) ;
#613 = CARTESIAN_POINT ( 'NONE',  ( 40.64347490967370646, 20.18995682188371532, 10.03000000000000647 ) ) ;
#614 = CARTESIAN_POINT ( 'NONE',  ( 42.09664412391346389, -20.87811096940468758, 13.59999999999999964 ) ) ;
#615 = ORIENTED_EDGE ( 'NONE', *, *, #2224, .T. ) ;
#616 = CARTESIAN_POINT ( 'NONE',  ( -40.10000000000003695, 10.77689577749866245, -15.40511026734024824 ) ) ;
#617 = CARTESIAN_POINT ( 'NONE',  ( -43.03982962038310234, -18.96487654685661894, 7.600000000000002309 ) ) ;
#618 = CARTESIAN_POINT ( 'NONE',  ( -14.09641051384354782, -3.775001414523941889, 13.60000000000000497 ) ) ;
#619 = FACE_OUTER_BOUND ( 'NONE', #1535, .T. ) ;
#620 = CARTESIAN_POINT ( 'NONE',  ( -12.26519108914825118, -12.33787463312400234, 13.60000000000000497 ) ) ;
#621 = EDGE_LOOP ( 'NONE', ( #1685, #2591, #1750, #3766 ) ) ;
#622 = CARTESIAN_POINT ( 'NONE',  ( 40.36820079462638944, -7.371313877990844254, 28.59999999999999787 ) ) ;
#623 = CARTESIAN_POINT ( 'NONE',  ( 42.23563650606173780, -7.138462904362986805, 13.60000000000259490 ) ) ;
#624 = EDGE_CURVE ( 'NONE', #1248, #838, #169, .T. ) ;
#625 = CARTESIAN_POINT ( 'NONE',  ( -13.83846290436598636, 20.23563650606295639, 13.60000000000390763 ) ) ;
#626 = DIRECTION ( 'NONE',  ( -0.000000000000000000, -0.000000000000000000, -1.000000000000000000 ) ) ;
#627 = CARTESIAN_POINT ( 'NONE',  ( 42.09636902247439849, 17.08893986351207062, 7.600000000000000533 ) ) ;
#628 = ORIENTED_EDGE ( 'NONE', *, *, #3023, .F. ) ;
#629 = EDGE_CURVE ( 'NONE', #634, #2213, #3449, .T. ) ;
#630 = B_SPLINE_CURVE_WITH_KNOTS ( 'NONE', 3,
 ( #3793, #208, #3197, #1699 ),
 .UNSPECIFIED., .F., .F.,
 ( 4, 4 ),
 ( 0.3333333333333330373, 1.000000000000000000 ),
 .UNSPECIFIED. ) ;
#631 = CARTESIAN_POINT ( 'NONE',  ( 42.98888856329195107, 19.54086757463626967, 28.59999999999999432 ) ) ;
#632 = CARTESIAN_POINT ( 'NONE',  ( 38.10000000000007248, -20.10000000000013642, 7.599999999999999645 ) ) ;
#633 = CARTESIAN_POINT ( 'NONE',  ( 40.27566523579601210, -21.07444201803202688, 13.60000000000000142 ) ) ;
#634 = VERTEX_POINT ( 'NONE', #130 ) ;
#635 = LINE ( 'NONE', #320, #1443 ) ;
#636 = PLANE ( 'NONE',  #105 ) ;
#637 = CARTESIAN_POINT ( 'NONE',  ( -13.52111552372870840, -6.972249807664024246, 13.60000000000092157 ) ) ;
#638 = CARTESIAN_POINT ( 'NONE',  ( 43.10000000000006537, -4.782977796115083002, 16.21092676416095202 ) ) ;
#639 =( NAMED_UNIT ( * ) SI_UNIT ( $, .STERADIAN. ) SOLID_ANGLE_UNIT ( ) );
#640 = ADVANCED_FACE ( 'NONE', ( #2878 ), #2292, .T. ) ;
#641 = ORIENTED_EDGE ( 'NONE', *, *, #2195, .T. ) ;
#642 = AXIS2_PLACEMENT_3D ( 'NONE', #44, #2739, #1280 ) ;
#643 = CARTESIAN_POINT ( 'NONE',  ( 42.96164780065721089, -6.028897858573992963, 28.59999999999999787 ) ) ;
#644 = CARTESIAN_POINT ( 'NONE',  ( 43.09915261021933475, -3.018563275086611153, 18.60000000000065157 ) ) ;
#645 = EDGE_CURVE ( 'NONE', #3630, #718, #1378, .T. ) ;
#646 = CARTESIAN_POINT ( 'NONE',  ( -11.98215051297394140, 26.06624690466864536, 13.60000000000000142 ) ) ;
#647 = CARTESIAN_POINT ( 'NONE',  ( -42.11198588730312764, -20.02796534580524579, 7.569999999999994067 ) ) ;
#648 = CARTESIAN_POINT ( 'NONE',  ( 41.90155197451054647, 19.86571348516760338, 7.600000000000004974 ) ) ;
#649 = ORIENTED_EDGE ( 'NONE', *, *, #112, .T. ) ;
#650 = CARTESIAN_POINT ( 'NONE',  ( 40.10000000000001563, -4.399999999999876010, 7.599999999999999645 ) ) ;
#651 = CARTESIAN_POINT ( 'NONE',  ( -19.09999999999993747, 16.09999999999996945, 13.60000000000000142 ) ) ;
#652 = CARTESIAN_POINT ( 'NONE',  ( 38.59264819281361980, -21.10000000000013998, 13.60000000000000142 ) ) ;
#653 = ORIENTED_EDGE ( 'NONE', *, *, #1281, .F. ) ;
#654 = CARTESIAN_POINT ( 'NONE',  ( -40.60000000000003695, 10.27689577749865890, -15.40511026734024824 ) ) ;
#655 = CARTESIAN_POINT ( 'NONE',  ( -44.10000000000007248, -21.10000000000013642, 9.600000000000001421 ) ) ;
#656 = CARTESIAN_POINT ( 'NONE',  ( -11.71004394060899756, -7.359127595603030869, 18.60000000000062315 ) ) ;
#657 = CARTESIAN_POINT ( 'NONE',  ( 43.10000000000006537, -5.685023502280139418, 15.31993990629657887 ) ) ;
#658 = CARTESIAN_POINT ( 'NONE',  ( 41.10905543776747351, -20.02887602816799983, 7.600000000000000533 ) ) ;
#659 = ORIENTED_EDGE ( 'NONE', *, *, #588, .F. ) ;
#660 = CARTESIAN_POINT ( 'NONE',  ( 40.10000000000006537, -5.149999999999875122, 27.72132034355963981 ) ) ;
#661 = CARTESIAN_POINT ( 'NONE',  ( 48.10042434154807722, -2.293264059026939083, 13.60000000000000142 ) ) ;
#662 = EDGE_CURVE ( 'NONE', #3550, #3152, #2055, .T. ) ;
#663 = CARTESIAN_POINT ( 'NONE',  ( -8.993264059029883128, 26.10042434154927804, 13.59999999999999787 ) ) ;
#664 = CARTESIAN_POINT ( 'NONE',  ( -42.85220486461444267, -19.90646997416442687, 7.569999999999997620 ) ) ;
#665 = CARTESIAN_POINT ( 'NONE',  ( 41.98768761388227233, 19.98379500470906223, 10.03000000000000647 ) ) ;
#666 = ORIENTED_EDGE ( 'NONE', *, *, #605, .T. ) ;
#667 = CARTESIAN_POINT ( 'NONE',  ( -43.20481555856299849, -16.10000000000012932, 9.600000000000001421 ) ) ;
#668 = CARTESIAN_POINT ( 'NONE',  ( 39.98500095812969590, 20.08209738528288213, 7.600000000000000533 ) ) ;
#669 = FACE_OUTER_BOUND ( 'NONE', #3854, .T. ) ;
#670 = CARTESIAN_POINT ( 'NONE',  ( -43.98866520347218767, 19.54258782409750239, 13.60000000000000142 ) ) ;
#671 = CARTESIAN_POINT ( 'NONE',  ( -43.14287602988447645, -19.28255110315474141, 10.03000000000027647 ) ) ;
#672 = ORIENTED_EDGE ( 'NONE', *, *, #832, .F. ) ;
#673 = DIRECTION ( 'NONE',  ( -0.8386705679454201645, -0.000000000000000000, -0.5446390350150329684 ) ) ;
#674 = CIRCLE ( 'NONE', #2289, 0.5000000000000004441 ) ;
#675 = FACE_OUTER_BOUND ( 'NONE', #2569, .T. ) ;
#676 = CARTESIAN_POINT ( 'NONE',  ( -13.86206657713867862, -6.470602038605323791, 13.59999999999876508 ) ) ;
#677 = CARTESIAN_POINT ( 'NONE',  ( 43.10000000000006537, -7.044105885851256410, 14.12245531051550174 ) ) ;
#678 = CARTESIAN_POINT ( 'NONE',  ( 41.81906979863392593, -19.91869900328513765, 7.599999999999998757 ) ) ;
#679 = EDGE_CURVE ( 'NONE', #3240, #1785, #975, .T. ) ;
#680 = ORIENTED_EDGE ( 'NONE', *, *, #81, .F. ) ;
#681 = CARTESIAN_POINT ( 'NONE',  ( 38.59264819287633941, -7.399999999999878675, 28.60000000000000497 ) ) ;
#682 = DIRECTION ( 'NONE',  ( 0.000000000000000000, -1.000000000000000000, 0.000000000000000000 ) ) ;
#683 = CARTESIAN_POINT ( 'NONE',  ( -41.63729749817542825, -20.06115088677816161, 7.569999999999994067 ) ) ;
#684 = CARTESIAN_POINT ( 'NONE',  ( -40.59999999999996589, -12.19689577749904608, 10.59999999999999964 ) ) ;
#685 = ORIENTED_EDGE ( 'NONE', *, *, #1809, .T. ) ;
#686 = CARTESIAN_POINT ( 'NONE',  ( 40.41047241443121862, 21.06979218642896257, 28.60000000000000853 ) ) ;
#687 = CARTESIAN_POINT ( 'NONE',  ( 40.44941599430249823, 20.06846027190708526, 7.600000000000001421 ) ) ;
#688 = CARTESIAN_POINT ( 'NONE',  ( -18.19461201343757395, -9.016535206891074239, 13.59999999999999787 ) ) ;
#689 = CARTESIAN_POINT ( 'NONE',  ( -43.66090659504127558, 20.53880138776192510, 13.60000000000000320 ) ) ;
#690 = CARTESIAN_POINT ( 'NONE',  ( 43.06840992987352479, -18.44748514795182714, 13.59999999999999964 ) ) ;
#691 = ORIENTED_EDGE ( 'NONE', *, *, #2368, .T. ) ;
#692 = CARTESIAN_POINT ( 'NONE',  ( 38.10000000000007248, -21.10000000000013642, 9.600000000000001421 ) ) ;
#693 = LINE ( 'NONE', #1890, #2745 ) ;
#694 = CARTESIAN_POINT ( 'NONE',  ( -9.099999999999933920, -7.399999999999876010, 13.60000000000000142 ) ) ;
#695 = CARTESIAN_POINT ( 'NONE',  ( -19.09999999999993747, 16.09999999999996945, 13.60000000000000142 ) ) ;
#696 = VERTEX_POINT ( 'NONE', #3565 ) ;
#697 = CARTESIAN_POINT ( 'NONE',  ( 38.10000000000007958, -7.399999999999875122, 18.60000000000000497 ) ) ;
#698 = CARTESIAN_POINT ( 'NONE',  ( 38.10000000000005116, 21.10000000000013287, 14.24999999999999112 ) ) ;
#699 = LINE ( 'NONE', #1268, #3115 ) ;
#700 =( BOUNDED_SURFACE ( )  B_SPLINE_SURFACE ( 2, 3, ( 
 ( #1202, #915, #2723, #1221, #10, #2410, #954, #2130, #1832, #3604, #2110, #1532, #1791, #2451, #3311, #3685, #83, #973, #3349, #2170, #1283, #656, #2999, #1814, #306, #992 ),
 ( #2491, #2190, #618, #2427, #3053, #3017, #322, #1513, #676, #3626, #1849, #935, #3330, #360, #637, #2741, #46, #3645, #1551, #2762, #3368, #2508, #1591, #1009, #2799, #694 ),
 ( #103, #1305, #3707, #3385, #1891, #3093, #399, #393, #3418, #688, #2775, #967, #2464, #373, #1885, #3086, #1564, #77, #1241, #3677, #1277, #2143, #2483, #411, #3700, #2204 ) ),
 .UNSPECIFIED., .F., .F., .T. ) 
 B_SPLINE_SURFACE_WITH_KNOTS ( ( 3, 3 ),
 ( 4, 2, 2, 2, 2, 2, 2, 2, 2, 2, 2, 2, 4 ),
 ( 0.000000000000000000, 1.000000000000000000 ),
 ( 0.000000000000000000, 0.002136221227213923671, 0.003204331840820885506, 0.004272442454427847341, 0.006408663681641771012, 0.007476774295248732848, 0.008544884908855694683, 0.009612995522462655651, 0.01068110613606961835, 0.01281732736328354202, 0.01388543797689050299, 0.01495354859049746570, 0.01708976981771138937 ),
 .UNSPECIFIED. ) 
 GEOMETRIC_REPRESENTATION_ITEM ( )  RATIONAL_B_SPLINE_SURFACE ( (
 ( 1.000000000000000000, 1.000000000000000000, 1.000000000000000000, 1.000000000000000000, 1.000000000000000000, 1.000000000000000000, 1.000000000000000000, 1.000000000000000000, 1.000000000000000000, 1.000000000000000000, 1.000000000000000000, 1.000000000000000000, 1.000000000000000000, 1.000000000000000000, 1.000000000000000000, 1.000000000000000000, 1.000000000000000000, 1.000000000000000000, 1.000000000000000000, 1.000000000000000000, 1.000000000000000000, 1.000000000000000000, 1.000000000000000000, 1.000000000000000000, 1.000000000000000000, 1.000000000000000000),
 ( 4.000000000000000888, 4.000000000000000888, 4.000000000000000888, 4.000000000000000888, 4.000000000000000888, 4.000000000000000888, 4.000000000000000888, 4.000000000000000888, 4.000000000000000888, 4.000000000000000888, 4.000000000000000888, 4.000000000000000888, 4.000000000000000888, 4.000000000000000888, 4.000000000000000888, 4.000000000000000888, 4.000000000000000888, 4.000000000000000888, 4.000000000000000888, 4.000000000000000888, 4.000000000000000888, 4.000000000000000888, 4.000000000000000888, 4.000000000000000888, 4.000000000000000888, 4.000000000000000888),
 ( 1.000000000000000000, 1.000000000000000000, 1.000000000000000000, 1.000000000000000000, 1.000000000000000000, 1.000000000000000000, 1.000000000000000000, 1.000000000000000000, 1.000000000000000000, 1.000000000000000000, 1.000000000000000000, 1.000000000000000000, 1.000000000000000000, 1.000000000000000000, 1.000000000000000000, 1.000000000000000000, 1.000000000000000000, 1.000000000000000000, 1.000000000000000000, 1.000000000000000000, 1.000000000000000000, 1.000000000000000000, 1.000000000000000000, 1.000000000000000000, 1.000000000000000000, 1.000000000000000000) ) ) 
 REPRESENTATION_ITEM ( '' )  SURFACE ( )  );
#701 = CARTESIAN_POINT ( 'NONE',  ( -10.07521466550678113, 21.09717490054166689, 18.60000000000000142 ) ) ;
#702 = CARTESIAN_POINT ( 'NONE',  ( -42.76867549032322557, -20.06385905547035264, 10.03000000000000647 ) ) ;
#703 = CIRCLE ( 'NONE', #1896, 0.7500000000000006661 ) ;
#704 = CARTESIAN_POINT ( 'NONE',  ( 41.81410856141872046, 19.91784294407841571, 7.569999999999997620 ) ) ;
#705 = VERTEX_POINT ( 'NONE', #877 ) ;
#706 = EDGE_CURVE ( 'NONE', #3515, #3359, #3454, .T. ) ;
#707 = CARTESIAN_POINT ( 'NONE',  ( -39.10000000000009379, 21.09999999999986642, 13.60000000000000142 ) ) ;
#708 = CARTESIAN_POINT ( 'NONE',  ( 41.88984178720452434, 19.88984571103919663, 7.599999999999999645 ) ) ;
#709 = ADVANCED_FACE ( 'NONE', ( #339 ), #700, .T. ) ;
#710 = CARTESIAN_POINT ( 'NONE',  ( 0.000000000000000000, -4.399999999999876010, 25.59999999999999787 ) ) ;
#711 = DIRECTION ( 'NONE',  ( 1.916821520416347599E-16, -1.000000000000000000, 0.000000000000000000 ) ) ;
#712 = DIRECTION ( 'NONE',  ( -0.000000000000000000, -0.000000000000000000, -1.000000000000000000 ) ) ;
#713 = ORIENTED_EDGE ( 'NONE', *, *, #1235, .F. ) ;
#714 = CARTESIAN_POINT ( 'NONE',  ( -44.10000000000007248, -21.10000000000013642, 7.299999999999999822 ) ) ;
#715 = CARTESIAN_POINT ( 'NONE',  ( 39.60000000000006537, -7.390087672888736137, 23.60000000000000142 ) ) ;
#716 = CARTESIAN_POINT ( 'NONE',  ( -41.30000000000003979, 9.776895777498653572, 7.600000000000000533 ) ) ;
#717 = CARTESIAN_POINT ( 'NONE',  ( -43.02796534580443222, 19.11198588730558257, 7.569999999999995843 ) ) ;
#718 = VERTEX_POINT ( 'NONE', #985 ) ;
#719 = AXIS2_PLACEMENT_3D ( 'NONE', #565, #3524, #2961 ) ;
#720 = CARTESIAN_POINT ( 'NONE',  ( -40.59999999999996589, -11.69689577749904430, -15.40511026734024824 ) ) ;
#721 = CARTESIAN_POINT ( 'NONE',  ( -14.09999999999993570, -2.399999999999876010, 18.35000000000001563 ) ) ;
#722 = B_SPLINE_CURVE_WITH_KNOTS ( 'NONE', 3,
 ( #458, #1083, #1065, #1689, #3188, #163, #3481, #2559, #2578, #499, #180, #3782, #1373, #3462, #2892, #2250, #1354, #2288, #3763, #792, #1987, #3443, #1649, #2266, #772, #753, #1968, #1952, #474, #1667, #2874, #3148, #689, #1628, #3419, #3363, #1928, #2205, #986, #412, #2850, #1350, #2793, #2555, #2226, #374, #3067, #2523, #670, #2185, #2813, #1586, #3382, #2832, #2776, #1565, #436, #3722, #96, #78, #1278, #1040 ),
 .UNSPECIFIED., .F., .F.,
 ( 4, 1, 1, 1, 1, 1, 1, 1, 2, 2, 1, 1, 1, 1, 1, 1, 2, 2, 1, 1, 1, 1, 2, 2, 2, 1, 1, 1, 1, 2, 2, 1, 1, 1, 1, 1, 2, 2, 1, 1, 1, 1, 1, 1, 2, 2, 4 ),
 ( 0.000000000000000000, 0.1250000000001122713, 0.1875000000001684208, 0.2187500000001964817, 0.2343750000002104983, 0.2421875000002160216, 0.2460937500002188250, 0.2480468750002186584, 0.2490234375002185196, 0.2500000000002183809, 0.3125000000001974532, 0.3437500000001881273, 0.3593750000001835199, 0.3671875000001811884, 0.3710937500001801337, 0.3730468750001795231, 0.3740234375001777467, 0.3750000000001759148, 0.4062500000001181832, 0.4218750000000880962, 0.4296875000000718314, 0.4335937500000622835, 0.4355468750000587308, 0.4375000000000552336, 0.4999999999999608091, 0.5312499999999136246, 0.5468749999998899769, 0.5546874999998780975, 0.5585937499998731015, 0.5605468749998711031, 0.5624999999998691047, 0.5937499999998496758, 0.6093749999998397948, 0.6171874999998343547, 0.6210937499998310241, 0.6230468749998292477, 0.6240234374998284705, 0.6249999999998276934, 0.6874999999998341327, 0.7187499999998379074, 0.7343749999998397948, 0.7421874999998406830, 0.7460937499998406830, 0.7480468749998402389, 0.7490234374998400169, 0.7499999999998396838, 1.000000000000000000 ),
 .UNSPECIFIED. ) ;
#723 = CARTESIAN_POINT ( 'NONE',  ( -14.09999999999993570, 16.09999999999996945, 28.59999999999999787 ) ) ;
#724 = DIRECTION ( 'NONE',  ( -3.491481338843133750E-15, 1.000000000000000000, 0.000000000000000000 ) ) ;
#725 = CARTESIAN_POINT ( 'NONE',  ( 41.69895721865948701, 19.94750221178830429, 7.569999999999995843 ) ) ;
#726 = ORIENTED_EDGE ( 'NONE', *, *, #1656, .F. ) ;
#727 = LINE ( 'NONE', #1314, #1984 ) ;
#728 = DIRECTION ( 'NONE',  ( 0.000000000000000000, 1.000000000000000000, 0.000000000000000000 ) ) ;
#729 = DIRECTION ( 'NONE',  ( 0.000000000000000000, 1.000000000000000000, 0.000000000000000000 ) ) ;
#730 = CARTESIAN_POINT ( 'NONE',  ( -19.07514152822112763, 18.33112916056802888, 13.60000000000000142 ) ) ;
#731 = CARTESIAN_POINT ( 'NONE',  ( 42.98866520347225162, -19.54258782409728568, 13.60000000000000142 ) ) ;
#732 = ORIENTED_EDGE ( 'NONE', *, *, #2734, .T. ) ;
#733 = CARTESIAN_POINT ( 'NONE',  ( -39.10000000000007248, -21.10000000000013642, 9.500000000000017764 ) ) ;
#734 = VECTOR ( 'NONE', #3855, 1000.000000000000000 ) ;
#735 = DIRECTION ( 'NONE',  ( -0.000000000000000000, 0.000000000000000000, 1.000000000000000000 ) ) ;
#736 = CARTESIAN_POINT ( 'NONE',  ( -14.09999999999993747, -2.399999999999876010, 18.60000000000000497 ) ) ;
#737 = AXIS2_PLACEMENT_3D ( 'NONE', #3726, #3662, #2233 ) ;
#738 = CARTESIAN_POINT ( 'NONE',  ( -42.98338607260392052, 19.50478918533183048, 7.569999999999927454 ) ) ;
#739 = ORIENTED_EDGE ( 'NONE', *, *, #624, .F. ) ;
#740 = CARTESIAN_POINT ( 'NONE',  ( 40.82309165052131306, -20.04972587931909089, 7.600000000000004086 ) ) ;
#741 = AXIS2_PLACEMENT_3D ( 'NONE', #942, #2218, #2478 ) ;
#742 = CARTESIAN_POINT ( 'NONE',  ( -14.09999999999993570, 16.09999999999996945, 21.93333333333333712 ) ) ;
#743 = CARTESIAN_POINT ( 'NONE',  ( -13.34810984059696359, 20.78162464687776989, 18.60000000000192699 ) ) ;
#744 = CARTESIAN_POINT ( 'NONE',  ( -39.73484171501848294, -20.22735090552901127, 10.03000000000000647 ) ) ;
#745 = CARTESIAN_POINT ( 'NONE',  ( -9.099999999999933920, -7.399999999999876010, 28.59999999999999787 ) ) ;
#746 = ORIENTED_EDGE ( 'NONE', *, *, #219, .T. ) ;
#747 = CARTESIAN_POINT ( 'NONE',  ( -40.99411667355494870, -20.08187568645551480, 7.600000000000001421 ) ) ;
#748 = CARTESIAN_POINT ( 'NONE',  ( 41.04627819791258503, 20.03413186302816129, 7.599999999999996980 ) ) ;
#749 = CARTESIAN_POINT ( 'NONE',  ( -19.06702382222045600, 18.57849814909619113, 13.60000000000000142 ) ) ;
#750 = CARTESIAN_POINT ( 'NONE',  ( -43.15653691405387349, -19.12183440813021917, 10.03000000000000469 ) ) ;
#751 = ORIENTED_EDGE ( 'NONE', *, *, #3614, .F. ) ;
#752 = DIRECTION ( 'NONE',  ( -0.000000000000000000, -0.000000000000000000, -1.000000000000000000 ) ) ;
#753 = CARTESIAN_POINT ( 'NONE',  ( -43.03820785104429802, 20.89504420574598953, 13.60000000000000142 ) ) ;
#754 = CARTESIAN_POINT ( 'NONE',  ( 43.10000000000007248, -6.768344146082426072, 14.31057981135493939 ) ) ;
#755 = CARTESIAN_POINT ( 'NONE',  ( -43.12044396547376834, -19.28028477984288713, 9.600000000000385114 ) ) ;
#756 = ORIENTED_EDGE ( 'NONE', *, *, #1518, .F. ) ;
#757 = CARTESIAN_POINT ( 'NONE',  ( 40.60658263645534305, -20.06167168020865788, 7.599999999999998757 ) ) ;
#758 = CARTESIAN_POINT ( 'NONE',  ( 43.06641683701760570, -4.798736991033996091, 28.60000000000000497 ) ) ;
#759 = CARTESIAN_POINT ( 'NONE',  ( 42.16744196330923700, -18.64239511823565465, 9.599999999999941025 ) ) ;
#760 = EDGE_CURVE ( 'NONE', #1746, #1915, #2163, .T. ) ;
#761 = B_SPLINE_CURVE_WITH_KNOTS ( 'NONE', 3,
 ( #3161, #2535, #468, #806, #192, #2592, #1384, #2001, #3181, #1680, #1038, #3738, #489, #1335, #2245, #2907, #3516, #747, #3437, #3757, #2279, #1946, #1660, #3142, #764, #1404, #2615, #1098, #3796, #451, #3474, #1962, #1643, #2848, #1367, #2865, #3774, #2829, #2023, #212, #3200, #2885, #513, #3817, #2303, #1625, #157 ),
 .UNSPECIFIED., .F., .F.,
 ( 4, 1, 1, 1, 1, 1, 2, 2, 1, 1, 1, 1, 1, 2, 2, 1, 1, 1, 1, 1, 2, 2, 1, 1, 1, 1, 2, 2, 1, 1, 1, 1, 2, 2, 4 ),
 ( 0.000000000000000000, 0.1250000000001889600, 0.1875000000002807199, 0.2187500000003295697, 0.2343750000003539946, 0.2421875000003693990, 0.2460937500003738676, 0.2500000000003783640, 0.3750000000004762857, 0.4375000000005280221, 0.4687500000005510037, 0.4843750000005653811, 0.4921875000005696554, 0.4960937500005688783, 0.5000000000005679901, 0.6250000000004412026, 0.6875000000003750333, 0.7187500000003449463, 0.7343750000003267386, 0.7421875000003209655, 0.7460937500003147482, 0.7500000000003085310, 0.8125000000002252643, 0.8437500000001861844, 0.8593750000001696421, 0.8671875000001645351, 0.8710937500001589839, 0.8750000000001534328, 0.9062500000001330047, 0.9218750000001255662, 0.9296875000001221245, 0.9335937500001203482, 0.9355468750001164624, 0.9375000000001126876, 1.000000000000000000 ),
 .UNSPECIFIED. ) ;
#762 = CARTESIAN_POINT ( 'NONE',  ( -41.32435739703826272, -20.20113888443770733, 10.02999999999972758 ) ) ;
#763 = EDGE_LOOP ( 'NONE', ( #1810, #1697, #266, #3221 ) ) ;
#764 = CARTESIAN_POINT ( 'NONE',  ( -41.92527334355480662, -20.04256652671994843, 7.599999999999998757 ) ) ;
#765 = CARTESIAN_POINT ( 'NONE',  ( 41.17468780750780866, 20.02362310408382129, 7.600000000000000533 ) ) ;
#766 = CIRCLE ( 'NONE', #2969, 0.7500000000000006661 ) ;
#767 = CARTESIAN_POINT ( 'NONE',  ( 38.10000000000005116, 21.10000000000013287, 9.600000000000001421 ) ) ;
#768 = CARTESIAN_POINT ( 'NONE',  ( 41.91600897916000434, 19.91595086561747152, 8.266666667631771048 ) ) ;
#769 = ORIENTED_EDGE ( 'NONE', *, *, #706, .T. ) ;
#770 = CARTESIAN_POINT ( 'NONE',  ( -44.10000000000007248, -16.10000000000013642, 7.299999999999998934 ) ) ;
#771 = ADVANCED_FACE ( 'NONE', ( #3362 ), #3381, .T. ) ;
#772 = CARTESIAN_POINT ( 'NONE',  ( -42.96631460141203718, 20.91392182095840724, 13.60000000000000142 ) ) ;
#773 = CARTESIAN_POINT ( 'NONE',  ( -40.62895153247188773, 20.08982048260923392, 7.599999999999997868 ) ) ;
#774 = CARTESIAN_POINT ( 'NONE',  ( -43.14281270299589011, 19.28273563164342974, 10.03000000000014147 ) ) ;
#775 = EDGE_LOOP ( 'NONE', ( #2853, #1582, #3415, #1467 ) ) ;
#776 = CARTESIAN_POINT ( 'NONE',  ( -41.32364808234208198, -20.17861417217205755, 9.599999999999687006 ) ) ;
#777 = CARTESIAN_POINT ( 'NONE',  ( 41.89410479430991785, -12.28118218839277809, 13.60000000000000497 ) ) ;
#778 = CARTESIAN_POINT ( 'NONE',  ( -14.09999999999993570, -7.399999999999876010, 18.35000000000001563 ) ) ;
#779 = CARTESIAN_POINT ( 'NONE',  ( -42.99602867563670827, 19.42122724735999029, 7.600000000000000533 ) ) ;
#780 = EDGE_CURVE ( 'NONE', #2895, #634, #118, .T. ) ;
#781 = CARTESIAN_POINT ( 'NONE',  ( 42.00726332101383775, -19.88824641058913656, 9.599999999999941025 ) ) ;
#782 = CARTESIAN_POINT ( 'NONE',  ( 42.08179634024351401, -17.99736721231242953, 7.599999999999999645 ) ) ;
#783 = ORIENTED_EDGE ( 'NONE', *, *, #2713, .F. ) ;
#784 = CARTESIAN_POINT ( 'NONE',  ( -18.78295866748109333, 21.09999999999993392, 13.60000000000000142 ) ) ;
#785 = CARTESIAN_POINT ( 'NONE',  ( -14.09999999999993570, 16.09999999999996945, 18.35000000000001563 ) ) ;
#786 = CARTESIAN_POINT ( 'NONE',  ( -18.78295866748109333, 21.09999999999993392, 13.60000000000000142 ) ) ;
#787 = CARTESIAN_POINT ( 'NONE',  ( 41.88984178720452434, 19.88984571103919663, 7.599999999999999645 ) ) ;
#788 = ORIENTED_EDGE ( 'NONE', *, *, #3176, .F. ) ;
#789 = CARTESIAN_POINT ( 'NONE',  ( -39.10000000000007248, -21.10000000000013642, 11.69999999999998330 ) ) ;
#790 = EDGE_CURVE ( 'NONE', #3353, #376, #2792, .T. ) ;
#791 = CARTESIAN_POINT ( 'NONE',  ( 43.10000000000006537, 16.10000000000013287, 9.600000000000001421 ) ) ;
#792 = CARTESIAN_POINT ( 'NONE',  ( -42.53538422206626279, 20.98959392881906538, 13.59999999999999787 ) ) ;
#793 = CARTESIAN_POINT ( 'NONE',  ( -41.08376142933972375, 20.07960062175160942, 7.599999999999997868 ) ) ;
#794 = LINE ( 'NONE', #1989, #1769 ) ;
#795 = ORIENTED_EDGE ( 'NONE', *, *, #2516, .F. ) ;
#796 = DIRECTION ( 'NONE',  ( -0.000000000000000000, -0.000000000000000000, -1.000000000000000000 ) ) ;
#797 = CLOSED_SHELL ( 'NONE', ( #1395, #3491, #2175, #3705, #2350, #1812, #2346, #402, #802, #203, #1596, #2860, #3290, #1085, #2719, #814, #1500, #3083, #382, #2207, #1366, #3037, #1609, #2975, #3042, #771, #2469, #2880, #2098, #2019, #1464, #3670, #952, #3129, #2923, #640, #110, #1053, #3610, #2394, #3297, #1097, #709, #3833, #2993, #1569, #2920, #3576, #349, #3272, #829, #1487, #2447, #1621, #2924, #2514, #2801, #3535, #901, #2515, #99, #1185, #1578, #3549, #2632, #1782, #132 ) ) ;
#798 = CARTESIAN_POINT ( 'NONE',  ( 40.10000000000006537, 18.10000000000012221, 7.599999999999999645 ) ) ;
#799 = DIRECTION ( 'NONE',  ( 0.000000000000000000, -0.7071067811865513475, 0.7071067811865437980 ) ) ;
#800 = CARTESIAN_POINT ( 'NONE',  ( -43.09525126151886809, 17.22341368421472652, 7.599999999999999645 ) ) ;
#801 = CARTESIAN_POINT ( 'NONE',  ( 42.14281270300031679, -19.28273563165124571, 10.03000000000001002 ) ) ;
#802 = ADVANCED_FACE ( 'NONE', ( #2504 ), #1005, .F. ) ;
#803 = DIRECTION ( 'NONE',  ( 0.000000000000000000, 0.000000000000000000, 1.000000000000000000 ) ) ;
#804 = CARTESIAN_POINT ( 'NONE',  ( 41.96301418375583836, -19.62994004720215102, 7.599999999999998757 ) ) ;
#805 = ORIENTED_EDGE ( 'NONE', *, *, #3389, .F. ) ;
#806 = CARTESIAN_POINT ( 'NONE',  ( -39.80759269825274771, -20.09837432113814160, 7.600000000000000533 ) ) ;
#807 = CARTESIAN_POINT ( 'NONE',  ( -13.12889382622898893, -7.168027478078117021, 28.59999999999999787 ) ) ;
#808 = CARTESIAN_POINT ( 'NONE',  ( -18.93786754345053325, 20.31715835568794404, 13.60000000000000320 ) ) ;
#809 = CARTESIAN_POINT ( 'NONE',  ( 43.10000000000006537, -16.10000000000013642, 13.60000000000000142 ) ) ;
#810 = VERTEX_POINT ( 'NONE', #3721 ) ;
#811 = CARTESIAN_POINT ( 'NONE',  ( 41.76978910882296958, -20.06364008707243229, 10.03000000000000469 ) ) ;
#812 = FACE_OUTER_BOUND ( 'NONE', #3032, .T. ) ;
#813 = CARTESIAN_POINT ( 'NONE',  ( -41.97631169180319688, 20.03901575552299974, 7.599999999999997868 ) ) ;
#814 = ADVANCED_FACE ( 'NONE', ( #669 ), #1606, .T. ) ;
#815 = CARTESIAN_POINT ( 'NONE',  ( 42.04972587931828798, 18.82309165057215594, 7.600000000000000533 ) ) ;
#816 = ORIENTED_EDGE ( 'NONE', *, *, #3176, .T. ) ;
#817 = CARTESIAN_POINT ( 'NONE',  ( -42.93582500970834559, -19.98403618065001908, 9.599999999999964118 ) ) ;
#818 = DIRECTION ( 'NONE',  ( 0.000000000000000000, 0.000000000000000000, 1.000000000000000000 ) ) ;
#819 = CARTESIAN_POINT ( 'NONE',  ( -13.66090659504325799, 20.53880138776096231, 28.60000000000000142 ) ) ;
#820 = CARTESIAN_POINT ( 'NONE',  ( 42.02861363586477239, -19.89588082673099123, 10.03000000000000647 ) ) ;
#821 = VERTEX_POINT ( 'NONE', #1927 ) ;
#822 = CARTESIAN_POINT ( 'NONE',  ( -12.78046746521453336, 21.09999999999995168, 14.93192064378672690 ) ) ;
#823 = CARTESIAN_POINT ( 'NONE',  ( 38.10000000000007248, -7.399999999999876010, 18.60000000000000142 ) ) ;
#824 = CARTESIAN_POINT ( 'NONE',  ( 42.04450687065822478, -18.89628922577135128, 7.599999999999999645 ) ) ;
#825 = ORIENTED_EDGE ( 'NONE', *, *, #1338, .T. ) ;
#826 = DIRECTION ( 'NONE',  ( 1.000000000000000000, 0.000000000000000000, 1.826024711554534653E-16 ) ) ;
#827 = CARTESIAN_POINT ( 'NONE',  ( -13.10733879021266368, -7.174839151544611049, 28.60000000000000497 ) ) ;
#828 = CARTESIAN_POINT ( 'NONE',  ( -44.09627965690843610, -17.24942143377868575, 13.59999999999999964 ) ) ;
#829 = ADVANCED_FACE ( 'NONE', ( #3066 ), #2522, .T. ) ;
#830 = VERTEX_POINT ( 'NONE', #2831 ) ;
#831 = CARTESIAN_POINT ( 'NONE',  ( 42.09842776849453116, 16.73435631924503753, 7.569999999999995843 ) ) ;
#832 = EDGE_CURVE ( 'NONE', #2810, #982, #3078, .T. ) ;
#833 = AXIS2_PLACEMENT_3D ( 'NONE', #3186, #3478, #496 ) ;
#834 = CARTESIAN_POINT ( 'NONE',  ( 43.10000000000006537, 21.10000000000015419, 6.549999999999999822 ) ) ;
#835 = EDGE_CURVE ( 'NONE', #3667, #301, #2444, .T. ) ;
#836 = CARTESIAN_POINT ( 'NONE',  ( -42.03267561656247864, 20.03487874806727831, 7.599999999999998757 ) ) ;
#837 = CARTESIAN_POINT ( 'NONE',  ( -14.09999999999993570, 16.09999999999996945, 18.60000000000000142 ) ) ;
#838 = VERTEX_POINT ( 'NONE', #1546 ) ;
#839 = CYLINDRICAL_SURFACE ( 'NONE', #539, 0.5000000000000004441 ) ;
#840 = CARTESIAN_POINT ( 'NONE',  ( 40.61977647822124027, -12.36550840930488171, 13.59999999999999964 ) ) ;
#841 = CARTESIAN_POINT ( 'NONE',  ( -12.53538422206487901, 20.98959392881923236, 28.59999999999999787 ) ) ;
#842 = CARTESIAN_POINT ( 'NONE',  ( -42.99638483701527747, 19.41849497126051816, 7.600000000000001421 ) ) ;
#843 = CARTESIAN_POINT ( 'NONE',  ( -17.72580431041015459, -9.778356146481598898, 13.60000000000000142 ) ) ;
#844 = ORIENTED_EDGE ( 'NONE', *, *, #255, .T. ) ;
#845 = LINE ( 'NONE', #2040, #734 ) ;
#846 = CARTESIAN_POINT ( 'NONE',  ( -43.10000000000006537, 16.09999999999986287, 7.599999999999999645 ) ) ;
#847 = CARTESIAN_POINT ( 'NONE',  ( 41.97118357197018668, -19.58280725471343331, 7.569999999999790674 ) ) ;
#848 = CARTESIAN_POINT ( 'NONE',  ( -15.03710209267706688, 21.09999999999994458, 13.72224676756519912 ) ) ;
#849 = CARTESIAN_POINT ( 'NONE',  ( -13.91392182096088526, -6.266314601400791773, 28.60000000000000497 ) ) ;
#850 = CARTESIAN_POINT ( 'NONE',  ( -43.53880138776207787, -20.66090659504232718, 13.60000000000000497 ) ) ;
#851 = ORIENTED_EDGE ( 'NONE', *, *, #3323, .F. ) ;
#852 = FACE_OUTER_BOUND ( 'NONE', #1510, .T. ) ;
#853 = CARTESIAN_POINT ( 'NONE',  ( -41.64194652266839825, 20.16744729553176185, 9.599999999999994316 ) ) ;
#854 = CARTESIAN_POINT ( 'NONE',  ( -42.36132740147804299, 20.00396021807320679, 7.600000000000000533 ) ) ;
#855 = B_SPLINE_CURVE_WITH_KNOTS ( 'NONE', 1,
 ( #3044, #113 ),
 .UNSPECIFIED., .F., .F.,
 ( 2, 2 ),
 ( 0.1747967479675474056, 0.9878048780487789227 ),
 .UNSPECIFIED. ) ;
#856 = CARTESIAN_POINT ( 'NONE',  ( 42.03778840824951146, 18.99338584795339102, 7.599999999999998757 ) ) ;
#857 = ORIENTED_EDGE ( 'NONE', *, *, #15, .T. ) ;
#858 = CARTESIAN_POINT ( 'NONE',  ( 41.90289828683363282, -19.90292537900969805, 7.933333334038066731 ) ) ;
#859 = CARTESIAN_POINT ( 'NONE',  ( 39.37007898487775748, 20.20208039536886346, 9.600000000000001421 ) ) ;
#860 = CARTESIAN_POINT ( 'NONE',  ( -39.10000000000005826, -20.16987703906391260, 8.933333333709594370 ) ) ;
#861 = CARTESIAN_POINT ( 'NONE',  ( -43.00274248370519814, 19.36814086331246543, 7.599999999999999645 ) ) ;
#862 = CARTESIAN_POINT ( 'NONE',  ( -13.35548101595313497, -12.22373518329580833, 13.60000000000000320 ) ) ;
#863 = ORIENTED_EDGE ( 'NONE', *, *, #2183, .T. ) ;
#864 = CIRCLE ( 'NONE', #3683, 0.5000000000000004441 ) ;
#865 = CARTESIAN_POINT ( 'NONE',  ( -11.67636020423351084, 21.09999999999996234, 16.01945880231623676 ) ) ;
#866 = FACE_OUTER_BOUND ( 'NONE', #3607, .T. ) ;
#867 = AXIS2_PLACEMENT_3D ( 'NONE', #1445, #1976, #2322 ) ;
#868 = CARTESIAN_POINT ( 'NONE',  ( -13.87811096940445665, -6.396644123913402424, 28.60000000000000853 ) ) ;
#869 = CARTESIAN_POINT ( 'NONE',  ( -43.94883644205956585, -19.81049812226376616, 13.60000000000000497 ) ) ;
#870 = ORIENTED_EDGE ( 'NONE', *, *, #1729, .T. ) ;
#871 = DIRECTION ( 'NONE',  ( -0.000000000000000000, 0.000000000000000000, 1.000000000000000000 ) ) ;
#872 = CARTESIAN_POINT ( 'NONE',  ( 43.07444201803195227, 18.27566523583007552, 28.59999999999999432 ) ) ;
#873 = CARTESIAN_POINT ( 'NONE',  ( 41.81049812224701157, -20.94883644206499795, 13.60000000000000142 ) ) ;
#874 = ORIENTED_EDGE ( 'NONE', *, *, #1214, .T. ) ;
#875 = CARTESIAN_POINT ( 'NONE',  ( -40.59999999999996589, -11.69689577749904430, 7.600000000000000533 ) ) ;
#876 = CARTESIAN_POINT ( 'NONE',  ( -42.99383965099149663, -19.43765737097475821, 7.600000000000001421 ) ) ;
#877 = CARTESIAN_POINT ( 'NONE',  ( 39.60000000000006537, -7.395043836444306073, 20.89999999999999858 ) ) ;
#878 = CARTESIAN_POINT ( 'NONE',  ( 40.60000000000006537, -3.840983005624974300, 27.40901699437492667 ) ) ;
#879 = CARTESIAN_POINT ( 'NONE',  ( 38.10000000000007248, -7.399999999999871569, 20.90000000000000213 ) ) ;
#880 = VERTEX_POINT ( 'NONE', #2756 ) ;
#881 = CARTESIAN_POINT ( 'NONE',  ( -9.100000021260813199, 21.10003571004895306, 18.60000000000119869 ) ) ;
#882 = CARTESIAN_POINT ( 'NONE',  ( 41.56998191267447140, -7.288188127907812230, 13.60000000000065690 ) ) ;
#883 = EDGE_CURVE ( 'NONE', #2333, #1461, #2709, .T. ) ;
#884 = CARTESIAN_POINT ( 'NONE',  ( -11.39770951319319181, -7.370258602864643294, 28.59999999999999787 ) ) ;
#885 = CARTESIAN_POINT ( 'NONE',  ( -42.54258782409760187, -20.98866520347226938, 13.60000000000000142 ) ) ;
#886 = ORIENTED_EDGE ( 'NONE', *, *, #1300, .F. ) ;
#887 = CARTESIAN_POINT ( 'NONE',  ( 41.86608078789134879, 19.93521075431608836, 7.569999999999863505 ) ) ;
#888 = CARTESIAN_POINT ( 'NONE',  ( -39.10000000000007248, 20.20481555856279954, 9.600000000000001421 ) ) ;
#889 = CARTESIAN_POINT ( 'NONE',  ( 22.36666666666673109, -7.399999999917997506, 13.59999999994541398 ) ) ;
#890 = ORIENTED_EDGE ( 'NONE', *, *, #1764, .F. ) ;
#891 = CARTESIAN_POINT ( 'NONE',  ( -43.01986127612274657, 19.84437849794233344, 9.600000000000102673 ) ) ;
#892 = EDGE_CURVE ( 'NONE', #25, #3538, #2668, .T. ) ;
#893 = CARTESIAN_POINT ( 'NONE',  ( -43.04972587931727190, -18.82309165053189659, 7.600000000000000533 ) ) ;
#894 = CARTESIAN_POINT ( 'NONE',  ( -13.73941876031636511, 20.43244147772579566, 28.59999999999999787 ) ) ;
#895 = CARTESIAN_POINT ( 'NONE',  ( -42.12183440812586355, 20.15653691405336190, 10.03000000000000469 ) ) ;
#896 = AXIS2_PLACEMENT_3D ( 'NONE', #2223, #728, #452 ) ;
#897 = CARTESIAN_POINT ( 'NONE',  ( -18.27520024098700802, -8.837253498123825324, 13.60000000000000497 ) ) ;
#898 = VERTEX_POINT ( 'NONE', #2297 ) ;
#899 = LINE ( 'NONE', #2096, #2242 ) ;
#900 = CARTESIAN_POINT ( 'NONE',  ( 43.10040903764053155, -2.297687380367135823, 13.60000000000000142 ) ) ;
#901 = ADVANCED_FACE ( 'NONE', ( #3488 ), #122, .F. ) ;
#902 = CARTESIAN_POINT ( 'NONE',  ( -15.21695088847228128, 21.09999999999995168, 13.70269441629642060 ) ) ;
#903 = CARTESIAN_POINT ( 'NONE',  ( -14.06728830579194955, 18.52030516778805591, 13.60000000000129816 ) ) ;
#904 = CARTESIAN_POINT ( 'NONE',  ( -39.10000000000007248, -21.10000000000013642, 13.60000000000000142 ) ) ;
#905 = VERTEX_POINT ( 'NONE', #1533 ) ;
#906 = CARTESIAN_POINT ( 'NONE',  ( 42.11085662664176255, 19.52407600697309675, 10.03000000000000647 ) ) ;
#907 = CARTESIAN_POINT ( 'NONE',  ( 43.04485155125967566, 18.95942014065350278, 28.59999999999999432 ) ) ;
#908 = FACE_OUTER_BOUND ( 'NONE', #2388, .T. ) ;
#909 = CARTESIAN_POINT ( 'NONE',  ( 41.41380356354439840, -21.00416956306462524, 13.60000000000000142 ) ) ;
#910 = B_SPLINE_CURVE_WITH_KNOTS ( 'NONE', 3,
 ( #1704, #3760, #1370, #3500 ),
 .UNSPECIFIED., .F., .F.,
 ( 4, 4 ),
 ( 0.000000000000000000, 0.6666666666666840602 ),
 .UNSPECIFIED. ) ;
#911 =( BOUNDED_SURFACE ( )  B_SPLINE_SURFACE ( 2, 3, ( 
 ( #2261, #140, #3775, #1904 ),
 ( #2866, #3438, #175, #3456 ),
 ( #117, #785, #2830, #3102 ) ),
 .UNSPECIFIED., .F., .F., .T. ) 
 B_SPLINE_SURFACE_WITH_KNOTS ( ( 3, 3 ),
 ( 4, 4 ),
 ( 0.000000000000000000, 1.000000000000000000 ),
 ( -0.01274999999999999745, 0.003749999999999998994 ),
 .UNSPECIFIED. ) 
 GEOMETRIC_REPRESENTATION_ITEM ( )  RATIONAL_B_SPLINE_SURFACE ( (
 ( 1.000000000000000000, 1.000000000000000000, 1.000000000000000000, 1.000000000000000000),
 ( 4.000000000000000888, 4.000000000000000888, 4.000000000000000888, 4.000000000000000888),
 ( 1.000000000000000000, 1.000000000000000000, 1.000000000000000000, 1.000000000000000000) ) ) 
 REPRESENTATION_ITEM ( '' )  SURFACE ( )  );
#912 = ORIENTED_EDGE ( 'NONE', *, *, #2636, .F. ) ;
#913 = CARTESIAN_POINT ( 'NONE',  ( 41.96816119399191791, -19.96834341766045640, 9.600000000000001421 ) ) ;
#914 = CARTESIAN_POINT ( 'NONE',  ( -43.03487874806977942, -19.03267561654767803, 7.599999999999996980 ) ) ;
#915 = CARTESIAN_POINT ( 'NONE',  ( -14.09999999999993570, -3.087639341476259069, 18.59999999999876863 ) ) ;
#916 = CARTESIAN_POINT ( 'NONE',  ( -42.96608599111473126, 19.99439879138315490, 10.03000000000000469 ) ) ;
#917 = CARTESIAN_POINT ( 'NONE',  ( -11.20404407029325000, -12.37858834684727682, 13.59999999999999964 ) ) ;
#918 = ORIENTED_EDGE ( 'NONE', *, *, #3846, .F. ) ;
#919 = CARTESIAN_POINT ( 'NONE',  ( 41.96816119399191791, -19.96834341766045640, 9.600000000000001421 ) ) ;
#920 = CARTESIAN_POINT ( 'NONE',  ( 39.59548118336071099, -12.39683023553765118, 13.59999999999999076 ) ) ;
#921 = EDGE_CURVE ( 'NONE', #211, #376, #3220, .T. ) ;
#922 = VECTOR ( 'NONE', #2812, 1000.000000000000000 ) ;
#923 = CARTESIAN_POINT ( 'NONE',  ( -8.619688137791699845, 26.10000000000256648, 13.59999999999999787 ) ) ;
#924 = AXIS2_PLACEMENT_3D ( 'NONE', #1590, #2542, #3367 ) ;
#925 = CARTESIAN_POINT ( 'NONE',  ( -43.19274964925210725, -20.84640685949507244, 13.60000000000000320 ) ) ;
#926 = CARTESIAN_POINT ( 'NONE',  ( 42.09532558559142501, 17.20009818784282274, 7.599999999999998757 ) ) ;
#927 = VERTEX_POINT ( 'NONE', #323 ) ;
#928 = CARTESIAN_POINT ( 'NONE',  ( 43.07237354602658996, 18.33773021340035569, 28.59999999999999432 ) ) ;
#929 = CARTESIAN_POINT ( 'NONE',  ( -9.099999999999951683, 21.09999999999996945, 28.59999999999999432 ) ) ;
#930 = CARTESIAN_POINT ( 'NONE',  ( 40.38973471204244703, -21.07054652695223851, 13.60000000000000497 ) ) ;
#931 = ORIENTED_EDGE ( 'NONE', *, *, #482, .T. ) ;
#932 = FACE_OUTER_BOUND ( 'NONE', #1063, .T. ) ;
#933 = EDGE_CURVE ( 'NONE', #2068, #2123, #3331, .T. ) ;
#934 = CARTESIAN_POINT ( 'NONE',  ( -43.08138178950360242, -18.01456311779994834, 7.599999999999999645 ) ) ;
#935 = CARTESIAN_POINT ( 'NONE',  ( -13.67206547453063514, -6.821352548861315590, 13.59999999999938680 ) ) ;
#936 = CARTESIAN_POINT ( 'NONE',  ( -42.85251873002629708, 20.04096527429134156, 10.03000000000000469 ) ) ;
#937 = CARTESIAN_POINT ( 'NONE',  ( 39.85000000000006537, -2.649999999999873790, 28.59999999999999787 ) ) ;
#938 = VERTEX_POINT ( 'NONE', #600 ) ;
#939 = CARTESIAN_POINT ( 'NONE',  ( 42.87483915154484748, -6.407338790212254942, 28.59999999999999432 ) ) ;
#940 = CARTESIAN_POINT ( 'NONE',  ( 40.10000000000006537, -5.149999999999875122, 10.59999999999999787 ) ) ;
#941 = CARTESIAN_POINT ( 'NONE',  ( -14.01389994814488027, 19.35206067631322568, 18.60000000000000853 ) ) ;
#942 = CARTESIAN_POINT ( 'NONE',  ( -11.09999999999993570, -4.399999999999876010, 27.72132034355963981 ) ) ;
#943 = CARTESIAN_POINT ( 'NONE',  ( 42.10000000000006537, 16.10000000000013287, 7.599999999999999645 ) ) ;
#944 = EDGE_LOOP ( 'NONE', ( #2379, #1863, #1710, #3600 ) ) ;
#945 = CARTESIAN_POINT ( 'NONE',  ( -9.099999999999933920, -7.399999999999875122, 18.60000000000000497 ) ) ;
#946 = CARTESIAN_POINT ( 'NONE',  ( -9.099999999999951683, 21.09999999999996945, 25.26666666666706718 ) ) ;
#947 = CARTESIAN_POINT ( 'NONE',  ( -19.09999999999993747, 3.766666666666737662, 13.60000000000000142 ) ) ;
#948 = EDGE_CURVE ( 'NONE', #2758, #2031, #3000, .T. ) ;
#949 = CARTESIAN_POINT ( 'NONE',  ( 40.14704002017098361, -21.07837550577997732, 13.60000000000000320 ) ) ;
#950 = ORIENTED_EDGE ( 'NONE', *, *, #1048, .F. ) ;
#951 = CARTESIAN_POINT ( 'NONE',  ( -39.10000000000009379, 21.09999999999986642, 12.26666666666666750 ) ) ;
#952 = ADVANCED_FACE ( 'NONE', ( #619 ), #1815, .T. ) ;
#953 = CARTESIAN_POINT ( 'NONE',  ( -43.07740851021263495, -18.16306628579244986, 7.599999999999996980 ) ) ;
#954 = CARTESIAN_POINT ( 'NONE',  ( -14.00178186373608646, -5.759275341313058405, 18.59999999999876508 ) ) ;
#955 = CARTESIAN_POINT ( 'NONE',  ( -41.63684803177324767, 20.06115651372293840, 7.569999999999995843 ) ) ;
#956 = CARTESIAN_POINT ( 'NONE',  ( 41.43765737097155721, -19.99383965099177018, 7.600000000000002309 ) ) ;
#957 = ORIENTED_EDGE ( 'NONE', *, *, #234, .T. ) ;
#958 = VECTOR ( 'NONE', #2188, 1000.000000000000000 ) ;
#959 = DIRECTION ( 'NONE',  ( 0.000000000000000000, -1.000000000000000000, 0.000000000000000000 ) ) ;
#960 = CARTESIAN_POINT ( 'NONE',  ( 39.54454783080603164, -7.396150000562228044, 13.59999999999999076 ) ) ;
#961 = CARTESIAN_POINT ( 'NONE',  ( -17.36559840588452275, 23.90941576793213486, 13.59999999999999787 ) ) ;
#962 = CARTESIAN_POINT ( 'NONE',  ( -42.88984571103569010, 19.88984178720644991, 7.599999999999999645 ) ) ;
#963 = FACE_OUTER_BOUND ( 'NONE', #2221, .T. ) ;
#964 = VERTEX_POINT ( 'NONE', #1514 ) ;
#965 = CARTESIAN_POINT ( 'NONE',  ( -11.84999999999993747, 18.09999999999995879, 10.59999999999999787 ) ) ;
#966 = CARTESIAN_POINT ( 'NONE',  ( 38.99274735639056644, 20.09714857554435596, 7.599999999999997868 ) ) ;
#967 = CARTESIAN_POINT ( 'NONE',  ( -17.61447628862401871, -9.910842435140837736, 13.59999999999999964 ) ) ;
#968 = CARTESIAN_POINT ( 'NONE',  ( -42.87352962426866299, -19.91986027556664496, 7.569999999999997620 ) ) ;
#969 = ORIENTED_EDGE ( 'NONE', *, *, #1234, .T. ) ;
#970 = EDGE_CURVE ( 'NONE', #37, #3648, #3209, .T. ) ;
#971 = DIRECTION ( 'NONE',  ( -1.000000000000000000, 0.000000000000000000, -1.826024711554534160E-16 ) ) ;
#972 = CARTESIAN_POINT ( 'NONE',  ( 38.10000000000007958, -7.399999999999875122, 18.60000000000000497 ) ) ;
#973 = CARTESIAN_POINT ( 'NONE',  ( -13.17033993010776172, -7.162249809500141673, 18.60000000000123066 ) ) ;
#974 = CARTESIAN_POINT ( 'NONE',  ( 43.10000000000006537, -9.187275961667387136, 13.65155982369174481 ) ) ;
#975 = B_SPLINE_CURVE_WITH_KNOTS ( 'NONE', 3,
 ( #2356, #860, #3257, #1163 ),
 .UNSPECIFIED., .F., .F.,
 ( 4, 4 ),
 ( -0.002002744692617852706, -2.273736754432320595E-13 ),
 .UNSPECIFIED. ) ;
#976 = ORIENTED_EDGE ( 'NONE', *, *, #1399, .F. ) ;
#977 = CARTESIAN_POINT ( 'NONE',  ( 40.63707660277614764, -7.361574216082315658, 28.60000000000000142 ) ) ;
#978 = DIRECTION ( 'NONE',  ( 1.000000000000000000, 0.000000000000000000, -0.000000000000000000 ) ) ;
#979 = CARTESIAN_POINT ( 'NONE',  ( -41.30000000000003979, 9.776895777498653572, -15.40511026734024824 ) ) ;
#980 = CARTESIAN_POINT ( 'NONE',  ( 39.85000000000006537, 1.850000000000133760, 28.59999999999999787 ) ) ;
#981 = AXIS2_PLACEMENT_3D ( 'NONE', #650, #1842, #1544 ) ;
#982 = VERTEX_POINT ( 'NONE', #695 ) ;
#983 = CARTESIAN_POINT ( 'NONE',  ( 42.88097685546588167, 20.08708972991339081, 28.59999999999999787 ) ) ;
#984 = CARTESIAN_POINT ( 'NONE',  ( 38.28412845329631153, 20.10000000054218461, 7.600000000000001421 ) ) ;
#985 = CARTESIAN_POINT ( 'NONE',  ( 40.60000000000006537, 3.004898722861077065, 27.44510127713908787 ) ) ;
#986 = CARTESIAN_POINT ( 'NONE',  ( -43.87219128650691857, 20.11584027700516941, 13.60000000000000320 ) ) ;
#987 = CARTESIAN_POINT ( 'NONE',  ( -42.98438209060723381, -19.98672844033767504, 10.03000000000000469 ) ) ;
#988 = EDGE_LOOP ( 'NONE', ( #1772, #788, #3577, #3718, #532, #3519, #115, #3878, #1383, #1446, #2926, #2631 ) ) ;
#989 = CARTESIAN_POINT ( 'NONE',  ( 41.79822277959263488, 0.000000000000000000, 25.59999999999999787 ) ) ;
#990 = VECTOR ( 'NONE', #3198, 1000.000000000000000 ) ;
#991 = CARTESIAN_POINT ( 'NONE',  ( -44.10000000000007248, 21.09999999999984510, 7.299999999999999822 ) ) ;
#992 = CARTESIAN_POINT ( 'NONE',  ( -9.099999999999933920, -7.399999999999876010, 18.60000000000000142 ) ) ;
#993 = CARTESIAN_POINT ( 'NONE',  ( 43.10000000000007248, -8.462207306508741311, 13.70858324496227354 ) ) ;
#994 = B_SPLINE_CURVE_WITH_KNOTS ( 'NONE', 3,
 ( #3118, #171, #1920, #2567 ),
 .UNSPECIFIED., .F., .F.,
 ( 4, 4 ),
 ( 0.000000000000000000, 0.6666666666666669627 ),
 .UNSPECIFIED. ) ;
#995 = CARTESIAN_POINT ( 'NONE',  ( 41.67437739002705399, -19.95410382469336952, 7.600000000000000533 ) ) ;
#996 = LINE ( 'NONE', #108, #1923 ) ;
#997 = CARTESIAN_POINT ( 'NONE',  ( 42.09948029764406385, -7.177256594334902928, 28.59999999999999787 ) ) ;
#998 = EDGE_CURVE ( 'NONE', #66, #2952, #1417, .T. ) ;
#999 = LINE ( 'NONE', #386, #3090 ) ;
#1000 = CARTESIAN_POINT ( 'NONE',  ( -11.09999999999993570, 17.34999999999996234, 10.60000000000000142 ) ) ;
#1001 = CARTESIAN_POINT ( 'NONE',  ( 41.88915203886691074, 19.88843285399503813, 7.569999999999995843 ) ) ;
#1002 = ORIENTED_EDGE ( 'NONE', *, *, #1117, .F. ) ;
#1003 = CARTESIAN_POINT ( 'NONE',  ( 38.10000000000008669, -7.399999999999876010, 27.03333333333333499 ) ) ;
#1004 = CARTESIAN_POINT ( 'NONE',  ( 41.36814086329712126, 20.00274248370658015, 7.600000000000002309 ) ) ;
#1005 = PLANE ( 'NONE',  #1415 ) ;
#1006 = CARTESIAN_POINT ( 'NONE',  ( -19.06614171255113632, 18.60269058816227528, 13.60000000000000142 ) ) ;
#1007 = CARTESIAN_POINT ( 'NONE',  ( 43.09011195108236336, -17.84967719374104433, 13.60000000000000320 ) ) ;
#1008 = DIRECTION ( 'NONE',  ( 0.000000000000000000, -1.000000000000000000, 0.000000000000000000 ) ) ;
#1009 = CARTESIAN_POINT ( 'NONE',  ( -10.47395986556968417, -7.396411984408977069, 13.59999999999568132 ) ) ;
#1010 = CARTESIAN_POINT ( 'NONE',  ( 43.10000000000007248, -9.071049695157633153, 13.65824539747472954 ) ) ;
#1011 = CARTESIAN_POINT ( 'NONE',  ( -42.97118357197407335, 19.58280725471230710, 7.570000000000132623 ) ) ;
#1012 = CARTESIAN_POINT ( 'NONE',  ( 41.57129478382172749, -19.97397648427638117, 7.599999999999998757 ) ) ;
#1013 = CARTESIAN_POINT ( 'NONE',  ( 38.10000000000005116, 21.10000000000013287, 21.95000000000000284 ) ) ;
#1014 = CARTESIAN_POINT ( 'NONE',  ( 38.10000000000007248, -21.10000000000013642, 9.600000000000001421 ) ) ;
#1015 = DIRECTION ( 'NONE',  ( -3.491481338843133750E-15, 1.000000000000000000, 0.000000000000000000 ) ) ;
#1016 = DIRECTION ( 'NONE',  ( -1.000000000000000000, -3.491481338843133750E-15, 0.000000000000000000 ) ) ;
#1017 = APPLICATION_CONTEXT ( 'automotive_design' ) ;
#1018 = CARTESIAN_POINT ( 'NONE',  ( 38.10000000000005116, 20.09842776662163999, 7.569999999999995843 ) ) ;
#1019 = EDGE_LOOP ( 'NONE', ( #1888, #1817, #870, #602 ) ) ;
#1020 = CARTESIAN_POINT ( 'NONE',  ( 42.53880138776027309, 20.66090659504416038, 28.60000000000000497 ) ) ;
#1021 = PLANE ( 'NONE',  #896 ) ;
#1022 = CARTESIAN_POINT ( 'NONE',  ( -3.816391647148974819E-15, 14.83538406167147095, 20.89999999999999147 ) ) ;
#1023 = CARTESIAN_POINT ( 'NONE',  ( -19.04009515086867665, 19.18634223361931745, 13.59999999999999787 ) ) ;
#1024 = CARTESIAN_POINT ( 'NONE',  ( -42.94728329632139463, -19.70005921271568994, 7.569999999999929230 ) ) ;
#1025 = CARTESIAN_POINT ( 'NONE',  ( -44.10000000000007248, -16.10000000000013642, 9.500000000000017764 ) ) ;
#1026 = DIRECTION ( 'NONE',  ( 1.000000000000000000, 0.000000000000000000, -1.112002228190249119E-16 ) ) ;
#1027 = CARTESIAN_POINT ( 'NONE',  ( 43.10000000000006537, -7.702456480972650787, 13.84446367729711369 ) ) ;
#1028 = CARTESIAN_POINT ( 'NONE',  ( -43.06385905547086423, 19.76867549032360927, 10.03000000000000824 ) ) ;
#1029 = ORIENTED_EDGE ( 'NONE', *, *, #2852, .F. ) ;
#1030 = CARTESIAN_POINT ( 'NONE',  ( 39.34585462766046504, -20.09372723667694771, 7.599999999999997868 ) ) ;
#1031 = CARTESIAN_POINT ( 'NONE',  ( 43.10000000000006537, -16.10000000000013642, 9.600000000000001421 ) ) ;
#1032 = CARTESIAN_POINT ( 'NONE',  ( -13.25947744200235512, 21.09999999999994813, 14.48667446748187793 ) ) ;
#1033 = CARTESIAN_POINT ( 'NONE',  ( -8.246112270910515463, 21.09999999999997300, 18.59999999999999787 ) ) ;
#1034 = EDGE_CURVE ( 'NONE', #2978, #423, #1933, .T. ) ;
#1035 = PLANE ( 'NONE',  #1990 ) ;
#1036 = DIRECTION ( 'NONE',  ( -0.000000000000000000, -0.000000000000000000, -1.000000000000000000 ) ) ;
#1037 = ORIENTED_EDGE ( 'NONE', *, *, #1917, .F. ) ;
#1038 = CARTESIAN_POINT ( 'NONE',  ( -40.22341368414549123, -20.09525126151918784, 7.599999999999999645 ) ) ;
#1039 = CARTESIAN_POINT ( 'NONE',  ( -41.29999999999996163, -11.19689577749904430, 10.59999999999999964 ) ) ;
#1040 = CARTESIAN_POINT ( 'NONE',  ( -44.10000000000007248, 16.09999999999986287, 13.60000000000000142 ) ) ;
#1041 = CARTESIAN_POINT ( 'NONE',  ( -42.86608078789284804, -19.93521075431767997, 7.569999999999997620 ) ) ;
#1042 = ORIENTED_EDGE ( 'NONE', *, *, #368, .T. ) ;
#1043 = CARTESIAN_POINT ( 'NONE',  ( -44.10000000000007248, -16.10000000000013642, 13.90000000000000036 ) ) ;
#1044 = AXIS2_PLACEMENT_3D ( 'NONE', #2982, #3018, #3586 ) ;
#1045 = DIRECTION ( 'NONE',  ( 1.000000000000000000, -0.000000000000000000, 0.000000000000000000 ) ) ;
#1046 = CARTESIAN_POINT ( 'NONE',  ( -42.70545446987776472, 19.94742540629392025, 7.600000000000000533 ) ) ;
#1047 = AXIS2_PLACEMENT_3D ( 'NONE', #2740, #735, #2507 ) ;
#1048 = EDGE_CURVE ( 'NONE', #905, #2778, #3109, .T. ) ;
#1049 = CARTESIAN_POINT ( 'NONE',  ( -43.09568880630495613, 17.36892443157525179, 7.569999999999995843 ) ) ;
#1050 = VERTEX_POINT ( 'NONE', #459 ) ;
#1051 = CARTESIAN_POINT ( 'NONE',  ( -42.28047690215983323, -20.12037981425791244, 9.599999999999962341 ) ) ;
#1052 = EDGE_CURVE ( 'NONE', #1461, #3795, #3156, .T. ) ;
#1053 = ADVANCED_FACE ( 'NONE', ( #2958 ), #1103, .T. ) ;
#1054 = CARTESIAN_POINT ( 'NONE',  ( 43.09011195108238468, -4.149677193739901071, 28.59999999999999787 ) ) ;
#1055 = CARTESIAN_POINT ( 'NONE',  ( 42.00428713161100092, -19.94571140254992159, 10.03000000000000647 ) ) ;
#1056 = CARTESIAN_POINT ( 'NONE',  ( -13.10496298956368655, 20.87812371426894131, 18.60000000000129106 ) ) ;
#1057 = DIRECTION ( 'NONE',  ( -0.000000000000000000, 0.000000000000000000, -1.000000000000000000 ) ) ;
#1058 = ORIENTED_EDGE ( 'NONE', *, *, #3788, .F. ) ;
#1059 = CARTESIAN_POINT ( 'NONE',  ( -16.18408920510546878, 21.09999999999994813, 13.63727440998929374 ) ) ;
#1060 = CARTESIAN_POINT ( 'NONE',  ( 41.65624352877689063, 19.95781337680863032, 7.600000000000001421 ) ) ;
#1061 = CARTESIAN_POINT ( 'NONE',  ( -42.94217619073199188, -19.94205602712013103, 8.933333334222432143 ) ) ;
#1062 = CARTESIAN_POINT ( 'NONE',  ( -14.09999999999993570, 16.09999999999996945, 13.60000000000000497 ) ) ;
#1063 = EDGE_LOOP ( 'NONE', ( #666, #3761, #3020, #3387 ) ) ;
#1064 = FACE_OUTER_BOUND ( 'NONE', #1266, .T. ) ;
#1065 = CARTESIAN_POINT ( 'NONE',  ( -40.24942143392240723, 21.09627965690822293, 13.60000000000000142 ) ) ;
#1066 = CARTESIAN_POINT ( 'NONE',  ( -42.50095778074619801, 19.98492167713310508, 7.599999999999999645 ) ) ;
#1067 = CARTESIAN_POINT ( 'NONE',  ( -42.97887522778146518, -19.94645722640592922, 9.600000000000111555 ) ) ;
#1068 = ORIENTED_EDGE ( 'NONE', *, *, #3447, .F. ) ;
#1069 = EDGE_CURVE ( 'NONE', #423, #1279, #864, .T. ) ;
#1070 = LINE ( 'NONE', #3749, #237 ) ;
#1071 = DIRECTION ( 'NONE',  ( 1.000000000000000000, 0.000000000000000000, 0.000000000000000000 ) ) ;
#1072 = CARTESIAN_POINT ( 'NONE',  ( 43.05304772075140818, -5.092467573329484409, 28.59999999999999432 ) ) ;
#1073 = CARTESIAN_POINT ( 'NONE',  ( 43.08360980613775837, -4.416600723528444128, 18.60000000000388809 ) ) ;
#1074 = CARTESIAN_POINT ( 'NONE',  ( 42.08318958766309947, -17.93922334540627617, 7.599999999999999645 ) ) ;
#1075 = EDGE_CURVE ( 'NONE', #3359, #1827, #3728, .T. ) ;
#1076 = CARTESIAN_POINT ( 'NONE',  ( -4.364199060615334746E-15, 14.83538406167147095, 23.89999999999999147 ) ) ;
#1077 = CARTESIAN_POINT ( 'NONE',  ( 41.30663401241517363, 20.00993986118705337, 7.599999999999997868 ) ) ;
#1078 = VECTOR ( 'NONE', #752, 1000.000000000000000 ) ;
#1079 = CARTESIAN_POINT ( 'NONE',  ( -18.99201367540691976, 19.78663668145261312, 13.60000000000000142 ) ) ;
#1080 = ORIENTED_EDGE ( 'NONE', *, *, #13, .F. ) ;
#1081 = DIRECTION ( 'NONE',  ( 0.000000000000000000, 0.000000000000000000, 1.000000000000000000 ) ) ;
#1082 = DIRECTION ( 'NONE',  ( 0.9986295347545739443, 1.914194583140931995E-16, 0.05233595624294377913 ) ) ;
#1083 = CARTESIAN_POINT ( 'NONE',  ( -39.59264819289721515, 21.09999999999986997, 13.60000000000000853 ) ) ;
#1084 = CARTESIAN_POINT ( 'NONE',  ( -40.08893986351341709, 20.09636902247494206, 7.599999999999998757 ) ) ;
#1085 = ADVANCED_FACE ( 'NONE', ( #3251, #1411 ), #3521, .T. ) ;
#1086 = CARTESIAN_POINT ( 'NONE',  ( -43.17863251328986252, -18.32329648377635323, 9.600000000000386891 ) ) ;
#1087 = ORIENTED_EDGE ( 'NONE', *, *, #3741, .F. ) ;
#1088 = CARTESIAN_POINT ( 'NONE',  ( -40.37007898487622981, -20.20208039537088496, 9.600000000000513012 ) ) ;
#1089 = CARTESIAN_POINT ( 'NONE',  ( 41.93582500970655502, 19.98403618065182030, 9.600000000000001421 ) ) ;
#1090 = DIRECTION ( 'NONE',  ( 0.000000000000000000, -1.000000000000000000, 0.000000000000000000 ) ) ;
#1091 = DIRECTION ( 'NONE',  ( 1.916821520416347599E-16, -1.000000000000000000, 0.000000000000000000 ) ) ;
#1092 = CARTESIAN_POINT ( 'NONE',  ( -14.15779236700128685, 21.09999999999995168, 13.91774074830481922 ) ) ;
#1093 = CARTESIAN_POINT ( 'NONE',  ( 42.05142201890303966, -19.72179701815525377, 9.600000000000044054 ) ) ;
#1094 = CARTESIAN_POINT ( 'NONE',  ( -40.37032354542803603, -20.22461654477982762, 10.03000000000055358 ) ) ;
#1095 = B_SPLINE_CURVE_WITH_KNOTS ( 'NONE', 3,
 ( #159, #394, #3126, #1298, #730, #3740, #3439, #749, #119, #1006, #1906, #3104, #1317, #1023, #1948, #3144, #1079, #2594, #2281, #3776, #3498, #808, #1369, #786 ),
 .UNSPECIFIED., .F., .F.,
 ( 4, 1, 1, 1, 1, 1, 1, 1, 2, 2, 1, 1, 1, 1, 1, 2, 2, 4 ),
 ( 0.000000000000000000, 0.2499999999998665512, 0.3749999999997998268, 0.4374999999997664646, 0.4687499999997485345, 0.4843749999997382094, 0.4921874999997330469, 0.4960937499997304934, 0.4980468749997306599, 0.4999999999997308264, 0.6249999999998332445, 0.6874999999998834266, 0.7187499999999097389, 0.7343749999999228395, 0.7421874999999295008, 0.7460937499999316103, 0.7499999999999337197, 1.000000000000000000 ),
 .UNSPECIFIED. ) ;
#1096 = ORIENTED_EDGE ( 'NONE', *, *, #1684, .F. ) ;
#1097 = ADVANCED_FACE ( 'NONE', ( #3845 ), #153, .T. ) ;
#1098 = CARTESIAN_POINT ( 'NONE',  ( -41.94809031714265757, -20.04099958132221460, 7.600000000000001421 ) ) ;
#1099 = CARTESIAN_POINT ( 'NONE',  ( -10.84967719375136674, -7.390111951082188213, 28.60000000000000142 ) ) ;
#1100 = CARTESIAN_POINT ( 'NONE',  ( -44.06157421608440927, -18.63707660277773570, 13.60000000000000320 ) ) ;
#1101 = EDGE_LOOP ( 'NONE', ( #857, #1213, #2432, #795 ) ) ;
#1102 = CARTESIAN_POINT ( 'NONE',  ( 41.60531471171642437, -20.09819200303508779, 10.02999999999986791 ) ) ;
#1103 =( BOUNDED_SURFACE ( )  B_SPLINE_SURFACE ( 2, 3, ( 
 ( #2330, #3463, #2290, #3805 ),
 ( #3541, #2645, #500, #3482 ),
 ( #1105, #2312, #2623, #3504 ) ),
 .UNSPECIFIED., .F., .F., .F. ) 
 B_SPLINE_SURFACE_WITH_KNOTS ( ( 3, 3 ),
 ( 4, 4 ),
 ( 0.000000000000000000, 1.000000000000000000 ),
 ( -0.003299999999999999982, 0.003300000000000000849 ),
 .UNSPECIFIED. ) 
 GEOMETRIC_REPRESENTATION_ITEM ( )  RATIONAL_B_SPLINE_SURFACE ( (
 ( 1.000000000000000000, 1.000000000000000000, 1.000000000000000000, 1.000000000000000000),
 ( 4.000000000000000888, 4.000000000000000888, 4.000000000000000888, 4.000000000000000888),
 ( 1.000000000000000000, 1.000000000000000000, 1.000000000000000000, 1.000000000000000000) ) ) 
 REPRESENTATION_ITEM ( '' )  SURFACE ( )  );
#1104 = CARTESIAN_POINT ( 'NONE',  ( -11.09999999999993570, -3.649999999999875566, 27.72132034355963981 ) ) ;
#1105 = CARTESIAN_POINT ( 'NONE',  ( 43.10000000000006537, -16.10000000000013642, 7.299999999999999822 ) ) ;
#1106 = CARTESIAN_POINT ( 'NONE',  ( 42.01613699022782811, 19.25301621602734770, 7.600000000000001421 ) ) ;
#1107 = ORIENTED_EDGE ( 'NONE', *, *, #2516, .T. ) ;
#1108 = CARTESIAN_POINT ( 'NONE',  ( 39.06224190603148116, -20.09659791214673774, 7.600000000000000533 ) ) ;
#1109 = AXIS2_PLACEMENT_3D ( 'NONE', #1594, #2215, #1308 ) ;
#1110 = AXIS2_PLACEMENT_3D ( 'NONE', #1998, #3470, #1463 ) ;
#1111 = CARTESIAN_POINT ( 'NONE',  ( 41.88824641057569664, 20.00726332102496130, 9.600000000000001421 ) ) ;
#1112 = CARTESIAN_POINT ( 'NONE',  ( -12.81049812225307249, 20.94883644206507611, 28.59999999999999787 ) ) ;
#1113 = AXIS2_PLACEMENT_3D ( 'NONE', #478, #2254, #2562 ) ;
#1114 = EDGE_CURVE ( 'NONE', #2966, #295, #3621, .T. ) ;
#1115 = CARTESIAN_POINT ( 'NONE',  ( 0.000000000000000000, 0.000000000000000000, 7.599999999999999645 ) ) ;
#1116 = CARTESIAN_POINT ( 'NONE',  ( 42.78162464687802213, -6.648109840596664100, 18.60000000000193410 ) ) ;
#1117 = EDGE_CURVE ( 'NONE', #2062, #3056, #1554, .T. ) ;
#1118 = CARTESIAN_POINT ( 'NONE',  ( -41.64347490967604415, -20.18995682188009155, 10.03000000000000291 ) ) ;
#1119 = EDGE_CURVE ( 'NONE', #3056, #1218, #337, .T. ) ;
#1120 = FACE_OUTER_BOUND ( 'NONE', #3523, .T. ) ;
#1121 = DIRECTION ( 'NONE',  ( 1.000000000000000000, 0.000000000000000000, 0.000000000000000000 ) ) ;
#1122 = VERTEX_POINT ( 'NONE', #2164 ) ;
#1123 = CARTESIAN_POINT ( 'NONE',  ( 39.37014037219079654, -20.22463167850217758, 10.03000000000000469 ) ) ;
#1124 = CARTESIAN_POINT ( 'NONE',  ( 43.10000000000006537, 16.10000000000013287, 14.24999999999999112 ) ) ;
#1125 = CARTESIAN_POINT ( 'NONE',  ( -41.02616715161188665, 20.08109060486867037, 7.599999999999999645 ) ) ;
#1126 = CARTESIAN_POINT ( 'NONE',  ( 42.09889575078384638, 16.78515570075146712, 7.600000000000003197 ) ) ;
#1127 = EDGE_LOOP ( 'NONE', ( #1950, #2084, #3841, #3891 ) ) ;
#1128 = DIRECTION ( 'NONE',  ( 0.000000000000000000, 1.000000000000000000, 0.000000000000000000 ) ) ;
#1129 = CARTESIAN_POINT ( 'NONE',  ( 40.71600470590634302, -12.36177567430898350, 13.59999999999999964 ) ) ;
#1130 = CARTESIAN_POINT ( 'NONE',  ( -12.41380356355983317, 21.00416956306183280, 28.59999999999999787 ) ) ;
#1131 = CARTESIAN_POINT ( 'NONE',  ( -18.48045904818180318, -8.395090375205873201, 13.60000000000000320 ) ) ;
#1132 = ORIENTED_EDGE ( 'NONE', *, *, #3464, .T. ) ;
#1133 = CARTESIAN_POINT ( 'NONE',  ( -12.53116775870146782, 21.09999999999995168, 15.17480045493907603 ) ) ;
#1134 = DIRECTION ( 'NONE',  ( 1.000000000000000000, 3.491481338843133750E-15, 0.000000000000000000 ) ) ;
#1135 = CARTESIAN_POINT ( 'NONE',  ( 41.93872658585974023, -19.73751285395954014, 7.569999999999997620 ) ) ;
#1136 = VERTEX_POINT ( 'NONE', #1908 ) ;
#1137 = CARTESIAN_POINT ( 'NONE',  ( -11.59927203774038773, -7.362229142858288000, 28.59999999999999787 ) ) ;
#1138 = CARTESIAN_POINT ( 'NONE',  ( -43.98901496049357718, -19.53988389866361430, 13.60000000000000675 ) ) ;
#1139 = ORIENTED_EDGE ( 'NONE', *, *, #3157, .F. ) ;
#1140 = CARTESIAN_POINT ( 'NONE',  ( 39.35000000000001563, -4.399999999999876010, 26.85000000000003340 ) ) ;
#1141 = AXIS2_PLACEMENT_3D ( 'NONE', #684, #2771, #3414 ) ;
#1142 = CARTESIAN_POINT ( 'NONE',  ( 38.10000000000007248, -7.399999999999876010, 29.34999999999999432 ) ) ;
#1143 = APPLICATION_PROTOCOL_DEFINITION ( 'draft international standard', 'automotive_design', 1998, #1017 ) ;
#1144 = FACE_OUTER_BOUND ( 'NONE', #2180, .T. ) ;
#1145 = ORIENTED_EDGE ( 'NONE', *, *, #629, .T. ) ;
#1146 = DIRECTION ( 'NONE',  ( -1.000000000000000000, 0.000000000000000000, 0.000000000000000000 ) ) ;
#1147 = CARTESIAN_POINT ( 'NONE',  ( -39.10000000000007248, -21.10000000000013642, 9.600000000000001421 ) ) ;
#1148 = CARTESIAN_POINT ( 'NONE',  ( -14.09999999999993570, 17.08448482981283334, 28.59999999999999787 ) ) ;
#1149 = CARTESIAN_POINT ( 'NONE',  ( -43.04172511988753058, 18.93756930551376527, 7.599999999999999645 ) ) ;
#1150 = CARTESIAN_POINT ( 'NONE',  ( -10.12932317770877333, -12.39722309373218678, 13.60000000000000497 ) ) ;
#1151 = EDGE_LOOP ( 'NONE', ( #1145, #3294, #1139, #2613 ) ) ;
#1152 = FACE_BOUND ( 'NONE', #1187, .T. ) ;
#1153 = CARTESIAN_POINT ( 'NONE',  ( 42.23563650672623027, -7.138462905632130706, 18.60000000000129816 ) ) ;
#1154 = CARTESIAN_POINT ( 'NONE',  ( -13.89504420574746391, -6.338207851037677365, 28.59999999999999787 ) ) ;
#1155 = CARTESIAN_POINT ( 'NONE',  ( -42.72889785856928313, -20.96164780065825184, 13.60000000000000142 ) ) ;
#1156 = ORIENTED_EDGE ( 'NONE', *, *, #512, .T. ) ;
#1157 = CARTESIAN_POINT ( 'NONE',  ( 41.28255110314957221, -20.14287602988623505, 10.02999999999986791 ) ) ;
#1158 = CARTESIAN_POINT ( 'NONE',  ( 43.10000000000007248, 16.59264819289656501, 28.60000000000000853 ) ) ;
#1159 = CARTESIAN_POINT ( 'NONE',  ( 42.48402385466784636, -20.71654195173071500, 13.59999999999999964 ) ) ;
#1160 = EDGE_LOOP ( 'NONE', ( #1348, #1307, #190, #2789 ) ) ;
#1161 = CARTESIAN_POINT ( 'NONE',  ( -43.20208039537414635, 17.37007898487633639, 9.600000000000099121 ) ) ;
#1162 = CARTESIAN_POINT ( 'NONE',  ( -42.99238023628617356, -19.44838226707674167, 7.600000000000001421 ) ) ;
#1163 = CARTESIAN_POINT ( 'NONE',  ( -39.10000000000005826, -20.10000000000013642, 7.599999999999999645 ) ) ;
#1164 = CARTESIAN_POINT ( 'NONE',  ( -43.08179634024776306, 17.99736721231112213, 7.600000000000000533 ) ) ;
#1165 = EDGE_CURVE ( 'NONE', #314, #2005, #3105, .T. ) ;
#1166 = CARTESIAN_POINT ( 'NONE',  ( -14.27741695525860166, -12.05314724918348013, 13.60000000000000142 ) ) ;
#1167 = EDGE_CURVE ( 'NONE', #2264, #1679, #3401, .T. ) ;
#1168 = EDGE_LOOP ( 'NONE', ( #2343, #2302, #2043, #1029 ) ) ;
#1169 = CARTESIAN_POINT ( 'NONE',  ( -13.21553891095776656, 21.09999999999995168, 14.52534402531074953 ) ) ;
#1170 = CARTESIAN_POINT ( 'NONE',  ( 43.09915260999633801, -3.018563275086141307, 13.60000000000000142 ) ) ;
#1171 =( GEOMETRIC_REPRESENTATION_CONTEXT ( 3 ) GLOBAL_UNCERTAINTY_ASSIGNED_CONTEXT ( ( #3858 ) ) GLOBAL_UNIT_ASSIGNED_CONTEXT ( ( #2008, #3844, #1727 ) ) REPRESENTATION_CONTEXT ( 'NONE', 'WORKASPACE' ) );
#1172 = VECTOR ( 'NONE', #3777, 1000.000000000000000 ) ;
#1173 = CARTESIAN_POINT ( 'NONE',  ( -13.97389364416979696, -5.956318317469394330, 28.60000000000001208 ) ) ;
#1174 = DIRECTION ( 'NONE',  ( -0.000000000000000000, 0.000000000000000000, 1.000000000000000000 ) ) ;
#1175 = EDGE_CURVE ( 'NONE', #880, #821, #437, .T. ) ;
#1176 = EDGE_LOOP ( 'NONE', ( #2455, #1788, #2903, #2557 ) ) ;
#1177 = CARTESIAN_POINT ( 'NONE',  ( 41.98331538500357141, 19.50514369042862484, 7.569999999999997620 ) ) ;
#1178 = CARTESIAN_POINT ( 'NONE',  ( -42.12002029711269557, 20.13407336582522689, 9.599999999999994316 ) ) ;
#1179 = CARTESIAN_POINT ( 'NONE',  ( 42.93063647161808660, -19.90107979775831026, 13.60000000000000320 ) ) ;
#1180 = EDGE_LOOP ( 'NONE', ( #1652, #3848, #2366, #3266 ) ) ;
#1181 = DIRECTION ( 'NONE',  ( -1.000000000000000000, 0.000000000000000000, 0.000000000000000000 ) ) ;
#1182 = CARTESIAN_POINT ( 'NONE',  ( -42.94742540629392380, -19.70545446987808447, 7.599999999999998757 ) ) ;
#1183 = CARTESIAN_POINT ( 'NONE',  ( -11.95942014063484926, 21.04485155126015528, 28.59999999999999432 ) ) ;
#1184 = CARTESIAN_POINT ( 'NONE',  ( -42.98672844033460905, 19.98438209060880055, 10.03000000000000469 ) ) ;
#1185 = ADVANCED_FACE ( 'NONE', ( #59 ), #1345, .F. ) ;
#1186 = CARTESIAN_POINT ( 'NONE',  ( -16.05483673792571864, -11.33879599005283367, 13.60000000000000142 ) ) ;
#1187 = EDGE_LOOP ( 'NONE', ( #2653, #2727, #309, #2889, #2359, #3594, #3325, #2539, #592, #3111, #1107, #2026, #3365, #950, #844, #2480, #2637 ) ) ;
#1188 = DIRECTION ( 'NONE',  ( 1.000000000000000000, 0.000000000000000000, 0.000000000000000000 ) ) ;
#1189 = CARTESIAN_POINT ( 'NONE',  ( 42.56663694238437046, -6.934128053975984862, 13.59999999999935838 ) ) ;
#1190 = CARTESIAN_POINT ( 'NONE',  ( -15.56167973260449955, 21.09999999999994102, 13.67147618957026722 ) ) ;
#1191 = CARTESIAN_POINT ( 'NONE',  ( -13.09858851297823357, 25.96338984013010176, 13.60000000000000142 ) ) ;
#1192 = CARTESIAN_POINT ( 'NONE',  ( -43.91392182095739827, -19.96631460141224323, 13.59999999999999787 ) ) ;
#1193 = EDGE_CURVE ( 'NONE', #982, #2407, #1907, .T. ) ;
#1194 = ORIENTED_EDGE ( 'NONE', *, *, #948, .T. ) ;
#1195 = CARTESIAN_POINT ( 'NONE',  ( 42.15653691405339032, 19.12183440813083024, 10.03000000000000469 ) ) ;
#1196 = CARTESIAN_POINT ( 'NONE',  ( 43.10000000000006537, -2.399999999999876010, 29.34999999999999432 ) ) ;
#1197 = CARTESIAN_POINT ( 'NONE',  ( -42.92900344636556298, 19.92909258494802671, 8.600000000927101595 ) ) ;
#1198 = CARTESIAN_POINT ( 'NONE',  ( 41.52861721389862737, -20.99046056094424273, 13.59999999999999609 ) ) ;
#1199 = VERTEX_POINT ( 'NONE', #3518 ) ;
#1200 = CARTESIAN_POINT ( 'NONE',  ( -40.80000000000003979, 9.776895777498655349, 10.59999999999999964 ) ) ;
#1201 = PLANE ( 'NONE',  #2621 ) ;
#1202 = CARTESIAN_POINT ( 'NONE',  ( -14.09999999999993570, -2.399999999999876010, 18.60000000000000142 ) ) ;
#1203 = EDGE_CURVE ( 'NONE', #2264, #2795, #2851, .T. ) ;
#1204 = CARTESIAN_POINT ( 'NONE',  ( -42.88915931806212001, 19.88842729702187029, 7.569999999999995843 ) ) ;
#1205 = VECTOR ( 'NONE', #1036, 1000.000000000000000 ) ;
#1206 = CARTESIAN_POINT ( 'NONE',  ( -18.20482714873244134, -8.978172398477909155, 13.59999999999999964 ) ) ;
#1207 = ORIENTED_EDGE ( 'NONE', *, *, #1117, .T. ) ;
#1208 = CARTESIAN_POINT ( 'NONE',  ( 41.53538422206523251, -7.289593928819173563, 28.60000000000000142 ) ) ;
#1209 = CARTESIAN_POINT ( 'NONE',  ( 43.10000000000006537, -1.919032709453474483, 18.59999999999999787 ) ) ;
#1210 = CARTESIAN_POINT ( 'NONE',  ( -18.76433480622809924, 21.30968706781928645, 13.60000000000001208 ) ) ;
#1211 = CARTESIAN_POINT ( 'NONE',  ( -43.89504420574552057, -20.03820785104446500, 13.60000000000000320 ) ) ;
#1212 = CARTESIAN_POINT ( 'NONE',  ( 42.03982962038168125, 18.96487654686475111, 7.599999999999999645 ) ) ;
#1213 = ORIENTED_EDGE ( 'NONE', *, *, #2769, .F. ) ;
#1214 = EDGE_CURVE ( 'NONE', #1827, #3128, #1965, .T. ) ;
#1215 = CARTESIAN_POINT ( 'NONE',  ( 41.95730921019568882, -19.97360932272251333, 9.600000000000004974 ) ) ;
#1216 = CYLINDRICAL_SURFACE ( 'NONE', #1451, 0.5000000000000004441 ) ;
#1217 = CARTESIAN_POINT ( 'NONE',  ( -41.30000000000003979, 9.776895777498653572, 10.59999999999999964 ) ) ;
#1218 = VERTEX_POINT ( 'NONE', #1352 ) ;
#1219 = DIRECTION ( 'NONE',  ( 1.000000000000000000, 3.491481338843133750E-15, 0.000000000000000000 ) ) ;
#1220 = CARTESIAN_POINT ( 'NONE',  ( -43.04035290575664874, -18.95743381531599070, 7.600000000000002309 ) ) ;
#1221 = CARTESIAN_POINT ( 'NONE',  ( -14.07111531369516833, -4.714879101313679044, 18.60000000000000497 ) ) ;
#1222 = CARTESIAN_POINT ( 'NONE',  ( 43.10000000000006537, -3.752947460804248792, 17.24498878356100917 ) ) ;
#1223 = B_SPLINE_CURVE_WITH_KNOTS ( 'NONE', 3,
 ( #3276, #3548, #1150, #1460, #584, #1778, #2669, #917, #3313, #3872, #324, #601, #3568, #620, #2946, #3890, #1816, #2983, #1478, #308, #2078, #862, #3019, #1166, #3239, #548, #1516, #288, #2686, #1496, #1186, #2393, #2705, #843, #2378, #1206, #897, #3832, #2113, #2412, #1131, #3259, #3606, #2358, #1441, #2338, #12, #3529, #569, #1739, #1760, #2965, #2652, #2094, #272, #3293, #1247, #3112, #3629, #401, #1593, #1851, #362, #2726 ),
 .UNSPECIFIED., .F., .F.,
 ( 4, 1, 1, 1, 1, 1, 1, 1, 2, 2, 1, 1, 1, 1, 1, 1, 2, 2, 1, 1, 1, 1, 2, 2, 2, 1, 1, 1, 1, 2, 2, 1, 1, 1, 1, 1, 1, 2, 2, 1, 1, 1, 1, 1, 1, 1, 2, 2, 4 ),
 ( 0.000000000000000000, 0.06250000000003227973, 0.09375000000004858614, 0.1093750000000567463, 0.1171875000000608125, 0.1210937500000628525, 0.1230468750000636713, 0.1240234375000639072, 0.1245117187500640182, 0.1250000000000641154, 0.1875000000000734413, 0.2187500000000782152, 0.2343750000000804634, 0.2421875000000814071, 0.2460937500000820732, 0.2480468750000824063, 0.2490234375000823230, 0.2500000000000822120, 0.3125000000000754397, 0.3437500000000721090, 0.3593750000000704437, 0.3671875000000696110, 0.3710937500000693334, 0.3750000000000690004, 0.5000000000000592859, 0.5625000000000545120, 0.5937500000000522915, 0.6093750000000514033, 0.6171875000000510703, 0.6210937500000508482, 0.6250000000000506262, 0.6875000000000465183, 0.7187500000000445199, 0.7343750000000435207, 0.7421875000000430767, 0.7460937500000428546, 0.7480468750000427436, 0.7490234375000426326, 0.7500000000000426326, 0.8125000000000252021, 0.8437500000000163203, 0.8593750000000118794, 0.8671875000000096589, 0.8710937500000085487, 0.8730468750000078826, 0.8740234375000076605, 0.8745117187500074385, 0.8750000000000072164, 1.000000000000000000 ),
 .UNSPECIFIED. ) ;
#1224 = AXIS2_PLACEMENT_3D ( 'NONE', #654, #80, #3624 ) ;
#1225 = B_SPLINE_CURVE_WITH_KNOTS ( 'NONE', 3,
 ( #333, #2142, #946, #929 ),
 .UNSPECIFIED., .F., .F.,
 ( 4, 4 ),
 ( 0.3333333333334133619, 1.000000000000000000 ),
 .UNSPECIFIED. ) ;
#1226 = ORIENTED_EDGE ( 'NONE', *, *, #3680, .T. ) ;
#1227 = CARTESIAN_POINT ( 'NONE',  ( 42.86170419352094996, -6.448337512346605571, 28.60000000000000142 ) ) ;
#1228 = CARTESIAN_POINT ( 'NONE',  ( 42.42549664848475288, -7.039032164171037387, 13.59999999999868336 ) ) ;
#1229 = EDGE_CURVE ( 'NONE', #2795, #2243, #1683, .T. ) ;
#1230 = VECTOR ( 'NONE', #1877, 1000.000000000000000 ) ;
#1231 = CARTESIAN_POINT ( 'NONE',  ( -8.997687380367869636, 21.10040903764042852, 13.60000000000064624 ) ) ;
#1232 = CIRCLE ( 'NONE', #3431, 0.5000000000000004441 ) ;
#1233 = CARTESIAN_POINT ( 'NONE',  ( -43.12889382622952184, -20.86802747807814029, 13.59999999999999964 ) ) ;
#1234 = EDGE_CURVE ( 'NONE', #1218, #927, #2828, .T. ) ;
#1235 = EDGE_CURVE ( 'NONE', #549, #3300, #2436, .T. ) ;
#1236 = CARTESIAN_POINT ( 'NONE',  ( 42.10000000108653495, 16.46797689304506918, 7.600000000000001421 ) ) ;
#1237 = ORIENTED_EDGE ( 'NONE', *, *, #3804, .T. ) ;
#1238 = MECHANICAL_DESIGN_GEOMETRIC_PRESENTATION_REPRESENTATION (  '', ( #2499 ), #1859 ) ;
#1239 = CARTESIAN_POINT ( 'NONE',  ( 41.55436243565024768, 20.98712545639590843, 28.60000000000000497 ) ) ;
#1240 = CARTESIAN_POINT ( 'NONE',  ( 39.47116016949728134, 20.09230172891009758, 7.600000000000000533 ) ) ;
#1241 = CARTESIAN_POINT ( 'NONE',  ( -14.06214496437207373, -12.11999222069383286, 13.59999999999999787 ) ) ;
#1242 = CARTESIAN_POINT ( 'NONE',  ( 42.81364017787037568, -20.27774806692137233, 13.60000000000000142 ) ) ;
#1243 = EDGE_LOOP ( 'NONE', ( #3229, #3288, #1529, #2990 ) ) ;
#1244 = PLANE ( 'NONE',  #1224 ) ;
#1245 = CARTESIAN_POINT ( 'NONE',  ( -42.99474113930449448, -19.43092493448279967, 7.600000000000000533 ) ) ;
#1246 = CARTESIAN_POINT ( 'NONE',  ( 40.62477501863546081, -3.863142455950015819, 27.38685754404988160 ) ) ;
#1247 = CARTESIAN_POINT ( 'NONE',  ( -19.07642317948015886, -4.583866351673334449, 13.59999999999999964 ) ) ;
#1248 = VERTEX_POINT ( 'NONE', #3164 ) ;
#1249 = CARTESIAN_POINT ( 'NONE',  ( 40.27566523582176217, -7.374442018031769130, 28.59999999999999076 ) ) ;
#1250 = CARTESIAN_POINT ( 'NONE',  ( 38.82135399905190809, -7.400000000738661043, 13.59999999999483755 ) ) ;
#1251 = B_SPLINE_CURVE_WITH_KNOTS ( 'NONE', 3,
 ( #791, #1327, #403, #3823 ),
 .UNSPECIFIED., .F., .F.,
 ( 4, 4 ),
 ( 0.09523809523809526056, 1.000000000000000000 ),
 .UNSPECIFIED. ) ;
#1252 = CARTESIAN_POINT ( 'NONE',  ( -13.73903216353666323, 20.42549664815217980, 18.59999999999869402 ) ) ;
#1253 = CARTESIAN_POINT ( 'NONE',  ( -42.73751285395579202, -19.93872658585959101, 7.569999999999997620 ) ) ;
#1254 = CARTESIAN_POINT ( 'NONE',  ( 41.76867549032211713, 20.06385905547029580, 10.03000000000000824 ) ) ;
#1255 = ORIENTED_EDGE ( 'NONE', *, *, #2287, .F. ) ;
#1256 = CARTESIAN_POINT ( 'NONE',  ( 38.10000000000007958, -7.399999999999876010, 28.59999999999999787 ) ) ;
#1257 = CARTESIAN_POINT ( 'NONE',  ( 38.10000000000005826, -20.20481555856307310, 9.600000000000001421 ) ) ;
#1258 = CARTESIAN_POINT ( 'NONE',  ( -43.10000000054051839, 16.28412845346396409, 7.599999999999998757 ) ) ;
#1259 = CARTESIAN_POINT ( 'NONE',  ( -43.02802452186498527, -19.11145600558879565, 7.569999999999997620 ) ) ;
#1260 = ORIENTED_EDGE ( 'NONE', *, *, #1214, .F. ) ;
#1261 = CARTESIAN_POINT ( 'NONE',  ( -42.97345285621204170, 19.95750394834316666, 9.600000000000099121 ) ) ;
#1262 = CARTESIAN_POINT ( 'NONE',  ( -39.10000000000009379, 21.09999999999986642, 7.299999999999999822 ) ) ;
#1263 = CARTESIAN_POINT ( 'NONE',  ( 42.20481555856299849, 16.10000000000012577, 9.600000000000001421 ) ) ;
#1264 = CARTESIAN_POINT ( 'NONE',  ( -42.90450979681320831, 19.88097846064587415, 7.569999999999995843 ) ) ;
#1265 = SURFACE_STYLE_FILL_AREA ( #65 ) ;
#1266 = EDGE_LOOP ( 'NONE', ( #1301, #3082, #2192, #3623 ) ) ;
#1267 = VECTOR ( 'NONE', #2051, 1000.000000000000000 ) ;
#1268 = CARTESIAN_POINT ( 'NONE',  ( 40.10000000000006537, 0.000000000000000000, 10.59999999999999964 ) ) ;
#1269 = DIRECTION ( 'NONE',  ( 1.000000000000000000, 0.000000000000000000, 0.000000000000000000 ) ) ;
#1270 = CARTESIAN_POINT ( 'NONE',  ( -11.78367193527863854, 21.06335781391385353, 13.59999999999611120 ) ) ;
#1271 = DIRECTION ( 'NONE',  ( 0.4173058582581321008, -0.6425946703262690463, -0.6425946703262620519 ) ) ;
#1272 = CARTESIAN_POINT ( 'NONE',  ( 40.49765395559144565, 2.847299634891236053, 27.60270036510892666 ) ) ;
#1273 = EDGE_LOOP ( 'NONE', ( #2353, #3862 ) ) ;
#1274 = B_SPLINE_CURVE_WITH_KNOTS ( 'NONE', 3,
 ( #2512, #3713, #3409, #1918, #3113, #426, #1617, #2821, #4, #3559, #3321, #1178, #853, #3618, #1526, #1469, #888 ),
 .UNSPECIFIED., .F., .F.,
 ( 4, 3, 2, 2, 2, 2, 2, 4 ),
 ( 0.000000000000000000, 2.843264893400808340E-05, 0.0001485224504871904912, 0.0002686122520403728346, 0.0005087918551467376840, 0.0009891510613594673828, 0.001949869473784926564, 0.003871306298635844925 ),
 .UNSPECIFIED. ) ;
#1275 = CARTESIAN_POINT ( 'NONE',  ( 39.08448482975020255, 21.10000000000013642, 28.60000000000000497 ) ) ;
#1276 = DIRECTION ( 'NONE',  ( -1.000000000000000000, 0.000000000000000000, -0.000000000000000000 ) ) ;
#1277 = CARTESIAN_POINT ( 'NONE',  ( -12.65583219250180669, -12.30764091962118378, 13.60000000000000497 ) ) ;
#1278 = CARTESIAN_POINT ( 'NONE',  ( -44.10000000000009379, 17.08448482974986860, 13.60000000000000142 ) ) ;
#1279 = VERTEX_POINT ( 'NONE', #455 ) ;
#1280 = DIRECTION ( 'NONE',  ( -0.000000000000000000, 0.000000000000000000, -1.000000000000000000 ) ) ;
#1281 = EDGE_CURVE ( 'NONE', #3630, #357, #471, .T. ) ;
#1282 = CYLINDRICAL_SURFACE ( 'NONE', #737, 0.5000000000000004441 ) ;
#1283 = CARTESIAN_POINT ( 'NONE',  ( -12.23365056633021020, -7.324618107643461329, 18.59999999999938680 ) ) ;
#1284 = CARTESIAN_POINT ( 'NONE',  ( 43.10000000000008669, -9.181111090296433019, 13.65189948816862398 ) ) ;
#1285 = B_SPLINE_CURVE_WITH_KNOTS ( 'NONE', 3,
 ( #246, #2271, #524, #3508, #223, #3525, #1993, #777, #3809, #1712, #1972, #3172, #480, #2859, #1129, #1654, #2564, #2335, #840, #168, #544, #1438, #3850 ),
 .UNSPECIFIED., .F., .F.,
 ( 4, 1, 1, 1, 1, 1, 2, 2, 1, 1, 1, 1, 1, 1, 2, 2, 4 ),
 ( 0.000000000000000000, 0.1250000000000682232, 0.1875000000001002809, 0.2187500000001163514, 0.2343750000001225409, 0.2421875000001274814, 0.2460937500001299238, 0.2500000000001323386, 0.3750000000002389200, 0.4375000000002922107, 0.4687500000003188005, 0.4843750000003320677, 0.4921875000003405609, 0.4960937500003448353, 0.4980468750003469447, 0.5000000000003490541, 1.000000000000000000 ),
 .UNSPECIFIED. ) ;
#1286 = CARTESIAN_POINT ( 'NONE',  ( 39.85000000000006537, 1.850000000000133760, 28.59999999999999787 ) ) ;
#1287 = EDGE_LOOP ( 'NONE', ( #2016, #528, #1491, #1294 ) ) ;
#1288 = LINE ( 'NONE', #660, #3489 ) ;
#1289 = EDGE_CURVE ( 'NONE', #2827, #2213, #177, .T. ) ;
#1290 = FACE_OUTER_BOUND ( 'NONE', #1101, .T. ) ;
#1291 = PLANE ( 'NONE',  #2685 ) ;
#1292 = PLANE ( 'NONE',  #2902 ) ;
#1293 = AXIS2_PLACEMENT_3D ( 'NONE', #1780, #2688, #1797 ) ;
#1294 = ORIENTED_EDGE ( 'NONE', *, *, #275, .T. ) ;
#1295 = CARTESIAN_POINT ( 'NONE',  ( 41.58902559124103249, 20.98247474095020948, 28.59999999999999432 ) ) ;
#1296 = CARTESIAN_POINT ( 'NONE',  ( 41.65190566092697821, 19.95868652844786695, 7.599999999999998757 ) ) ;
#1297 = DIRECTION ( 'NONE',  ( 0.000000000000000000, 0.000000000000000000, 1.000000000000000000 ) ) ;
#1298 = CARTESIAN_POINT ( 'NONE',  ( -19.08324948901255169, 18.02560213749440621, 13.60000000000000497 ) ) ;
#1299 = CARTESIAN_POINT ( 'NONE',  ( -43.18996209167983125, -18.64302649857047101, 10.03000000000000469 ) ) ;
#1300 = EDGE_CURVE ( 'NONE', #3515, #3247, #3534, .T. ) ;
#1301 = ORIENTED_EDGE ( 'NONE', *, *, #1774, .F. ) ;
#1302 = CARTESIAN_POINT ( 'NONE',  ( 20.60000000000006537, 14.83538406167147095, 20.89999999999999503 ) ) ;
#1303 = CIRCLE ( 'NONE', #1113, 0.7500000000000006661 ) ;
#1304 = CARTESIAN_POINT ( 'NONE',  ( -43.20481555856615330, 16.09999999999986287, 9.600000000000001421 ) ) ;
#1305 = CARTESIAN_POINT ( 'NONE',  ( -19.10000000078556326, -3.112081972875907709, 13.60000000000000142 ) ) ;
#1306 = CARTESIAN_POINT ( 'NONE',  ( 43.10000000000007958, -6.617413879933404353, 14.43478521295343420 ) ) ;
#1307 = ORIENTED_EDGE ( 'NONE', *, *, #1175, .T. ) ;
#1308 = DIRECTION ( 'NONE',  ( 1.000000000000000000, 5.115210249675201216E-16, 0.000000000000000000 ) ) ;
#1309 = CARTESIAN_POINT ( 'NONE',  ( -9.099999999999933920, -7.399999999999876010, 29.34999999999999787 ) ) ;
#1310 = FACE_OUTER_BOUND ( 'NONE', #1176, .T. ) ;
#1311 = FACE_OUTER_BOUND ( 'NONE', #1985, .T. ) ;
#1312 = CARTESIAN_POINT ( 'NONE',  ( 41.73751285395521649, 19.93872658585932101, 7.569999999999997620 ) ) ;
#1313 = ORIENTED_EDGE ( 'NONE', *, *, #645, .T. ) ;
#1314 = CARTESIAN_POINT ( 'NONE',  ( -40.79999999999996163, -11.69689577749904430, 10.59999999999999964 ) ) ;
#1315 = CARTESIAN_POINT ( 'NONE',  ( 41.41023997488863984, 19.99745538570734382, 7.600000000000001421 ) ) ;
#1316 = DIRECTION ( 'NONE',  ( -0.000000000000000000, 0.000000000000000000, -1.000000000000000000 ) ) ;
#1317 = CARTESIAN_POINT ( 'NONE',  ( -19.05694018902656239, 18.85078661009965018, 13.59999999999999964 ) ) ;
#1318 = CARTESIAN_POINT ( 'NONE',  ( -42.93845260907309580, -19.73881208845766722, 7.569999999999997620 ) ) ;
#1319 = ORIENTED_EDGE ( 'NONE', *, *, #2368, .F. ) ;
#1320 = FACE_OUTER_BOUND ( 'NONE', #156, .T. ) ;
#1321 = EDGE_CURVE ( 'NONE', #3816, #37, #910, .T. ) ;
#1322 = CARTESIAN_POINT ( 'NONE',  ( 0.000000000000000000, -21.10000000000013642, 9.600000000000001421 ) ) ;
#1323 = CARTESIAN_POINT ( 'NONE',  ( 43.10000000000007248, -6.440832512307222757, 14.59226551675742733 ) ) ;
#1324 = CARTESIAN_POINT ( 'NONE',  ( -43.07227657705834645, 18.32029945714925745, 7.569999999999995843 ) ) ;
#1325 = CARTESIAN_POINT ( 'NONE',  ( 40.96487654685545721, -20.03982962038331550, 7.600000000000002309 ) ) ;
#1326 = EDGE_CURVE ( 'NONE', #3270, #2910, #2640, .T. ) ;
#1327 = CARTESIAN_POINT ( 'NONE',  ( 43.10000000000006537, 16.10000000000013287, 15.93333333333333002 ) ) ;
#1328 = CARTESIAN_POINT ( 'NONE',  ( -9.099999999999951683, 21.09999999999996945, 28.59999999999999432 ) ) ;
#1329 = VECTOR ( 'NONE', #351, 1000.000000000000000 ) ;
#1330 = CARTESIAN_POINT ( 'NONE',  ( -13.56677569112967596, 21.09999999999995168, 14.23671250238560049 ) ) ;
#1331 = LINE ( 'NONE', #3733, #2310 ) ;
#1332 = CARTESIAN_POINT ( 'NONE',  ( -42.60471939032744615, -20.09829147979318975, 10.02999999999993719 ) ) ;
#1333 = CARTESIAN_POINT ( 'NONE',  ( 42.00867571955115665, 19.97354894125432878, 10.03000000000000647 ) ) ;
#1334 = ORIENTED_EDGE ( 'NONE', *, *, #3328, .T. ) ;
#1335 = CARTESIAN_POINT ( 'NONE',  ( -40.87451446689134116, -20.08466790377690003, 7.600000000000001421 ) ) ;
#1336 = CARTESIAN_POINT ( 'NONE',  ( -14.09627965690829399, -3.549421433775246548, 28.59999999999999432 ) ) ;
#1337 = CARTESIAN_POINT ( 'NONE',  ( 43.06222914285854841, -18.59927203774232396, 13.60000000000000142 ) ) ;
#1338 = EDGE_CURVE ( 'NONE', #938, #279, #2971, .T. ) ;
#1339 = CARTESIAN_POINT ( 'NONE',  ( -9.099999999999933920, -7.399999999999876010, 25.26666666666666572 ) ) ;
#1340 = CARTESIAN_POINT ( 'NONE',  ( -42.81906979863883578, 19.91869900328332932, 7.599999999999996980 ) ) ;
#1341 = FACE_OUTER_BOUND ( 'NONE', #2647, .T. ) ;
#1342 = ORIENTED_EDGE ( 'NONE', *, *, #2274, .T. ) ;
#1343 = CARTESIAN_POINT ( 'NONE',  ( 0.000000000000000000, 18.10000000000012221, 25.59999999999999787 ) ) ;
#1344 = CARTESIAN_POINT ( 'NONE',  ( -9.099999999999933920, -7.399999999999876010, 13.60000000000000142 ) ) ;
#1345 = B_SPLINE_SURFACE_WITH_KNOTS ( 'NONE', 1, 3, ( 
 ( #2465, #3420, #2794, #3742, #1608, #1259, #2833, #120, #143, #1024, #1318, #79, #2538, #97, #3659, #968, #1041 ),
 ( #2248, #1887, #3440, #2228, #1299, #750, #671, #2524, #354, #1547, #2757, #1868, #3068, #1566, #3679, #987, #3088 ) ),
 .UNSPECIFIED., .F., .F., .F.,
 ( 2, 2 ),
 ( 4, 2, 2, 2, 2, 2, 3, 4 ),
 ( 0.000000000000000000, 1.000000000000000000 ),
 ( 0.000000000000000000, 0.5000000000000000000, 0.7500000000000000000, 0.8750000000000000000, 0.9375000000000000000, 0.9687500000000000000, 1.000000000000000000, 1.013443191589027847 ),
 .UNSPECIFIED. ) ;
#1346 = CARTESIAN_POINT ( 'NONE',  ( -6.319581223306072004E-14, 18.10000000000000142, 10.59999999999999964 ) ) ;
#1347 = CARTESIAN_POINT ( 'NONE',  ( 42.08466790377378430, -17.87451446686983303, 7.600000000000002309 ) ) ;
#1348 = ORIENTED_EDGE ( 'NONE', *, *, #3611, .F. ) ;
#1349 = FACE_OUTER_BOUND ( 'NONE', #21, .T. ) ;
#1350 = CARTESIAN_POINT ( 'NONE',  ( -43.93063647162040297, 19.90107979775750735, 13.59999999999999787 ) ) ;
#1351 = EDGE_CURVE ( 'NONE', #830, #1915, #19, .T. ) ;
#1352 = CARTESIAN_POINT ( 'NONE',  ( 43.10000000000006537, -16.10000000000013642, 13.60000000000000142 ) ) ;
#1353 = CARTESIAN_POINT ( 'NONE',  ( 20.35000000000006537, 1.850000000000123768, 28.59999999999999787 ) ) ;
#1354 = CARTESIAN_POINT ( 'NONE',  ( -42.48039098669462987, 20.99643778796500726, 13.60000000000000320 ) ) ;
#1355 = CARTESIAN_POINT ( 'NONE',  ( -41.96487654685698487, 20.03982962038198679, 7.599999999999998757 ) ) ;
#1356 = AXIS2_PLACEMENT_3D ( 'NONE', #454, #1645, #2537 ) ;
#1357 = CARTESIAN_POINT ( 'NONE',  ( -43.07343458888344401, 19.72663500524058833, 10.02999999999993541 ) ) ;
#1358 = VECTOR ( 'NONE', #1430, 1000.000000000000000 ) ;
#1359 = ORIENTED_EDGE ( 'NONE', *, *, #2435, .F. ) ;
#1360 = CARTESIAN_POINT ( 'NONE',  ( -43.10000000000006537, -16.10000000000013642, 7.599999999999999645 ) ) ;
#1361 = FACE_OUTER_BOUND ( 'NONE', #1160, .T. ) ;
#1362 = CARTESIAN_POINT ( 'NONE',  ( 43.10000000000006537, -21.10000000000013998, 9.600000000000003197 ) ) ;
#1363 = CARTESIAN_POINT ( 'NONE',  ( 42.09829147978928887, -19.60471939032876065, 10.02999999999979863 ) ) ;
#1364 = DIRECTION ( 'NONE',  ( 0.000000000000000000, 0.000000000000000000, -1.000000000000000000 ) ) ;
#1365 = CARTESIAN_POINT ( 'NONE',  ( 42.09674837065594488, -17.04334377587502658, 7.599999999999999645 ) ) ;
#1366 = ADVANCED_FACE ( 'NONE', ( #3318 ), #2989, .F. ) ;
#1367 = CARTESIAN_POINT ( 'NONE',  ( -42.41849497125706137, -19.99638483701581393, 7.600000000000001421 ) ) ;
#1368 = CARTESIAN_POINT ( 'NONE',  ( -14.07444201803183503, -4.575665235795653984, 28.59999999999999432 ) ) ;
#1369 = CARTESIAN_POINT ( 'NONE',  ( -18.87081980529232439, 20.72851428635871329, 13.60000000000000142 ) ) ;
#1370 = CARTESIAN_POINT ( 'NONE',  ( 43.10000000000006537, -2.399999999999875566, 21.93333333333315593 ) ) ;
#1371 = ORIENTED_EDGE ( 'NONE', *, *, #507, .T. ) ;
#1372 = LINE ( 'NONE', #1648, #1078 ) ;
#1373 = CARTESIAN_POINT ( 'NONE',  ( -41.63707660279292355, 21.06157421608101998, 13.60000000000000142 ) ) ;
#1374 = CARTESIAN_POINT ( 'NONE',  ( -42.62671102339632512, 19.96384476362795724, 7.600000000000002309 ) ) ;
#1375 = CARTESIAN_POINT ( 'NONE',  ( -43.20113888443910355, 18.32435739704038369, 10.03000000000000469 ) ) ;
#1376 = DIRECTION ( 'NONE',  ( 1.000000000000000000, 0.000000000000000000, 0.000000000000000000 ) ) ;
#1377 = DIRECTION ( 'NONE',  ( 0.000000000000000000, -0.000000000000000000, -1.000000000000000000 ) ) ;
#1378 = LINE ( 'NONE', #2296, #3430 ) ;
#1379 = CARTESIAN_POINT ( 'NONE',  ( -42.93545855426911828, 19.76578909029028353, 7.600000000000000533 ) ) ;
#1380 = CARTESIAN_POINT ( 'NONE',  ( 41.97354894124988078, -20.00867571954951529, 10.03000000000000647 ) ) ;
#1381 = CARTESIAN_POINT ( 'NONE',  ( 42.81432212399420223, -6.580336283632745698, 18.60000000000193410 ) ) ;
#1382 = CARTESIAN_POINT ( 'NONE',  ( 42.09691780243458226, -17.02238548602594292, 7.599999999999997868 ) ) ;
#1383 = ORIENTED_EDGE ( 'NONE', *, *, #835, .T. ) ;
#1384 = CARTESIAN_POINT ( 'NONE',  ( -40.02238548598052148, -20.09691780243969106, 7.599999999999998757 ) ) ;
#1385 = CARTESIAN_POINT ( 'NONE',  ( -12.14736041318841409, -7.331460741380598556, 28.59999999999999432 ) ) ;
#1386 = CIRCLE ( 'NONE', #2403, 0.5000000000000004441 ) ;
#1387 = CARTESIAN_POINT ( 'NONE',  ( -44.07131387799104516, -18.36820079461983468, 13.59999999999999964 ) ) ;
#1388 = VERTEX_POINT ( 'NONE', #329 ) ;
#1389 = CARTESIAN_POINT ( 'NONE',  ( 38.10000000000007958, -7.399999999999875122, 18.60000000000000497 ) ) ;
#1390 = DIRECTION ( 'NONE',  ( 1.000000000000000000, -0.000000000000000000, 0.000000000000000000 ) ) ;
#1391 = CARTESIAN_POINT ( 'NONE',  ( -39.78515570058240769, 20.09889575078383217, 7.599999999999999645 ) ) ;
#1392 = CARTESIAN_POINT ( 'NONE',  ( -43.07597369116206210, -19.60148538755476011, 9.600000000000248335 ) ) ;
#1393 = VERTEX_POINT ( 'NONE', #2674 ) ;
#1394 = CARTESIAN_POINT ( 'NONE',  ( -42.60088922028047165, -20.07607343086548113, 9.599999999999894840 ) ) ;
#1395 = ADVANCED_FACE ( 'NONE', ( #294 ), #2121, .F. ) ;
#1396 = CARTESIAN_POINT ( 'NONE',  ( 38.73477301873758449, 20.20481556043671034, 9.600000000000001421 ) ) ;
#1397 = CARTESIAN_POINT ( 'NONE',  ( -11.39402075846360773, 21.07039211818115021, 28.59999999999999787 ) ) ;
#1398 = CARTESIAN_POINT ( 'NONE',  ( -43.04829580383783849, 18.83714683069840135, 7.600000000000003197 ) ) ;
#1399 = EDGE_CURVE ( 'NONE', #2145, #14, #560, .T. ) ;
#1400 = ORIENTED_EDGE ( 'NONE', *, *, #2901, .F. ) ;
#1401 = LINE ( 'NONE', #2300, #1669 ) ;
#1402 = CARTESIAN_POINT ( 'NONE',  ( 41.91309494535258295, -19.84221813255291167, 7.599999999999999645 ) ) ;
#1403 = ORIENTED_EDGE ( 'NONE', *, *, #624, .T. ) ;
#1404 = CARTESIAN_POINT ( 'NONE',  ( -41.93756930551433726, -20.04172511988987893, 7.600000000000000533 ) ) ;
#1405 = CARTESIAN_POINT ( 'NONE',  ( -11.40303354164369765, -7.370064919428961581, 28.60000000000000142 ) ) ;
#1406 = B_SPLINE_CURVE_WITH_KNOTS ( 'NONE', 3,
 ( #3339, #648, #3233, #1840, #2959, #243, #2352, #2010, #265, #3319, #1435, #2646, #1754, #347, #2624, #2138, #1106, #1524, #20, #856, #3505, #1212, #3253, #815, #563, #2440, #3635, #3826, #3213, #2419, #521, #3616, #1709, #2732, #2916, #926, #2122, #627, #1822, #36, #220, #1126, #1236, #943 ),
 .UNSPECIFIED., .F., .F.,
 ( 4, 1, 1, 1, 2, 2, 1, 1, 1, 2, 2, 1, 1, 1, 1, 2, 2, 1, 1, 1, 1, 1, 2, 2, 1, 1, 1, 1, 1, 2, 2, 4 ),
 ( 0.000000000000000000, 0.03125000000001018630, 0.04687500000001604966, 0.05468750000001897787, 0.05859375000002044892, 0.06250000000002191303, 0.09375000000002819966, 0.1093750000000326961, 0.1171875000000349443, 0.1210937500000360684, 0.1250000000000371925, 0.1875000000000406342, 0.2187500000000426326, 0.2343750000000446587, 0.2421875000000442979, 0.2460937500000439371, 0.2500000000000435763, 0.3750000000000817124, 0.4375000000000995315, 0.4687500000001097455, 0.4843750000001149636, 0.4921875000001187384, 0.4960937500001206812, 0.5000000000001225686, 0.6250000000001346701, 0.6875000000001393330, 0.7187500000001416645, 0.7343750000001415534, 0.7421875000001402212, 0.7460937500001395550, 0.7500000000001387779, 1.000000000000000000 ),
 .UNSPECIFIED. ) ;
#1407 = CARTESIAN_POINT ( 'NONE',  ( -44.00416956306378324, -19.41380356356388148, 13.59999999999999609 ) ) ;
#1408 = EDGE_LOOP ( 'NONE', ( #1058, #825, #2089, #2166, #1823 ) ) ;
#1409 = CARTESIAN_POINT ( 'NONE',  ( 42.07229497478898850, 18.31994558796383643, 7.569999999999995843 ) ) ;
#1410 = DIRECTION ( 'NONE',  ( 0.000000000000000000, -1.000000000000000000, 0.000000000000000000 ) ) ;
#1411 = FACE_BOUND ( 'NONE', #3063, .T. ) ;
#1412 = DIRECTION ( 'NONE',  ( 0.000000000000000000, 1.000000000000000000, 0.000000000000000000 ) ) ;
#1413 = ORIENTED_EDGE ( 'NONE', *, *, #970, .F. ) ;
#1414 = CARTESIAN_POINT ( 'NONE',  ( -40.09999999999995879, -12.19689577749903542, -15.40511026734024824 ) ) ;
#1415 = AXIS2_PLACEMENT_3D ( 'NONE', #2225, #729, #3398 ) ;
#1416 = B_SPLINE_CURVE_WITH_KNOTS ( 'NONE', 3,
 ( #3236, #1396, #859, #2628, #3256, #3468, #2649, #3829, #3789, #1674, #504, #2317, #1111, #1089, #3486, #3216, #2606 ),
 .UNSPECIFIED., .F., .F.,
 ( 4, 2, 2, 2, 2, 2, 3, 4 ),
 ( 0.000000000000000000, 0.001931104874624614163, 0.002896657311936921570, 0.003379433530593074948, 0.003620821639921151854, 0.003741515694585189657, 0.003862209749249228326, 0.003889706555084145468 ),
 .UNSPECIFIED. ) ;
#1417 = B_SPLINE_CURVE_WITH_KNOTS ( 'NONE', 3,
 ( #736, #2836, #3149, #3406 ),
 .UNSPECIFIED., .F., .F.,
 ( 4, 4 ),
 ( 0.3333333333333337034, 1.000000000000000000 ),
 .UNSPECIFIED. ) ;
#1418 = VECTOR ( 'NONE', #1045, 1000.000000000000000 ) ;
#1419 = CARTESIAN_POINT ( 'NONE',  ( 42.20481555856299849, 16.10000000000012577, 9.600000000000001421 ) ) ;
#1420 = CARTESIAN_POINT ( 'NONE',  ( 41.97360932271772072, 19.95730921020391690, 9.599999999999587530 ) ) ;
#1421 = CARTESIAN_POINT ( 'NONE',  ( -43.08744795435229946, 17.74293942048387152, 7.600000000000002309 ) ) ;
#1422 = CARTESIAN_POINT ( 'NONE',  ( 42.06385905547251269, -19.76867549031979365, 10.03000000000000824 ) ) ;
#1423 = ORIENTED_EDGE ( 'NONE', *, *, #2319, .F. ) ;
#1424 = CARTESIAN_POINT ( 'NONE',  ( -12.19676546211579371, 21.09999999999995879, 15.50524176697271628 ) ) ;
#1425 = CARTESIAN_POINT ( 'NONE',  ( 42.96876705829597398, -6.001362912787635118, 18.59999999999872244 ) ) ;
#1426 = CARTESIAN_POINT ( 'NONE',  ( 41.88843285398866101, -19.88915203886996252, 7.569999999999995843 ) ) ;
#1427 = ORIENTED_EDGE ( 'NONE', *, *, #1937, .T. ) ;
#1428 = CARTESIAN_POINT ( 'NONE',  ( -14.64683793648301879, 21.09999999999995168, 13.78648574166063767 ) ) ;
#1429 = CARTESIAN_POINT ( 'NONE',  ( -19.10000000081831928, 16.84764720967316975, 13.60000000000000497 ) ) ;
#1430 = DIRECTION ( 'NONE',  ( 0.000000000000000000, -1.000000000000000000, 0.000000000000000000 ) ) ;
#1431 = ORIENTED_EDGE ( 'NONE', *, *, #2919, .T. ) ;
#1432 = CARTESIAN_POINT ( 'NONE',  ( 41.94544354189090285, -20.00441549215902981, 10.03000000000000469 ) ) ;
#1433 = CARTESIAN_POINT ( 'NONE',  ( 38.10000000000007248, -7.399999999999876010, 23.89999999999999858 ) ) ;
#1434 = DIRECTION ( 'NONE',  ( 1.000000000000000000, 0.000000000000000000, 0.000000000000000000 ) ) ;
#1435 = CARTESIAN_POINT ( 'NONE',  ( 41.98492167713141754, 19.50095778075938213, 7.600000000000004086 ) ) ;
#1436 = EDGE_LOOP ( 'NONE', ( #348, #1742, #2680, #3069, #477, #3821, #3436, #691 ) ) ;
#1437 = CARTESIAN_POINT ( 'NONE',  ( -18.78295866748109333, 21.09999999999993392, 13.60000000000000142 ) ) ;
#1438 = CARTESIAN_POINT ( 'NONE',  ( 39.16063661064404755, -12.40000000116638113, 13.60000000000000320 ) ) ;
#1439 = CARTESIAN_POINT ( 'NONE',  ( -13.96164780065772959, 19.72889785856775546, 28.60000000000000142 ) ) ;
#1440 = CARTESIAN_POINT ( 'NONE',  ( -43.07704667531506004, 18.19028241224071607, 7.599999999999999645 ) ) ;
#1441 = CARTESIAN_POINT ( 'NONE',  ( -18.89686818653501632, -6.829257348405092465, 13.60000000000000320 ) ) ;
#1442 = ORIENTED_EDGE ( 'NONE', *, *, #1326, .F. ) ;
#1443 = VECTOR ( 'NONE', #971, 1000.000000000000000 ) ;
#1444 = CARTESIAN_POINT ( 'NONE',  ( -11.80547002874279094, 21.09999999999995524, 15.89217459220179585 ) ) ;
#1445 = CARTESIAN_POINT ( 'NONE',  ( 39.60000000000006537, 14.83538406167147095, 0.000000000000000000 ) ) ;
#1446 = ORIENTED_EDGE ( 'NONE', *, *, #2563, .F. ) ;
#1447 = CARTESIAN_POINT ( 'NONE',  ( -12.72889785856664169, -7.261647800658350249, 28.59999999999999787 ) ) ;
#1448 = CARTESIAN_POINT ( 'NONE',  ( -43.88097685546559035, -20.08708972991271935, 13.60000000000000142 ) ) ;
#1449 = ORIENTED_EDGE ( 'NONE', *, *, #234, .F. ) ;
#1450 = CARTESIAN_POINT ( 'NONE',  ( 41.73881208845209301, -19.93845260907452754, 7.569999999999995843 ) ) ;
#1451 = AXIS2_PLACEMENT_3D ( 'NONE', #3085, #2105, #1843 ) ;
#1452 = CARTESIAN_POINT ( 'NONE',  ( 38.73468093440549609, -20.20481556043845828, 9.600000000000004974 ) ) ;
#1453 = CARTESIAN_POINT ( 'NONE',  ( 42.84640685949649708, -20.19274964924920113, 13.60000000000000142 ) ) ;
#1454 = EDGE_CURVE ( 'NONE', #2910, #3056, #573, .T. ) ;
#1455 = VERTEX_POINT ( 'NONE', #1000 ) ;
#1456 = CARTESIAN_POINT ( 'NONE',  ( 38.10000000000005116, 21.10000000000013287, 9.600000000000001421 ) ) ;
#1457 = DIRECTION ( 'NONE',  ( -1.000000000000000000, 0.000000000000000000, 0.000000000000000000 ) ) ;
#1458 = CARTESIAN_POINT ( 'NONE',  ( -14.00743052736752503, 19.39755730796451871, 28.60000000000000142 ) ) ;
#1459 = CARTESIAN_POINT ( 'NONE',  ( -42.95999256852995529, 19.64537212291785195, 7.599999999999999645 ) ) ;
#1460 = CARTESIAN_POINT ( 'NONE',  ( -10.71683410572409123, -12.38912378112695656, 13.60000000000000320 ) ) ;
#1461 = VERTEX_POINT ( 'NONE', #962 ) ;
#1462 = LINE ( 'NONE', #2116, #1230 ) ;
#1463 = DIRECTION ( 'NONE',  ( -1.916821520416347353E-16, 1.000000000000000000, 0.000000000000000000 ) ) ;
#1464 = ADVANCED_FACE ( 'NONE', ( #1580 ), #1559, .T. ) ;
#1465 = CARTESIAN_POINT ( 'NONE',  ( -13.88097685546609839, -6.387089729910417013, 28.59999999999999432 ) ) ;
#1466 = CARTESIAN_POINT ( 'NONE',  ( -42.56481889561280951, -20.98574326795730371, 13.59999999999999964 ) ) ;
#1467 = ORIENTED_EDGE ( 'NONE', *, *, #892, .T. ) ;
#1468 = CARTESIAN_POINT ( 'NONE',  ( 41.12183440812522406, -20.15653691405555392, 10.03000000000000469 ) ) ;
#1469 = CARTESIAN_POINT ( 'NONE',  ( -39.73468093440283866, 20.20481556044258298, 9.599999999999994316 ) ) ;
#1470 = EDGE_CURVE ( 'NONE', #2534, #3128, #3860, .T. ) ;
#1471 = CARTESIAN_POINT ( 'NONE',  ( 6.633333333333376380, -12.39999999999987601, 13.60000000000000142 ) ) ;
#1472 = ORIENTED_EDGE ( 'NONE', *, *, #2977, .T. ) ;
#1473 = CARTESIAN_POINT ( 'NONE',  ( -43.12037981425695676, 19.28047690216265764, 9.600000000000237677 ) ) ;
#1474 = CARTESIAN_POINT ( 'NONE',  ( -43.09372723667187444, -17.34585462791658017, 7.599999999999997868 ) ) ;
#1475 = CARTESIAN_POINT ( 'NONE',  ( -12.53988389866325015, 20.98901496049338533, 28.59999999999999787 ) ) ;
#1476 = CARTESIAN_POINT ( 'NONE',  ( 43.10000000000006537, -5.942803364071711059, 15.06600305162856301 ) ) ;
#1477 = AXIS2_PLACEMENT_3D ( 'NONE', #3103, #435, #1316 ) ;
#1478 = CARTESIAN_POINT ( 'NONE',  ( -13.33150948590089335, -12.22720810618569942, 13.60000000000000142 ) ) ;
#1479 = CARTESIAN_POINT ( 'NONE',  ( -11.23444575488475294, 21.09999999999996234, 16.45958037250799677 ) ) ;
#1480 = CARTESIAN_POINT ( 'NONE',  ( 45.01467376633602413, -11.32723871807456995, 13.59999999999998366 ) ) ;
#1481 = VECTOR ( 'NONE', #1629, 1000.000000000000000 ) ;
#1482 = B_SPLINE_CURVE_WITH_KNOTS ( 'NONE', 3,
 ( #3704, #3661, #951, #1847 ),
 .UNSPECIFIED., .F., .F.,
 ( 4, 4 ),
 ( 0.3333333333333332593, 1.000000000000000000 ),
 .UNSPECIFIED. ) ;
#1483 = CARTESIAN_POINT ( 'NONE',  ( -15.89690198319658165, 21.09999999999995168, 13.65103547461466604 ) ) ;
#1484 = CARTESIAN_POINT ( 'NONE',  ( -9.740415744756150573, 26.09912211731528586, 13.59999999999999787 ) ) ;
#1485 = ORIENTED_EDGE ( 'NONE', *, *, #2581, .F. ) ;
#1486 = CARTESIAN_POINT ( 'NONE',  ( 38.73474969525202027, -20.22735090553094750, 10.03000000000000469 ) ) ;
#1487 = ADVANCED_FACE ( 'NONE', ( #2137 ), #136, .T. ) ;
#1488 = CARTESIAN_POINT ( 'NONE',  ( 43.08542865622445106, 17.87180854722342360, 28.59999999999999432 ) ) ;
#1489 = LINE ( 'NONE', #2422, #2086 ) ;
#1490 = CARTESIAN_POINT ( 'NONE',  ( 22.36666666666676306, -7.399999999999876010, 18.60000000000000142 ) ) ;
#1491 = ORIENTED_EDGE ( 'NONE', *, *, #133, .T. ) ;
#1492 = DIRECTION ( 'NONE',  ( 0.000000000000000000, 0.000000000000000000, 1.000000000000000000 ) ) ;
#1493 = CARTESIAN_POINT ( 'NONE',  ( -43.10000000108271934, -16.46797689357494221, 7.600000000000000533 ) ) ;
#1494 = CARTESIAN_POINT ( 'NONE',  ( 41.98414113284199090, 19.93560524261302191, 9.599999999999637268 ) ) ;
#1495 = CARTESIAN_POINT ( 'NONE',  ( 40.64802443527359799, -3.886897611455286672, 27.36310238854461474 ) ) ;
#1496 = CARTESIAN_POINT ( 'NONE',  ( -15.37579997298907841, -11.65132727498343534, 13.60000000000000142 ) ) ;
#1497 = ORIENTED_EDGE ( 'NONE', *, *, #588, .T. ) ;
#1498 = CARTESIAN_POINT ( 'NONE',  ( -11.48350603038806739, 21.09999999999995879, 16.21026131787411373 ) ) ;
#1499 = CARTESIAN_POINT ( 'NONE',  ( 48.08249893086715332, -4.534445633800441300, 13.59999999999999787 ) ) ;
#1500 = ADVANCED_FACE ( 'NONE', ( #3119 ), #1291, .T. ) ;
#1501 = CARTESIAN_POINT ( 'NONE',  ( -15.17986483605264070, 21.09999999999994102, 13.70664490569021510 ) ) ;
#1502 = CARTESIAN_POINT ( 'NONE',  ( -14.01389994786315363, 19.35206067629209414, 13.60000000000001208 ) ) ;
#1503 = CARTESIAN_POINT ( 'NONE',  ( -41.59927203772282667, -21.06222914286085057, 13.60000000000000142 ) ) ;
#1504 = CARTESIAN_POINT ( 'NONE',  ( -11.09999999999993570, 0.000000000000000000, 10.59999999999999964 ) ) ;
#1505 = ORIENTED_EDGE ( 'NONE', *, *, #2601, .F. ) ;
#1506 = CARTESIAN_POINT ( 'NONE',  ( 42.04096527428995245, 19.85251873003142720, 10.03000000000000469 ) ) ;
#1507 = CARTESIAN_POINT ( 'NONE',  ( 42.99046056094378088, 19.52861721390202021, 28.60000000000000142 ) ) ;
#1508 = CARTESIAN_POINT ( 'NONE',  ( -42.95510860986140500, 19.95525980219300877, 9.266666667217052122 ) ) ;
#1509 = CARTESIAN_POINT ( 'NONE',  ( 40.33773021338272002, -21.07237354602665391, 13.60000000000000142 ) ) ;
#1510 = EDGE_LOOP ( 'NONE', ( #2917, #2941, #1334, #461, #3206, #2384, #739, #1852, #3441, #685, #3555 ) ) ;
#1511 = CARTESIAN_POINT ( 'NONE',  ( -42.96816119399441902, 19.96834341765943677, 9.600000000000001421 ) ) ;
#1512 = DIRECTION ( 'NONE',  ( -1.827300145727490244E-16, 0.05233595624294377913, 0.9986295347545739443 ) ) ;
#1513 = CARTESIAN_POINT ( 'NONE',  ( -13.92324478376124297, -6.292793638774599962, 13.60000000000369980 ) ) ;
#1514 = CARTESIAN_POINT ( 'NONE',  ( -39.10000000000007248, 20.20481555856279954, 9.600000000000001421 ) ) ;
#1515 = EDGE_CURVE ( 'NONE', #211, #3191, #90, .T. ) ;
#1516 = CARTESIAN_POINT ( 'NONE',  ( -15.26395710708579756, -11.70118311594261051, 13.60000000000000142 ) ) ;
#1517 = ORIENTED_EDGE ( 'NONE', *, *, #3736, .F. ) ;
#1518 = EDGE_CURVE ( 'NONE', #2906, #2883, #855, .T. ) ;
#1519 = CARTESIAN_POINT ( 'NONE',  ( 41.96631460140426384, -7.213921820960381481, 28.59999999999999787 ) ) ;
#1520 = CARTESIAN_POINT ( 'NONE',  ( 42.07579555300784335, -7.202290169196733594, 13.59999999999872067 ) ) ;
#1521 = EDGE_CURVE ( 'NONE', #2687, #260, #1921, .T. ) ;
#1522 = CARTESIAN_POINT ( 'NONE',  ( -10.07521466551287048, 21.09717490100985060, 13.60000000000129283 ) ) ;
#1523 = CARTESIAN_POINT ( 'NONE',  ( -43.88525032197433262, -20.07265072837507347, 13.60000000000000142 ) ) ;
#1524 = CARTESIAN_POINT ( 'NONE',  ( 42.02887602816069545, 19.10905543781694149, 7.599999999999998757 ) ) ;
#1525 = ORIENTED_EDGE ( 'NONE', *, *, #3865, .T. ) ;
#1526 = CARTESIAN_POINT ( 'NONE',  ( -40.36989670848593192, 20.20209550671162901, 9.599999999999994316 ) ) ;
#1527 = CARTESIAN_POINT ( 'NONE',  ( 38.93242454284160203, 20.09758742274966892, 7.600000000000002309 ) ) ;
#1528 = DIRECTION ( 'NONE',  ( -3.639200510924877443E-15, 1.000000000000000000, -0.000000000000000000 ) ) ;
#1529 = ORIENTED_EDGE ( 'NONE', *, *, #1996, .T. ) ;
#1530 = CARTESIAN_POINT ( 'NONE',  ( 41.88984571103283372, -19.88984178720754059, 7.599999999999999645 ) ) ;
#1531 = CARTESIAN_POINT ( 'NONE',  ( -9.099999999999951683, 21.09999999999996945, 28.59999999999999432 ) ) ;
#1532 = CARTESIAN_POINT ( 'NONE',  ( -13.67206547413390005, -6.821352548586629538, 18.59999999999938325 ) ) ;
#1533 = CARTESIAN_POINT ( 'NONE',  ( 40.10000000000006537, -5.149999999999875122, 7.599999999999999645 ) ) ;
#1534 = CARTESIAN_POINT ( 'NONE',  ( 41.86571348515533941, -19.90155197451529290, 7.600000000000001421 ) ) ;
#1535 = EDGE_LOOP ( 'NONE', ( #1841, #1449, #319, #3495 ) ) ;
#1536 = DIRECTION ( 'NONE',  ( 1.000000000000000000, 3.491481338843134144E-15, 0.000000000000000000 ) ) ;
#1537 = LINE ( 'NONE', #2748, #3055 ) ;
#1538 = AXIS2_PLACEMENT_3D ( 'NONE', #1022, #3125, #1627 ) ;
#1539 = CARTESIAN_POINT ( 'NONE',  ( -13.90229016575001886, 20.07579555242715941, 18.59999999999613252 ) ) ;
#1540 = AXIS2_PLACEMENT_3D ( 'NONE', #419, #1570, #3108 ) ;
#1541 = CARTESIAN_POINT ( 'NONE',  ( -42.93583730295358691, -19.86564172759399582, 7.569999999999997620 ) ) ;
#1542 = CARTESIAN_POINT ( 'NONE',  ( 40.63729749817406400, 20.06115088678178893, 7.569999999999995843 ) ) ;
#1543 = ORIENTED_EDGE ( 'NONE', *, *, #1807, .F. ) ;
#1544 = DIRECTION ( 'NONE',  ( 1.000000000000000000, 0.000000000000000000, 0.000000000000000000 ) ) ;
#1545 = CARTESIAN_POINT ( 'NONE',  ( -40.60000000000003695, 10.27689577749865890, 7.600000000000000533 ) ) ;
#1546 = CARTESIAN_POINT ( 'NONE',  ( -11.09999999999993570, -3.649999999999875566, 25.59999999999999787 ) ) ;
#1547 = CARTESIAN_POINT ( 'NONE',  ( -43.07320996662694768, -19.72776371185335265, 10.02999999999993541 ) ) ;
#1548 = ORIENTED_EDGE ( 'NONE', *, *, #1937, .F. ) ;
#1549 = CARTESIAN_POINT ( 'NONE',  ( 40.71278458442105830, -3.962514834322296675, 27.27142824713083158 ) ) ;
#1550 = CARTESIAN_POINT ( 'NONE',  ( -9.099999999999933920, -7.399999999999875122, 18.60000000000000497 ) ) ;
#1551 = CARTESIAN_POINT ( 'NONE',  ( -12.98996815864247267, -7.223801830993765272, 13.60000000000183995 ) ) ;
#1552 = CARTESIAN_POINT ( 'NONE',  ( 43.10000000000007248, -5.835395687047437718, 15.17181068220196138 ) ) ;
#1553 = DIRECTION ( 'NONE',  ( 1.000000000000000000, 3.491481338843134539E-15, -0.000000000000000000 ) ) ;
#1554 = B_SPLINE_CURVE_WITH_KNOTS ( 'NONE', 3,
 ( #2370, #1771, #2679, #2737 ),
 .UNSPECIFIED., .F., .F.,
 ( 4, 4 ),
 ( 0.3333333333333332593, 1.000000000000000000 ),
 .UNSPECIFIED. ) ;
#1555 = EDGE_LOOP ( 'NONE', ( #2, #396, #816, #450 ) ) ;
#1556 = CARTESIAN_POINT ( 'NONE',  ( 41.52861721390119953, -7.290460560943682111, 28.59999999999999787 ) ) ;
#1557 = LINE ( 'NONE', #2767, #42 ) ;
#1558 = CARTESIAN_POINT ( 'NONE',  ( -11.23444563381886141, 26.08249893086833993, 13.60000000000000142 ) ) ;
#1559 = PLANE ( 'NONE',  #2808 ) ;
#1560 = CARTESIAN_POINT ( 'NONE',  ( 41.28273563164082560, 20.14281270299690263, 10.03000000000000291 ) ) ;
#1561 = ORIENTED_EDGE ( 'NONE', *, *, #1052, .T. ) ;
#1562 = CARTESIAN_POINT ( 'NONE',  ( 41.54737320415783586, 20.98804278005457391, 28.60000000000000142 ) ) ;
#1563 = DIRECTION ( 'NONE',  ( -3.491481338843133750E-15, 1.000000000000000000, 0.000000000000000000 ) ) ;
#1564 = CARTESIAN_POINT ( 'NONE',  ( -15.72070747726179718, -11.49254187322760323, 13.59999999999998366 ) ) ;
#1565 = CARTESIAN_POINT ( 'NONE',  ( -44.06938128774583419, 18.42161314647468728, 13.59999999999999787 ) ) ;
#1566 = CARTESIAN_POINT ( 'NONE',  ( -43.00441549215545933, -19.94544354189829249, 10.03000000000000469 ) ) ;
#1567 = VERTEX_POINT ( 'NONE', #2498 ) ;
#1568 = CARTESIAN_POINT ( 'NONE',  ( -6.319581223306072004E-14, 18.10000000000000142, 7.599999999999999645 ) ) ;
#1569 = ADVANCED_FACE ( 'NONE', ( #1311 ), #2750, .F. ) ;
#1570 = DIRECTION ( 'NONE',  ( 0.000000000000000000, -0.000000000000000000, -1.000000000000000000 ) ) ;
#1571 = CARTESIAN_POINT ( 'NONE',  ( 42.07597369116302843, 19.60148538755607106, 9.599999999999640821 ) ) ;
#1572 = CARTESIAN_POINT ( 'NONE',  ( 43.10000000000006537, -7.543874995231838021, 13.89129364011185608 ) ) ;
#1573 = CARTESIAN_POINT ( 'NONE',  ( 41.62671102339356111, -19.96384476362788973, 7.599999999999998757 ) ) ;
#1574 = ORIENTED_EDGE ( 'NONE', *, *, #1326, .T. ) ;
#1575 = CIRCLE ( 'NONE', #1141, 0.5000000000000004441 ) ;
#1576 = CARTESIAN_POINT ( 'NONE',  ( 39.60000000000006537, -4.959016994374857212, 23.89999999999999858 ) ) ;
#1577 =( BOUNDED_SURFACE ( )  B_SPLINE_SURFACE ( 2, 3, ( 
 ( #823, #2611, #3178, #2655, #2018, #571, #2928, #188, #1153, #230, #2361, #3552, #3532, #3813, #1763, #1116, #1381, #3223, #2968, #1425, #2041, #2064, #1073, #2275, #644, #3571, #1209, #51 ),
 ( #3650, #1250, #960, #2134, #2097, #2457, #882, #1520, #623, #1228, #1837, #1189, #2081, #2397, #2729, #3279, #587, #1781, #3874, #3589, #3059, #2986, #291, #2415, #1170, #900, #3335, #2434 ),
 ( #2154, #1798, #920, #1854, #3609, #365, #604, #2672, #33, #1480, #2689, #327, #2381, #3893, #1819, #3296, #3005, #311, #3316, #17, #3041, #2117, #1499, #3355, #2708, #661, #3022, #3632 ) ),
 .UNSPECIFIED., .F., .F., .T. ) 
 B_SPLINE_SURFACE_WITH_KNOTS ( ( 3, 3 ),
 ( 4, 2, 2, 2, 2, 2, 2, 2, 2, 2, 2, 2, 2, 4 ),
 ( 0.000000000000000000, 1.000000000000000000 ),
 ( 0.000000000000000000, 0.002243032412800348430, 0.003364548619200522644, 0.004486064825600696859, 0.006729097238401045289, 0.007850613444801219504, 0.008972129651201393719, 0.01009364585760156793, 0.01121516206400174215, 0.01233667827040191636, 0.01345819447680209058, 0.01570122688960243901, 0.01682274309600261322, 0.01794425930240278744 ),
 .UNSPECIFIED. ) 
 GEOMETRIC_REPRESENTATION_ITEM ( )  RATIONAL_B_SPLINE_SURFACE ( (
 ( 1.000000000000000000, 1.000000000000000000, 1.000000000000000000, 1.000000000000000000, 1.000000000000000000, 1.000000000000000000, 1.000000000000000000, 1.000000000000000000, 1.000000000000000000, 1.000000000000000000, 1.000000000000000000, 1.000000000000000000, 1.000000000000000000, 1.000000000000000000, 1.000000000000000000, 1.000000000000000000, 1.000000000000000000, 1.000000000000000000, 1.000000000000000000, 1.000000000000000000, 1.000000000000000000, 1.000000000000000000, 1.000000000000000000, 1.000000000000000000, 1.000000000000000000, 1.000000000000000000, 1.000000000000000000, 1.000000000000000000),
 ( 4.000000000000000888, 4.000000000000000888, 4.000000000000000888, 4.000000000000000888, 4.000000000000000888, 4.000000000000000888, 4.000000000000000888, 4.000000000000000888, 4.000000000000000888, 4.000000000000000888, 4.000000000000000888, 4.000000000000000888, 4.000000000000000888, 4.000000000000000888, 4.000000000000000888, 4.000000000000000888, 4.000000000000000888, 4.000000000000000888, 4.000000000000000888, 4.000000000000000888, 4.000000000000000888, 4.000000000000000888, 4.000000000000000888, 4.000000000000000888, 4.000000000000000888, 4.000000000000000888, 4.000000000000000888, 4.000000000000000888),
 ( 1.000000000000000000, 1.000000000000000000, 1.000000000000000000, 1.000000000000000000, 1.000000000000000000, 1.000000000000000000, 1.000000000000000000, 1.000000000000000000, 1.000000000000000000, 1.000000000000000000, 1.000000000000000000, 1.000000000000000000, 1.000000000000000000, 1.000000000000000000, 1.000000000000000000, 1.000000000000000000, 1.000000000000000000, 1.000000000000000000, 1.000000000000000000, 1.000000000000000000, 1.000000000000000000, 1.000000000000000000, 1.000000000000000000, 1.000000000000000000, 1.000000000000000000, 1.000000000000000000, 1.000000000000000000, 1.000000000000000000) ) ) 
 REPRESENTATION_ITEM ( '' )  SURFACE ( )  );
#1578 = ADVANCED_FACE ( 'NONE', ( #3357 ), #2541, .F. ) ;
#1579 = CARTESIAN_POINT ( 'NONE',  ( -12.50976923919966133, 20.99646271450175661, 18.60000000000129816 ) ) ;
#1580 = FACE_OUTER_BOUND ( 'NONE', #1846, .T. ) ;
#1581 = CARTESIAN_POINT ( 'NONE',  ( 17.35000000000001918, -4.399999999999876010, 25.59999999999999787 ) ) ;
#1582 = ORIENTED_EDGE ( 'NONE', *, *, #1931, .F. ) ;
#1583 = CARTESIAN_POINT ( 'NONE',  ( 38.10000000000007958, -7.399999999999876010, 25.46666666666666856 ) ) ;
#1584 = CARTESIAN_POINT ( 'NONE',  ( 41.47021393931093058, 19.98954201474744607, 7.600000000000000533 ) ) ;
#1585 = CARTESIAN_POINT ( 'NONE',  ( -3.816391647148974819E-15, -4.399999999999876010, 20.89999999999999147 ) ) ;
#1586 = CARTESIAN_POINT ( 'NONE',  ( -44.05304772075469799, 18.79246757328744977, 13.60000000000000142 ) ) ;
#1587 = ORIENTED_EDGE ( 'NONE', *, *, #2724, .T. ) ;
#1588 = PLANE ( 'NONE',  #2489 ) ;
#1589 = EDGE_CURVE ( 'NONE', #3867, #376, #155, .T. ) ;
#1590 = CARTESIAN_POINT ( 'NONE',  ( 40.10000000000006537, 18.10000000000012221, 27.72132034355963981 ) ) ;
#1591 = CARTESIAN_POINT ( 'NONE',  ( -11.41306639156805325, -7.371177330027691710, 13.60000000000216147 ) ) ;
#1592 = CARTESIAN_POINT ( 'NONE',  ( 43.10000000000006537, -7.185715919333870438, 14.03942474793966255 ) ) ;
#1593 = CARTESIAN_POINT ( 'NONE',  ( -19.07767924108212654, -4.538257345639152618, 13.59999999999999787 ) ) ;
#1594 = CARTESIAN_POINT ( 'NONE',  ( -2.480876971092556919E-15, 4.850000000000164846, 25.59999999999999787 ) ) ;
#1595 = CARTESIAN_POINT ( 'NONE',  ( 42.87219128650693278, -6.415840277005268710, 28.59999999999999787 ) ) ;
#1596 = ADVANCED_FACE ( 'NONE', ( #1658 ), #2862, .F. ) ;
#1597 = PLANE ( 'NONE',  #1957 ) ;
#1598 = CARTESIAN_POINT ( 'NONE',  ( -42.89588082671698288, -20.02861363587541632, 10.03000000000000647 ) ) ;
#1599 = CARTESIAN_POINT ( 'NONE',  ( -14.09999999999993570, 3.766666666666737662, 18.60000000000000142 ) ) ;
#1600 = VECTOR ( 'NONE', #2184, 1000.000000000000000 ) ;
#1601 = EDGE_LOOP ( 'NONE', ( #2604, #2102, #508, #1194 ) ) ;
#1602 = EDGE_CURVE ( 'NONE', #3128, #2152, #2453, .T. ) ;
#1603 = VECTOR ( 'NONE', #1026, 1000.000000000000000 ) ;
#1604 = CARTESIAN_POINT ( 'NONE',  ( 42.27774806692396936, 20.81364017787025134, 28.60000000000000142 ) ) ;
#1605 = CARTESIAN_POINT ( 'NONE',  ( 40.94809031714265046, 20.04099958132367476, 7.600000000000000533 ) ) ;
#1606 = PLANE ( 'NONE',  #1477 ) ;
#1607 = CARTESIAN_POINT ( 'NONE',  ( -40.60000000000003695, 10.77689577749865890, 7.600000000000000533 ) ) ;
#1608 = CARTESIAN_POINT ( 'NONE',  ( -43.06115651372429909, -18.63684803177372018, 7.569999999999997620 ) ) ;
#1609 = ADVANCED_FACE ( 'NONE', ( #3734 ), #1035, .T. ) ;
#1610 = LINE ( 'NONE', #2872, #2468 ) ;
#1611 = VECTOR ( 'NONE', #2036, 1000.000000000000000 ) ;
#1612 = CARTESIAN_POINT ( 'NONE',  ( -39.10000000000009379, 21.09999999999986642, 11.70000000000001883 ) ) ;
#1613 = CARTESIAN_POINT ( 'NONE',  ( 43.10000000000006537, -7.741193424575582682, 13.83422651927690339 ) ) ;
#1614 = CARTESIAN_POINT ( 'NONE',  ( -42.93872658585972601, 19.73751285395767496, 7.569999999999999396 ) ) ;
#1615 = ORIENTED_EDGE ( 'NONE', *, *, #645, .F. ) ;
#1616 = CARTESIAN_POINT ( 'NONE',  ( -42.96834341765797660, -19.96816119399719369, 9.600000000000003197 ) ) ;
#1617 = CARTESIAN_POINT ( 'NONE',  ( -42.76437442640491327, 20.04175772303064207, 9.599999999999994316 ) ) ;
#1618 = CARTESIAN_POINT ( 'NONE',  ( -10.87180854722513246, 21.08542865622435514, 28.59999999999999432 ) ) ;
#1619 = CARTESIAN_POINT ( 'NONE',  ( -13.81513182303928211, 21.09999999999995168, 14.08070759593324972 ) ) ;
#1620 = CARTESIAN_POINT ( 'NONE',  ( -12.70136291278576657, 20.96876705829625820, 18.59999999999935838 ) ) ;
#1621 = ADVANCED_FACE ( 'NONE', ( #553 ), #1944, .F. ) ;
#1622 = CARTESIAN_POINT ( 'NONE',  ( -39.10000000000007248, -20.09842776662164354, 7.569999999999997620 ) ) ;
#1623 = CARTESIAN_POINT ( 'NONE',  ( -40.10000000000006537, -18.10000000000013642, 10.59999999999999964 ) ) ;
#1624 = ORIENTED_EDGE ( 'NONE', *, *, #1114, .T. ) ;
#1625 = CARTESIAN_POINT ( 'NONE',  ( -42.84221813256085198, -19.91309494535227742, 7.599999999999997868 ) ) ;
#1626 = CARTESIAN_POINT ( 'NONE',  ( 40.89628922577973213, 20.04450687065478576, 7.600000000000000533 ) ) ;
#1627 = DIRECTION ( 'NONE',  ( 1.000000000000000000, 0.000000000000000000, 1.826024711554534653E-16 ) ) ;
#1628 = CARTESIAN_POINT ( 'NONE',  ( -43.73941876031280174, 20.43244147772753649, 13.60000000000000142 ) ) ;
#1629 = DIRECTION ( 'NONE',  ( -0.000000000000000000, -0.000000000000000000, -1.000000000000000000 ) ) ;
#1630 = EDGE_LOOP ( 'NONE', ( #2819, #1237, #1255, #2320, #1692, #1574, #2441, #3320, #1548, #1132, #2039, #2278 ) ) ;
#1631 = CARTESIAN_POINT ( 'NONE',  ( 6.633333333333400361, -7.399999999999876010, 18.60000000000000142 ) ) ;
#1632 = CARTESIAN_POINT ( 'NONE',  ( -44.10000000000007248, 16.09999999999986287, 10.93333333333333357 ) ) ;
#1633 = CARTESIAN_POINT ( 'NONE',  ( -42.86571348515941082, 19.90155197451376168, 7.600000000000001421 ) ) ;
#1634 = CARTESIAN_POINT ( 'NONE',  ( 39.85000000000006537, -2.649999999999873790, 28.59999999999999787 ) ) ;
#1635 = EDGE_LOOP ( 'NONE', ( #890, #3748, #2466, #2948 ) ) ;
#1636 = CARTESIAN_POINT ( 'NONE',  ( 39.85717863697019681, -20.08525459699136562, 7.599999999999999645 ) ) ;
#1637 = CARTESIAN_POINT ( 'NONE',  ( -43.10000000000006537, -16.10000000000013642, 7.599999999999999645 ) ) ;
#1638 = EDGE_CURVE ( 'NONE', #541, #3807, #1794, .T. ) ;
#1639 = EDGE_CURVE ( 'NONE', #705, #7, #2690, .T. ) ;
#1640 = DIRECTION ( 'NONE',  ( -1.000000000000000000, 0.000000000000000000, 0.000000000000000000 ) ) ;
#1641 = CARTESIAN_POINT ( 'NONE',  ( -39.10000000000007248, -20.22735090365792487, 10.03000000000000647 ) ) ;
#1642 = ORIENTED_EDGE ( 'NONE', *, *, #1880, .T. ) ;
#1643 = CARTESIAN_POINT ( 'NONE',  ( -42.39777772584724858, -19.99905485595831678, 7.600000000000000533 ) ) ;
#1644 = CARTESIAN_POINT ( 'NONE',  ( 41.41849497125608082, 19.99638483701583880, 7.600000000000002309 ) ) ;
#1645 = DIRECTION ( 'NONE',  ( 0.000000000000000000, -0.000000000000000000, -1.000000000000000000 ) ) ;
#1646 = CARTESIAN_POINT ( 'NONE',  ( 20.35000000000006537, 4.850000000000175504, 25.59999999999999787 ) ) ;
#1647 = EDGE_LOOP ( 'NONE', ( #2784, #3778, #2000, #3225, #283, #106, #732, #92 ) ) ;
#1648 = CARTESIAN_POINT ( 'NONE',  ( 40.10000000000006537, -18.10000000000013642, 10.59999999999999964 ) ) ;
#1649 = CARTESIAN_POINT ( 'NONE',  ( -42.65631831747801073, 20.97389364416789093, 13.60000000000000497 ) ) ;
#1650 = CARTESIAN_POINT ( 'NONE',  ( -42.66583689297038262, 19.95587090975555000, 7.600000000000001421 ) ) ;
#1651 = CARTESIAN_POINT ( 'NONE',  ( -43.22735090365786448, 16.09999999999986287, 10.03000000000000469 ) ) ;
#1652 = ORIENTED_EDGE ( 'NONE', *, *, #2022, .F. ) ;
#1653 = FACE_OUTER_BOUND ( 'NONE', #3185, .T. ) ;
#1654 = CARTESIAN_POINT ( 'NONE',  ( 40.66436465194071559, -12.36381335875067577, 13.60000000000000142 ) ) ;
#1655 = CARTESIAN_POINT ( 'NONE',  ( 39.35000000000001563, -4.399999999999876010, 10.59999999999999964 ) ) ;
#1656 = EDGE_CURVE ( 'NONE', #2715, #2810, #1223, .T. ) ;
#1657 = DIRECTION ( 'NONE',  ( -1.000000000000000000, -3.491481338843133750E-15, 0.000000000000000000 ) ) ;
#1658 = FACE_OUTER_BOUND ( 'NONE', #763, .T. ) ;
#1659 = ORIENTED_EDGE ( 'NONE', *, *, #3327, .T. ) ;
#1660 = CARTESIAN_POINT ( 'NONE',  ( -41.83714683070989082, -20.04829580383965748, 7.599999999999999645 ) ) ;
#1661 = DIRECTION ( 'NONE',  ( -1.000000000000000000, 0.000000000000000000, 0.000000000000000000 ) ) ;
#1662 = CARTESIAN_POINT ( 'NONE',  ( -42.90292537900695891, -19.90289828683896900, 7.933333334038066731 ) ) ;
#1663 = CARTESIAN_POINT ( 'NONE',  ( 40.10000000000001563, -4.399999999999876010, 10.59999999999999787 ) ) ;
#1664 = ORIENTED_EDGE ( 'NONE', *, *, #1399, .T. ) ;
#1665 = CARTESIAN_POINT ( 'NONE',  ( 38.73435631924631650, -20.09842776849018975, 7.569999999999995843 ) ) ;
#1666 = B_SPLINE_CURVE_WITH_KNOTS ( 'NONE', 1,
 ( #463, #1637 ),
 .UNSPECIFIED., .F., .F.,
 ( 2, 2 ),
 ( 0.1747967479675482383, 0.9878048780487791447 ),
 .UNSPECIFIED. ) ;
#1667 = CARTESIAN_POINT ( 'NONE',  ( -43.09948029764396438, 20.87725659433494485, 13.60000000000000142 ) ) ;
#1668 = CARTESIAN_POINT ( 'NONE',  ( -39.10000000000008669, 20.09999999999986287, 7.599999999999999645 ) ) ;
#1669 = VECTOR ( 'NONE', #803, 1000.000000000000000 ) ;
#1670 = CARTESIAN_POINT ( 'NONE',  ( -42.86564172759096891, 19.93583730295632606, 7.569999999999995843 ) ) ;
#1671 = PRESENTATION_LAYER_ASSIGNMENT (  '', '', ( #2499 ) ) ;
#1672 = VERTEX_POINT ( 'NONE', #3332 ) ;
#1673 = PLANE ( 'NONE',  #2625 ) ;
#1674 = CARTESIAN_POINT ( 'NONE',  ( 41.72179701815335306, 20.05142201890323861, 9.600000000000001421 ) ) ;
#1675 = CARTESIAN_POINT ( 'NONE',  ( -14.09999999999993570, -2.399999999999876010, 23.84999999999998010 ) ) ;
#1676 = CARTESIAN_POINT ( 'NONE',  ( -43.04256652671764272, 18.92527334355270341, 7.600000000000000533 ) ) ;
#1677 = CARTESIAN_POINT ( 'NONE',  ( 42.01986127612190813, -19.84437849794790409, 9.599999999999942801 ) ) ;
#1678 = CARTESIAN_POINT ( 'NONE',  ( 42.04829580384468102, -18.83714683070188656, 7.599999999999999645 ) ) ;
#1679 = VERTEX_POINT ( 'NONE', #2454 ) ;
#1680 = CARTESIAN_POINT ( 'NONE',  ( -40.04630792284196872, -20.09672409429531115, 7.600000000000000533 ) ) ;
#1681 = CARTESIAN_POINT ( 'NONE',  ( -41.30000000000003979, 9.776895777498653572, 7.600000000000000533 ) ) ;
#1682 = CARTESIAN_POINT ( 'NONE',  ( -19.09999999999993747, 9.933333333333346005, 13.60000000000000142 ) ) ;
#1683 = LINE ( 'NONE', #2641, #2868 ) ;
#1684 = EDGE_CURVE ( 'NONE', #3688, #37, #2947, .T. ) ;
#1685 = ORIENTED_EDGE ( 'NONE', *, *, #2869, .F. ) ;
#1686 = LINE ( 'NONE', #3403, #3590 ) ;
#1687 = B_SPLINE_CURVE_WITH_KNOTS ( 'NONE', 3,
 ( #2837, #2544, #1067, #476, #148, #3747, #2875, #3445, #1392, #2580, #755, #501, #1954, #1086, #2894, #2291, #3483 ),
 .UNSPECIFIED., .F., .F.,
 ( 4, 3, 2, 2, 2, 2, 2, 4 ),
 ( 0.000000000000000000, 2.843264893358776532E-05, 0.0001485224504868437633, 0.0002686122520400997240, 0.0005087918551466115913, 0.0009891510613596356510, 0.001949869473785683337, 0.003871306298637779142 ),
 .UNSPECIFIED. ) ;
#1688 = CARTESIAN_POINT ( 'NONE',  ( 20.60000000000006537, -7.399999999999876010, 23.89999999999999503 ) ) ;
#1689 = CARTESIAN_POINT ( 'NONE',  ( -40.87180854722426915, 21.08542865622425921, 13.60000000000000142 ) ) ;
#1690 = CARTESIAN_POINT ( 'NONE',  ( -41.16306628579284421, 20.07740851021302930, 7.599999999999999645 ) ) ;
#1691 = CARTESIAN_POINT ( 'NONE',  ( -43.04147107059531407, 19.85079035641726364, 10.03000000000000824 ) ) ;
#1692 = ORIENTED_EDGE ( 'NONE', *, *, #2842, .T. ) ;
#1693 = CARTESIAN_POINT ( 'NONE',  ( 40.16306628578432480, -20.07740851021385353, 7.600000000000002309 ) ) ;
#1694 = CARTESIAN_POINT ( 'NONE',  ( 40.60000000000006537, -3.840983005624974300, 7.599999999999999645 ) ) ;
#1695 = CARTESIAN_POINT ( 'NONE',  ( -13.31763701899589947, 20.81003976634378105, 28.60000000000000142 ) ) ;
#1696 = CARTESIAN_POINT ( 'NONE',  ( -39.10000000000008669, 20.09842776662136998, 7.569999999999995843 ) ) ;
#1697 = ORIENTED_EDGE ( 'NONE', *, *, #472, .T. ) ;
#1698 = CARTESIAN_POINT ( 'NONE',  ( -13.84012292039583514, 21.09999999999995168, 14.06686429684038053 ) ) ;
#1699 = CARTESIAN_POINT ( 'NONE',  ( -44.10000000000007248, -16.10000000000013642, 13.60000000000000142 ) ) ;
#1700 = CARTESIAN_POINT ( 'NONE',  ( 41.98042114943208958, -19.53210728986017131, 7.599999999999998757 ) ) ;
#1701 = EDGE_LOOP ( 'NONE', ( #2738, #1960, #2847, #1472, #2871, #1156, #221, #3371 ) ) ;
#1702 = PLANE ( 'NONE',  #2804 ) ;
#1703 = CARTESIAN_POINT ( 'NONE',  ( -11.42161314647800019, -7.369381287745362386, 28.60000000000000853 ) ) ;
#1704 = CARTESIAN_POINT ( 'NONE',  ( 43.10000000000006537, -2.399999999999876010, 28.59999999999999432 ) ) ;
#1705 = VERTEX_POINT ( 'NONE', #2193 ) ;
#1706 = DIRECTION ( 'NONE',  ( 1.000000000000000000, 0.000000000000000000, 0.000000000000000000 ) ) ;
#1707 = CARTESIAN_POINT ( 'NONE',  ( -14.09999999999993747, -2.399999999999876010, 18.60000000000000497 ) ) ;
#1708 = DIRECTION ( 'NONE',  ( -0.000000000000000000, 0.000000000000000000, 1.000000000000000000 ) ) ;
#1709 = CARTESIAN_POINT ( 'NONE',  ( 42.08525459699082916, 17.85717863695570884, 7.600000000000001421 ) ) ;
#1710 = ORIENTED_EDGE ( 'NONE', *, *, #3736, .T. ) ;
#1711 = CARTESIAN_POINT ( 'NONE',  ( -40.80000000000003979, 9.776895777498655349, -15.40511026734024824 ) ) ;
#1712 = CARTESIAN_POINT ( 'NONE',  ( 41.87152585569928220, -12.28352820413124746, 13.60000000000000320 ) ) ;
#1713 = CARTESIAN_POINT ( 'NONE',  ( -14.09999999999993570, 16.09999999999996945, 28.59999999999999787 ) ) ;
#1714 = CARTESIAN_POINT ( 'NONE',  ( -43.08318958766740536, 17.93922334544584274, 7.599999999999999645 ) ) ;
#1715 = VECTOR ( 'NONE', #8, 1000.000000000000000 ) ;
#1716 = CARTESIAN_POINT ( 'NONE',  ( 42.07343458888318111, -19.72663500523968594, 10.03000000000010772 ) ) ;
#1717 = ORIENTED_EDGE ( 'NONE', *, *, #1229, .F. ) ;
#1718 = CARTESIAN_POINT ( 'NONE',  ( -12.69012679212801231, 21.09999999999995879, 15.01944088155481971 ) ) ;
#1719 = CARTESIAN_POINT ( 'NONE',  ( 42.08863698948616872, -19.52038923086133337, 9.599999999999944578 ) ) ;
#1720 = CARTESIAN_POINT ( 'NONE',  ( 41.95999256852819315, -19.64537212291674351, 7.600000000000000533 ) ) ;
#1721 = ORIENTED_EDGE ( 'NONE', *, *, #3846, .T. ) ;
#1722 = CARTESIAN_POINT ( 'NONE',  ( -14.00416956306436589, -5.713803563545949871, 28.59999999999999076 ) ) ;
#1723 = CARTESIAN_POINT ( 'NONE',  ( -43.99246996001816257, -19.51270507531902254, 13.60000000000000142 ) ) ;
#1724 = ORIENTED_EDGE ( 'NONE', *, *, #1764, .T. ) ;
#1725 = CARTESIAN_POINT ( 'NONE',  ( 41.58340741531510076, -19.97108259092896887, 7.569999999999858176 ) ) ;
#1726 = FACE_OUTER_BOUND ( 'NONE', #3214, .T. ) ;
#1727 =( NAMED_UNIT ( * ) SI_UNIT ( $, .STERADIAN. ) SOLID_ANGLE_UNIT ( ) );
#1728 = CARTESIAN_POINT ( 'NONE',  ( -42.44838226707794604, 19.99238023628576499, 7.599999999999999645 ) ) ;
#1729 = EDGE_CURVE ( 'NONE', #964, #3617, #3038, .T. ) ;
#1730 = CARTESIAN_POINT ( 'NONE',  ( -40.10000000000006537, -7.686454296869565743E-15, 7.599999999999999645 ) ) ;
#1731 = EDGE_LOOP ( 'NONE', ( #805, #325, #1068, #3827 ) ) ;
#1732 = CARTESIAN_POINT ( 'NONE',  ( -11.09999999999993570, 18.09999999999996234, 10.59999999999999787 ) ) ;
#1733 = VECTOR ( 'NONE', #2622, 1000.000000000000000 ) ;
#1734 = MANIFOLD_SOLID_BREP ( 'Chamfer2', #797 ) ;
#1735 = CIRCLE ( 'NONE', #1356, 0.7500000000000006661 ) ;
#1736 = CARTESIAN_POINT ( 'NONE',  ( 17.35000000000002274, -2.649999999999878675, 25.59999999999999787 ) ) ;
#1737 = CARTESIAN_POINT ( 'NONE',  ( -13.03820785103966351, 20.89504420574782628, 28.59999999999999787 ) ) ;
#1738 = CARTESIAN_POINT ( 'NONE',  ( -42.91309494534985447, 19.84221813256271716, 7.600000000000000533 ) ) ;
#1739 = CARTESIAN_POINT ( 'NONE',  ( -18.92166835161268779, -6.669543338098653074, 13.59999999999999964 ) ) ;
#1740 = B_SPLINE_CURVE_WITH_KNOTS ( 'NONE', 3,
 ( #3124, #434, #1336, #2536, #1963, #1368, #3162, #2045, #3818, #2326, #3245, #556, #490, #2002, #213, #1722, #3517, #2593, #3553, #2931, #3875, #1748, #1173, #3839, #849, #1154, #236, #1465, #868, #2953, #2382, #2344, #3497, #257, #3536, #2304, #2908, #807, #2364, #827, #3574, #572, #1447, #3182, #277, #1765, #2673, #2657, #2616, #2970, #1385, #3859, #1137, #2066, #3264, #1703, #3797, #1405, #884, #1099, #3201, #514 ),
 .UNSPECIFIED., .F., .F.,
 ( 4, 1, 1, 1, 1, 1, 1, 1, 2, 2, 1, 1, 1, 1, 1, 1, 2, 2, 1, 1, 1, 1, 2, 2, 2, 1, 1, 1, 1, 2, 2, 1, 1, 1, 1, 1, 2, 2, 1, 1, 1, 1, 1, 1, 2, 2, 4 ),
 ( 0.000000000000000000, 0.1249999999999705513, 0.1874999999999557854, 0.2187499999999481803, 0.2343749999999444056, 0.2421874999999422962, 0.2460937499999414635, 0.2480468749999412414, 0.2490234374999412970, 0.2499999999999413802, 0.3124999999999566458, 0.3437499999999642508, 0.3593749999999682476, 0.3671874999999702460, 0.3710937499999711897, 0.3730468749999719114, 0.3740234374999722999, 0.3749999999999726330, 0.4062499999999807931, 0.4218749999999847344, 0.4296874999999866218, 0.4335937499999877875, 0.4355468749999883982, 0.4374999999999889533, 0.5000000000000046629, 0.5312500000000123235, 0.5468750000000159872, 0.5546875000000175415, 0.5585937500000182077, 0.5605468750000185407, 0.5625000000000187628, 0.5937500000000260902, 0.6093750000000297540, 0.6171875000000315303, 0.6210937500000324185, 0.6230468750000326406, 0.6240234375000327516, 0.6250000000000328626, 0.6875000000000127676, 0.7187500000000024425, 0.7343749999999975575, 0.7421874999999951150, 0.7460937499999938938, 0.7480468749999935607, 0.7490234374999933387, 0.7499999999999930056, 1.000000000000000000 ),
 .UNSPECIFIED. ) ;
#1741 = AXIS2_PLACEMENT_3D ( 'NONE', #2459, #71, #3061 ) ;
#1742 = ORIENTED_EDGE ( 'NONE', *, *, #3157, .T. ) ;
#1743 = CARTESIAN_POINT ( 'NONE',  ( -11.14607005319416899, 21.09999999999996234, 16.54833726428298135 ) ) ;
#1744 = CARTESIAN_POINT ( 'NONE',  ( 42.04198630671905335, -19.76322836282592732, 9.599999999999942801 ) ) ;
#1745 = CARTESIAN_POINT ( 'NONE',  ( 41.87323876972040892, -19.92027554826369951, 7.569999999999995843 ) ) ;
#1746 = VERTEX_POINT ( 'NONE', #2473 ) ;
#1747 = EDGE_CURVE ( 'NONE', #3307, #2551, #85, .T. ) ;
#1748 = CARTESIAN_POINT ( 'NONE',  ( -13.98888856329178054, -5.840867574636361859, 28.60000000000000142 ) ) ;
#1749 = DIRECTION ( 'NONE',  ( 0.000000000000000000, 0.000000000000000000, 1.000000000000000000 ) ) ;
#1750 = ORIENTED_EDGE ( 'NONE', *, *, #605, .F. ) ;
#1751 = CARTESIAN_POINT ( 'NONE',  ( 41.88097846064374608, 19.90450979681573429, 7.569999999999951434 ) ) ;
#1752 = CARTESIAN_POINT ( 'NONE',  ( 39.36989670848099365, -20.20209550671150822, 9.600000000000004974 ) ) ;
#1753 = CARTESIAN_POINT ( 'NONE',  ( -41.60658263647318478, 20.06167168020657243, 7.599999999999996092 ) ) ;
#1754 = CARTESIAN_POINT ( 'NONE',  ( 41.99238023628497274, 19.44838226708504436, 7.600000000000001421 ) ) ;
#1755 = ORIENTED_EDGE ( 'NONE', *, *, #2037, .F. ) ;
#1756 = CARTESIAN_POINT ( 'NONE',  ( 38.10000000000005116, 21.10000000000013287, 28.59999999999999432 ) ) ;
#1757 = CARTESIAN_POINT ( 'NONE',  ( -43.09603600301565507, -17.12616797118333523, 7.599999999999997868 ) ) ;
#1758 = CARTESIAN_POINT ( 'NONE',  ( -13.87483915154470182, 20.10733879021262638, 28.60000000000000142 ) ) ;
#1759 = CARTESIAN_POINT ( 'NONE',  ( -43.08242835690603556, 17.97130812351396045, 7.599999999999997868 ) ) ;
#1760 = CARTESIAN_POINT ( 'NONE',  ( -18.96231466086424788, -6.393546808510462753, 13.59999999999999787 ) ) ;
#1761 = VERTEX_POINT ( 'NONE', #1286 ) ;
#1762 = CARTESIAN_POINT ( 'NONE',  ( -12.63467452316967687, 21.09999999999995168, 15.07334586117855046 ) ) ;
#1763 = CARTESIAN_POINT ( 'NONE',  ( 42.71516124974591122, -6.762558746371343688, 18.59999999999806874 ) ) ;
#1764 = EDGE_CURVE ( 'NONE', #2068, #541, #3341, .T. ) ;
#1765 = CARTESIAN_POINT ( 'NONE',  ( -12.56481889561227661, -7.285743267957105473, 28.60000000000000497 ) ) ;
#1766 = CARTESIAN_POINT ( 'NONE',  ( -43.87725659433503012, -20.09948029764423438, 13.60000000000000142 ) ) ;
#1767 = ORIENTED_EDGE ( 'NONE', *, *, #112, .F. ) ;
#1768 = CARTESIAN_POINT ( 'NONE',  ( 41.91986027556272632, -19.87352962427031500, 7.569999999999995843 ) ) ;
#1769 = VECTOR ( 'NONE', #2212, 1000.000000000000000 ) ;
#1770 = CARTESIAN_POINT ( 'NONE',  ( 43.07077768596505507, 18.38329560835353504, 28.59999999999999432 ) ) ;
#1771 = CARTESIAN_POINT ( 'NONE',  ( 38.10000000000007248, -21.10000000000013642, 10.93333333333333357 ) ) ;
#1772 = ORIENTED_EDGE ( 'NONE', *, *, #191, .F. ) ;
#1773 = CARTESIAN_POINT ( 'NONE',  ( -43.20481556042843607, 16.73477301873886702, 9.600000000000099121 ) ) ;
#1774 = EDGE_CURVE ( 'NONE', #2152, #2883, #2258, .T. ) ;
#1775 = CYLINDRICAL_SURFACE ( 'NONE', #3557, 0.7500000000000006661 ) ;
#1776 = CARTESIAN_POINT ( 'NONE',  ( -14.06641683701765722, 18.49873699103325819, 28.59999999999999787 ) ) ;
#1777 = CARTESIAN_POINT ( 'NONE',  ( -41.32400627943939497, 20.20115721356479810, 10.03000000000000469 ) ) ;
#1778 = CARTESIAN_POINT ( 'NONE',  ( -11.11152451844614752, -12.38092322689383984, 13.60000000000000320 ) ) ;
#1779 = ORIENTED_EDGE ( 'NONE', *, *, #340, .T. ) ;
#1780 = CARTESIAN_POINT ( 'NONE',  ( 0.000000000000000000, -21.10000000000013642, 10.59999999999999964 ) ) ;
#1781 = CARTESIAN_POINT ( 'NONE',  ( 42.87812371297918190, -6.404962989093855086, 13.59999999999675957 ) ) ;
#1782 = ADVANCED_FACE ( 'NONE', ( #1653 ), #1673, .T. ) ;
#1783 = CARTESIAN_POINT ( 'NONE',  ( -19.04758512044393015, 19.09025454377460917, 13.60000000000001208 ) ) ;
#1784 = CARTESIAN_POINT ( 'NONE',  ( -40.84967719361372218, -21.09011195108245573, 13.60000000000000320 ) ) ;
#1785 = VERTEX_POINT ( 'NONE', #2876 ) ;
#1786 = CARTESIAN_POINT ( 'NONE',  ( 41.50514369042166152, -19.98331538500425353, 7.570000000000064233 ) ) ;
#1787 = CARTESIAN_POINT ( 'NONE',  ( 42.98247474094941367, -19.58902559124394216, 13.60000000000000497 ) ) ;
#1788 = ORIENTED_EDGE ( 'NONE', *, *, #416, .T. ) ;
#1789 = LINE ( 'NONE', #3289, #2914 ) ;
#1790 = CARTESIAN_POINT ( 'NONE',  ( -43.03901575552434622, -18.97631169180020194, 7.599999999999998757 ) ) ;
#1791 = CARTESIAN_POINT ( 'NONE',  ( -13.63799586708733003, -6.861982708336350711, 18.60000000000123777 ) ) ;
#1792 = CARTESIAN_POINT ( 'NONE',  ( -39.73474969524905731, 20.22735090553507220, 10.03000000000000469 ) ) ;
#1793 = AXIS2_PLACEMENT_3D ( 'NONE', #2029, #538, #1434 ) ;
#1794 = LINE ( 'NONE', #2061, #1611 ) ;
#1795 = B_SPLINE_CURVE_WITH_KNOTS ( 'NONE', 3,
 ( #2109, #268, #2980, #2409, #1182, #285, #3625, #3564, #2666, #27, #3310, #3583, #1162, #876, #1245, #2450, #2390, #3644, #914, #2091, #1790, #617, #1220, #893, #3291, #3603, #953, #580, #45, #2148, #934, #1813, #598, #566, #1474, #3869, #1757, #3273, #2998, #3887, #305, #2962, #1493, #2074 ),
 .UNSPECIFIED., .F., .F.,
 ( 4, 1, 1, 1, 2, 2, 1, 1, 1, 2, 2, 1, 1, 1, 1, 2, 2, 1, 1, 1, 1, 1, 2, 2, 1, 1, 1, 1, 1, 2, 2, 4 ),
 ( 0.000000000000000000, 0.03125000000000256045, 0.04687500000000306699, 0.05468750000000333067, 0.05859375000000405231, 0.06250000000000477396, 0.09375000000000810463, 0.1093750000000102141, 0.1171875000000116435, 0.1210937500000123651, 0.1250000000000130729, 0.1875000000000425493, 0.2187500000000588973, 0.2343750000000683342, 0.2421875000000720257, 0.2460937500000738576, 0.2500000000000757172, 0.3750000000001208478, 0.4375000000001448841, 0.4687500000001580402, 0.4843750000001645351, 0.4921875000001678102, 0.4960937500001694755, 0.5000000000001711964, 0.6250000000001375566, 0.6875000000001193490, 0.7187500000001115774, 0.7343750000001076916, 0.7421875000001044720, 0.7460937500001041389, 0.7500000000001038059, 1.000000000000000000 ),
 .UNSPECIFIED. ) ;
#1796 = ORIENTED_EDGE ( 'NONE', *, *, #3281, .F. ) ;
#1797 = DIRECTION ( 'NONE',  ( 0.000000000000000000, -0.000000000000000000, 1.000000000000000000 ) ) ;
#1798 = CARTESIAN_POINT ( 'NONE',  ( 38.84764720966744278, -12.40000000082214981, 13.60000000000000142 ) ) ;
#1799 = AXIS2_PLACEMENT_3D ( 'NONE', #1, #626, #1821 ) ;
#1800 = CARTESIAN_POINT ( 'NONE',  ( -15.18436161866049794, 21.09999999999994102, 13.70616079290423350 ) ) ;
#1801 = CARTESIAN_POINT ( 'NONE',  ( -13.59590899138337861, 20.60661465333437548, 13.60000000000193765 ) ) ;
#1802 = CARTESIAN_POINT ( 'NONE',  ( 0.000000000000000000, -21.10000000000013642, 13.60000000000000142 ) ) ;
#1803 = VERTEX_POINT ( 'NONE', #1360 ) ;
#1804 = CARTESIAN_POINT ( 'NONE',  ( 42.00441549215407377, 19.94544354190140822, 10.03000000000000469 ) ) ;
#1805 = CARTESIAN_POINT ( 'NONE',  ( 42.99246996001757992, 19.51270507532019849, 28.59999999999999432 ) ) ;
#1806 = CARTESIAN_POINT ( 'NONE',  ( -6.319581223306072004E-14, 18.10000000000000142, 10.59999999999999964 ) ) ;
#1807 = EDGE_CURVE ( 'NONE', #821, #1679, #1303, .T. ) ;
#1808 = CARTESIAN_POINT ( 'NONE',  ( 41.48039098667793212, -20.99643778796698257, 13.59999999999999964 ) ) ;
#1809 = EDGE_CURVE ( 'NONE', #3340, #2031, #3192, .T. ) ;
#1810 = ORIENTED_EDGE ( 'NONE', *, *, #492, .F. ) ;
#1811 = CARTESIAN_POINT ( 'NONE',  ( 11.56666666666663978, 10.63333333333354958, 19.81666666666668064 ) ) ;
#1812 = ADVANCED_FACE ( 'NONE', ( #2582 ), #3767, .F. ) ;
#1813 = CARTESIAN_POINT ( 'NONE',  ( -43.08155764929727383, -18.00747221968117984, 7.600000000000000533 ) ) ;
#1814 = CARTESIAN_POINT ( 'NONE',  ( -10.47395986553320668, -7.396411983075676488, 18.59999999999753584 ) ) ;
#1815 = PLANE ( 'NONE',  #1044 ) ;
#1816 = CARTESIAN_POINT ( 'NONE',  ( -13.24017767267965517, -12.23993889059482854, 13.60000000000000320 ) ) ;
#1817 = ORIENTED_EDGE ( 'NONE', *, *, #275, .F. ) ;
#1818 = CARTESIAN_POINT ( 'NONE',  ( 41.41380356356265224, -7.304169563062173687, 28.59999999999999787 ) ) ;
#1819 = CARTESIAN_POINT ( 'NONE',  ( 46.88570964850671174, -9.537382382577126450, 13.60000000000000320 ) ) ;
#1820 = CARTESIAN_POINT ( 'NONE',  ( -12.99732606612792907, 20.90947459357967375, 13.60000000000064269 ) ) ;
#1821 = DIRECTION ( 'NONE',  ( -1.000000000000000000, 0.000000000000000000, 0.000000000000000000 ) ) ;
#1822 = CARTESIAN_POINT ( 'NONE',  ( 42.09650699025748821, 17.07292860328746187, 7.599999999999998757 ) ) ;
#1823 = ORIENTED_EDGE ( 'NONE', *, *, #418, .F. ) ;
#1824 = CARTESIAN_POINT ( 'NONE',  ( 41.94645722639947394, -19.97887522778456315, 9.600000000000004974 ) ) ;
#1825 = CARTESIAN_POINT ( 'NONE',  ( 39.35000000000001563, -4.399999999999876010, 20.89999999999999858 ) ) ;
#1826 = CARTESIAN_POINT ( 'NONE',  ( 41.53988389866276520, -20.98901496049366244, 13.59999999999999609 ) ) ;
#1827 = VERTEX_POINT ( 'NONE', #127 ) ;
#1828 = LINE ( 'NONE', #1811, #3466 ) ;
#1829 = PRODUCT_DEFINITION_FORMATION_WITH_SPECIFIED_SOURCE ( 'ANY', '', #2232, .NOT_KNOWN. ) ;
#1830 = CIRCLE ( 'NONE', #2656, 0.7500000000000006661 ) ;
#1831 = CARTESIAN_POINT ( 'NONE',  ( 0.000000000000000000, -20.10000000000013642, 7.599999999999999645 ) ) ;
#1832 = CARTESIAN_POINT ( 'NONE',  ( -13.86206657881516158, -6.470602039376360359, 18.59999999999876508 ) ) ;
#1833 = CARTESIAN_POINT ( 'NONE',  ( 43.10000000000005826, -5.126222704615536863, 15.87086614294241826 ) ) ;
#1834 = SURFACE_STYLE_USAGE ( .BOTH. , #3711 ) ;
#1835 = ORIENTED_EDGE ( 'NONE', *, *, #547, .T. ) ;
#1836 = CARTESIAN_POINT ( 'NONE',  ( 42.97576400432688359, -5.936672138729823800, 28.59999999999999432 ) ) ;
#1837 = CARTESIAN_POINT ( 'NONE',  ( 42.47613984634696038, -7.005525832748399573, 13.60000000000064624 ) ) ;
#1838 = CARTESIAN_POINT ( 'NONE',  ( -13.70552583274701419, 20.47613984634877227, 13.59999999999870823 ) ) ;
#1839 = CARTESIAN_POINT ( 'NONE',  ( -42.90471379356266368, -19.88083581186064208, 7.569999999999997620 ) ) ;
#1840 = CARTESIAN_POINT ( 'NONE',  ( 41.93797192884320424, 19.74637280588887833, 7.599999999999999645 ) ) ;
#1841 = ORIENTED_EDGE ( 'NONE', *, *, #3281, .T. ) ;
#1842 = DIRECTION ( 'NONE',  ( -0.000000000000000000, 0.000000000000000000, 1.000000000000000000 ) ) ;
#1843 = DIRECTION ( 'NONE',  ( 1.000000000000000000, 0.000000000000000000, 0.000000000000000000 ) ) ;
#1844 = CARTESIAN_POINT ( 'NONE',  ( -19.09999999999993747, 9.933333333333354886, 13.60000000000000142 ) ) ;
#1845 = CARTESIAN_POINT ( 'NONE',  ( 41.96631460139964531, -20.91392182096147678, 13.59999999999999787 ) ) ;
#1846 = EDGE_LOOP ( 'NONE', ( #2863, #178, #3501, #2840 ) ) ;
#1847 = CARTESIAN_POINT ( 'NONE',  ( -39.10000000000009379, 21.09999999999986642, 13.60000000000000142 ) ) ;
#1848 = CARTESIAN_POINT ( 'NONE',  ( 40.59999999999998721, 4.850000000000186162, 25.59999999999999787 ) ) ;
#1849 = CARTESIAN_POINT ( 'NONE',  ( -13.73761349812030197, -6.726680365144216189, 13.60000000000061071 ) ) ;
#1850 = CARTESIAN_POINT ( 'NONE',  ( -42.26958562560071897, 20.01454375441791811, 7.569999999999860840 ) ) ;
#1851 = CARTESIAN_POINT ( 'NONE',  ( -19.09257907332401416, -3.984916976409990763, 13.59999999999999964 ) ) ;
#1852 = ORIENTED_EDGE ( 'NONE', *, *, #3138, .T. ) ;
#1853 = CARTESIAN_POINT ( 'NONE',  ( 42.03820785103977897, -7.195044205747144872, 28.59999999999999076 ) ) ;
#1854 = CARTESIAN_POINT ( 'NONE',  ( 40.71658221438921998, -12.36366945305403853, 13.59999999999999076 ) ) ;
#1855 = B_SPLINE_CURVE_WITH_KNOTS ( 'NONE', 3,
 ( #87, #681, #67, #3631, #3391, #1249, #3315, #622, #1897, #3649, #2153, #3690, #977, #2747, #3077, #1818, #2456, #2495, #1556, #1208, #2785, #326, #3354, #50, #1519, #1853, #385, #2174, #3373, #997, #2197, #2766, #3096, #2728, #32, #404, #1227, #2433, #1595, #939, #2133, #3334, #643, #1836, #3040, #3058, #343, #364, #2585, #3790, #2272, #1072, #3114, #758, #1939, #2822, #2513, #2546, #3136, #1054, #109, #1994 ),
 .UNSPECIFIED., .F., .F.,
 ( 4, 1, 1, 1, 1, 1, 1, 1, 2, 2, 1, 1, 1, 1, 1, 1, 2, 2, 1, 1, 1, 1, 2, 2, 2, 1, 1, 1, 1, 2, 2, 1, 1, 1, 1, 1, 2, 2, 1, 1, 1, 1, 1, 1, 2, 2, 4 ),
 ( 0.000000000000000000, 0.1250000000000359990, 0.1875000000000551503, 0.2187500000000647260, 0.2343750000000680567, 0.2421875000000697220, 0.2460937500000705547, 0.2480468750000709988, 0.2490234375000711931, 0.2500000000000713873, 0.3125000000000935363, 0.3437500000001034728, 0.3593750000001071365, 0.3671875000001089684, 0.3710937500001112999, 0.3730468750001110223, 0.3740234375001108558, 0.3750000000001107447, 0.4062500000001243450, 0.4218750000001322276, 0.4296875000001361689, 0.4335937500001393885, 0.4355468750001410538, 0.4375000000001426637, 0.5000000000001442180, 0.5312500000001459943, 0.5468750000001464384, 0.5546875000001464384, 0.5585937500001463274, 0.5605468750001461054, 0.5625000000001458833, 0.5937500000001321165, 0.6093750000001256772, 0.6171875000001223466, 0.6210937500001205702, 0.6230468750001196820, 0.6240234375001194600, 0.6250000000001191269, 0.6875000000000819345, 0.7187500000000631717, 0.7343750000000538458, 0.7421875000000491829, 0.7460937500000467404, 0.7480468750000455191, 0.7490234375000449640, 0.7500000000000442979, 1.000000000000000000 ),
 .UNSPECIFIED. ) ;
#1856 = CARTESIAN_POINT ( 'NONE',  ( -13.70552583296829319, 20.47613984652348051, 18.59999999999935838 ) ) ;
#1857 = VECTOR ( 'NONE', #2286, 1000.000000000000000 ) ;
#1858 = CARTESIAN_POINT ( 'NONE',  ( 40.28312713926143829, -3.316957306625702540, 27.93304269337419754 ) ) ;
#1859 =( GEOMETRIC_REPRESENTATION_CONTEXT ( 3 ) GLOBAL_UNCERTAINTY_ASSIGNED_CONTEXT ( ( #3692 ) ) GLOBAL_UNIT_ASSIGNED_CONTEXT ( ( #3075, #383, #639 ) ) REPRESENTATION_CONTEXT ( 'NONE', 'WORKASPACE' ) );
#1860 = B_SPLINE_CURVE_WITH_KNOTS ( 'NONE', 3,
 ( #1756, #2648, #2073, #1456 ),
 .UNSPECIFIED., .F., .F.,
 ( 4, 4 ),
 ( 0.000000000000000000, 0.9047619047619046562 ),
 .UNSPECIFIED. ) ;
#1861 = CARTESIAN_POINT ( 'NONE',  ( 41.72663500523825775, 20.07343458888325216, 10.03000000000000647 ) ) ;
#1862 = EDGE_CURVE ( 'NONE', #2978, #295, #1070, .T. ) ;
#1863 = ORIENTED_EDGE ( 'NONE', *, *, #1899, .T. ) ;
#1864 = EDGE_CURVE ( 'NONE', #3240, #2187, #2399, .T. ) ;
#1865 = CARTESIAN_POINT ( 'NONE',  ( 42.88525032197485132, 20.07265072837617836, 28.60000000000000853 ) ) ;
#1866 = CARTESIAN_POINT ( 'NONE',  ( 39.35000000000001563, -4.399999999999876010, 23.89999999999999858 ) ) ;
#1867 = CARTESIAN_POINT ( 'NONE',  ( -40.60000000000003695, 10.27689577749865890, 10.59999999999999964 ) ) ;
#1868 = CARTESIAN_POINT ( 'NONE',  ( -43.04096527429027219, -19.85251873003171852, 10.03000000000000469 ) ) ;
#1869 = EDGE_LOOP ( 'NONE', ( #2765, #2293, #3511, #2720, #2079, #3199, #3756, #558, #596, #3562 ) ) ;
#1870 = PLANE ( 'NONE',  #642 ) ;
#1871 = CARTESIAN_POINT ( 'NONE',  ( -44.10000000000007248, 16.09999999999986287, 12.26666666666666750 ) ) ;
#1872 = CARTESIAN_POINT ( 'NONE',  ( 42.01938072535833868, 19.84601726415412415, 9.599999999999637268 ) ) ;
#1873 = CARTESIAN_POINT ( 'NONE',  ( 43.10000000000006537, -6.217596512550435328, 14.79820372910570825 ) ) ;
#1874 = CARTESIAN_POINT ( 'NONE',  ( 41.36132740147922249, -20.00396021807380009, 7.600000000000002309 ) ) ;
#1875 = EDGE_CURVE ( 'NONE', #1915, #3538, #170, .T. ) ;
#1876 = ORIENTED_EDGE ( 'NONE', *, *, #970, .T. ) ;
#1877 = DIRECTION ( 'NONE',  ( -0.5773502691896270633, -0.5773502691896283956, -0.5773502691896219563 ) ) ;
#1878 = DIRECTION ( 'NONE',  ( 0.000000000000000000, -0.000000000000000000, -1.000000000000000000 ) ) ;
#1879 = CARTESIAN_POINT ( 'NONE',  ( -42.96669950821578965, -19.99404106816163917, 10.03000000000000647 ) ) ;
#1880 = EDGE_CURVE ( 'NONE', #295, #1746, #674, .T. ) ;
#1881 = CARTESIAN_POINT ( 'NONE',  ( 42.20481555856615330, 0.000000000000000000, 9.600000000000001421 ) ) ;
#1882 = ORIENTED_EDGE ( 'NONE', *, *, #2751, .F. ) ;
#1883 = CARTESIAN_POINT ( 'NONE',  ( 38.10000000000005826, 20.10000000000013287, 7.599999999999999645 ) ) ;
#1884 = CARTESIAN_POINT ( 'NONE',  ( 38.73484171501706896, 20.22735090552900772, 10.03000000000000647 ) ) ;
#1885 = CARTESIAN_POINT ( 'NONE',  ( -16.60931060533412307, -10.91566100881696144, 13.60000000000000497 ) ) ;
#1886 = CARTESIAN_POINT ( 'NONE',  ( -40.10000000000006537, -7.686454296869565743E-15, 10.59999999999999964 ) ) ;
#1887 = CARTESIAN_POINT ( 'NONE',  ( -43.22735090552428261, -16.73474969524977496, 10.03000000000000469 ) ) ;
#1888 = ORIENTED_EDGE ( 'NONE', *, *, #507, .F. ) ;
#1889 = FACE_OUTER_BOUND ( 'NONE', #1180, .T. ) ;
#1890 = CARTESIAN_POINT ( 'NONE',  ( 0.000000000000000000, -20.10000000000013642, 7.599999999999999645 ) ) ;
#1891 = CARTESIAN_POINT ( 'NONE',  ( -19.05434651644347710, -5.247889708055539337, 13.60000000000000142 ) ) ;
#1892 = CARTESIAN_POINT ( 'NONE',  ( 43.10000000000006537, -7.010978988583858929, 14.14286790167556163 ) ) ;
#1893 = EDGE_CURVE ( 'NONE', #423, #2966, #3868, .T. ) ;
#1894 = CARTESIAN_POINT ( 'NONE',  ( -39.10000000000009379, 21.09999999999986642, 9.600000000000001421 ) ) ;
#1895 = CARTESIAN_POINT ( 'NONE',  ( -40.10000000000006537, 18.10000000000012221, 10.59999999999999964 ) ) ;
#1896 = AXIS2_PLACEMENT_3D ( 'NONE', #3027, #2714, #540 ) ;
#1897 = CARTESIAN_POINT ( 'NONE',  ( 40.38329560835239818, -7.370777685964858605, 28.60000000000000142 ) ) ;
#1898 = FACE_OUTER_BOUND ( 'NONE', #2494, .T. ) ;
#1899 = EDGE_CURVE ( 'NONE', #2510, #3587, #2053, .T. ) ;
#1900 = CARTESIAN_POINT ( 'NONE',  ( -42.72663500523912461, -20.07343458888375665, 10.03000000000004022 ) ) ;
#1901 = CARTESIAN_POINT ( 'NONE',  ( 41.94571140254451080, 20.00428713161852912, 10.03000000000000647 ) ) ;
#1902 = ORIENTED_EDGE ( 'NONE', *, *, #3494, .F. ) ;
#1903 = CARTESIAN_POINT ( 'NONE',  ( 42.71654195172657609, 20.48402385466824427, 28.60000000000000142 ) ) ;
#1904 = CARTESIAN_POINT ( 'NONE',  ( -9.099999999999951683, 21.09999999999996945, 29.35000000000000142 ) ) ;
#1905 = DIRECTION ( 'NONE',  ( 0.000000000000000000, -0.000000000000000000, 1.000000000000000000 ) ) ;
#1906 = CARTESIAN_POINT ( 'NONE',  ( -19.06596421169042088, 18.60750802217085464, 13.60000000000000320 ) ) ;
#1907 =( BOUNDED_CURVE ( )  B_SPLINE_CURVE ( 2, ( #3203, #1062, #2263 ),
 .UNSPECIFIED., .F., .T. ) 
 B_SPLINE_CURVE_WITH_KNOTS ( ( 3, 3 ),
 ( 0.000000000000000000, 1.000000000000000000 ),
 .UNSPECIFIED. ) 
 CURVE ( )  GEOMETRIC_REPRESENTATION_ITEM ( )  RATIONAL_B_SPLINE_CURVE ( ( 1.000000000000000000, 4.000000000000000888, 1.000000000000000000 ) ) 
 REPRESENTATION_ITEM ( '' )  );
#1908 = CARTESIAN_POINT ( 'NONE',  ( -40.80000000000003979, 10.27689577749865890, 7.600000000000000533 ) ) ;
#1909 = VECTOR ( 'NONE', #1492, 1000.000000000000000 ) ;
#1910 = ORIENTED_EDGE ( 'NONE', *, *, #3699, .F. ) ;
#1911 = DIRECTION ( 'NONE',  ( -1.000000000000000000, -1.112002228190261198E-16, 0.000000000000000000 ) ) ;
#1912 = CARTESIAN_POINT ( 'NONE',  ( -40.09999999999995879, -12.19689577749903542, 10.59999999999999964 ) ) ;
#1913 = DIRECTION ( 'NONE',  ( 3.639200510924877443E-15, -1.000000000000000000, 0.000000000000000000 ) ) ;
#1914 = CARTESIAN_POINT ( 'NONE',  ( -42.88083581185800597, 19.90471379356469583, 7.569999999999995843 ) ) ;
#1915 = VERTEX_POINT ( 'NONE', #3544 ) ;
#1916 = CARTESIAN_POINT ( 'NONE',  ( 41.44838226707532414, -19.99238023628604921, 7.599999999999999645 ) ) ;
#1917 = EDGE_CURVE ( 'NONE', #438, #2827, #2416, .T. ) ;
#1918 = CARTESIAN_POINT ( 'NONE',  ( -42.93560524260701783, 19.98414113284518123, 9.599999999999994316 ) ) ;
#1919 = CARTESIAN_POINT ( 'NONE',  ( -14.09999999999993570, -2.399999999999876010, 12.84999999999999787 ) ) ;
#1920 = CARTESIAN_POINT ( 'NONE',  ( -39.10000000000007248, -21.10000000000013642, 10.93333333333333357 ) ) ;
#1921 = LINE ( 'NONE', #2178, #2940 ) ;
#1922 = CARTESIAN_POINT ( 'NONE',  ( 41.89588082671533442, 20.02861363587701504, 10.03000000000000647 ) ) ;
#1923 = VECTOR ( 'NONE', #3095, 1000.000000000000000 ) ;
#1924 = ORIENTED_EDGE ( 'NONE', *, *, #131, .F. ) ;
#1925 = CARTESIAN_POINT ( 'NONE',  ( 42.43244147772445984, 20.73941876031776488, 28.59999999999999787 ) ) ;
#1926 = CARTESIAN_POINT ( 'NONE',  ( 41.59832728104432675, 19.96895416768791165, 7.599999999999998757 ) ) ;
#1927 = CARTESIAN_POINT ( 'NONE',  ( -11.84999999999993747, -4.399999999999876010, 10.59999999999999787 ) ) ;
#1928 = CARTESIAN_POINT ( 'NONE',  ( -43.86170419352085048, 20.14833751234635528, 13.60000000000000142 ) ) ;
#1929 = CARTESIAN_POINT ( 'NONE',  ( 43.05304772075137976, -18.79246757333006812, 13.60000000000000320 ) ) ;
#1930 = VECTOR ( 'NONE', #3370, 1000.000000000000000 ) ;
#1931 = EDGE_CURVE ( 'NONE', #314, #2695, #2701, .T. ) ;
#1932 = CARTESIAN_POINT ( 'NONE',  ( -44.10000000000007248, -16.10000000000013998, 9.600000000000001421 ) ) ;
#1933 = LINE ( 'NONE', #716, #3620 ) ;
#1934 = EDGE_CURVE ( 'NONE', #456, #2152, #2896, .T. ) ;
#1935 = CARTESIAN_POINT ( 'NONE',  ( -43.15647620516926253, 19.12238420223197721, 10.03000000000000469 ) ) ;
#1936 = ORIENTED_EDGE ( 'NONE', *, *, #2287, .T. ) ;
#1937 = EDGE_CURVE ( 'NONE', #3648, #1218, #1789, .T. ) ;
#1938 = CARTESIAN_POINT ( 'NONE',  ( 40.02616715160935001, -20.08109060486886577, 7.600000000000000533 ) ) ;
#1939 = CARTESIAN_POINT ( 'NONE',  ( 43.06840992987352479, -4.747485147951523210, 28.60000000000000142 ) ) ;
#1940 = CARTESIAN_POINT ( 'NONE',  ( 42.15647620517582084, -19.12238420223613033, 10.03000000000000647 ) ) ;
#1941 = CARTESIAN_POINT ( 'NONE',  ( -13.50976622126243321, 20.68109130947781082, 18.59999999999934772 ) ) ;
#1942 = CARTESIAN_POINT ( 'NONE',  ( 40.10000000000006537, 0.000000000000000000, 10.59999999999999964 ) ) ;
#1943 = CARTESIAN_POINT ( 'NONE',  ( 40.10000000000006537, -18.10000000000013642, 7.599999999999999645 ) ) ;
#1944 = B_SPLINE_SURFACE_WITH_KNOTS ( 'NONE', 1, 3, ( 
 ( #2951, #1745, #3533, #1426, #3837, #2635, #1135, #2341, #847, #2609, #1975, #3219, #3510, #2298, #226, #187, #2547 ),
 ( #1380, #152, #3155, #1055, #820, #3175, #1422, #1716, #1363, #483, #801, #1940, #447, #3196, #2844, #3450, #249 ) ),
 .UNSPECIFIED., .F., .F., .F.,
 ( 2, 2 ),
 ( 4, 3, 2, 2, 2, 2, 2, 4 ),
 ( 0.000000000000000000, 1.000000000000000000 ),
 ( -0.01316216582490097216, 0.000000000000000000, 0.03125000000000000000, 0.06250000000000000000, 0.1250000000000000000, 0.2500000000000000000, 0.5000000000000000000, 1.000000000000000000 ),
 .UNSPECIFIED. ) ;
#1945 = VERTEX_POINT ( 'NONE', #2997 ) ;
#1946 = CARTESIAN_POINT ( 'NONE',  ( -41.71416540257496308, -20.05550665149068124, 7.599999999999998757 ) ) ;
#1947 = DIRECTION ( 'NONE',  ( -0.9986295347545739443, 0.000000000000000000, 0.05233595624294377913 ) ) ;
#1948 = CARTESIAN_POINT ( 'NONE',  ( -19.01418453889694504, 19.53905886478341358, 13.59999999999999964 ) ) ;
#1949 = DIRECTION ( 'NONE',  ( 1.000000000000000000, 0.000000000000000000, 0.000000000000000000 ) ) ;
#1950 = ORIENTED_EDGE ( 'NONE', *, *, #2276, .T. ) ;
#1951 = DIRECTION ( 'NONE',  ( -0.000000000000000000, -1.000000000000000000, -0.000000000000000000 ) ) ;
#1952 = CARTESIAN_POINT ( 'NONE',  ( -43.08708972991263408, 20.88097685546557614, 13.60000000000000142 ) ) ;
#1953 = CARTESIAN_POINT ( 'NONE',  ( 43.10000000000006537, -8.571158652960544799, 13.69662479391860366 ) ) ;
#1954 = CARTESIAN_POINT ( 'NONE',  ( -43.16744729553313675, -18.64194652266697005, 9.600000000000111555 ) ) ;
#1955 = CARTESIAN_POINT ( 'NONE',  ( 40.00747221968425293, -20.08155764929727383, 7.600000000000001421 ) ) ;
#1956 = CARTESIAN_POINT ( 'NONE',  ( 20.60000000000006537, -4.399999999999876010, 0.000000000000000000 ) ) ;
#1957 = AXIS2_PLACEMENT_3D ( 'NONE', #1346, #1015, #1657 ) ;
#1958 = CARTESIAN_POINT ( 'NONE',  ( 42.13401292488034500, -19.12056661060238838, 9.599999999999941025 ) ) ;
#1959 = CARTESIAN_POINT ( 'NONE',  ( 42.00993986119008383, -19.30663401241522337, 7.599999999999999645 ) ) ;
#1960 = ORIENTED_EDGE ( 'NONE', *, *, #662, .T. ) ;
#1961 =( BOUNDED_CURVE ( )  B_SPLINE_CURVE ( 3, ( #1140, #3863, #2367, #2620, #280, #2309, #3539 ),
 .UNSPECIFIED., .F., .T. ) 
 B_SPLINE_CURVE_WITH_KNOTS ( ( 4, 3, 4 ),
 ( 4.712388980384689674, 6.505039071834453068, 8.297689163284216463 ),
 .UNSPECIFIED. ) 
 CURVE ( )  GEOMETRIC_REPRESENTATION_ITEM ( )  RATIONAL_B_SPLINE_CURVE ( ( 1.000000000000000000, 0.7496563032400281879, 0.7496563032400281879, 1.000000000000000000, 0.7496563032400281879, 0.7496563032400281879, 1.000000000000000000 ) ) 
 REPRESENTATION_ITEM ( '' )  );
#1962 = CARTESIAN_POINT ( 'NONE',  ( -42.36814086330063134, -20.00274248370658015, 7.599999999999996980 ) ) ;
#1963 = CARTESIAN_POINT ( 'NONE',  ( -14.07837550577976415, -4.447040020170498487, 28.59999999999999432 ) ) ;
#1964 = CARTESIAN_POINT ( 'NONE',  ( 43.10000000000006537, -2.399999999999876010, 28.59999999999999432 ) ) ;
#1965 = LINE ( 'NONE', #3459, #1358 ) ;
#1966 = ORIENTED_EDGE ( 'NONE', *, *, #340, .F. ) ;
#1967 = CARTESIAN_POINT ( 'NONE',  ( 40.63684803176915494, -20.06115651372262576, 7.569999999999995843 ) ) ;
#1968 = CARTESIAN_POINT ( 'NONE',  ( -43.07265072837497399, 20.88525032197448184, 13.60000000000000320 ) ) ;
#1969 = CARTESIAN_POINT ( 'NONE',  ( -41.99338584793494533, 20.03778840825122387, 7.599999999999999645 ) ) ;
#1970 = CARTESIAN_POINT ( 'NONE',  ( -43.18995682187602370, 18.64347490967696430, 10.03000000000000469 ) ) ;
#1971 = CARTESIAN_POINT ( 'NONE',  ( -41.64239511823488016, -20.16744196330536099, 9.599999999999960565 ) ) ;
#1972 = CARTESIAN_POINT ( 'NONE',  ( 41.68693554138101121, -12.30245957142576074, 13.60000000000000320 ) ) ;
#1973 = CARTESIAN_POINT ( 'NONE',  ( -14.09999999999993570, -7.399999999999876010, 29.34999999999999787 ) ) ;
#1974 = CARTESIAN_POINT ( 'NONE',  ( -42.98954201474521142, 19.47021393932177347, 7.600000000000001421 ) ) ;
#1975 = CARTESIAN_POINT ( 'NONE',  ( 42.01447571161060068, -19.26981359787242809, 7.569999999999999396 ) ) ;
#1976 = DIRECTION ( 'NONE',  ( 1.000000000000000000, 0.000000000000000000, 0.000000000000000000 ) ) ;
#1977 = EDGE_CURVE ( 'NONE', #279, #1455, #3473, .T. ) ;
#1978 = CARTESIAN_POINT ( 'NONE',  ( 42.03413186303280469, -19.04627819791375032, 7.599999999999999645 ) ) ;
#1979 = VERTEX_POINT ( 'NONE', #875 ) ;
#1980 = CARTESIAN_POINT ( 'NONE',  ( -18.13196673330915587, 21.09999999999994102, 13.60000000000001030 ) ) ;
#1981 = PLANE ( 'NONE',  #2587 ) ;
#1982 = FACE_OUTER_BOUND ( 'NONE', #2253, .T. ) ;
#1983 = CARTESIAN_POINT ( 'NONE',  ( -44.10000000000007248, -16.10000000000013642, 13.60000000000000142 ) ) ;
#1984 = VECTOR ( 'NONE', #350, 1000.000000000000000 ) ;
#1985 = EDGE_LOOP ( 'NONE', ( #86, #1505, #2139, #1543 ) ) ;
#1986 = CARTESIAN_POINT ( 'NONE',  ( -39.10000000000007248, -21.10000000000013642, 7.299999999999998934 ) ) ;
#1987 = CARTESIAN_POINT ( 'NONE',  ( -42.53988389866402997, 20.98901496049324678, 13.60000000000000320 ) ) ;
#1988 = CARTESIAN_POINT ( 'NONE',  ( -41.04353198704105665, 20.08065053179276305, 7.600000000000001421 ) ) ;
#1989 = CARTESIAN_POINT ( 'NONE',  ( 40.60000000000006537, 0.000000000000000000, 7.599999999999999645 ) ) ;
#1990 = AXIS2_PLACEMENT_3D ( 'NONE', #2240, #2042, #3243 ) ;
#1991 = ORIENTED_EDGE ( 'NONE', *, *, #679, .T. ) ;
#1992 = CARTESIAN_POINT ( 'NONE',  ( 39.12616797110206335, -20.09603600301727866, 7.599999999999996092 ) ) ;
#1993 = CARTESIAN_POINT ( 'NONE',  ( 41.91518271912298843, -12.27896583797028462, 13.60000000000000142 ) ) ;
#1994 = CARTESIAN_POINT ( 'NONE',  ( 43.10000000000006537, -2.399999999999876010, 28.59999999999999432 ) ) ;
#1995 = CARTESIAN_POINT ( 'NONE',  ( -42.99905485595741794, 19.39777772585443572, 7.599999999999996980 ) ) ;
#1996 = EDGE_CURVE ( 'NONE', #1248, #1455, #2108, .T. ) ;
#1997 = CARTESIAN_POINT ( 'NONE',  ( -13.87792143096270792, 21.09999999999995524, 14.04639752435157973 ) ) ;
#1998 = CARTESIAN_POINT ( 'NONE',  ( -40.10000000000006537, -7.686454296869565743E-15, 10.59999999999999964 ) ) ;
#1999 = CARTESIAN_POINT ( 'NONE',  ( 41.95760772477650136, -19.65726608445660872, 7.600000000000001421 ) ) ;
#2000 = ORIENTED_EDGE ( 'NONE', *, *, #2449, .F. ) ;
#2001 = CARTESIAN_POINT ( 'NONE',  ( -40.03497541068562526, -20.09681646764391161, 7.600000000000000533 ) ) ;
#2002 = CARTESIAN_POINT ( 'NONE',  ( -14.04485155126598706, -5.259420140603189076, 28.59999999999998366 ) ) ;
#2003 = CARTESIAN_POINT ( 'NONE',  ( -14.09999999999993570, 3.766666666666745211, 18.60000000000000142 ) ) ;
#2004 = CARTESIAN_POINT ( 'NONE',  ( 43.10000000000006537, -16.10000000000013642, 9.600000000000001421 ) ) ;
#2005 = VERTEX_POINT ( 'NONE', #3828 ) ;
#2006 = CARTESIAN_POINT ( 'NONE',  ( 0.000000000000000000, 0.000000000000000000, 25.59999999999999787 ) ) ;
#2007 = CARTESIAN_POINT ( 'NONE',  ( -40.79999999999996163, -11.69689577749904430, 7.600000000000000533 ) ) ;
#2008 =( LENGTH_UNIT ( ) NAMED_UNIT ( * ) SI_UNIT ( .MILLI., .METRE. ) );
#2009 = CARTESIAN_POINT ( 'NONE',  ( -40.12616797110053568, 20.09603600301917936, 7.600000000000001421 ) ) ;
#2010 = CARTESIAN_POINT ( 'NONE',  ( 41.95587090975503486, 19.66583689297323190, 7.600000000000001421 ) ) ;
#2011 =( BOUNDED_CURVE ( )  B_SPLINE_CURVE ( 2, ( #1031, #1362, #1014 ),
 .UNSPECIFIED., .F., .F. ) 
 B_SPLINE_CURVE_WITH_KNOTS ( ( 3, 3 ),
 ( 0.000000000000000000, 0.009199074514668573177 ),
 .UNSPECIFIED. ) 
 CURVE ( )  GEOMETRIC_REPRESENTATION_ITEM ( )  RATIONAL_B_SPLINE_CURVE ( ( 1.000000000000000000, 4.000000000000000000, 1.000000000000000000 ) ) 
 REPRESENTATION_ITEM ( '' )  );
#2012 = ORIENTED_EDGE ( 'NONE', *, *, #2884, .T. ) ;
#2013 = CARTESIAN_POINT ( 'NONE',  ( -42.94666447902488926, -19.97874451843241062, 9.599999999999964118 ) ) ;
#2014 = DIRECTION ( 'NONE',  ( -1.000000000000000000, -0.000000000000000000, 0.000000000000000000 ) ) ;
#2015 = CARTESIAN_POINT ( 'NONE',  ( -13.09664412391376231, 20.87811096940452771, 28.59999999999999787 ) ) ;
#2016 = ORIENTED_EDGE ( 'NONE', *, *, #1052, .F. ) ;
#2017 = CARTESIAN_POINT ( 'NONE',  ( -13.03273165817851442, 21.09999999999994458, 14.69120188050503550 ) ) ;
#2018 = CARTESIAN_POINT ( 'NONE',  ( 40.82591600508796859, -7.353366533305972119, 18.60000000000065512 ) ) ;
#2019 = ADVANCED_FACE ( 'NONE', ( #3601 ), #839, .F. ) ;
#2020 = CARTESIAN_POINT ( 'NONE',  ( 42.04099958132683668, -18.94809031714707714, 7.600000000000000533 ) ) ;
#2021 = ORIENTED_EDGE ( 'NONE', *, *, #2581, .T. ) ;
#2022 = EDGE_CURVE ( 'NONE', #3867, #718, #2032, .T. ) ;
#2023 = CARTESIAN_POINT ( 'NONE',  ( -42.59832728104109378, -19.96895416768800402, 7.599999999999997868 ) ) ;
#2024 = DIRECTION ( 'NONE',  ( -0.000000000000000000, 0.000000000000000000, 1.000000000000000000 ) ) ;
#2025 = CARTESIAN_POINT ( 'NONE',  ( -44.08542865622445817, -17.87180854711649047, 13.59999999999999964 ) ) ;
#2026 = ORIENTED_EDGE ( 'NONE', *, *, #2590, .T. ) ;
#2027 = CARTESIAN_POINT ( 'NONE',  ( 42.02802452186451632, 19.11145600558954882, 7.569999999999995843 ) ) ;
#2028 = CARTESIAN_POINT ( 'NONE',  ( 43.10000000000006537, 16.10000000000013287, 6.550000000000000711 ) ) ;
#2029 = CARTESIAN_POINT ( 'NONE',  ( 0.000000000000000000, 0.000000000000000000, 28.59999999999999787 ) ) ;
#2030 = CARTESIAN_POINT ( 'NONE',  ( -14.09999999999993570, 9.933333333333354886, 18.60000000000000142 ) ) ;
#2031 = VERTEX_POINT ( 'NONE', #245 ) ;
#2032 = LINE ( 'NONE', #3563, #3423 ) ;
#2033 = CARTESIAN_POINT ( 'NONE',  ( -40.10000000000006537, 18.10000000000012221, 10.59999999999999964 ) ) ;
#2034 = CARTESIAN_POINT ( 'NONE',  ( -14.06840992987347860, 18.44748514795118766, 28.59999999999999432 ) ) ;
#2035 = CARTESIAN_POINT ( 'NONE',  ( -42.95868652844742286, 19.65190566093137647, 7.600000000000001421 ) ) ;
#2036 = DIRECTION ( 'NONE',  ( 1.000000000000000000, 3.491481338843133750E-15, 0.000000000000000000 ) ) ;
#2037 = EDGE_CURVE ( 'NONE', #2115, #3807, #1860, .T. ) ;
#2038 = ADVANCED_BREP_SHAPE_REPRESENTATION ( 'Cover', ( #1734, #3399 ), #1171 ) ;
#2039 = ORIENTED_EDGE ( 'NONE', *, *, #2220, .T. ) ;
#2040 = CARTESIAN_POINT ( 'NONE',  ( 0.000000000000000000, -20.20481555856621725, 9.600000000000001421 ) ) ;
#2041 = CARTESIAN_POINT ( 'NONE',  ( 42.99646271450217228, -5.809769239196250545, 18.60000000000065512 ) ) ;
#2042 = DIRECTION ( 'NONE',  ( 1.000000000000000000, 1.916821520416347353E-16, -0.000000000000000000 ) ) ;
#2043 = ORIENTED_EDGE ( 'NONE', *, *, #2276, .F. ) ;
#2044 = CARTESIAN_POINT ( 'NONE',  ( -15.19735700747579088, 21.09999999999994813, 13.70476986548290554 ) ) ;
#2045 = CARTESIAN_POINT ( 'NONE',  ( -14.07131387799090660, -4.668200794619387750, 28.60000000000000142 ) ) ;
#2046 = CARTESIAN_POINT ( 'NONE',  ( -40.08448482970813131, -21.10000000000013642, 13.60000000000000320 ) ) ;
#2047 = ORIENTED_EDGE ( 'NONE', *, *, #1996, .F. ) ;
#2048 = CARTESIAN_POINT ( 'NONE',  ( 41.94728329632101804, 19.70005921271669180, 7.569999999999999396 ) ) ;
#2049 = CARTESIAN_POINT ( 'NONE',  ( 41.96816119399191791, -19.96834341766045640, 9.600000000000001421 ) ) ;
#2050 = CARTESIAN_POINT ( 'NONE',  ( -41.01456311779851660, 20.08138178950364150, 7.600000000000001421 ) ) ;
#2051 = DIRECTION ( 'NONE',  ( 1.916821520416347599E-16, -1.000000000000000000, 0.000000000000000000 ) ) ;
#2052 = VERTEX_POINT ( 'NONE', #1437 ) ;
#2053 = LINE ( 'NONE', #1414, #1909 ) ;
#2054 = VECTOR ( 'NONE', #361, 1000.000000000000000 ) ;
#2055 = B_SPLINE_CURVE_WITH_KNOTS ( 'NONE', 3,
 ( #1328, #505, #428, #1618, #2529, #3731, #2629, #2963, #2899, #3888, #1397, #3274, #3237, #1183, #2981, #1130, #2607, #545, #3509, #841, #1475, #2336, #3810, #1112, #2058, #1737, #2944, #2318, #2015, #247, #1695, #3546, #819, #894, #286, #2375, #567, #2075, #2683, #1758, #206, #269, #1439, #2092, #2650, #2391, #3584, #3292, #3830, #1458, #3217, #525, #2922, #1776, #2034, #2667, #3526, #3851, #3870, #224, #1148, #1713 ),
 .UNSPECIFIED., .F., .F.,
 ( 4, 1, 1, 1, 1, 1, 1, 1, 2, 2, 1, 1, 1, 1, 1, 1, 2, 2, 1, 1, 1, 1, 2, 2, 2, 1, 1, 1, 1, 2, 2, 1, 1, 1, 1, 1, 2, 2, 1, 1, 1, 1, 1, 1, 2, 2, 4 ),
 ( 0.000000000000000000, 0.1250000000000490163, 0.1875000000000732470, 0.2187500000000853484, 0.2343750000000910383, 0.2421875000000935363, 0.2460937500000943967, 0.2480468750000944245, 0.2490234375000944245, 0.2500000000000944245, 0.3125000000000939249, 0.3437500000000937028, 0.3593750000000933142, 0.3671875000000930922, 0.3710937500000924816, 0.3730468750000917599, 0.3740234375000917599, 0.3750000000000917599, 0.4062500000001042499, 0.4218750000001104672, 0.4296875000001131317, 0.4335937500001147971, 0.4355468750001161293, 0.4375000000001174061, 0.5000000000001589839, 0.5312500000001805223, 0.5468750000001917355, 0.5546875000001971756, 0.5585937500001999512, 0.5605468750002018385, 0.5625000000002037259, 0.5937500000002220446, 0.6093750000002311484, 0.6171875000002362555, 0.6210937500002382539, 0.6230468750002392531, 0.6240234375002391420, 0.6250000000002390310, 0.6875000000001898481, 0.7187500000001658673, 0.7343750000001543210, 0.7421875000001485478, 0.7460937500001462164, 0.7480468750001449951, 0.7490234375001448841, 0.7500000000001446621, 1.000000000000000000 ),
 .UNSPECIFIED. ) ;
#2056 = CIRCLE ( 'NONE', #2805, 0.7500000000000006661 ) ;
#2057 = CARTESIAN_POINT ( 'NONE',  ( -10.34999999999993570, 18.09999999999996234, 25.59999999999999787 ) ) ;
#2058 = CARTESIAN_POINT ( 'NONE',  ( -12.96631460140416081, 20.91392182096149810, 28.59999999999999787 ) ) ;
#2059 = CARTESIAN_POINT ( 'NONE',  ( -43.04450687065116909, 18.89628922576831371, 7.599999999999998757 ) ) ;
#2060 = EDGE_CURVE ( 'NONE', #3667, #3530, #2760, .T. ) ;
#2061 = CARTESIAN_POINT ( 'NONE',  ( -7.367025624959012011E-14, 21.10000000000000142, 9.600000000000001421 ) ) ;
#2062 = VERTEX_POINT ( 'NONE', #692 ) ;
#2063 = CARTESIAN_POINT ( 'NONE',  ( -10.34999999999993570, 18.09999999999996589, 27.72132034355963981 ) ) ;
#2064 = CARTESIAN_POINT ( 'NONE',  ( 43.06335781416353825, -5.083671935308151646, 18.59999999999870823 ) ) ;
#2065 = CARTESIAN_POINT ( 'NONE',  ( -14.50548556482656792, 21.09999999999994813, 13.81821124060570583 ) ) ;
#2066 = CARTESIAN_POINT ( 'NONE',  ( -11.49873699103321911, -7.366416837017388808, 28.60000000000000497 ) ) ;
#2067 = CARTESIAN_POINT ( 'NONE',  ( 0.000000000000000000, 0.000000000000000000, 10.59999999999999964 ) ) ;
#2068 = VERTEX_POINT ( 'NONE', #3033 ) ;
#2069 = CARTESIAN_POINT ( 'NONE',  ( -40.09999999999995879, -12.19689577749903187, 7.600000000000000533 ) ) ;
#2070 = CARTESIAN_POINT ( 'NONE',  ( 41.84601726414736333, -20.01938072536067281, 9.600000000000004974 ) ) ;
#2071 = CARTESIAN_POINT ( 'NONE',  ( 42.87219128650729516, -20.11584027700497401, 13.60000000000000675 ) ) ;
#2072 = ORIENTED_EDGE ( 'NONE', *, *, #3377, .F. ) ;
#2073 = CARTESIAN_POINT ( 'NONE',  ( 38.10000000000005116, 21.10000000000013287, 15.93333333333333357 ) ) ;
#2074 = CARTESIAN_POINT ( 'NONE',  ( -43.10000000000006537, -16.10000000000013642, 7.599999999999999645 ) ) ;
#2075 = CARTESIAN_POINT ( 'NONE',  ( -13.86802747807821667, 20.12889382622917367, 28.60000000000000497 ) ) ;
#2076 = EDGE_CURVE ( 'NONE', #2733, #2758, #2167, .T. ) ;
#2077 = CARTESIAN_POINT ( 'NONE',  ( 43.10000000000006537, -4.612663006541509070, 16.38089674934328244 ) ) ;
#2078 = CARTESIAN_POINT ( 'NONE',  ( -13.35288200034257322, -12.22411337736470038, 13.60000000000000142 ) ) ;
#2079 = ORIENTED_EDGE ( 'NONE', *, *, #1203, .T. ) ;
#2080 = DIRECTION ( 'NONE',  ( 0.000000000000000000, 0.000000000000000000, 1.000000000000000000 ) ) ;
#2081 = CARTESIAN_POINT ( 'NONE',  ( 42.60661465332932352, -6.895908991381054953, 13.60000000000097486 ) ) ;
#2082 = CARTESIAN_POINT ( 'NONE',  ( -14.06728830651953999, 18.52030516780959601, 18.60000000000065157 ) ) ;
#2083 = CARTESIAN_POINT ( 'NONE',  ( -42.39755730794150423, -21.00743052737021443, 13.59999999999999964 ) ) ;
#2084 = ORIENTED_EDGE ( 'NONE', *, *, #1880, .F. ) ;
#2085 = CARTESIAN_POINT ( 'NONE',  ( 42.22735090365785737, 16.10000000000013287, 10.03000000000000469 ) ) ;
#2086 = VECTOR ( 'NONE', #1276, 1000.000000000000000 ) ;
#2087 = CARTESIAN_POINT ( 'NONE',  ( 38.10000000000007248, -7.399999999999876010, 23.85000000000000142 ) ) ;
#2088 = CARTESIAN_POINT ( 'NONE',  ( 40.36820079461961797, -21.07131387799110911, 13.60000000000000142 ) ) ;
#2089 = ORIENTED_EDGE ( 'NONE', *, *, #416, .F. ) ;
#2090 = CARTESIAN_POINT ( 'NONE',  ( -40.60000000000003695, 10.77689577749865890, 10.59999999999999964 ) ) ;
#2091 = CARTESIAN_POINT ( 'NONE',  ( -43.03778840825295049, -18.99338584792812057, 7.599999999999999645 ) ) ;
#2092 = CARTESIAN_POINT ( 'NONE',  ( -13.97576400432714472, 19.63667213872622241, 28.59999999999999432 ) ) ;
#2093 = CARTESIAN_POINT ( 'NONE',  ( -42.89745817072435585, 20.02770028261242530, 10.03000000000000469 ) ) ;
#2094 = CARTESIAN_POINT ( 'NONE',  ( -19.06587418865812467, -4.910246549983052766, 13.60000000000000320 ) ) ;
#2095 = ORIENTED_EDGE ( 'NONE', *, *, #1875, .T. ) ;
#2096 = CARTESIAN_POINT ( 'NONE',  ( -11.84999999999993747, 18.09999999999995879, 27.72132034355963981 ) ) ;
#2097 = CARTESIAN_POINT ( 'NONE',  ( 40.82591600510918539, -7.353366533588553189, 13.60000000000097664 ) ) ;
#2098 = ADVANCED_FACE ( 'NONE', ( #2467 ), #1244, .T. ) ;
#2099 = CARTESIAN_POINT ( 'NONE',  ( -15.59516088367128894, 25.25866404504686002, 13.59999999999999076 ) ) ;
#2100 = CARTESIAN_POINT ( 'NONE',  ( -43.81003976634934816, -20.31763701899091146, 13.60000000000000142 ) ) ;
#2101 = EDGE_CURVE ( 'NONE', #634, #1199, #2796, .T. ) ;
#2102 = ORIENTED_EDGE ( 'NONE', *, *, #418, .T. ) ;
#2103 = CARTESIAN_POINT ( 'NONE',  ( 42.06364008707043212, 19.76978910883077134, 10.03000000000000469 ) ) ;
#2104 = CARTESIAN_POINT ( 'NONE',  ( 43.00416956306165872, 19.41380356356811276, 28.59999999999998721 ) ) ;
#2105 = DIRECTION ( 'NONE',  ( 0.000000000000000000, 0.000000000000000000, 1.000000000000000000 ) ) ;
#2106 = CARTESIAN_POINT ( 'NONE',  ( 42.07265072837109443, -20.88525032197564713, 13.60000000000000142 ) ) ;
#2107 = ORIENTED_EDGE ( 'NONE', *, *, #210, .F. ) ;
#2108 = LINE ( 'NONE', #3235, #3352 ) ;
#2109 = CARTESIAN_POINT ( 'NONE',  ( -42.88984178720487250, -19.88984571103815213, 7.599999999999999645 ) ) ;
#2110 = CARTESIAN_POINT ( 'NONE',  ( -13.73761349851703883, -6.726680365418904906, 18.60000000000061249 ) ) ;
#2111 = CARTESIAN_POINT ( 'NONE',  ( -43.00737088955448684, 19.97436538983444620, 10.03000000000000469 ) ) ;
#2112 = VECTOR ( 'NONE', #3751, 1000.000000000000000 ) ;
#2113 = CARTESIAN_POINT ( 'NONE',  ( -18.32382501293497157, -8.735286589503465038, 13.60000000000000497 ) ) ;
#2114 = VECTOR ( 'NONE', #2295, 1000.000000000000000 ) ;
#2115 = VERTEX_POINT ( 'NONE', #336 ) ;
#2116 = CARTESIAN_POINT ( 'NONE',  ( 11.56666666666665400, -11.43333333333330515, 19.81666666666668419 ) ) ;
#2117 = CARTESIAN_POINT ( 'NONE',  ( 48.06624690466745875, -5.282150512976111045, 13.60000000000000497 ) ) ;
#2118 = B_SPLINE_CURVE_WITH_KNOTS ( 'NONE', 3,
 ( #5, #984, #3322, #2463, #1527, #966, #3065, #76, #2162, #2755, #39, #1240, #2443, #3638, #57, #3361, #668, #372, #2482, #3676, #687, #2849, #392, #1626, #410, #3739, #2280, #1605, #748, #765, #1077, #1004, #2554, #1315, #1644, #158, #1584, #3397, #1926, #469, #3758, #1296, #1060, #3143, #3417, #2203, #708 ),
 .UNSPECIFIED., .F., .F.,
 ( 4, 1, 1, 1, 1, 1, 2, 2, 1, 1, 1, 1, 1, 2, 2, 1, 1, 1, 1, 1, 2, 2, 1, 1, 1, 1, 2, 2, 1, 1, 1, 1, 2, 2, 4 ),
 ( 0.000000000000000000, 0.1249999999999483191, 0.1874999999999224787, 0.2187499999999066025, 0.2343749999999017730, 0.2421874999998961664, 0.2460937499998933908, 0.2499999999998906153, 0.3749999999997304934, 0.4374999999996504463, 0.4687499999996103672, 0.4843749999995903277, 0.4921874999995803357, 0.4960937499995782818, 0.4999999999995762279, 0.6249999999996046496, 0.6874999999996188604, 0.7187499999996258548, 0.7343749999996325162, 0.7421874999996358468, 0.7460937499996408429, 0.7499999999996457278, 0.8124999999997678524, 0.8437499999998315792, 0.8593749999998604450, 0.8671874999998779865, 0.8710937499998867573, 0.8749999999998955280, 0.9062499999999553690, 0.9218749999999827915, 0.9296874999999967804, 0.9335937500000007772, 0.9355468750000031086, 0.9375000000000054401, 1.000000000000000000 ),
 .UNSPECIFIED. ) ;
#2119 = CARTESIAN_POINT ( 'NONE',  ( -15.90918226484434150, 21.09999999999994458, 13.65037086662405663 ) ) ;
#2120 = CARTESIAN_POINT ( 'NONE',  ( -14.05336653358780907, 18.82591600510842866, 13.60000000000001208 ) ) ;
#2121 = CYLINDRICAL_SURFACE ( 'NONE', #1799, 0.7500000000000006661 ) ;
#2122 = CARTESIAN_POINT ( 'NONE',  ( 42.09603600301844040, 17.12616797109691547, 7.600000000000000533 ) ) ;
#2123 = VERTEX_POINT ( 'NONE', #397 ) ;
#2124 = CARTESIAN_POINT ( 'NONE',  ( 43.10000000000006537, -7.399999999999876010, 23.85000000000000853 ) ) ;
#2125 = CARTESIAN_POINT ( 'NONE',  ( -42.88984571103569010, 19.88984178720644991, 7.599999999999999645 ) ) ;
#2126 = CARTESIAN_POINT ( 'NONE',  ( 41.51270507531358334, -20.99246996001846099, 13.60000000000000320 ) ) ;
#2127 = ORIENTED_EDGE ( 'NONE', *, *, #2919, .F. ) ;
#2128 = DIRECTION ( 'NONE',  ( -0.5773502691896278405, 0.5773502691896278405, -0.5773502691896217343 ) ) ;
#2129 = CARTESIAN_POINT ( 'NONE',  ( -44.10000000000007248, 16.09999999999986287, 13.60000000000000142 ) ) ;
#2130 = CARTESIAN_POINT ( 'NONE',  ( -13.92324478098061569, -6.292793638365240305, 18.60000000000246700 ) ) ;
#2131 = CARTESIAN_POINT ( 'NONE',  ( -40.37014037219612561, 20.22463167850211008, 10.03000000000000469 ) ) ;
#2132 = EDGE_LOOP ( 'NONE', ( #2229, #3014, #2160, #196, #3484, #713, #1525, #2664, #49, #3100, #641, #2675 ) ) ;
#2133 = CARTESIAN_POINT ( 'NONE',  ( 42.89929146666646886, -6.327630887656066072, 28.60000000000001208 ) ) ;
#2134 = CARTESIAN_POINT ( 'NONE',  ( 40.52030516778427227, -7.367288305791248604, 13.59999999999999076 ) ) ;
#2135 =( BOUNDED_CURVE ( )  B_SPLINE_CURVE ( 2, ( #174, #3496, #2260 ),
 .UNSPECIFIED., .F., .T. ) 
 B_SPLINE_CURVE_WITH_KNOTS ( ( 3, 3 ),
 ( 0.000000000000000000, 1.000000000000000000 ),
 .UNSPECIFIED. ) 
 CURVE ( )  GEOMETRIC_REPRESENTATION_ITEM ( )  RATIONAL_B_SPLINE_CURVE ( ( 1.000000000000000000, 4.000000000000000888, 1.000000000000000000 ) ) 
 REPRESENTATION_ITEM ( '' )  );
#2136 = CARTESIAN_POINT ( 'NONE',  ( -13.34810984021186897, 20.78162464621473404, 13.60000000000256648 ) ) ;
#2137 = FACE_OUTER_BOUND ( 'NONE', #1151, .T. ) ;
#2138 = CARTESIAN_POINT ( 'NONE',  ( 42.00396021806813707, 19.36132740151888498, 7.600000000000001421 ) ) ;
#2139 = ORIENTED_EDGE ( 'NONE', *, *, #1167, .T. ) ;
#2140 = EDGE_CURVE ( 'NONE', #14, #74, #635, .T. ) ;
#2141 = CARTESIAN_POINT ( 'NONE',  ( 41.54258782409764450, 20.98866520347227649, 28.60000000000000142 ) ) ;
#2142 = CARTESIAN_POINT ( 'NONE',  ( -9.099999999999951683, 21.09999999999996945, 21.93333333333413293 ) ) ;
#2143 = CARTESIAN_POINT ( 'NONE',  ( -11.94550832070212287, -12.35445643760323620, 13.60000000000000497 ) ) ;
#2144 = CARTESIAN_POINT ( 'NONE',  ( 40.39456583594493111, -21.07037261525421101, 13.60000000000000142 ) ) ;
#2145 = VERTEX_POINT ( 'NONE', #2721 ) ;
#2146 = LINE ( 'NONE', #2425, #271 ) ;
#2147 = VECTOR ( 'NONE', #2179, 1000.000000000000000 ) ;
#2148 = CARTESIAN_POINT ( 'NONE',  ( -43.08109060486859221, -18.02616715161314787, 7.599999999999999645 ) ) ;
#2149 = CARTESIAN_POINT ( 'NONE',  ( 42.04175772303017311, 19.76437442640802900, 9.599999999999637268 ) ) ;
#2150 = CARTESIAN_POINT ( 'NONE',  ( -39.10000000000008669, 20.22735090365765132, 10.03000000000000469 ) ) ;
#2151 = CARTESIAN_POINT ( 'NONE',  ( 41.43092493447596070, -19.99474113930533647, 7.600000000000000533 ) ) ;
#2152 = VERTEX_POINT ( 'NONE', #1530 ) ;
#2153 = CARTESIAN_POINT ( 'NONE',  ( 40.39402075846344076, -7.370392118181074537, 28.60000000000000497 ) ) ;
#2154 = CARTESIAN_POINT ( 'NONE',  ( 38.10000000000007248, -12.39999999999987601, 13.60000000000000142 ) ) ;
#2155 = EDGE_CURVE ( 'NONE', #2213, #74, #26, .T. ) ;
#2156 = PRODUCT_DEFINITION ( 'UNKNOWN', '', #1829, #233 ) ;
#2157 = CARTESIAN_POINT ( 'NONE',  ( -18.02723871807398126, 23.01467376633463147, 13.59999999999999787 ) ) ;
#2158 = CARTESIAN_POINT ( 'NONE',  ( 42.20481555856616041, -16.10000000000012932, 9.600000000000001421 ) ) ;
#2159 = CARTESIAN_POINT ( 'NONE',  ( -10.34999999999993570, 18.09999999999996234, 7.599999999999999645 ) ) ;
#2160 = ORIENTED_EDGE ( 'NONE', *, *, #790, .F. ) ;
#2161 = CARTESIAN_POINT ( 'NONE',  ( 41.72889785855804945, 20.96164780066053623, 28.59999999999999432 ) ) ;
#2162 = CARTESIAN_POINT ( 'NONE',  ( 39.04334377585839633, 20.09674837066001274, 7.599999999999998757 ) ) ;
#2163 = LINE ( 'NONE', #1867, #1600 ) ;
#2164 = CARTESIAN_POINT ( 'NONE',  ( 43.10000000000006537, 16.10000000000013287, 9.600000000000001421 ) ) ;
#2165 = EDGE_CURVE ( 'NONE', #541, #227, #1482, .T. ) ;
#2166 = ORIENTED_EDGE ( 'NONE', *, *, #2987, .F. ) ;
#2167 = LINE ( 'NONE', #1568, #2925 ) ;
#2168 = B_SPLINE_CURVE_WITH_KNOTS ( 'NONE', 3,
 ( #3597, #1158, #2369, #1488, #3540, #872, #928, #332, #1770, #2677, #3882, #2992, #2386, #907, #3286, #2104, #3302, #1805, #1507, #2716, #22, #631, #3843, #2349, #2442, #2481, #1865, #983, #38, #3123, #116, #1903, #1020, #1925, #1604, #3101, #3396, #3047, #2790, #371, #433, #3064, #2161, #3360, #1295, #2222, #1239, #1562, #2141, #2735, #409, #2181, #2462, #2754, #2773, #3379, #686, #75, #3719, #3416, #1275, #3342 ),
 .UNSPECIFIED., .F., .F.,
 ( 4, 1, 1, 1, 1, 1, 1, 1, 2, 2, 1, 1, 1, 1, 1, 1, 2, 2, 1, 1, 1, 1, 2, 2, 2, 1, 1, 1, 1, 2, 2, 1, 1, 1, 1, 1, 2, 2, 1, 1, 1, 1, 1, 1, 2, 2, 4 ),
 ( 0.000000000000000000, 0.1249999999999662492, 0.1874999999999487910, 0.2187499999999401035, 0.2343749999999350242, 0.2421874999999332478, 0.2460937499999323597, 0.2480468749999319711, 0.2490234374999318601, 0.2499999999999317213, 0.3124999999999219513, 0.3437499999999171774, 0.3593749999999154010, 0.3671874999999145128, 0.3710937499999135136, 0.3730468749999120703, 0.3740234374999123479, 0.3749999999999125699, 0.4062499999999257816, 0.4218749999999326095, 0.4296874999999354405, 0.4335937499999368283, 0.4355468749999374944, 0.4374999999999382161, 0.4999999999999742428, 0.5312499999999927836, 0.5468750000000029976, 0.5546875000000091038, 0.5585937500000131006, 0.5605468750000163203, 0.5625000000000194289, 0.5937500000000587308, 0.6093750000000782707, 0.6171875000000870415, 0.6210937500000913714, 0.6230468750000927036, 0.6240234375000933698, 0.6250000000000941469, 0.6875000000000695000, 0.7187500000000571765, 0.7343750000000499600, 0.7421875000000454081, 0.7460937500000440759, 0.7480468750000425215, 0.7490234375000416334, 0.7500000000000408562, 1.000000000000000000 ),
 .UNSPECIFIED. ) ;
#2169 = DIRECTION ( 'NONE',  ( 0.000000000000000000, 0.000000000000000000, 1.000000000000000000 ) ) ;
#2170 = CARTESIAN_POINT ( 'NONE',  ( -12.45772195427004547, -7.301939379858431778, 18.59999999999938325 ) ) ;
#2171 = CARTESIAN_POINT ( 'NONE',  ( 43.10000000000007248, -6.476669318891875804, 14.56003241732529396 ) ) ;
#2172 = CARTESIAN_POINT ( 'NONE',  ( 41.88984571103283372, -19.88984178720754059, 7.599999999999999645 ) ) ;
#2173 = ORIENTED_EDGE ( 'NONE', *, *, #3309, .F. ) ;
#2174 = CARTESIAN_POINT ( 'NONE',  ( 42.08708972991122010, -7.180976855465962316, 28.60000000000000497 ) ) ;
#2175 = ADVANCED_FACE ( 'NONE', ( #1889 ), #1588, .T. ) ;
#2176 = VECTOR ( 'NONE', #3154, 1000.000000000000000 ) ;
#2177 = DIRECTION ( 'NONE',  ( -1.916821520416347353E-16, 1.000000000000000000, 0.000000000000000000 ) ) ;
#2178 = CARTESIAN_POINT ( 'NONE',  ( 0.000000000000000000, -7.399999999999876010, 28.59999999999999787 ) ) ;
#2179 = DIRECTION ( 'NONE',  ( -0.000000000000000000, -0.000000000000000000, -1.000000000000000000 ) ) ;
#2180 = EDGE_LOOP ( 'NONE', ( #2236, #3421, #370, #522, #2328, #3773, #1724, #3277 ) ) ;
#2181 = CARTESIAN_POINT ( 'NONE',  ( 40.79246757329476480, 21.05304772075449549, 28.59999999999999787 ) ) ;
#2182 = LINE ( 'NONE', #1545, #2838 ) ;
#2183 = EDGE_CURVE ( 'NONE', #2395, #357, #1828, .T. ) ;
#2184 = DIRECTION ( 'NONE',  ( 1.000000000000000000, -0.000000000000000000, -0.000000000000000000 ) ) ;
#2185 = CARTESIAN_POINT ( 'NONE',  ( -44.00743052736972771, 19.39755730793439170, 13.60000000000000142 ) ) ;
#2186 = CARTESIAN_POINT ( 'NONE',  ( 43.07006491942915716, -18.40303354164397476, 13.60000000000000320 ) ) ;
#2187 = VERTEX_POINT ( 'NONE', #3089 ) ;
#2188 = DIRECTION ( 'NONE',  ( 0.000000000000000000, 0.000000000000000000, 1.000000000000000000 ) ) ;
#2189 = CARTESIAN_POINT ( 'NONE',  ( -44.10000000000007248, 16.09999999999986287, 9.499999999999984013 ) ) ;
#2190 = CARTESIAN_POINT ( 'NONE',  ( -14.10000000071095627, -3.087639341448910280, 13.59999999999877041 ) ) ;
#2191 = CARTESIAN_POINT ( 'NONE',  ( 43.10000000000007248, -9.172531525334200353, 13.65237577840901650 ) ) ;
#2192 = ORIENTED_EDGE ( 'NONE', *, *, #191, .T. ) ;
#2193 = CARTESIAN_POINT ( 'NONE',  ( -9.100000021260813199, 21.10003571004895306, 18.60000000000119869 ) ) ;
#2194 = B_SPLINE_CURVE_WITH_KNOTS ( 'NONE', 3,
 ( #784, #1980, #139, #2553, #1059, #3455, #235, #589, #2119, #292, #1483, #2691, #3894, #1190, #2363, #3591, #902, #2044, #1800, #1501, #848, #2710, #1428, #256, #2065, #3263, #3812, #3117, #3792, #1092, #485, #1997, #1698, #1619, #2823, #134, #1330, #2530, #3732, #1032, #2238, #290, #2671, #1169, #529, #2017, #3873, #822, #3222, #2396, #3004, #229, #1718, #3241, #1762, #1133, #2380, #253, #2927, #1424, #551, #586, #3278, #2633, #2967, #1444, #2340, #3835, #865, #2654, #3260, #2321, #1498, #3588, #1479, #3295, #310, #3892, #1743, #2949, #3570, #881 ),
 .UNSPECIFIED., .F., .F.,
 ( 4, 1, 1, 1, 1, 1, 1, 1, 2, 2, 1, 1, 1, 1, 2, 2, 1, 1, 1, 1, 2, 2, 1, 1, 1, 2, 2, 1, 1, 1, 1, 1, 2, 2, 1, 1, 1, 1, 1, 1, 2, 2, 1, 1, 1, 1, 1, 2, 2, 1, 1, 1, 1, 2, 2, 1, 1, 1, 1, 2, 2, 4 ),
 ( 0.000000000000000000, 0.1250000000000822120, 0.1875000000001237621, 0.2187500000001445510, 0.2343750000001555422, 0.2421875000001616762, 0.2460937500001647016, 0.2480468750001655343, 0.2490234375001659506, 0.2500000000001663669, 0.2812500000001819656, 0.2968750000001892930, 0.3046875000001932343, 0.3085937500001949552, 0.3105468750001955658, 0.3125000000001961764, 0.3437500000002013389, 0.3593750000002041700, 0.3671875000002055578, 0.3710937500002062794, 0.3730468750002066125, 0.3750000000002069456, 0.4062500000002109424, 0.4218750000002127187, 0.4296875000002136624, 0.4335937500002139955, 0.4375000000002143286, 0.4687500000002183809, 0.4843750000002202127, 0.4921875000002211009, 0.4960937500002217670, 0.4980468750002219336, 0.4990234375002222666, 0.5000000000002225997, 0.5312500000002222666, 0.5468750000002218226, 0.5546875000002216005, 0.5585937500002214895, 0.5605468750002214895, 0.5615234375002214895, 0.5620117187502213785, 0.5625000000002212674, 0.5937500000002048361, 0.6093750000001968425, 0.6171875000001928457, 0.6210937500001907363, 0.6230468750001896261, 0.6240234375001891820, 0.6250000000001886269, 0.6562500000001735279, 0.6718750000001663114, 0.6796875000001625367, 0.6835937500001607603, 0.6855468750001600942, 0.6875000000001595390, 0.7187500000001412204, 0.7343750000001321165, 0.7421875000001274536, 0.7460937500001252332, 0.7480468750001239009, 0.7500000000001226796, 1.000000000000000000 ),
 .UNSPECIFIED. ) ;
#2195 = EDGE_CURVE ( 'NONE', #2827, #1388, #2146, .T. ) ;
#2196 = CARTESIAN_POINT ( 'NONE',  ( 43.10000000000006537, 21.10000000000015419, 21.94999999999998863 ) ) ;
#2197 = CARTESIAN_POINT ( 'NONE',  ( 42.31763701899361507, -7.110039766346700318, 28.59999999999999432 ) ) ;
#2198 = CARTESIAN_POINT ( 'NONE',  ( -11.78367193530156598, 21.06335781416404629, 18.59999999999741149 ) ) ;
#2199 = CARTESIAN_POINT ( 'NONE',  ( -39.73444870839505683, -20.09842776848936552, 7.569999999999997620 ) ) ;
#2200 = CARTESIAN_POINT ( 'NONE',  ( 41.50478918532927253, 19.98338607260409105, 7.569999999999992291 ) ) ;
#2201 = ORIENTED_EDGE ( 'NONE', *, *, #3804, .F. ) ;
#2202 = CARTESIAN_POINT ( 'NONE',  ( 38.10000000000007958, -7.399999999999876010, 28.59999999999999787 ) ) ;
#2203 = CARTESIAN_POINT ( 'NONE',  ( 41.84221813257069300, 19.91309494534814206, 7.599999999999998757 ) ) ;
#2204 = CARTESIAN_POINT ( 'NONE',  ( -9.099999999999933920, -12.39999999999987601, 13.60000000000000142 ) ) ;
#2205 = CARTESIAN_POINT ( 'NONE',  ( -43.86802747807783476, 20.12889382622931578, 13.60000000000000320 ) ) ;
#2206 = CARTESIAN_POINT ( 'NONE',  ( 43.10000000000006537, -16.10000000000013642, 13.60000000000000142 ) ) ;
#2207 = ADVANCED_FACE ( 'NONE', ( #932 ), #1870, .F. ) ;
#2208 = ORIENTED_EDGE ( 'NONE', *, *, #69, .T. ) ;
#2209 = PLANE ( 'NONE',  #833 ) ;
#2210 = CARTESIAN_POINT ( 'NONE',  ( -44.10000000000007248, 16.09999999999986287, 7.299999999999999822 ) ) ;
#2211 = CARTESIAN_POINT ( 'NONE',  ( 43.10000000000007248, -10.77890746452447956, 13.60000000000000853 ) ) ;
#2212 = DIRECTION ( 'NONE',  ( 0.000000000000000000, -1.000000000000000000, 0.000000000000000000 ) ) ;
#2213 = VERTEX_POINT ( 'NONE', #3642 ) ;
#2214 = PRESENTATION_STYLE_ASSIGNMENT (( #1834 ) ) ;
#2215 = DIRECTION ( 'NONE',  ( 3.616999854740248348E-16, -0.7071067811865437980, -0.7071067811865512365 ) ) ;
#2216 = LINE ( 'NONE', #3714, #2112 ) ;
#2217 = CARTESIAN_POINT ( 'NONE',  ( -11.09999999999993570, 0.000000000000000000, 25.59999999999999787 ) ) ;
#2218 = DIRECTION ( 'NONE',  ( -0.000000000000000000, -0.000000000000000000, -1.000000000000000000 ) ) ;
#2219 = CARTESIAN_POINT ( 'NONE',  ( 41.96669950821338801, 19.99404106816379567, 10.03000000000000647 ) ) ;
#2220 = EDGE_CURVE ( 'NONE', #1567, #2715, #3791, .T. ) ;
#2221 = EDGE_LOOP ( 'NONE', ( #2127, #239, #495, #3284 ) ) ;
#2222 = CARTESIAN_POINT ( 'NONE',  ( 41.56481889561099763, 20.98574326795766964, 28.59999999999999787 ) ) ;
#2223 = CARTESIAN_POINT ( 'NONE',  ( 0.000000000000000000, -18.10000000000013642, 10.59999999999999964 ) ) ;
#2224 = EDGE_CURVE ( 'NONE', #2695, #3538, #3384, .T. ) ;
#2225 = CARTESIAN_POINT ( 'NONE',  ( 0.000000000000000000, -7.399999999999876010, 25.59999999999999787 ) ) ;
#2226 = CARTESIAN_POINT ( 'NONE',  ( -43.98247474094994658, 19.58902559124353360, 13.59999999999999964 ) ) ;
#2227 = EDGE_CURVE ( 'NONE', #3191, #211, #3750, .T. ) ;
#2228 = CARTESIAN_POINT ( 'NONE',  ( -43.20115721356366123, -18.32400627944121396, 10.03000000000028002 ) ) ;
#2229 = ORIENTED_EDGE ( 'NONE', *, *, #2227, .T. ) ;
#2230 = B_SPLINE_CURVE_WITH_KNOTS ( 'NONE', 3,
 ( #3131, #1871, #1632, #82 ),
 .UNSPECIFIED., .F., .F.,
 ( 4, 4 ),
 ( 0.000000000000000000, 0.6666666666666667407 ),
 .UNSPECIFIED. ) ;
#2231 = CARTESIAN_POINT ( 'NONE',  ( -44.10000000000007248, -21.10000000000013642, 9.500000000000015987 ) ) ;
#2232 = PRODUCT ( 'Cover', 'Cover', '', ( #498 ) ) ;
#2233 = DIRECTION ( 'NONE',  ( 1.000000000000000000, 0.000000000000000000, 0.000000000000000000 ) ) ;
#2234 = CARTESIAN_POINT ( 'NONE',  ( 43.10000000000007248, -8.738203021654371128, 13.68112679628413630 ) ) ;
#2235 = CARTESIAN_POINT ( 'NONE',  ( -42.87323876972448744, 19.92027554826051272, 7.569999999999995843 ) ) ;
#2236 = ORIENTED_EDGE ( 'NONE', *, *, #13, .T. ) ;
#2237 = DIRECTION ( 'NONE',  ( 0.7071067811865442421, 5.451709925985304631E-16, -0.7071067811865509034 ) ) ;
#2238 = CARTESIAN_POINT ( 'NONE',  ( -13.23654756173458580, 21.09999999999995879, 14.50677121877207831 ) ) ;
#2239 = CARTESIAN_POINT ( 'NONE',  ( 42.20481556042401650, -16.73477301873812095, 9.599999999999941025 ) ) ;
#2240 = CARTESIAN_POINT ( 'NONE',  ( -40.10000000000006537, -7.686454296869565743E-15, 10.59999999999999964 ) ) ;
#2241 = LINE ( 'NONE', #1623, #2147 ) ;
#2242 = VECTOR ( 'NONE', #2080, 1000.000000000000000 ) ;
#2243 = VERTEX_POINT ( 'NONE', #2488 ) ;
#2244 = VECTOR ( 'NONE', #818, 1000.000000000000000 ) ;
#2245 = CARTESIAN_POINT ( 'NONE',  ( -40.93922334541667141, -20.08318958766576756, 7.599999999999997868 ) ) ;
#2246 = CARTESIAN_POINT ( 'NONE',  ( -11.09999999999993570, 18.09999999999996234, 27.72132034355963981 ) ) ;
#2247 = DIRECTION ( 'NONE',  ( 0.000000000000000000, -1.000000000000000000, 0.000000000000000000 ) ) ;
#2248 = CARTESIAN_POINT ( 'NONE',  ( -43.22735090365787158, -16.10000000000013998, 10.03000000000000469 ) ) ;
#2249 = CARTESIAN_POINT ( 'NONE',  ( 38.10000000000007248, -20.09842776662164354, 7.569999999999995843 ) ) ;
#2250 = CARTESIAN_POINT ( 'NONE',  ( -42.41380356357548465, 21.00416956306117200, 13.60000000000000142 ) ) ;
#2251 = CARTESIAN_POINT ( 'NONE',  ( -42.68693878881547477, 19.95143768548572183, 7.600000000000000533 ) ) ;
#2252 = CARTESIAN_POINT ( 'NONE',  ( -42.99404106815901372, 19.96669950821716810, 10.03000000000000469 ) ) ;
#2253 = EDGE_LOOP ( 'NONE', ( #1779, #2474, #31, #672 ) ) ;
#2254 = DIRECTION ( 'NONE',  ( -0.000000000000000000, 0.000000000000000000, 1.000000000000000000 ) ) ;
#2255 = CARTESIAN_POINT ( 'NONE',  ( -11.09999999999993570, 0.000000000000000000, 25.59999999999999787 ) ) ;
#2256 = DIRECTION ( 'NONE',  ( 0.000000000000000000, 0.000000000000000000, 1.000000000000000000 ) ) ;
#2257 = CARTESIAN_POINT ( 'NONE',  ( 42.09525126151404351, -17.22341368411596463, 7.599999999999998757 ) ) ;
#2258 = B_SPLINE_CURVE_WITH_KNOTS ( 'NONE', 3,
 ( #2172, #1534, #678, #107, #2493, #3687, #995, #2511, #1573, #1012, #2744, #3647, #1916, #956, #2151, #1874, #3351, #658, #425, #3427, #2528, #1325, #3153, #740, #757, #3730, #1693, #150, #503, #1938, #3467, #1955, #1636, #2820, #1030, #3448, #1992, #3135, #184, #1108, #445, #204, #462, #2858 ),
 .UNSPECIFIED., .F., .F.,
 ( 4, 1, 1, 1, 2, 2, 1, 1, 1, 2, 2, 1, 1, 1, 1, 2, 2, 1, 1, 1, 1, 1, 2, 2, 1, 1, 1, 1, 1, 2, 2, 4 ),
 ( 0.000000000000000000, 0.03125000000002246814, 0.04687500000003146094, 0.05468750000003622797, 0.05859375000003837902, 0.06250000000004052314, 0.09375000000007091550, 0.1093750000000863337, 0.1171875000000940359, 0.1210937500000977274, 0.1250000000001013911, 0.1875000000001606770, 0.2187500000001874889, 0.2343750000002008671, 0.2421875000002075840, 0.2460937500002086387, 0.2500000000002096656, 0.3750000000002450262, 0.4375000000002627343, 0.4687500000002716716, 0.4843750000002785550, 0.4921875000002795542, 0.4960937500002799982, 0.5000000000002804423, 0.6250000000002441380, 0.6875000000002260414, 0.7187500000002170486, 0.7343750000002124967, 0.7421875000002101652, 0.7460937500002066125, 0.7500000000002029488, 1.000000000000000000 ),
 .UNSPECIFIED. ) ;
#2259 = ORIENTED_EDGE ( 'NONE', *, *, #1075, .T. ) ;
#2260 = CARTESIAN_POINT ( 'NONE',  ( -14.09999999999993747, -2.399999999999876010, 18.60000000000000497 ) ) ;
#2261 = CARTESIAN_POINT ( 'NONE',  ( -9.099999999999951683, 21.09999999999996945, 12.84999999999999964 ) ) ;
#2262 = CARTESIAN_POINT ( 'NONE',  ( -42.92909258494657365, -19.92900344636802501, 8.600000000927101595 ) ) ;
#2263 = CARTESIAN_POINT ( 'NONE',  ( -14.09999999999993570, 16.09999999999996945, 18.60000000000000142 ) ) ;
#2264 = VERTEX_POINT ( 'NONE', #3015 ) ;
#2265 = CARTESIAN_POINT ( 'NONE',  ( 39.36874638910678925, -20.09570381197882227, 7.569999999999995843 ) ) ;
#2266 = CARTESIAN_POINT ( 'NONE',  ( -42.81049812226351037, 20.94883644206099405, 13.60000000000000320 ) ) ;
#2267 = CARTESIAN_POINT ( 'NONE',  ( -41.82309165053237621, 20.04972587931722927, 7.600000000000000533 ) ) ;
#2268 = CARTESIAN_POINT ( 'NONE',  ( 41.99439879137889875, 19.96608599112148141, 10.02999999999995850 ) ) ;
#2269 = ORIENTED_EDGE ( 'NONE', *, *, #780, .T. ) ;
#2270 = CARTESIAN_POINT ( 'NONE',  ( -39.73477301873878531, -20.20481556043671034, 9.599999999999964118 ) ) ;
#2271 = CARTESIAN_POINT ( 'NONE',  ( 42.91441723146944298, -12.12685137364354837, 13.60000000000000675 ) ) ;
#2272 = CARTESIAN_POINT ( 'NONE',  ( 43.03146074138096111, -5.447360413191921324, 28.59999999999999076 ) ) ;
#2273 = AXIS2_PLACEMENT_3D ( 'NONE', #2313, #2939, #330 ) ;
#2274 = EDGE_CURVE ( 'NONE', #43, #2778, #1372, .T. ) ;
#2275 = CARTESIAN_POINT ( 'NONE',  ( 43.09717490054170952, -3.375214665511630852, 18.59999999999805453 ) ) ;
#2276 = EDGE_CURVE ( 'NONE', #1136, #1746, #2284, .T. ) ;
#2277 = CARTESIAN_POINT ( 'NONE',  ( 42.08242835690181494, -17.97130812349417894, 7.600000000000000533 ) ) ;
#2278 = ORIENTED_EDGE ( 'NONE', *, *, #1656, .T. ) ;
#2279 = CARTESIAN_POINT ( 'NONE',  ( -41.44941599427620815, -20.06846027190617221, 7.599999999999998757 ) ) ;
#2280 = CARTESIAN_POINT ( 'NONE',  ( 40.94573865730946238, 20.04116199736936466, 7.600000000000000533 ) ) ;
#2281 = CARTESIAN_POINT ( 'NONE',  ( -18.98638800402139992, 19.84343498061802080, 13.60000000000000675 ) ) ;
#2282 = CARTESIAN_POINT ( 'NONE',  ( 43.10000000000006537, -16.10000000000013642, 10.93333333333333357 ) ) ;
#2283 = ORIENTED_EDGE ( 'NONE', *, *, #527, .F. ) ;
#2284 = LINE ( 'NONE', #2890, #3151 ) ;
#2285 = CARTESIAN_POINT ( 'NONE',  ( -43.10000000000006537, -8.261500752994470738E-15, 7.599999999999999645 ) ) ;
#2286 = DIRECTION ( 'NONE',  ( -0.000000000000000000, -1.000000000000000000, -0.000000000000000000 ) ) ;
#2287 = EDGE_CURVE ( 'NONE', #227, #2052, #1686, .T. ) ;
#2288 = CARTESIAN_POINT ( 'NONE',  ( -42.51270507532218801, 20.99246996001728505, 13.59999999999999964 ) ) ;
#2289 = AXIS2_PLACEMENT_3D ( 'NONE', #1200, #2408, #1146 ) ;
#2290 = CARTESIAN_POINT ( 'NONE',  ( 38.10000000000007248, -21.10000000000013642, 11.70000000000001883 ) ) ;
#2291 = CARTESIAN_POINT ( 'NONE',  ( -43.20481556043257143, -16.73468093440338933, 9.600000000000111555 ) ) ;
#2292 =( BOUNDED_SURFACE ( )  B_SPLINE_SURFACE ( 2, 3, ( 
 ( #1309, #3769, #151, #3410 ),
 ( #1973, #3469, #778, #3173 ),
 ( #481, #1675, #721, #1919 ) ),
 .UNSPECIFIED., .F., .F., .F. ) 
 B_SPLINE_SURFACE_WITH_KNOTS ( ( 3, 3 ),
 ( 4, 4 ),
 ( 0.000000000000000000, 1.000000000000000000 ),
 ( -0.003749999999999998994, 0.01274999999999999745 ),
 .UNSPECIFIED. ) 
 GEOMETRIC_REPRESENTATION_ITEM ( )  RATIONAL_B_SPLINE_SURFACE ( (
 ( 1.000000000000000000, 1.000000000000000000, 1.000000000000000000, 1.000000000000000000),
 ( 4.000000000000000888, 4.000000000000000888, 4.000000000000000888, 4.000000000000000888),
 ( 1.000000000000000000, 1.000000000000000000, 1.000000000000000000, 1.000000000000000000) ) ) 
 REPRESENTATION_ITEM ( '' )  SURFACE ( )  );
#2293 = ORIENTED_EDGE ( 'NONE', *, *, #3865, .F. ) ;
#2294 = CARTESIAN_POINT ( 'NONE',  ( -42.12056661059712326, -20.13401292487525041, 9.599999999999960565 ) ) ;
#2295 = DIRECTION ( 'NONE',  ( 7.709882115452476194E-16, -1.000000000000000000, 0.000000000000000000 ) ) ;
#2296 = CARTESIAN_POINT ( 'NONE',  ( 40.60000000000006537, 9.925000000000066436, 20.52500000000017266 ) ) ;
#2297 = CARTESIAN_POINT ( 'NONE',  ( -42.88984178720487250, -19.88984571103815213, 7.599999999999999645 ) ) ;
#2298 = CARTESIAN_POINT ( 'NONE',  ( 42.07227657705531243, -18.32029945715080288, 7.569999999999719620 ) ) ;
#2299 = EDGE_CURVE ( 'NONE', #1705, #2407, #258, .T. ) ;
#2300 = CARTESIAN_POINT ( 'NONE',  ( -40.79999999999996163, -11.69689577749904430, -15.40511026734024824 ) ) ;
#2301 = CARTESIAN_POINT ( 'NONE',  ( 42.10000000000006537, -16.10000000000013287, 7.599999999999999645 ) ) ;
#2302 = ORIENTED_EDGE ( 'NONE', *, *, #760, .F. ) ;
#2303 = CARTESIAN_POINT ( 'NONE',  ( -42.76578909028837217, -19.93545855427080937, 7.599999999999999645 ) ) ;
#2304 = CARTESIAN_POINT ( 'NONE',  ( -13.19274964925069149, -7.146406859495548325, 28.59999999999999076 ) ) ;
#2305 = CARTESIAN_POINT ( 'NONE',  ( -14.09999999999993570, 16.09999999999996945, 18.60000000000000142 ) ) ;
#2306 = CARTESIAN_POINT ( 'NONE',  ( -44.04485155126454288, -18.95942014064384296, 13.60000000000000142 ) ) ;
#2307 = VECTOR ( 'NONE', #3050, 1000.000000000000000 ) ;
#2308 = VERTEX_POINT ( 'NONE', #2834 ) ;
#2309 = CARTESIAN_POINT ( 'NONE',  ( 41.00100531170180318, -4.548518403593504011, 26.70148159640640273 ) ) ;
#2310 = VECTOR ( 'NONE', #2256, 1000.000000000000000 ) ;
#2311 = CARTESIAN_POINT ( 'NONE',  ( 43.10000000000006537, 21.10000000000015419, 29.64999999999999503 ) ) ;
#2312 = CARTESIAN_POINT ( 'NONE',  ( 43.10000000000006537, -16.10000000000013642, 9.499999999999984013 ) ) ;
#2313 = CARTESIAN_POINT ( 'NONE',  ( 0.000000000000000000, 0.000000000000000000, 9.600000000000001421 ) ) ;
#2314 = VECTOR ( 'NONE', #160, 1000.000000000000000 ) ;
#2315 = ORIENTED_EDGE ( 'NONE', *, *, #1235, .T. ) ;
#2316 = CARTESIAN_POINT ( 'NONE',  ( -42.84437849793751241, -20.01986127612388700, 9.599999999999964118 ) ) ;
#2317 = CARTESIAN_POINT ( 'NONE',  ( 41.84437849793672370, 20.01986127612411082, 9.600000000000001421 ) ) ;
#2318 = CARTESIAN_POINT ( 'NONE',  ( -13.08708972991108155, 20.88097685546622628, 28.59999999999999432 ) ) ;
#2319 = EDGE_CURVE ( 'NONE', #438, #2145, #1610, .T. ) ;
#2320 = ORIENTED_EDGE ( 'NONE', *, *, #3712, .T. ) ;
#2321 = CARTESIAN_POINT ( 'NONE',  ( -11.59365623277243529, 21.09999999999996234, 16.10092968816861259 ) ) ;
#2322 = DIRECTION ( 'NONE',  ( 0.000000000000000000, 0.000000000000000000, -1.000000000000000000 ) ) ;
#2323 = CARTESIAN_POINT ( 'NONE',  ( 42.05550665149568346, -18.71416540255831507, 7.600000000000000533 ) ) ;
#2324 = B_SPLINE_CURVE_WITH_KNOTS ( 'NONE', 3,
 ( #146, #1339, #359, #1550 ),
 .UNSPECIFIED., .F., .F.,
 ( 4, 4 ),
 ( 0.000000000000000000, 0.6666666666666660745 ),
 .UNSPECIFIED. ) ;
#2325 = DIRECTION ( 'NONE',  ( -1.826024711554534653E-16, 0.000000000000000000, 1.000000000000000000 ) ) ;
#2326 = CARTESIAN_POINT ( 'NONE',  ( -14.07054652695203067, -4.689734712042237241, 28.59999999999999076 ) ) ;
#2327 = CARTESIAN_POINT ( 'NONE',  ( -43.99643778796652782, -19.48039098668841618, 13.60000000000000142 ) ) ;
#2328 = ORIENTED_EDGE ( 'NONE', *, *, #3596, .T. ) ;
#2329 = CARTESIAN_POINT ( 'NONE',  ( 41.72776371184771449, -20.07320996662803125, 10.03000000000007397 ) ) ;
#2330 = CARTESIAN_POINT ( 'NONE',  ( 38.10000000000007248, -21.10000000000013642, 7.299999999999999822 ) ) ;
#2331 = EDGE_CURVE ( 'NONE', #1567, #3688, #3876, .T. ) ;
#2332 = CARTESIAN_POINT ( 'NONE',  ( -43.10000000000006537, -8.261500752994470738E-15, 7.599999999999999645 ) ) ;
#2333 = VERTEX_POINT ( 'NONE', #415 ) ;
#2334 = CARTESIAN_POINT ( 'NONE',  ( 41.91595086561068229, -19.91600897916363522, 8.266666667631774601 ) ) ;
#2335 = CARTESIAN_POINT ( 'NONE',  ( 40.62722672324177609, -12.36522889267583736, 13.60000000000000142 ) ) ;
#2336 = CARTESIAN_POINT ( 'NONE',  ( -12.54086757463634250, 20.98888856329179475, 28.60000000000000142 ) ) ;
#2337 = CARTESIAN_POINT ( 'NONE',  ( -43.06846027190623971, 18.44941599424789658, 7.599999999999998757 ) ) ;
#2338 = CARTESIAN_POINT ( 'NONE',  ( -18.90986133632428690, -6.747544310211239349, 13.59999999999999964 ) ) ;
#2339 = ORIENTED_EDGE ( 'NONE', *, *, #300, .F. ) ;
#2340 = CARTESIAN_POINT ( 'NONE',  ( -11.73016544567167685, 21.09999999999995524, 15.96643331247790698 ) ) ;
#2341 = CARTESIAN_POINT ( 'NONE',  ( 41.94750221178748717, -19.69895721866363658, 7.570000000000098872 ) ) ;
#2342 = AXIS2_PLACEMENT_3D ( 'NONE', #3432, #448, #2177 ) ;
#2343 = ORIENTED_EDGE ( 'NONE', *, *, #1351, .T. ) ;
#2344 = CARTESIAN_POINT ( 'NONE',  ( -13.71654195172612489, -6.784023854669700704, 28.59999999999999432 ) ) ;
#2345 = CARTESIAN_POINT ( 'NONE',  ( -43.98888856329200081, -19.54086757463635493, 13.60000000000000320 ) ) ;
#2346 = ADVANCED_FACE ( 'NONE', ( #2540 ), #2209, .F. ) ;
#2347 = EDGE_LOOP ( 'NONE', ( #467, #1359, #3703, #408 ) ) ;
#2348 = CARTESIAN_POINT ( 'NONE',  ( 41.85347564444703039, -19.90574283814316559, 7.569999999999995843 ) ) ;
#2349 = CARTESIAN_POINT ( 'NONE',  ( 42.94883644206179696, 19.81049812226847706, 28.59999999999999787 ) ) ;
#2350 = ADVANCED_FACE ( 'NONE', ( #179 ), #121, .T. ) ;
#2351 = CARTESIAN_POINT ( 'NONE',  ( 38.10000000000007958, -12.39999999999987601, 13.60000000000000142 ) ) ;
#2352 = CARTESIAN_POINT ( 'NONE',  ( 41.95410382469188448, 19.67437739003491615, 7.600000000000001421 ) ) ;
#2353 = ORIENTED_EDGE ( 'NONE', *, *, #1515, .F. ) ;
#2354 = DIRECTION ( 'NONE',  ( 1.000000000000000000, 0.000000000000000000, 0.000000000000000000 ) ) ;
#2355 = LINE ( 'NONE', #1736, #2114 ) ;
#2356 = CARTESIAN_POINT ( 'NONE',  ( -39.10000000000007248, -20.20481555856621725, 9.600000000000001421 ) ) ;
#2357 = CARTESIAN_POINT ( 'NONE',  ( -43.09681646764341423, 17.03497541070228749, 7.599999999999998757 ) ) ;
#2358 = CARTESIAN_POINT ( 'NONE',  ( -18.86919946695770278, -6.991081321670983506, 13.60000000000000497 ) ) ;
#2359 = ORIENTED_EDGE ( 'NONE', *, *, #3741, .T. ) ;
#2360 = FACE_OUTER_BOUND ( 'NONE', #535, .T. ) ;
#2361 = CARTESIAN_POINT ( 'NONE',  ( 42.47613984652162600, -7.005525832969788702, 18.60000000000000142 ) ) ;
#2362 = B_SPLINE_CURVE_WITH_KNOTS ( 'NONE', 1,
 ( #3656, #2521 ),
 .UNSPECIFIED., .F., .F.,
 ( 2, 2 ),
 ( 0.1747967479675474056, 0.9878048780487789227 ),
 .UNSPECIFIED. ) ;
#2363 = CARTESIAN_POINT ( 'NONE',  ( -15.35904714635228885, 21.09999999999995168, 13.68870242732166354 ) ) ;
#2364 = CARTESIAN_POINT ( 'NONE',  ( -13.11584027700504684, -7.172191286506961028, 28.60000000000000497 ) ) ;
#2365 = CARTESIAN_POINT ( 'NONE',  ( -41.44748514794637373, -21.06840992987420691, 13.59999999999999964 ) ) ;
#2366 = ORIENTED_EDGE ( 'NONE', *, *, #131, .T. ) ;
#2367 = CARTESIAN_POINT ( 'NONE',  ( 39.75686589507863289, -5.246243034807624106, 26.00375696519229862 ) ) ;
#2368 = EDGE_CURVE ( 'NONE', #3688, #7, #3458, .T. ) ;
#2369 = CARTESIAN_POINT ( 'NONE',  ( 43.09627965690840767, 17.24942143392123839, 28.59999999999999432 ) ) ;
#2370 = CARTESIAN_POINT ( 'NONE',  ( 38.10000000000007248, -21.10000000000013642, 9.600000000000001421 ) ) ;
#2371 = ORIENTED_EDGE ( 'NONE', *, *, #1075, .F. ) ;
#2372 = DIRECTION ( 'NONE',  ( -0.000000000000000000, 0.000000000000000000, 1.000000000000000000 ) ) ;
#2373 = AXIS2_PLACEMENT_3D ( 'NONE', #62, #2855, #3168 ) ;
#2374 = DIRECTION ( 'NONE',  ( -0.000000000000000000, -0.000000000000000000, -1.000000000000000000 ) ) ;
#2375 = CARTESIAN_POINT ( 'NONE',  ( -13.84640685949573680, 20.19274964925120841, 28.59999999999999787 ) ) ;
#2376 = CARTESIAN_POINT ( 'NONE',  ( -42.96895416768531817, 19.59832728105782707, 7.599999999999998757 ) ) ;
#2377 = AXIS2_PLACEMENT_3D ( 'NONE', #2090, #597, #1181 ) ;
#2378 = CARTESIAN_POINT ( 'NONE',  ( -18.05596892353833027, -9.253534534311684823, 13.60000000000000142 ) ) ;
#2379 = ORIENTED_EDGE ( 'NONE', *, *, #2590, .F. ) ;
#2380 = CARTESIAN_POINT ( 'NONE',  ( -12.36582406065457818, 21.09999999999996589, 15.33796802407053406 ) ) ;
#2381 = CARTESIAN_POINT ( 'NONE',  ( 46.18153062728322311, -10.40597769981923371, 13.60000000000000142 ) ) ;
#2382 = CARTESIAN_POINT ( 'NONE',  ( -13.81003976634805674, -6.617637018993209885, 28.59999999999999787 ) ) ;
#2383 = CARTESIAN_POINT ( 'NONE',  ( -43.27774806692636389, -20.81364017786786746, 13.59999999999999964 ) ) ;
#2384 = ORIENTED_EDGE ( 'NONE', *, *, #3611, .T. ) ;
#2385 = CARTESIAN_POINT ( 'NONE',  ( 41.91748157575103306, 19.81532429733804435, 7.569999999999995843 ) ) ;
#2386 = CARTESIAN_POINT ( 'NONE',  ( 43.06157421608161684, 18.63707660278324951, 28.59999999999999432 ) ) ;
#2387 = CARTESIAN_POINT ( 'NONE',  ( 42.96164780065808486, -19.72889785856725453, 13.60000000000000142 ) ) ;
#2388 = EDGE_LOOP ( 'NONE', ( #615, #3636, #289, #1087 ) ) ;
#2389 = CARTESIAN_POINT ( 'NONE',  ( -43.05142201890343046, 19.72179701815568009, 9.600000000000029843 ) ) ;
#2390 = CARTESIAN_POINT ( 'NONE',  ( -43.01613699024076709, -19.25301621592198842, 7.599999999999998757 ) ) ;
#2391 = CARTESIAN_POINT ( 'NONE',  ( -13.98574326795705325, 19.56481889561247911, 28.59999999999999432 ) ) ;
#2392 = CARTESIAN_POINT ( 'NONE',  ( 43.10000000000007958, -5.964284807251035936, 15.04484143189079504 ) ) ;
#2393 = CARTESIAN_POINT ( 'NONE',  ( -16.63576609629794234, -10.93547767865036668, 13.59999999999999964 ) ) ;
#2394 = ADVANCED_FACE ( 'NONE', ( #1320 ), #356, .T. ) ;
#2395 = VERTEX_POINT ( 'NONE', #1353 ) ;
#2396 = CARTESIAN_POINT ( 'NONE',  ( -12.71059134401668800, 21.09999999999996234, 14.99956567794070494 ) ) ;
#2397 = CARTESIAN_POINT ( 'NONE',  ( 42.68109130942890062, -6.809766221217349980, 13.59999999999902798 ) ) ;
#2398 = CARTESIAN_POINT ( 'NONE',  ( -17.10597769982221905, 24.18153062728633174, 13.59999999999999076 ) ) ;
#2399 = B_SPLINE_CURVE_WITH_KNOTS ( 'NONE', 3,
 ( #2897, #2270, #1088, #776, #1971, #2294, #1051, #3171, #1394, #2605, #3808, #2316, #3507, #817, #2013, #3215, #1616 ),
 .UNSPECIFIED., .F., .F.,
 ( 4, 2, 2, 2, 2, 2, 3, 4 ),
 ( 0.000000000000000000, 0.001931104874625728723, 0.002896657311938592976, 0.003379433530595025645, 0.003620821639923241329, 0.003741515694587349821, 0.003862209749251457446, 0.003889706555086640868 ),
 .UNSPECIFIED. ) ;
#2400 = CARTESIAN_POINT ( 'NONE',  ( -42.54737320415833324, -20.98804278005445667, 13.60000000000000497 ) ) ;
#2401 = ORIENTED_EDGE ( 'NONE', *, *, #933, .T. ) ;
#2402 = CARTESIAN_POINT ( 'NONE',  ( 42.20115721356474126, 18.32400627944299032, 10.03000000000000469 ) ) ;
#2403 = AXIS2_PLACEMENT_3D ( 'NONE', #3715, #1364, #1640 ) ;
#2404 = FACE_OUTER_BOUND ( 'NONE', #3039, .T. ) ;
#2405 = CARTESIAN_POINT ( 'NONE',  ( 38.10000000000005116, 20.22735090365792132, 10.03000000000000647 ) ) ;
#2406 = CARTESIAN_POINT ( 'NONE',  ( 41.54086757463660717, -20.98888856329197239, 13.60000000000000142 ) ) ;
#2407 = VERTEX_POINT ( 'NONE', #3422 ) ;
#2408 = DIRECTION ( 'NONE',  ( 0.000000000000000000, 0.000000000000000000, -1.000000000000000000 ) ) ;
#2409 = CARTESIAN_POINT ( 'NONE',  ( -42.93797192884665037, -19.74637280587774768, 7.600000000000001421 ) ) ;
#2410 = CARTESIAN_POINT ( 'NONE',  ( -14.02446615731814106, -5.535426690993868526, 18.60000000000247056 ) ) ;
#2411 = DIRECTION ( 'NONE',  ( 0.000000000000000000, 0.000000000000000000, 1.000000000000000000 ) ) ;
#2412 = CARTESIAN_POINT ( 'NONE',  ( -18.33426996164852696, -8.712868897036951665, 13.59999999999999964 ) ) ;
#2413 = ORIENTED_EDGE ( 'NONE', *, *, #3881, .F. ) ;
#2414 = CARTESIAN_POINT ( 'NONE',  ( -6.319581223306072004E-14, 18.10000000000000142, 10.59999999999999964 ) ) ;
#2415 = CARTESIAN_POINT ( 'NONE',  ( 43.09717490100866399, -3.375214665517713541, 13.59999999999934950 ) ) ;
#2416 = CIRCLE ( 'NONE', #719, 0.7500000000000006661 ) ;
#2417 = CARTESIAN_POINT ( 'NONE',  ( -16.23738238258332345, 24.88570964850271849, 13.59999999999999076 ) ) ;
#2418 = CARTESIAN_POINT ( 'NONE',  ( -41.39770951319385972, -21.07025860286490015, 13.60000000000000142 ) ) ;
#2419 = CARTESIAN_POINT ( 'NONE',  ( 42.08109060486874853, 18.02616715161852312, 7.599999999999999645 ) ) ;
#2420 = ORIENTED_EDGE ( 'NONE', *, *, #2299, .F. ) ;
#2421 = CARTESIAN_POINT ( 'NONE',  ( 43.10000000000006537, -7.399999999999876010, 12.84999999999999964 ) ) ;
#2422 = CARTESIAN_POINT ( 'NONE',  ( 0.000000000000000000, -4.399999999999876010, 10.59999999999999964 ) ) ;
#2423 = CARTESIAN_POINT ( 'NONE',  ( 42.66090659504422433, -20.53880138775829423, 13.60000000000000497 ) ) ;
#2424 = ORIENTED_EDGE ( 'NONE', *, *, #1069, .F. ) ;
#2425 = CARTESIAN_POINT ( 'NONE',  ( 39.35000000000001563, -4.399999999999876010, 27.72132034355963981 ) ) ;
#2426 = CARTESIAN_POINT ( 'NONE',  ( -11.09999999999993570, -4.399999999999876010, 27.72132034355963981 ) ) ;
#2427 = CARTESIAN_POINT ( 'NONE',  ( -14.07111531302773777, -4.714879101295715635, 13.60000000000000497 ) ) ;
#2428 = CARTESIAN_POINT ( 'NONE',  ( -42.60531471171996998, 20.09819200303507003, 10.02999999999993719 ) ) ;
#2429 = VECTOR ( 'NONE', #1390, 1000.000000000000000 ) ;
#2430 = CARTESIAN_POINT ( 'NONE',  ( -44.10000000000007248, 16.09999999999986287, 9.600000000000001421 ) ) ;
#2431 = VECTOR ( 'NONE', #2898, 1000.000000000000000 ) ;
#2432 = ORIENTED_EDGE ( 'NONE', *, *, #1899, .F. ) ;
#2433 = CARTESIAN_POINT ( 'NONE',  ( 42.86802747807788450, -6.428893826229472808, 28.59999999999998721 ) ) ;
#2434 = CARTESIAN_POINT ( 'NONE',  ( 43.10000000000006537, -1.546112270910436015, 13.60000000000000142 ) ) ;
#2435 = EDGE_CURVE ( 'NONE', #1393, #3688, #276, .T. ) ;
#2436 = CIRCLE ( 'NONE', #3628, 0.7500000000000006661 ) ;
#2437 = CARTESIAN_POINT ( 'NONE',  ( -14.09614999910580835, 17.54454783075506441, 18.59999999999870468 ) ) ;
#2438 = CARTESIAN_POINT ( 'NONE',  ( -42.55436243565129217, -20.98712545639569527, 13.60000000000000497 ) ) ;
#2439 =( BOUNDED_CURVE ( )  B_SPLINE_CURVE ( 2, ( #2577, #3231, #3520 ),
 .UNSPECIFIED., .F., .F. ) 
 B_SPLINE_CURVE_WITH_KNOTS ( ( 3, 3 ),
 ( 0.000000000000000000, 0.009199074514668574912 ),
 .UNSPECIFIED. ) 
 CURVE ( )  GEOMETRIC_REPRESENTATION_ITEM ( )  RATIONAL_B_SPLINE_CURVE ( ( 1.000000000000000000, 4.000000000000000888, 1.000000000000000000 ) ) 
 REPRESENTATION_ITEM ( '' )  );
#2440 = CARTESIAN_POINT ( 'NONE',  ( 42.07265512131201035, 18.31705988617285641, 7.600000000000001421 ) ) ;
#2441 = ORIENTED_EDGE ( 'NONE', *, *, #1454, .T. ) ;
#2442 = CARTESIAN_POINT ( 'NONE',  ( 42.91392182095907515, 19.96631460141577463, 28.59999999999999076 ) ) ;
#2443 = CARTESIAN_POINT ( 'NONE',  ( 39.74293942031192728, 20.08744795435127983, 7.600000000000001421 ) ) ;
#2444 = LINE ( 'NONE', #3049, #3752 ) ;
#2445 = CARTESIAN_POINT ( 'NONE',  ( 41.53538422206375458, -20.98959392881960895, 13.60000000000000142 ) ) ;
#2446 = ORIENTED_EDGE ( 'NONE', *, *, #2331, .F. ) ;
#2447 = ADVANCED_FACE ( 'NONE', ( #1064 ), #466, .F. ) ;
#2448 = CARTESIAN_POINT ( 'NONE',  ( 20.60000000000006537, 14.83538406167147095, 23.89999999999999503 ) ) ;
#2449 = EDGE_CURVE ( 'NONE', #1388, #3191, #1961, .T. ) ;
#2450 = CARTESIAN_POINT ( 'NONE',  ( -43.00396021807554803, -19.36132740145813003, 7.599999999999998757 ) ) ;
#2451 = CARTESIAN_POINT ( 'NONE',  ( -13.56235722023091483, -6.937664104580316682, 18.59999999999876508 ) ) ;
#2452 = CARTESIAN_POINT ( 'NONE',  ( -42.58340741531759477, 19.97108259092897242, 7.569999999999929230 ) ) ;
#2453 = B_SPLINE_CURVE_WITH_KNOTS ( 'NONE', 3,
 ( #2301, #3139, #2846, #3755, #3814, #172, #1382, #3159, #1365, #2589, #2257, #2568, #3772, #1347, #1074, #2277, #449, #2905, #782, #3224, #487, #2323, #1678, #824, #510, #3794, #3452, #2020, #1978, #2549, #1959, #531, #3179, #2882, #209, #189, #3492, #1700, #3433, #804, #1720, #465, #2532, #1999, #2929, #1402, #231 ),
 .UNSPECIFIED., .F., .F.,
 ( 4, 1, 1, 1, 1, 1, 2, 2, 1, 1, 1, 1, 1, 2, 2, 1, 1, 1, 1, 1, 2, 2, 1, 1, 1, 1, 2, 2, 1, 1, 1, 1, 2, 2, 4 ),
 ( 0.000000000000000000, 0.1250000000000672518, 0.1875000000001008638, 0.2187500000001176836, 0.2343750000001245393, 0.2421875000001295630, 0.2460937500001304512, 0.2500000000001313394, 0.3750000000001210143, 0.4375000000001172396, 0.4687500000001138534, 0.4843750000001135758, 0.4921875000001132983, 0.4960937500001132427, 0.5000000000001131317, 0.6250000000000918154, 0.6875000000000824896, 0.7187500000000792699, 0.7343750000000774936, 0.7421875000000766054, 0.7460937500000763833, 0.7500000000000760503, 0.8125000000000568434, 0.8437500000000489608, 0.8593750000000449640, 0.8671875000000440759, 0.8710937500000420775, 0.8750000000000400791, 0.9062500000000313083, 0.9218750000000286438, 0.9296875000000273115, 0.9335937500000252021, 0.9355468750000242029, 0.9375000000000230926, 1.000000000000000000 ),
 .UNSPECIFIED. ) ;
#2454 = CARTESIAN_POINT ( 'NONE',  ( -10.34999999999993570, -4.399999999999876010, 10.60000000000000142 ) ) ;
#2455 = ORIENTED_EDGE ( 'NONE', *, *, #1165, .T. ) ;
#2456 = CARTESIAN_POINT ( 'NONE',  ( 41.48039098668774471, -7.296437787965549759, 28.60000000000000497 ) ) ;
#2457 = CARTESIAN_POINT ( 'NONE',  ( 41.35206067629155058, -7.313899947862278594, 13.59999999999902975 ) ) ;
#2458 = CARTESIAN_POINT ( 'NONE',  ( -13.46823499190750084, 25.91448451592509272, 13.60000000000000142 ) ) ;
#2459 = CARTESIAN_POINT ( 'NONE',  ( 20.60000000000006537, 14.83538406167147095, 0.000000000000000000 ) ) ;
#2460 = CARTESIAN_POINT ( 'NONE',  ( 41.58280725470958572, 19.97118357197432204, 7.569999999999995843 ) ) ;
#2461 = EDGE_LOOP ( 'NONE', ( #2486, #746, #1910, #3333 ) ) ;
#2462 = CARTESIAN_POINT ( 'NONE',  ( 40.59927203772170401, 21.06222914286038517, 28.59999999999999787 ) ) ;
#2463 = CARTESIAN_POINT ( 'NONE',  ( 38.80759269820543977, 20.09837432113770816, 7.600000000000003197 ) ) ;
#2464 = CARTESIAN_POINT ( 'NONE',  ( -17.38846680001133649, -10.18245839257006224, 13.60000000000000142 ) ) ;
#2465 = CARTESIAN_POINT ( 'NONE',  ( -43.09842776662159025, -16.10000000000013998, 7.569999999999997620 ) ) ;
#2466 = ORIENTED_EDGE ( 'NONE', *, *, #3712, .F. ) ;
#2467 = FACE_OUTER_BOUND ( 'NONE', #1168, .T. ) ;
#2468 = VECTOR ( 'NONE', #1951, 1000.000000000000000 ) ;
#2469 = ADVANCED_FACE ( 'NONE', ( #852 ), #2911, .F. ) ;
#2470 = CARTESIAN_POINT ( 'NONE',  ( -39.10000000000007248, -21.10000000000013642, 9.600000000000001421 ) ) ;
#2471 = CARTESIAN_POINT ( 'NONE',  ( 41.97887522777985936, 19.94645722640846941, 9.599999999999612399 ) ) ;
#2472 = CARTESIAN_POINT ( 'NONE',  ( 43.10000000000006537, -9.159688019107877111, 13.65309291791312774 ) ) ;
#2473 = CARTESIAN_POINT ( 'NONE',  ( -40.80000000000003979, 10.27689577749865713, 10.59999999999999964 ) ) ;
#2474 = ORIENTED_EDGE ( 'NONE', *, *, #2638, .F. ) ;
#2475 = LINE ( 'NONE', #2414, #3304 ) ;
#2476 = CARTESIAN_POINT ( 'NONE',  ( 40.10000000000001563, -4.399999999999876010, 20.89999999999999858 ) ) ;
#2477 = CARTESIAN_POINT ( 'NONE',  ( -14.09615000056098388, 17.54454783079814462, 13.59999999999740794 ) ) ;
#2478 = DIRECTION ( 'NONE',  ( -1.000000000000000000, 0.000000000000000000, 0.000000000000000000 ) ) ;
#2479 = CARTESIAN_POINT ( 'NONE',  ( 40.28312713926143829, -3.316957306625702540, 27.93304269337419754 ) ) ;
#2480 = ORIENTED_EDGE ( 'NONE', *, *, #2570, .F. ) ;
#2481 = CARTESIAN_POINT ( 'NONE',  ( 42.89504420574645849, 20.03820785104653268, 28.60000000000000142 ) ) ;
#2482 = CARTESIAN_POINT ( 'NONE',  ( 39.99736721230881642, 20.08179634024482496, 7.599999999999999645 ) ) ;
#2483 = CARTESIAN_POINT ( 'NONE',  ( -11.58992638624820692, -12.36822972919092045, 13.60000000000000142 ) ) ;
#2484 = CARTESIAN_POINT ( 'NONE',  ( -14.09999999999993570, 0.000000000000000000, 28.59999999999999787 ) ) ;
#2485 = CARTESIAN_POINT ( 'NONE',  ( 42.98712545639563132, -19.55436243565116072, 13.60000000000000497 ) ) ;
#2486 = ORIENTED_EDGE ( 'NONE', *, *, #998, .F. ) ;
#2487 = EDGE_CURVE ( 'NONE', #517, #821, #766, .T. ) ;
#2488 = CARTESIAN_POINT ( 'NONE',  ( 18.60000000000006892, -4.399999999999876010, 26.85000000000003340 ) ) ;
#2489 = AXIS2_PLACEMENT_3D ( 'NONE', #989, #673, #1008 ) ;
#2490 = CYLINDRICAL_SURFACE ( 'NONE', #924, 0.7500000000000006661 ) ;
#2491 = CARTESIAN_POINT ( 'NONE',  ( -14.09999999999993570, -2.399999999999876010, 13.60000000000000142 ) ) ;
#2492 = CARTESIAN_POINT ( 'NONE',  ( 43.10000000000006537, -7.859190049335556871, 13.80425466389593048 ) ) ;
#2493 = CARTESIAN_POINT ( 'NONE',  ( 41.70545446987411253, -19.94742540629478356, 7.599999999999998757 ) ) ;
#2494 = EDGE_LOOP ( 'NONE', ( #3786, #2401, #144, #3141 ) ) ;
#2495 = CARTESIAN_POINT ( 'NONE',  ( 41.51270507531864240, -7.292469960017585073, 28.59999999999999787 ) ) ;
#2496 = VECTOR ( 'NONE', #2411, 1000.000000000000000 ) ;
#2497 = CARTESIAN_POINT ( 'NONE',  ( 42.20208039536964151, -17.37007898488064583, 9.600000000000489919 ) ) ;
#2498 = CARTESIAN_POINT ( 'NONE',  ( 38.10000000000007958, -12.39999999999987601, 13.60000000000000142 ) ) ;
#2499 = STYLED_ITEM ( 'NONE', ( #2214 ), #1734 ) ;
#2500 = DIRECTION ( 'NONE',  ( -0.000000000000000000, -1.000000000000000000, -0.000000000000000000 ) ) ;
#2501 = ORIENTED_EDGE ( 'NONE', *, *, #1684, .T. ) ;
#2502 = CARTESIAN_POINT ( 'NONE',  ( 38.10000000000004405, 20.13493851953499458, 8.266666666911563155 ) ) ;
#2503 = DIRECTION ( 'NONE',  ( -0.000000000000000000, -0.000000000000000000, -1.000000000000000000 ) ) ;
#2504 = FACE_OUTER_BOUND ( 'NONE', #1436, .T. ) ;
#2505 = CARTESIAN_POINT ( 'NONE',  ( 43.06641683701761991, -18.49873699103435598, 13.60000000000000320 ) ) ;
#2506 = DIRECTION ( 'NONE',  ( -0.000000000000000000, -1.000000000000000000, -0.000000000000000000 ) ) ;
#2507 = DIRECTION ( 'NONE',  ( 1.000000000000000000, 0.000000000000000000, 0.000000000000000000 ) ) ;
#2508 = CARTESIAN_POINT ( 'NONE',  ( -11.71004394063926668, -7.359127596062480237, 13.60000000000062137 ) ) ;
#2509 = CARTESIAN_POINT ( 'NONE',  ( 43.10000000000007248, -7.066044272306667651, 14.10918465479736206 ) ) ;
#2510 = VERTEX_POINT ( 'NONE', #2069 ) ;
#2511 = CARTESIAN_POINT ( 'NONE',  ( 41.66583689296767545, -19.95587090975585909, 7.600000000000001421 ) ) ;
#2512 = CARTESIAN_POINT ( 'NONE',  ( -42.96816119399441902, 19.96834341765943677, 9.600000000000001421 ) ) ;
#2513 = CARTESIAN_POINT ( 'NONE',  ( 43.06979218642874940, -4.710472414432689270, 28.60000000000000853 ) ) ;
#2514 = ADVANCED_FACE ( 'NONE', ( #2973 ), #440, .F. ) ;
#2515 = ADVANCED_FACE ( 'NONE', ( #1341 ), #3770, .F. ) ;
#2516 = EDGE_CURVE ( 'NONE', #1979, #2510, #583, .T. ) ;
#2517 = CARTESIAN_POINT ( 'NONE',  ( -11.11660072353843631, 21.08360980613750968, 18.60000000000000142 ) ) ;
#2518 = CARTESIAN_POINT ( 'NONE',  ( -42.81410856141907573, -19.91784294407826295, 7.569999999999997620 ) ) ;
#2519 = LINE ( 'NONE', #980, #201 ) ;
#2520 = ORIENTED_EDGE ( 'NONE', *, *, #2183, .F. ) ;
#2521 = CARTESIAN_POINT ( 'NONE',  ( -39.10000000000008669, 20.09999999999986287, 7.599999999999999645 ) ) ;
#2522 = PLANE ( 'NONE',  #1538 ) ;
#2523 = CARTESIAN_POINT ( 'NONE',  ( -43.98804278005447088, 19.54737320415800639, 13.60000000000000497 ) ) ;
#2524 = CARTESIAN_POINT ( 'NONE',  ( -43.11085662664230966, -19.52407600697205936, 10.02999999999986613 ) ) ;
#2525 = LINE ( 'NONE', #1322, #1418 ) ;
#2526 = CARTESIAN_POINT ( 'NONE',  ( 43.10000000000007958, -6.080644329547840066, 14.93021369702524481 ) ) ;
#2527 = CARTESIAN_POINT ( 'NONE',  ( -43.11093151868244888, 19.52369367399842304, 10.02999999999993541 ) ) ;
#2528 = CARTESIAN_POINT ( 'NONE',  ( 40.97631169180207422, -20.03901575552430714, 7.600000000000000533 ) ) ;
#2529 = CARTESIAN_POINT ( 'NONE',  ( -11.14704002023542984, 21.07837550577978547, 28.59999999999999432 ) ) ;
#2530 = CARTESIAN_POINT ( 'NONE',  ( -13.39431270868467827, 21.09999999999995524, 14.37237247033399790 ) ) ;
#2531 = CARTESIAN_POINT ( 'NONE',  ( -8.619032709453019692, 21.09999999999997300, 18.60000000000517417 ) ) ;
#2532 = CARTESIAN_POINT ( 'NONE',  ( 41.95781337680654133, -19.65624352878104375, 7.599999999999999645 ) ) ;
#2533 = DIRECTION ( 'NONE',  ( -0.4173058582581320453, -0.6425946703262690463, 0.6425946703262620519 ) ) ;
#2534 = VERTEX_POINT ( 'NONE', #3765 ) ;
#2535 = CARTESIAN_POINT ( 'NONE',  ( -39.28412845333229342, -20.10000000054218816, 7.600000000000000533 ) ) ;
#2536 = CARTESIAN_POINT ( 'NONE',  ( -14.08542865622434093, -4.171808547113855958, 28.59999999999999787 ) ) ;
#2537 = DIRECTION ( 'NONE',  ( 1.000000000000000000, 0.000000000000000000, 0.000000000000000000 ) ) ;
#2538 = CARTESIAN_POINT ( 'NONE',  ( -42.90574283814033407, -19.85347564445231683, 7.569999999999997620 ) ) ;
#2539 = ORIENTED_EDGE ( 'NONE', *, *, #1034, .T. ) ;
#2540 = FACE_OUTER_BOUND ( 'NONE', #149, .T. ) ;
#2541 = B_SPLINE_SURFACE_WITH_KNOTS ( 'NONE', 1, 3, ( 
 ( #1541, #3672, #1839, #3716, #664, #2518, #1253, #3694, #3375, #3652, #3338, #647, #683, #3413, #367, #2199, #1622 ),
 ( #346, #2825, #1879, #388, #1598, #3393, #702, #1900, #1332, #3098, #2807, #3514, #1118, #762, #1094, #744, #1641 ) ),
 .UNSPECIFIED., .F., .F., .F.,
 ( 2, 2 ),
 ( 4, 3, 2, 2, 2, 2, 2, 4 ),
 ( 0.000000000000000000, 1.000000000000000000 ),
 ( -0.01316216582373624239, 0.000000000000000000, 0.03125000000000000000, 0.06250000000000000000, 0.1250000000000000000, 0.2500000000000000000, 0.5000000000000000000, 1.000000000000000000 ),
 .UNSPECIFIED. ) ;
#2542 = DIRECTION ( 'NONE',  ( -0.000000000000000000, -0.000000000000000000, -1.000000000000000000 ) ) ;
#2543 = CARTESIAN_POINT ( 'NONE',  ( -42.74637280587908350, 19.93797192884622405, 7.599999999999998757 ) ) ;
#2544 = CARTESIAN_POINT ( 'NONE',  ( -42.97360932271972445, -19.95730921020157211, 9.600000000000111555 ) ) ;
#2545 = DIRECTION ( 'NONE',  ( -1.000000000000000000, 0.000000000000000000, 0.000000000000000000 ) ) ;
#2546 = CARTESIAN_POINT ( 'NONE',  ( 43.07006491942916426, -4.703033541643701021, 28.60000000000000497 ) ) ;
#2547 = CARTESIAN_POINT ( 'NONE',  ( 42.09842776662157604, -16.10000000000013287, 7.569999999999995843 ) ) ;
#2548 = CARTESIAN_POINT ( 'NONE',  ( -13.28033628363238527, 20.81432212399424841, 18.59999999999871179 ) ) ;
#2549 = CARTESIAN_POINT ( 'NONE',  ( 42.02362310408896917, -19.17468780750661494, 7.599999999999996980 ) ) ;
#2550 = VECTOR ( 'NONE', #1410, 1000.000000000000000 ) ;
#2551 = VERTEX_POINT ( 'NONE', #1634 ) ;
#2552 = VECTOR ( 'NONE', #711, 1000.000000000000000 ) ;
#2553 = CARTESIAN_POINT ( 'NONE',  ( -16.51317222897012371, 21.09999999999994102, 13.62511680673114078 ) ) ;
#2554 = CARTESIAN_POINT ( 'NONE',  ( 41.39777772584511695, 19.99905485595831678, 7.599999999999999645 ) ) ;
#2555 = CARTESIAN_POINT ( 'NONE',  ( -43.97576400432843258, 19.63667213872548345, 13.60000000000000497 ) ) ;
#2556 = CARTESIAN_POINT ( 'NONE',  ( -4.364199060615334746E-15, -4.399999999999876010, 23.89999999999999147 ) ) ;
#2557 = ORIENTED_EDGE ( 'NONE', *, *, #3407, .T. ) ;
#2558 = CARTESIAN_POINT ( 'NONE',  ( -9.100000021260813199, 21.10003571004895306, 18.60000000000119869 ) ) ;
#2559 = CARTESIAN_POINT ( 'NONE',  ( -41.36820079462862765, 21.07131387799082844, 13.60000000000000320 ) ) ;
#2560 = CARTESIAN_POINT ( 'NONE',  ( -42.57129478382451282, 19.97397648427666539, 7.599999999999998757 ) ) ;
#2561 = CARTESIAN_POINT ( 'NONE',  ( -42.90646997416213537, 19.85220486461594191, 7.569999999999995843 ) ) ;
#2562 = DIRECTION ( 'NONE',  ( 1.000000000000000000, 0.000000000000000000, 0.000000000000000000 ) ) ;
#2563 = EDGE_CURVE ( 'NONE', #2187, #301, #1687, .T. ) ;
#2564 = CARTESIAN_POINT ( 'NONE',  ( 40.63839112660448194, -12.36480788056000968, 13.60000000000000320 ) ) ;
#2565 = CARTESIAN_POINT ( 'NONE',  ( -14.09999999999993570, 16.09999999999996945, 18.60000000000000142 ) ) ;
#2566 = B_SPLINE_CURVE_WITH_KNOTS ( 'NONE', 3,
 ( #2843, #3429, #742, #2565 ),
 .UNSPECIFIED., .F., .F.,
 ( 4, 4 ),
 ( 0.000000000000000000, 0.6666666666666665186 ),
 .UNSPECIFIED. ) ;
#2567 = CARTESIAN_POINT ( 'NONE',  ( -39.10000000000007248, -21.10000000000013642, 9.600000000000001421 ) ) ;
#2568 = CARTESIAN_POINT ( 'NONE',  ( 42.09230172890504207, -17.47116016955260420, 7.599999999999998757 ) ) ;
#2569 = EDGE_LOOP ( 'NONE', ( #3160, #161, #1796, #2424 ) ) ;
#2570 = EDGE_CURVE ( 'NONE', #3696, #3353, #794, .T. ) ;
#2571 = CARTESIAN_POINT ( 'NONE',  ( -40.10000000000006537, 18.10000000000012221, 7.599999999999999645 ) ) ;
#2572 = FACE_OUTER_BOUND ( 'NONE', #2706, .T. ) ;
#2573 = CARTESIAN_POINT ( 'NONE',  ( -14.09999999997854125, 3.766666666666745211, 13.59999999997860698 ) ) ;
#2574 = CARTESIAN_POINT ( 'NONE',  ( 43.10000000000006537, -16.10000000000013642, 12.26666666666666750 ) ) ;
#2575 = ORIENTED_EDGE ( 'NONE', *, *, #2614, .T. ) ;
#2576 = DIRECTION ( 'NONE',  ( 1.000000000000000000, 3.491481338843133750E-15, 0.000000000000000000 ) ) ;
#2577 = CARTESIAN_POINT ( 'NONE',  ( 38.10000000000005116, 21.10000000000013287, 9.600000000000001421 ) ) ;
#2578 = CARTESIAN_POINT ( 'NONE',  ( -41.38329560835351373, 21.07077768596482770, 13.60000000000000142 ) ) ;
#2579 = CARTESIAN_POINT ( 'NONE',  ( -41.95743381531349314, 20.04035290575581030, 7.599999999999998757 ) ) ;
#2580 = CARTESIAN_POINT ( 'NONE',  ( -43.08856283237219742, -19.52076669960854360, 9.599999999999972999 ) ) ;
#2581 = EDGE_CURVE ( 'NONE', #2333, #1803, #3110, .T. ) ;
#2582 = FACE_OUTER_BOUND ( 'NONE', #2132, .T. ) ;
#2583 = B_SPLINE_CURVE_WITH_KNOTS ( 'NONE', 3,
 ( #837, #2030, #1599, #3081 ),
 .UNSPECIFIED., .F., .F.,
 ( 4, 4 ),
 ( 0.000000000000000000, 1.000000000000000000 ),
 .UNSPECIFIED. ) ;
#2584 = LINE ( 'NONE', #2033, #2431 ) ;
#2585 = CARTESIAN_POINT ( 'NONE',  ( 42.98866520347225872, -5.842587824097030591, 28.59999999999999787 ) ) ;
#2586 = CARTESIAN_POINT ( 'NONE',  ( -40.10000000000006537, -7.686454296869565743E-15, 10.59999999999999964 ) ) ;
#2587 = AXIS2_PLACEMENT_3D ( 'NONE', #2811, #1947, #94 ) ;
#2588 = CARTESIAN_POINT ( 'NONE',  ( -43.13493851953492708, 16.09999999999985576, 8.266666666911563155 ) ) ;
#2589 = CARTESIAN_POINT ( 'NONE',  ( 42.09672409429047946, -17.04630792284427088, 7.599999999999998757 ) ) ;
#2590 = EDGE_CURVE ( 'NONE', #2510, #810, #3847, .T. ) ;
#2591 = ORIENTED_EDGE ( 'NONE', *, *, #2299, .T. ) ;
#2592 = CARTESIAN_POINT ( 'NONE',  ( -39.99274735640547362, -20.09714857554511269, 7.600000000000000533 ) ) ;
#2593 = CARTESIAN_POINT ( 'NONE',  ( -13.99246996001822829, -5.812705075313873593, 28.59999999999998721 ) ) ;
#2594 = CARTESIAN_POINT ( 'NONE',  ( -18.98809037278265066, 19.82648634617215677, 13.59999999999999964 ) ) ;
#2595 = CARTESIAN_POINT ( 'NONE',  ( -44.07037261525415772, -18.39456583594460426, 13.60000000000000320 ) ) ;
#2596 = ORIENTED_EDGE ( 'NONE', *, *, #679, .F. ) ;
#2597 = CARTESIAN_POINT ( 'NONE',  ( 38.10000000000007958, -7.399999999999875122, 18.60000000000000497 ) ) ;
#2598 = CARTESIAN_POINT ( 'NONE',  ( 43.10000000000006537, -2.399999999999876010, 18.59999999999973497 ) ) ;
#2599 = SHAPE_DEFINITION_REPRESENTATION ( #3479, #2038 ) ;
#2600 = CARTESIAN_POINT ( 'NONE',  ( -39.46797689287637212, 20.10000000108634310, 7.600000000000000533 ) ) ;
#2601 = EDGE_CURVE ( 'NONE', #2264, #880, #703, .T. ) ;
#2602 = B_SPLINE_CURVE_WITH_KNOTS ( 'NONE', 3,
 ( #515, #3759, #1061, #2262, #3163, #1662, #2867 ),
 .UNSPECIFIED., .F., .F.,
 ( 4, 3, 4 ),
 ( 0.000000000000000000, 0.001001535798268703538, 0.002003071596537409245 ),
 .UNSPECIFIED. ) ;
#2603 = DIRECTION ( 'NONE',  ( 1.916821520416347353E-16, -1.000000000000000000, 0.000000000000000000 ) ) ;
#2604 = ORIENTED_EDGE ( 'NONE', *, *, #1809, .F. ) ;
#2605 = CARTESIAN_POINT ( 'NONE',  ( -42.72179701815418440, -20.05142201890374309, 9.600000000000001421 ) ) ;
#2606 = CARTESIAN_POINT ( 'NONE',  ( 41.96834341765563181, 19.96816119399936795, 9.600000000000001421 ) ) ;
#2607 = CARTESIAN_POINT ( 'NONE',  ( -12.48039098668615310, 20.99643778796541227, 28.60000000000000142 ) ) ;
#2608 = CARTESIAN_POINT ( 'NONE',  ( -40.36874638910989432, 20.09570381197985611, 7.569999999999995843 ) ) ;
#2609 = CARTESIAN_POINT ( 'NONE',  ( 41.98338607260066624, -19.50478918533281458, 7.569999999999999396 ) ) ;
#2610 = ORIENTED_EDGE ( 'NONE', *, *, #1638, .F. ) ;
#2611 = CARTESIAN_POINT ( 'NONE',  ( 38.82135399908472095, -7.399999999999876010, 18.59999999999483933 ) ) ;
#2612 = DIRECTION ( 'NONE',  ( 1.000000000000000000, 0.000000000000000000, -0.000000000000000000 ) ) ;
#2613 = ORIENTED_EDGE ( 'NONE', *, *, #2101, .F. ) ;
#2614 = EDGE_CURVE ( 'NONE', #517, #1455, #3045, .T. ) ;
#2615 = CARTESIAN_POINT ( 'NONE',  ( -41.94573865730876605, -20.04116199736793291, 7.600000000000000533 ) ) ;
#2616 = CARTESIAN_POINT ( 'NONE',  ( -12.54258782409712225, -7.288665203472059595, 28.60000000000000853 ) ) ;
#2617 = CARTESIAN_POINT ( 'NONE',  ( 41.92909258494510993, 19.92900344636974808, 8.600000000927101595 ) ) ;
#2618 = AXIS2_PLACEMENT_3D ( 'NONE', #710, #3344, #1905 ) ;
#2619 = EDGE_LOOP ( 'NONE', ( #585, #2596, #138, #1721 ) ) ;
#2620 = CARTESIAN_POINT ( 'NONE',  ( 40.26502874845724733, -5.131618419794400587, 26.11838158020551859 ) ) ;
#2621 = AXIS2_PLACEMENT_3D ( 'NONE', #3016, #321, #1512 ) ;
#2622 = DIRECTION ( 'NONE',  ( 0.000000000000000000, 0.000000000000000000, 1.000000000000000000 ) ) ;
#2623 = CARTESIAN_POINT ( 'NONE',  ( 43.10000000000006537, -16.10000000000013642, 11.70000000000001883 ) ) ;
#2624 = CARTESIAN_POINT ( 'NONE',  ( 41.99474113930486396, 19.43092493448028790, 7.600000000000000533 ) ) ;
#2625 = AXIS2_PLACEMENT_3D ( 'NONE', #3485, #2237, #167 ) ;
#2626 = ORIENTED_EDGE ( 'NONE', *, *, #2694, .T. ) ;
#2627 = CARTESIAN_POINT ( 'NONE',  ( 41.88984571103283372, -19.88984178720754059, 7.599999999999999645 ) ) ;
#2628 = CARTESIAN_POINT ( 'NONE',  ( 40.32364808234078168, 20.17861417217168807, 9.600000000000001421 ) ) ;
#2629 = CARTESIAN_POINT ( 'NONE',  ( -11.33773021340045872, 21.07237354602646562, 28.59999999999998721 ) ) ;
#2630 = CARTESIAN_POINT ( 'NONE',  ( -43.08466790377823230, 17.87451446694484858, 7.599999999999999645 ) ) ;
#2631 = ORIENTED_EDGE ( 'NONE', *, *, #387, .T. ) ;
#2632 = ADVANCED_FACE ( 'NONE', ( #1144, #3542 ), #3806, .F. ) ;
#2633 = CARTESIAN_POINT ( 'NONE',  ( -12.08489009577314732, 21.09999999999995879, 15.61607034543155592 ) ) ;
#2634 = CARTESIAN_POINT ( 'NONE',  ( 41.97874451842695720, -19.94666447902785578, 9.599999999999941025 ) ) ;
#2635 = CARTESIAN_POINT ( 'NONE',  ( 41.91784294407815281, -19.81410856142276700, 7.569999999999997620 ) ) ;
#2636 = EDGE_CURVE ( 'NONE', #3247, #1827, #1406, .T. ) ;
#2637 = ORIENTED_EDGE ( 'NONE', *, *, #3447, .T. ) ;
#2638 = EDGE_CURVE ( 'NONE', #2407, #66, #2583, .T. ) ;
#2639 = CARTESIAN_POINT ( 'NONE',  ( -19.09683023553770553, 17.59548118335282041, 13.60000000000000142 ) ) ;
#2640 = B_SPLINE_CURVE_WITH_KNOTS ( 'NONE', 3,
 ( #1983, #2909, #828, #2025, #3820, #3228, #238, #1387, #494, #2888, #195, #2595, #1100, #2306, #214, #1407, #2327, #1723, #2932, #3840, #1138, #2345, #3537, #869, #1192, #1211, #1523, #1448, #3007, #1766, #2100, #608, #850, #3861, #2383, #925, #313, #1233, #3246, #557, #3575, #2658, #1155, #2731, #35, #1466, #2438, #2400, #885, #2083, #259, #3593, #1503, #3283, #2365, #591, #3877, #3554, #2418, #1784, #2046, #904 ),
 .UNSPECIFIED., .F., .F.,
 ( 4, 1, 1, 1, 1, 1, 1, 1, 2, 2, 1, 1, 1, 1, 1, 1, 2, 2, 1, 1, 1, 1, 2, 2, 2, 1, 1, 1, 1, 2, 2, 1, 1, 1, 1, 1, 2, 2, 1, 1, 1, 1, 1, 1, 2, 2, 4 ),
 ( 0.000000000000000000, 0.1250000000001027789, 0.1875000000001547373, 0.2187500000001807166, 0.2343750000001944278, 0.2421875000002013112, 0.2460937500002047251, 0.2480468750002072786, 0.2490234375002093881, 0.2500000000002114975, 0.3125000000003569922, 0.3437500000004302114, 0.3593750000004667933, 0.3671875000004852785, 0.3710937500004936052, 0.3730468750004977685, 0.3740234375004988787, 0.3750000000005000445, 0.4062500000005282996, 0.4218750000005418999, 0.4296875000005487277, 0.4335937500005514478, 0.4355468750005535017, 0.4375000000005555556, 0.5000000000006182832, 0.5312500000006495915, 0.5468750000006665779, 0.5546875000006749046, 0.5585937500006790124, 0.5605468750006801226, 0.5625000000006813439, 0.5937500000006866729, 0.6093750000006905587, 0.6171875000006925571, 0.6210937500006945555, 0.6230468750006955547, 0.6240234375006952217, 0.6250000000006947776, 0.6875000000005513368, 0.7187500000004807266, 0.7343750000004454215, 0.7421875000004277689, 0.7460937500004189982, 0.7480468750004145573, 0.7490234375004132250, 0.7500000000004118927, 1.000000000000000000 ),
 .UNSPECIFIED. ) ;
#2641 = CARTESIAN_POINT ( 'NONE',  ( 17.35000000000001918, -4.399999999999876010, 25.59999999999999787 ) ) ;
#2642 = ORIENTED_EDGE ( 'NONE', *, *, #2165, .T. ) ;
#2643 = CARTESIAN_POINT ( 'NONE',  ( 41.81532429733171341, -19.91748157575323575, 7.569999999999995843 ) ) ;
#2644 = CARTESIAN_POINT ( 'NONE',  ( 43.10000000000006537, 21.10000000000015419, 14.25000000000000888 ) ) ;
#2645 = CARTESIAN_POINT ( 'NONE',  ( 43.10000000000006537, -21.10000000000013642, 9.500000000000007105 ) ) ;
#2646 = CARTESIAN_POINT ( 'NONE',  ( 41.99017548658512311, 19.46436809832186299, 7.600000000000000533 ) ) ;
#2647 = EDGE_LOOP ( 'NONE', ( #202, #3046, #3834, #2012 ) ) ;
#2648 = CARTESIAN_POINT ( 'NONE',  ( 38.10000000000005116, 21.10000000000013287, 22.26666666666665861 ) ) ;
#2649 = CARTESIAN_POINT ( 'NONE',  ( 41.28047690216013166, 20.12037981425795508, 9.599999999999997868 ) ) ;
#2650 = CARTESIAN_POINT ( 'NONE',  ( -13.98247474094919518, 19.58902559124397769, 28.59999999999999076 ) ) ;
#2651 = CARTESIAN_POINT ( 'NONE',  ( -43.04116199736554904, 18.94573865730919238, 7.600000000000001421 ) ) ;
#2652 = CARTESIAN_POINT ( 'NONE',  ( -19.05092378285785770, -5.266207409131042461, 13.60000000000000142 ) ) ;
#2653 = ORIENTED_EDGE ( 'NONE', *, *, #2076, .F. ) ;
#2654 = CARTESIAN_POINT ( 'NONE',  ( -11.66559769548373815, 21.09999999999995879, 16.03006242187898067 ) ) ;
#2655 = CARTESIAN_POINT ( 'NONE',  ( 40.52030516780582303, -7.367288306519602870, 18.59999999999999432 ) ) ;
#2656 = AXIS2_PLACEMENT_3D ( 'NONE', #2886, #2024, #533 ) ;
#2657 = CARTESIAN_POINT ( 'NONE',  ( -12.54737320415809343, -7.288042780054219349, 28.59999999999999787 ) ) ;
#2658 = CARTESIAN_POINT ( 'NONE',  ( -42.90107979776103519, -20.93063647161827845, 13.60000000000000142 ) ) ;
#2659 = VERTEX_POINT ( 'NONE', #3522 ) ;
#2660 = CARTESIAN_POINT ( 'NONE',  ( 41.90450979681097010, -19.88097846064660246, 7.569999999999995843 ) ) ;
#2661 = CARTESIAN_POINT ( 'NONE',  ( 43.10000000000006537, -2.399999999999876010, 23.85000000000000142 ) ) ;
#2662 = APPLICATION_PROTOCOL_DEFINITION ( 'draft international standard', 'automotive_design', 1998, #493 ) ;
#2663 = CARTESIAN_POINT ( 'NONE',  ( 42.86170419352206551, -20.14833751234503723, 13.59999999999999964 ) ) ;
#2664 = ORIENTED_EDGE ( 'NONE', *, *, #3327, .F. ) ;
#2665 = CARTESIAN_POINT ( 'NONE',  ( -43.20481555856615330, 16.09999999999986287, 9.600000000000001421 ) ) ;
#2666 = CARTESIAN_POINT ( 'NONE',  ( -42.96384476362881344, -19.62671102339069762, 7.600000000000000533 ) ) ;
#2667 = CARTESIAN_POINT ( 'NONE',  ( -14.06938128774547536, 18.42161314647801973, 28.59999999999999076 ) ) ;
#2668 = LINE ( 'NONE', #2586, #550 ) ;
#2669 = CARTESIAN_POINT ( 'NONE',  ( -11.17347768862570234, -12.37937929537339521, 13.60000000000000497 ) ) ;
#2670 =( BOUNDED_CURVE ( )  B_SPLINE_CURVE ( 2, ( #2470, #655, #1932 ),
 .UNSPECIFIED., .F., .F. ) 
 B_SPLINE_CURVE_WITH_KNOTS ( ( 3, 3 ),
 ( 0.000000000000000000, 0.009199074514668538483 ),
 .UNSPECIFIED. ) 
 CURVE ( )  GEOMETRIC_REPRESENTATION_ITEM ( )  RATIONAL_B_SPLINE_CURVE ( ( 1.000000000000000000, 4.000000000000000888, 1.000000000000000000 ) ) 
 REPRESENTATION_ITEM ( '' )  );
#2671 = CARTESIAN_POINT ( 'NONE',  ( -13.22008974206421961, 21.09999999999996234, 14.52130756268699407 ) ) ;
#2672 = CARTESIAN_POINT ( 'NONE',  ( 43.30968706781168009, -12.06433480622674814, 13.60000000000001208 ) ) ;
#2673 = CARTESIAN_POINT ( 'NONE',  ( -12.55436243565092269, -7.287125456395469492, 28.60000000000001208 ) ) ;
#2674 = CARTESIAN_POINT ( 'NONE',  ( -9.099999999999933920, -7.399999999999875122, 18.60000000000000497 ) ) ;
#2675 = ORIENTED_EDGE ( 'NONE', *, *, #2449, .T. ) ;
#2676 = CARTESIAN_POINT ( 'NONE',  ( 42.00737088955055754, -19.97436538983634335, 10.03000000000000469 ) ) ;
#2677 = CARTESIAN_POINT ( 'NONE',  ( 43.07054652695217101, 18.38973471204508670, 28.60000000000000142 ) ) ;
#2678 = VECTOR ( 'NONE', #3503, 1000.000000000000000 ) ;
#2679 = CARTESIAN_POINT ( 'NONE',  ( 38.10000000000007248, -21.10000000000013642, 12.26666666666666750 ) ) ;
#2680 = ORIENTED_EDGE ( 'NONE', *, *, #2140, .F. ) ;
#2681 = CARTESIAN_POINT ( 'NONE',  ( -43.08863698948986354, 19.52038923085751776, 9.600000000000029843 ) ) ;
#2682 = CARTESIAN_POINT ( 'NONE',  ( 41.96834341765563181, 19.96816119399936795, 9.600000000000001421 ) ) ;
#2683 = CARTESIAN_POINT ( 'NONE',  ( -13.87219128650704292, 20.11584027700514810, 28.60000000000000497 ) ) ;
#2684 = CARTESIAN_POINT ( 'NONE',  ( -41.64302649857230421, 20.18996209167845990, 10.03000000000000469 ) ) ;
#2685 = AXIS2_PLACEMENT_3D ( 'NONE', #3634, #724, #1016 ) ;
#2686 = CARTESIAN_POINT ( 'NONE',  ( -15.35877070275499356, -11.65904935531686171, 13.59999999999999964 ) ) ;
#2687 = VERTEX_POINT ( 'NONE', #745 ) ;
#2688 = DIRECTION ( 'NONE',  ( 0.000000000000000000, 1.000000000000000000, 0.000000000000000000 ) ) ;
#2689 = CARTESIAN_POINT ( 'NONE',  ( 45.32727593175044944, -11.12487824510275658, 13.60000000000000320 ) ) ;
#2690 =( BOUNDED_CURVE ( )  B_SPLINE_CURVE ( 2, ( #3853, #3001, #879 ),
 .UNSPECIFIED., .F., .T. ) 
 B_SPLINE_CURVE_WITH_KNOTS ( ( 3, 3 ),
 ( 0.000000000000000000, 0.9999999901031769722 ),
 .UNSPECIFIED. ) 
 CURVE ( )  GEOMETRIC_REPRESENTATION_ITEM ( )  RATIONAL_B_SPLINE_CURVE ( ( 1.287813190155989496, 1.151563789137203697, 1.000000000000000000 ) ) 
 REPRESENTATION_ITEM ( '' )  );
#2691 = CARTESIAN_POINT ( 'NONE',  ( -15.89630197757001540, 21.09999999999994458, 13.65106774866377037 ) ) ;
#2692 = CARTESIAN_POINT ( 'NONE',  ( -14.10000000074194659, 16.82135399905763151, 13.60000000000774634 ) ) ;
#2693 = CARTESIAN_POINT ( 'NONE',  ( 39.60000000000006537, -7.390087672888730808, 23.89999999999999858 ) ) ;
#2694 = EDGE_CURVE ( 'NONE', #718, #1761, #3099, .T. ) ;
#2695 = VERTEX_POINT ( 'NONE', #3717 ) ;
#2696 = CARTESIAN_POINT ( 'NONE',  ( 41.85251873002457046, -20.04096527429229724, 10.03000000000000469 ) ) ;
#2697 = CARTESIAN_POINT ( 'NONE',  ( 41.60148538754871339, -20.07597369116287922, 9.599999999999866418 ) ) ;
#2698 = CARTESIAN_POINT ( 'NONE',  ( 40.32435739703675637, 20.20113888443733785, 10.03000000000000647 ) ) ;
#2699 = CARTESIAN_POINT ( 'NONE',  ( -9.099999999999937472, -7.399999999999876010, 18.60000000000000142 ) ) ;
#2700 = ORIENTED_EDGE ( 'NONE', *, *, #2155, .F. ) ;
#2701 = LINE ( 'NONE', #267, #1715 ) ;
#2702 = CARTESIAN_POINT ( 'NONE',  ( -42.96816119399441902, 19.96834341765943677, 9.600000000000001421 ) ) ;
#2703 = CARTESIAN_POINT ( 'NONE',  ( 42.20209550671139453, 17.36989670848549849, 9.599999999999637268 ) ) ;
#2704 = CARTESIAN_POINT ( 'NONE',  ( -42.52407600696913903, 20.11085662664293494, 10.03000000000007574 ) ) ;
#2705 = CARTESIAN_POINT ( 'NONE',  ( -17.38718064874606739, -10.18379868348843509, 13.60000000000000142 ) ) ;
#2706 = EDGE_LOOP ( 'NONE', ( #851, #783, #1497, #1342 ) ) ;
#2707 = FACE_OUTER_BOUND ( 'NONE', #335, .T. ) ;
#2708 = CARTESIAN_POINT ( 'NONE',  ( 48.09912211731666787, -3.040415744758881100, 13.60000000000000142 ) ) ;
#2709 = B_SPLINE_CURVE_WITH_KNOTS ( 'NONE', 3,
 ( #58, #1258, #3658, #3174, #3218, #186, #3871, #2357, #225, #506, #800, #526, #1421, #2630, #1714, #1759, #270, #3831, #1164, #1440, #2337, #248, #1398, #2059, #1676, #1149, #2651, #3547, #568, #3258, #3527, #861, #1995, #2964, #842, #779, #1974, #3195, #2376, #2879, #1459, #2035, #3238, #546, #1379, #1738, #2945 ),
 .UNSPECIFIED., .F., .F.,
 ( 4, 1, 1, 1, 1, 1, 2, 2, 1, 1, 1, 1, 1, 2, 2, 1, 1, 1, 1, 1, 2, 2, 1, 1, 1, 1, 2, 2, 1, 1, 1, 1, 2, 2, 4 ),
 ( 0.000000000000000000, 0.1249999999998787636, 0.1874999999998167854, 0.2187499999997872535, 0.2343749999997725153, 0.2421874999997667144, 0.2460937499997654376, 0.2499999999997641886, 0.3749999999997548628, 0.4374999999997501443, 0.4687499999997477573, 0.4843749999997480904, 0.4921874999997497002, 0.4960937499997489786, 0.4999999999997483124, 0.6249999999997399858, 0.6874999999997343236, 0.7187499999997315481, 0.7343749999997285505, 0.7421874999997286615, 0.7460937499997303268, 0.7499999999997319922, 0.8124999999997729594, 0.8437499999997937206, 0.8593749999998054889, 0.8671874999998130384, 0.8710937499998180344, 0.8749999999998230304, 0.9062499999998631095, 0.9218749999998835376, 0.9296874999998957501, 0.9335937499999013012, 0.9355468749999046318, 0.9374999999999079625, 1.000000000000000000 ),
 .UNSPECIFIED. ) ;
#2710 = CARTESIAN_POINT ( 'NONE',  ( -14.84740708576233281, 21.09999999999995168, 13.74848968258454640 ) ) ;
#2711 = CARTESIAN_POINT ( 'NONE',  ( -13.98818812790835509, 19.56998191267176068, 13.60000000000323972 ) ) ;
#2712 = CARTESIAN_POINT ( 'NONE',  ( -11.84999999999993747, 18.09999999999996234, 27.72132034355963981 ) ) ;
#2713 = EDGE_CURVE ( 'NONE', #1672, #810, #2241, .T. ) ;
#2714 = DIRECTION ( 'NONE',  ( 0.000000000000000000, -0.000000000000000000, -1.000000000000000000 ) ) ;
#2715 = VERTEX_POINT ( 'NONE', #2809 ) ;
#2716 = CARTESIAN_POINT ( 'NONE',  ( 42.98959392881931763, 19.53538422206573699, 28.60000000000000853 ) ) ;
#2717 = CARTESIAN_POINT ( 'NONE',  ( -42.91595086561353156, 19.91600897916261204, 8.266666667631769272 ) ) ;
#2718 = CARTESIAN_POINT ( 'NONE',  ( 40.95942014059935588, -21.04485155126631923, 13.60000000000000320 ) ) ;
#2719 = ADVANCED_FACE ( 'NONE', ( #3376 ), #1292, .T. ) ;
#2720 = ORIENTED_EDGE ( 'NONE', *, *, #1167, .F. ) ;
#2721 = CARTESIAN_POINT ( 'NONE',  ( 39.60000000000006537, -7.390087672888730808, 23.89999999999999858 ) ) ;
#2722 = CARTESIAN_POINT ( 'NONE',  ( -40.10000000000003695, 10.77689577749866245, 10.59999999999999964 ) ) ;
#2723 = CARTESIAN_POINT ( 'NONE',  ( -14.09641051250868493, -3.775001414488015961, 18.60000000000000497 ) ) ;
#2724 = EDGE_CURVE ( 'NONE', #1945, #3696, #3735, .T. ) ;
#2725 = CARTESIAN_POINT ( 'NONE',  ( 43.10000000000006537, -2.399999999999876010, 18.59999999999973497 ) ) ;
#2726 = CARTESIAN_POINT ( 'NONE',  ( -19.09999999999993747, -2.399999999999876010, 13.60000000000000142 ) ) ;
#2727 = ORIENTED_EDGE ( 'NONE', *, *, #2987, .T. ) ;
#2728 = CARTESIAN_POINT ( 'NONE',  ( 42.73941876031320675, -6.732441477728485779, 28.59999999999999076 ) ) ;
#2729 = CARTESIAN_POINT ( 'NONE',  ( 42.71516125040843548, -6.762558746755550132, 13.59999999999581455 ) ) ;
#2730 = CARTESIAN_POINT ( 'NONE',  ( -14.09999999999993570, 16.82135399909044793, 18.60000000000516707 ) ) ;
#2731 = CARTESIAN_POINT ( 'NONE',  ( -42.63667213872713546, -20.97576400432753374, 13.59999999999999964 ) ) ;
#2732 = CARTESIAN_POINT ( 'NONE',  ( 42.08982048260720887, 17.62895153245304058, 7.599999999999999645 ) ) ;
#2733 = VERTEX_POINT ( 'NONE', #2159 ) ;
#2734 = EDGE_CURVE ( 'NONE', #2551, #3867, #73, .T. ) ;
#2735 = CARTESIAN_POINT ( 'NONE',  ( 41.39755730794001920, 21.00743052736960692, 28.59999999999999787 ) ) ;
#2736 = CARTESIAN_POINT ( 'NONE',  ( -44.10000000000007248, -8.261500752994470738E-15, 13.60000000000000142 ) ) ;
#2737 = CARTESIAN_POINT ( 'NONE',  ( 38.10000000000007958, -21.10000000000013642, 13.60000000000000142 ) ) ;
#2738 = ORIENTED_EDGE ( 'NONE', *, *, #3205, .F. ) ;
#2739 = DIRECTION ( 'NONE',  ( 1.000000000000000000, 0.000000000000000000, -0.000000000000000000 ) ) ;
#2740 = CARTESIAN_POINT ( 'NONE',  ( -40.80000000000003979, 9.776895777498655349, 7.600000000000000533 ) ) ;
#2741 = CARTESIAN_POINT ( 'NONE',  ( -13.42645396224423848, -7.037749928624829288, 13.59999999999908304 ) ) ;
#2742 = CARTESIAN_POINT ( 'NONE',  ( -42.11145600558544544, 20.02802452186447724, 7.569999999999995843 ) ) ;
#2743 = VECTOR ( 'NONE', #273, 1000.000000000000000 ) ;
#2744 = CARTESIAN_POINT ( 'NONE',  ( 41.50095778074351216, -19.98492167713304468, 7.600000000000001421 ) ) ;
#2745 = VECTOR ( 'NONE', #3405, 1000.000000000000000 ) ;
#2746 = ORIENTED_EDGE ( 'NONE', *, *, #387, .F. ) ;
#2747 = CARTESIAN_POINT ( 'NONE',  ( 40.95942014064108605, -7.344851551261054823, 28.59999999999999787 ) ) ;
#2748 = CARTESIAN_POINT ( 'NONE',  ( 40.60000000000000142, 1.400084016876096665E-13, 25.59999999999999787 ) ) ;
#2749 = CARTESIAN_POINT ( 'NONE',  ( -13.83846290563193726, 20.23563650672662462, 18.60000000000260556 ) ) ;
#2750 = CYLINDRICAL_SURFACE ( 'NONE', #741, 0.7500000000000006661 ) ;
#2751 = EDGE_CURVE ( 'NONE', #1761, #2395, #2519, .T. ) ;
#2752 = CARTESIAN_POINT ( 'NONE',  ( 40.32029945714817387, 20.07227657705711721, 7.569999999999995843 ) ) ;
#2753 = EDGE_LOOP ( 'NONE', ( #2047, #1403, #680, #2575 ) ) ;
#2754 = CARTESIAN_POINT ( 'NONE',  ( 40.49873699102327862, 21.06641683701862533, 28.59999999999999432 ) ) ;
#2755 = CARTESIAN_POINT ( 'NONE',  ( 39.04630792284373086, 20.09672409429441231, 7.599999999999998757 ) ) ;
#2756 = CARTESIAN_POINT ( 'NONE',  ( -11.84999999999993747, -4.399999999999876010, 25.59999999999999787 ) ) ;
#2757 = CARTESIAN_POINT ( 'NONE',  ( -43.06364008707100055, -19.76978910882841944, 10.03000000000000469 ) ) ;
#2758 = VERTEX_POINT ( 'NONE', #114 ) ;
#2759 = CARTESIAN_POINT ( 'NONE',  ( 22.36666666666673819, -12.39999999999987601, 13.60000000000000142 ) ) ;
#2760 = B_SPLINE_CURVE_WITH_KNOTS ( 'NONE', 3,
 ( #2665, #1773, #1161, #2979, #284, #3849, #1473, #2681, #3885, #2389, #3582, #891, #3682, #3052, #100, #1261, #1511 ),
 .UNSPECIFIED., .F., .F.,
 ( 4, 2, 2, 2, 2, 2, 3, 4 ),
 ( 0.000000000000000000, 0.001931104874626550331, 0.002896657311939825497, 0.003379433530596462863, 0.003620821639924781763, 0.003741515694588941430, 0.003862209749253100663, 0.003889706555089160120 ),
 .UNSPECIFIED. ) ;
#2761 = PLANE ( 'NONE',  #2373 ) ;
#2762 = CARTESIAN_POINT ( 'NONE',  ( -12.45772195407463201, -7.301939378529446856, 13.59999999999907594 ) ) ;
#2763 = CARTESIAN_POINT ( 'NONE',  ( -42.50514369042461738, 19.98331538500458393, 7.570000000000066009 ) ) ;
#2764 = FILL_AREA_STYLE_COLOUR ( '', #297 ) ;
#2765 = ORIENTED_EDGE ( 'NONE', *, *, #780, .F. ) ;
#2766 = CARTESIAN_POINT ( 'NONE',  ( 42.48402385467330333, -7.016541951721605663, 28.60000000000000853 ) ) ;
#2767 = CARTESIAN_POINT ( 'NONE',  ( 0.000000000000000000, -18.10000000000013642, 7.599999999999999645 ) ) ;
#2768 = CARTESIAN_POINT ( 'NONE',  ( -13.73903216416963780, 20.42549664848401036, 13.59999999999804210 ) ) ;
#2769 = EDGE_CURVE ( 'NONE', #3587, #3076, #1575, .T. ) ;
#2770 = CARTESIAN_POINT ( 'NONE',  ( 42.16987703906384155, -16.10000000000012577, 8.933333333709594370 ) ) ;
#2771 = DIRECTION ( 'NONE',  ( -0.000000000000000000, -0.000000000000000000, 1.000000000000000000 ) ) ;
#2772 = ORIENTED_EDGE ( 'NONE', *, *, #2037, .T. ) ;
#2773 = CARTESIAN_POINT ( 'NONE',  ( 40.44748514794608951, 21.06840992987408612, 28.59999999999999432 ) ) ;
#2774 = LINE ( 'NONE', #2736, #1329 ) ;
#2775 = CARTESIAN_POINT ( 'NONE',  ( -18.01689115187821244, -9.329627455907223421, 13.59999999999999964 ) ) ;
#2776 = CARTESIAN_POINT ( 'NONE',  ( -44.06840992987402927, 18.44748514794471106, 13.59999999999999787 ) ) ;
#2777 = CARTESIAN_POINT ( 'NONE',  ( 43.06938128774554997, -18.42161314647843540, 13.59999999999999964 ) ) ;
#2778 = VERTEX_POINT ( 'NONE', #1943 ) ;
#2779 = CARTESIAN_POINT ( 'NONE',  ( 40.66964569095198812, -3.912143682238331532, 27.33785631776157388 ) ) ;
#2780 = VECTOR ( 'NONE', #389, 1000.000000000000000 ) ;
#2781 = CARTESIAN_POINT ( 'NONE',  ( -44.10000000000007248, 21.09999999999984510, 13.90000000000000036 ) ) ;
#2782 = CARTESIAN_POINT ( 'NONE',  ( 42.12044396547474889, 19.28028477984243594, 9.599999999999639044 ) ) ;
#2783 = CARTESIAN_POINT ( 'NONE',  ( 43.10000000000006537, -7.648854782592105828, 13.85938287226601950 ) ) ;
#2784 = ORIENTED_EDGE ( 'NONE', *, *, #921, .F. ) ;
#2785 = CARTESIAN_POINT ( 'NONE',  ( 41.53988389866348285, -7.289014960493312323, 28.59999999999998721 ) ) ;
#2786 = CARTESIAN_POINT ( 'NONE',  ( 38.10000000000007958, -21.10000000000013642, 13.60000000000000142 ) ) ;
#2787 = CARTESIAN_POINT ( 'NONE',  ( 42.10000000000006537, -16.10000000000013287, 7.599999999999999645 ) ) ;
#2788 = DIRECTION ( 'NONE',  ( -1.000000000000000000, -5.115210249675201216E-16, 0.000000000000000000 ) ) ;
#2789 = ORIENTED_EDGE ( 'NONE', *, *, #81, .T. ) ;
#2790 = CARTESIAN_POINT ( 'NONE',  ( 42.11584027700514099, 20.87219128650733424, 28.59999999999999432 ) ) ;
#2791 = FACE_OUTER_BOUND ( 'NONE', #1243, .T. ) ;
#2792 = LINE ( 'NONE', #95, #479 ) ;
#2793 = CARTESIAN_POINT ( 'NONE',  ( -43.96164780065984701, 19.72889785856658662, 13.60000000000000142 ) ) ;
#2794 = CARTESIAN_POINT ( 'NONE',  ( -43.09570381198094680, -17.36874638911203306, 7.569999999999447837 ) ) ;
#2795 = VERTEX_POINT ( 'NONE', #1581 ) ;
#2796 = LINE ( 'NONE', #1302, #3071 ) ;
#2797 = EDGE_CURVE ( 'NONE', #3359, #2534, #3673, .T. ) ;
#2798 = CARTESIAN_POINT ( 'NONE',  ( -44.10000000000007248, 21.09999999999984510, 11.69999999999999574 ) ) ;
#2799 = CARTESIAN_POINT ( 'NONE',  ( -9.787169388979650719, -7.400000000709183290, 13.60000000000123066 ) ) ;
#2800 = CARTESIAN_POINT ( 'NONE',  ( 43.10000000000006537, -7.750399965808746572, 13.83185906315599034 ) ) ;
#2801 = ADVANCED_FACE ( 'NONE', ( #963 ), #3166, .F. ) ;
#2802 = PLANE ( 'NONE',  #40 ) ;
#2803 = CARTESIAN_POINT ( 'NONE',  ( -9.099999999999937472, -12.39999999999987601, 13.60000000000000142 ) ) ;
#2804 = AXIS2_PLACEMENT_3D ( 'NONE', #1076, #2325, #826 ) ;
#2805 = AXIS2_PLACEMENT_3D ( 'NONE', #2476, #3669, #2877 ) ;
#2806 = DIRECTION ( 'NONE',  ( 1.000000000000000000, 0.000000000000000000, 0.000000000000000000 ) ) ;
#2807 = CARTESIAN_POINT ( 'NONE',  ( -42.28273563164035664, -20.14281270299692039, 10.03000000000000469 ) ) ;
#2808 = AXIS2_PLACEMENT_3D ( 'NONE', #979, #406, #53 ) ;
#2809 = CARTESIAN_POINT ( 'NONE',  ( -9.099999999999937472, -12.39999999999987601, 13.60000000000000142 ) ) ;
#2810 = VERTEX_POINT ( 'NONE', #3598 ) ;
#2811 = CARTESIAN_POINT ( 'NONE',  ( 42.10000000000006537, 0.000000000000000000, 7.599999999999999645 ) ) ;
#2812 = DIRECTION ( 'NONE',  ( -1.000000000000000000, 0.000000000000000000, -1.826024711554534653E-16 ) ) ;
#2813 = CARTESIAN_POINT ( 'NONE',  ( -44.03146074138535226, 19.14736041313588188, 13.60000000000000142 ) ) ;
#2814 = CARTESIAN_POINT ( 'NONE',  ( 42.98804278005439272, -19.54737320415831547, 13.60000000000000497 ) ) ;
#2815 = CARTESIAN_POINT ( 'NONE',  ( -14.09999999999993570, 21.09999999999995168, 18.60000000000119513 ) ) ;
#2816 = CARTESIAN_POINT ( 'NONE',  ( 38.10000000000005116, 20.20481555856621370, 9.600000000000001421 ) ) ;
#2817 = CARTESIAN_POINT ( 'NONE',  ( 43.10000000000006537, -8.435054454234373722, 13.71163551355834365 ) ) ;
#2818 = CARTESIAN_POINT ( 'NONE',  ( 41.97436538982854159, 20.00737088956162424, 10.02999999999986969 ) ) ;
#2819 = ORIENTED_EDGE ( 'NONE', *, *, #832, .T. ) ;
#2820 = CARTESIAN_POINT ( 'NONE',  ( 39.62895153248118874, -20.08982048260783060, 7.599999999999996092 ) ) ;
#2821 = CARTESIAN_POINT ( 'NONE',  ( -42.72292105549786356, 20.05119839417564620, 9.600000000000029843 ) ) ;
#2822 = CARTESIAN_POINT ( 'NONE',  ( 43.06938128774556418, -4.721613146478156331, 28.60000000000000142 ) ) ;
#2823 = CARTESIAN_POINT ( 'NONE',  ( -13.80127803321973978, 21.09999999999995168, 14.08857594997938989 ) ) ;
#2824 = DIRECTION ( 'NONE',  ( 0.000000000000000000, 0.000000000000000000, 1.000000000000000000 ) ) ;
#2825 = CARTESIAN_POINT ( 'NONE',  ( -42.98768761388497239, -19.98379500470670678, 10.03000000000000647 ) ) ;
#2826 = CARTESIAN_POINT ( 'NONE',  ( 41.26981359786757508, 20.01447571160663230, 7.569999999999992291 ) ) ;
#2827 = VERTEX_POINT ( 'NONE', #1866 ) ;
#2828 = B_SPLINE_CURVE_WITH_KNOTS ( 'NONE', 3,
 ( #809, #2574, #2282, #2004 ),
 .UNSPECIFIED., .F., .F.,
 ( 4, 4 ),
 ( 0.000000000000000000, 0.6666666666666667407 ),
 .UNSPECIFIED. ) ;
#2829 = CARTESIAN_POINT ( 'NONE',  ( -42.53210728984821287, -19.98042114943638836, 7.599999999999998757 ) ) ;
#2830 = CARTESIAN_POINT ( 'NONE',  ( -14.09999999999993570, 16.09999999999996945, 23.84999999999998721 ) ) ;
#2831 = CARTESIAN_POINT ( 'NONE',  ( -40.60000000000003695, 10.27689577749865890, 7.600000000000000533 ) ) ;
#2832 = CARTESIAN_POINT ( 'NONE',  ( -44.06641683701862888, 18.49873699102083791, 13.59999999999999964 ) ) ;
#2833 = CARTESIAN_POINT ( 'NONE',  ( -43.01454375441853983, -19.26958562560318100, 7.570000000000271179 ) ) ;
#2834 = CARTESIAN_POINT ( 'NONE',  ( -40.79999999999996163, -11.69689577749904430, 10.59999999999999964 ) ) ;
#2835 = FACE_OUTER_BOUND ( 'NONE', #1273, .T. ) ;
#2836 = CARTESIAN_POINT ( 'NONE',  ( -14.09999999999993570, -2.399999999999876010, 21.93333333333333357 ) ) ;
#2837 = CARTESIAN_POINT ( 'NONE',  ( -42.96834341765797660, -19.96816119399719369, 9.600000000000003197 ) ) ;
#2838 = VECTOR ( 'NONE', #3657, 1000.000000000000000 ) ;
#2839 =( BOUNDED_SURFACE ( )  B_SPLINE_SURFACE ( 2, 3, ( 
 ( #3187, #1013, #698, #2891 ),
 ( #2311, #2196, #2644, #834 ),
 ( #2937, #241, #1124, #2028 ) ),
 .UNSPECIFIED., .F., .F., .T. ) 
 B_SPLINE_SURFACE_WITH_KNOTS ( ( 3, 3 ),
 ( 4, 4 ),
 ( 0.000000000000000000, 1.000000000000000000 ),
 ( -0.01904999999999999402, 0.004049999999999999781 ),
 .UNSPECIFIED. ) 
 GEOMETRIC_REPRESENTATION_ITEM ( )  RATIONAL_B_SPLINE_SURFACE ( (
 ( 1.000000000000000000, 1.000000000000000000, 1.000000000000000000, 1.000000000000000000),
 ( 4.000000000000000888, 4.000000000000000888, 4.000000000000000888, 4.000000000000000888),
 ( 1.000000000000000000, 1.000000000000000000, 1.000000000000000000, 1.000000000000000000) ) ) 
 REPRESENTATION_ITEM ( '' )  SURFACE ( )  );
#2840 = ORIENTED_EDGE ( 'NONE', *, *, #1034, .F. ) ;
#2841 = CARTESIAN_POINT ( 'NONE',  ( 40.10000000000001563, -4.399999999999876010, 27.72132034355963981 ) ) ;
#2842 = EDGE_CURVE ( 'NONE', #3543, #3270, #2774, .T. ) ;
#2843 = CARTESIAN_POINT ( 'NONE',  ( -14.09999999999993570, 16.09999999999996945, 28.59999999999999787 ) ) ;
#2844 = CARTESIAN_POINT ( 'NONE',  ( 42.22461654477877602, -17.37032354543280022, 10.03000000000055358 ) ) ;
#2845 = DIRECTION ( 'NONE',  ( -0.000000000000000000, 0.000000000000000000, -1.000000000000000000 ) ) ;
#2846 = CARTESIAN_POINT ( 'NONE',  ( 42.09958493381788003, -16.54118413920818398, 7.599999999999999645 ) ) ;
#2847 = ORIENTED_EDGE ( 'NONE', *, *, #3724, .T. ) ;
#2848 = CARTESIAN_POINT ( 'NONE',  ( -42.41023997489009645, -19.99745538570732961, 7.600000000000001421 ) ) ;
#2849 = CARTESIAN_POINT ( 'NONE',  ( 40.71416540259459538, 20.05550665149208811, 7.600000000000000533 ) ) ;
#2850 = CARTESIAN_POINT ( 'NONE',  ( -43.89929146666848681, 20.02763088765042099, 13.60000000000000142 ) ) ;
#2851 = LINE ( 'NONE', #3145, #611 ) ;
#2852 = EDGE_CURVE ( 'NONE', #830, #1136, #2182, .T. ) ;
#2853 = ORIENTED_EDGE ( 'NONE', *, *, #2224, .F. ) ;
#2854 = CARTESIAN_POINT ( 'NONE',  ( 38.10000000000007958, -7.399999999999876010, 20.13333333333333286 ) ) ;
#2855 = DIRECTION ( 'NONE',  ( -0.8386705679454201645, -0.000000000000000000, -0.5446390350150329684 ) ) ;
#2856 = CARTESIAN_POINT ( 'NONE',  ( 43.10000000000007958, -8.451787737584634641, 13.70974128892148336 ) ) ;
#2857 = DIRECTION ( 'NONE',  ( 1.000000000000000000, -8.326672684688666480E-14, 0.000000000000000000 ) ) ;
#2858 = CARTESIAN_POINT ( 'NONE',  ( 38.10000000000007248, -20.10000000000013642, 7.599999999999999645 ) ) ;
#2859 = CARTESIAN_POINT ( 'NONE',  ( 40.81805682701002524, -12.35750574213354014, 13.60000000000000142 ) ) ;
#2860 = ADVANCED_FACE ( 'NONE', ( #3380 ), #3030, .F. ) ;
#2861 = DIRECTION ( 'NONE',  ( 1.000000000000000000, 0.000000000000000000, 0.000000000000000000 ) ) ;
#2862 = PLANE ( 'NONE',  #3372 ) ;
#2863 = ORIENTED_EDGE ( 'NONE', *, *, #1862, .T. ) ;
#2864 = VECTOR ( 'NONE', #1134, 1000.000000000000000 ) ;
#2865 = CARTESIAN_POINT ( 'NONE',  ( -42.42122724735956041, -19.99602867563683972, 7.600000000000000533 ) ) ;
#2866 = CARTESIAN_POINT ( 'NONE',  ( -14.09999999999993570, 21.09999999999995168, 12.84999999999999964 ) ) ;
#2867 = CARTESIAN_POINT ( 'NONE',  ( -42.88984178720487250, -19.88984571103815213, 7.599999999999999645 ) ) ;
#2868 = VECTOR ( 'NONE', #3799, 1000.000000000000000 ) ;
#2869 = EDGE_CURVE ( 'NONE', #1705, #3550, #1225, .T. ) ;
#2870 = DIRECTION ( 'NONE',  ( -0.000000000000000000, 0.000000000000000000, 1.000000000000000000 ) ) ;
#2871 = ORIENTED_EDGE ( 'NONE', *, *, #1521, .T. ) ;
#2872 = CARTESIAN_POINT ( 'NONE',  ( 39.60000000000006537, 14.83538406167147095, 23.89999999999999858 ) ) ;
#2873 = CARTESIAN_POINT ( 'NONE',  ( 39.35000000000001563, -4.399999999999876010, 27.72132034355963981 ) ) ;
#2874 = CARTESIAN_POINT ( 'NONE',  ( -43.31763701899723884, 20.81003976634460884, 13.60000000000000497 ) ) ;
#2875 = CARTESIAN_POINT ( 'NONE',  ( -43.04175772303072023, -19.76437442640588671, 9.600000000000111555 ) ) ;
#2876 = CARTESIAN_POINT ( 'NONE',  ( -39.10000000000005826, -20.10000000000013642, 7.599999999999999645 ) ) ;
#2877 = DIRECTION ( 'NONE',  ( 1.000000000000000000, 0.000000000000000000, 0.000000000000000000 ) ) ;
#2878 = FACE_OUTER_BOUND ( 'NONE', #2461, .T. ) ;
#2879 = CARTESIAN_POINT ( 'NONE',  ( -42.96301418375741576, 19.62994004720555097, 7.599999999999998757 ) ) ;
#2880 = ADVANCED_FACE ( 'NONE', ( #908 ), #1216, .T. ) ;
#2881 = CARTESIAN_POINT ( 'NONE',  ( 41.88984178720452434, 19.88984571103919663, 7.599999999999999645 ) ) ;
#2882 = CARTESIAN_POINT ( 'NONE',  ( 41.99745538570706316, -19.41023997489186925, 7.600000000000000533 ) ) ;
#2883 = VERTEX_POINT ( 'NONE', #632 ) ;
#2884 = EDGE_CURVE ( 'NONE', #3530, #1461, #3336, .T. ) ;
#2885 = CARTESIAN_POINT ( 'NONE',  ( -42.65190566092680768, -19.95868652844812630, 7.600000000000000533 ) ) ;
#2886 = CARTESIAN_POINT ( 'NONE',  ( -11.09999999999993570, 18.09999999999996234, 7.599999999999999645 ) ) ;
#2887 = CARTESIAN_POINT ( 'NONE',  ( -14.09999999999993570, 9.933333333333346005, 13.60000000000000142 ) ) ;
#2888 = CARTESIAN_POINT ( 'NONE',  ( -44.07054652695217101, -18.38973471204255006, 13.60000000000000497 ) ) ;
#2889 = ORIENTED_EDGE ( 'NONE', *, *, #1931, .T. ) ;
#2890 = CARTESIAN_POINT ( 'NONE',  ( -40.80000000000003979, 10.27689577749865713, -15.40511026734024824 ) ) ;
#2891 = CARTESIAN_POINT ( 'NONE',  ( 38.10000000000005116, 21.10000000000013287, 6.550000000000000711 ) ) ;
#2892 = CARTESIAN_POINT ( 'NONE',  ( -42.27279173388149758, 21.01881759005644312, 13.60000000000000142 ) ) ;
#2893 = CARTESIAN_POINT ( 'NONE',  ( -40.85717863696550722, 20.08525459699199089, 7.600000000000001421 ) ) ;
#2894 = CARTESIAN_POINT ( 'NONE',  ( -43.20209550671363985, -17.36989670848714340, 9.599999999999562661 ) ) ;
#2895 = VERTEX_POINT ( 'NONE', #1825 ) ;
#2896 = B_SPLINE_CURVE_WITH_KNOTS ( 'NONE', 3,
 ( #913, #2918, #222, #3255, #2334, #858, #2627 ),
 .UNSPECIFIED., .F., .F.,
 ( 4, 3, 4 ),
 ( 0.000000000000000000, 0.001001535798268697684, 0.002003071596537398837 ),
 .UNSPECIFIED. ) ;
#2897 = CARTESIAN_POINT ( 'NONE',  ( -39.10000000000007248, -20.20481555856621725, 9.600000000000001421 ) ) ;
#2898 = DIRECTION ( 'NONE',  ( -0.000000000000000000, -0.000000000000000000, -1.000000000000000000 ) ) ;
#2899 = CARTESIAN_POINT ( 'NONE',  ( -11.38329560835341248, 21.07077768596495559, 28.59999999999999076 ) ) ;
#2900 = CARTESIAN_POINT ( 'NONE',  ( -39.73435631924511569, 20.09842776849431800, 7.569999999999995843 ) ) ;
#2901 = EDGE_CURVE ( 'NONE', #549, #1679, #1489, .T. ) ;
#2902 = AXIS2_PLACEMENT_3D ( 'NONE', #3435, #3394, #3654 ) ;
#2903 = ORIENTED_EDGE ( 'NONE', *, *, #482, .F. ) ;
#2904 = CARTESIAN_POINT ( 'NONE',  ( 41.97345285620943400, -19.95750394834415431, 9.599999999999941025 ) ) ;
#2905 = CARTESIAN_POINT ( 'NONE',  ( 42.08187568645325172, -17.99411667355540700, 7.600000000000000533 ) ) ;
#2906 = VERTEX_POINT ( 'NONE', #1257 ) ;
#2907 = CARTESIAN_POINT ( 'NONE',  ( -40.97130812349839601, -20.08242835690423433, 7.599999999999999645 ) ) ;
#2908 = CARTESIAN_POINT ( 'NONE',  ( -13.14833751234573889, -7.161704193521457817, 28.59999999999999432 ) ) ;
#2909 = CARTESIAN_POINT ( 'NONE',  ( -44.10000000000008669, -16.59264819281511194, 13.60000000000000497 ) ) ;
#2910 = VERTEX_POINT ( 'NONE', #3619 ) ;
#2911 = PLANE ( 'NONE',  #3404 ) ;
#2912 = LINE ( 'NONE', #2007, #2429 ) ;
#2913 = DIRECTION ( 'NONE',  ( 1.000000000000000000, 0.000000000000000000, 0.000000000000000000 ) ) ;
#2914 = VECTOR ( 'NONE', #579, 1000.000000000000000 ) ;
#2915 = DIRECTION ( 'NONE',  ( 1.000000000000000000, 0.000000000000000000, 0.000000000000000000 ) ) ;
#2916 = CARTESIAN_POINT ( 'NONE',  ( 42.09372723667711824, 17.34585462763960351, 7.599999999999998757 ) ) ;
#2917 = ORIENTED_EDGE ( 'NONE', *, *, #3309, .T. ) ;
#2918 = CARTESIAN_POINT ( 'NONE',  ( 41.95510860985878310, -19.95525980219402484, 9.266666667217053899 ) ) ;
#2919 = EDGE_CURVE ( 'NONE', #696, #3247, #2118, .T. ) ;
#2920 = ADVANCED_FACE ( 'NONE', ( #2791 ), #3475, .F. ) ;
#2921 = LINE ( 'NONE', #205, #3306 ) ;
#2922 = CARTESIAN_POINT ( 'NONE',  ( -14.06222914285874914, 18.59927203774045168, 28.59999999999999787 ) ) ;
#2923 = ADVANCED_FACE ( 'NONE', ( #3698 ), #911, .T. ) ;
#2924 = ADVANCED_FACE ( 'NONE', ( #1349 ), #1981, .F. ) ;
#2925 = VECTOR ( 'NONE', #1219, 1000.000000000000000 ) ;
#2926 = ORIENTED_EDGE ( 'NONE', *, *, #1864, .F. ) ;
#2927 = CARTESIAN_POINT ( 'NONE',  ( -12.22230999692121145, 21.09999999999996589, 15.47994539684885495 ) ) ;
#2928 = CARTESIAN_POINT ( 'NONE',  ( 41.56998191296709422, -7.288188129630793988, 18.60000000000065512 ) ) ;
#2929 = CARTESIAN_POINT ( 'NONE',  ( 41.93545855427214519, -19.76578909028062370, 7.599999999999996980 ) ) ;
#2930 = ORIENTED_EDGE ( 'NONE', *, *, #883, .T. ) ;
#2931 = CARTESIAN_POINT ( 'NONE',  ( -13.98959392881940289, -5.835384222063697557, 28.59999999999999787 ) ) ;
#2932 = CARTESIAN_POINT ( 'NONE',  ( -43.99046056094405799, -19.52861721390140914, 13.60000000000000142 ) ) ;
#2933 = VECTOR ( 'NONE', #1536, 1000.000000000000000 ) ;
#2934 = EDGE_LOOP ( 'NONE', ( #2610, #2642, #1936, #1042, #3655, #3234, #2772 ) ) ;
#2935 = CARTESIAN_POINT ( 'NONE',  ( 41.93521075431448963, -19.86608078789402398, 7.569999999999995843 ) ) ;
#2936 = VECTOR ( 'NONE', #2247, 1000.000000000000000 ) ;
#2937 = CARTESIAN_POINT ( 'NONE',  ( 43.10000000000006537, 16.10000000000013287, 29.64999999999999503 ) ) ;
#2938 = CARTESIAN_POINT ( 'NONE',  ( -40.20009818785057121, 20.09532558559254056, 7.599999999999999645 ) ) ;
#2939 = DIRECTION ( 'NONE',  ( -0.000000000000000000, 0.000000000000000000, 1.000000000000000000 ) ) ;
#2940 = VECTOR ( 'NONE', #430, 1000.000000000000000 ) ;
#2941 = ORIENTED_EDGE ( 'NONE', *, *, #1281, .T. ) ;
#2942 = DIRECTION ( 'NONE',  ( 0.000000000000000000, 0.000000000000000000, 1.000000000000000000 ) ) ;
#2943 = DIRECTION ( 'NONE',  ( -0.000000000000000000, 0.000000000000000000, 1.000000000000000000 ) ) ;
#2944 = CARTESIAN_POINT ( 'NONE',  ( -13.07265072837240538, 20.88525032197552278, 28.59999999999999432 ) ) ;
#2945 = CARTESIAN_POINT ( 'NONE',  ( -42.88984571103569010, 19.88984178720644991, 7.599999999999999645 ) ) ;
#2946 = CARTESIAN_POINT ( 'NONE',  ( -12.84943551331545919, -12.28653105570589510, 13.60000000000000142 ) ) ;
#2947 =( BOUNDED_CURVE ( )  B_SPLINE_CURVE ( 2, ( #697, #3665, #30 ),
 .UNSPECIFIED., .F., .T. ) 
 B_SPLINE_CURVE_WITH_KNOTS ( ( 3, 3 ),
 ( 0.000000000000000000, 1.000000000000000000 ),
 .UNSPECIFIED. ) 
 CURVE ( )  GEOMETRIC_REPRESENTATION_ITEM ( )  RATIONAL_B_SPLINE_CURVE ( ( 1.000000000000000000, 4.000000000000000888, 1.000000000000000000 ) ) 
 REPRESENTATION_ITEM ( '' )  );
#2948 = ORIENTED_EDGE ( 'NONE', *, *, #2165, .F. ) ;
#2949 = CARTESIAN_POINT ( 'NONE',  ( -10.45363565765455682, 21.09999999999996945, 17.24428283966332387 ) ) ;
#2950 = CARTESIAN_POINT ( 'NONE',  ( -44.10000000000007248, -16.10000000000013642, 13.60000000000000142 ) ) ;
#2951 = CARTESIAN_POINT ( 'NONE',  ( 41.86564172758627933, -19.93583730296056800, 7.569999999999995843 ) ) ;
#2952 = VERTEX_POINT ( 'NONE', #3720 ) ;
#2953 = CARTESIAN_POINT ( 'NONE',  ( -13.87725659433492353, -6.399480297643895810, 28.60000000000000497 ) ) ;
#2954 = DIRECTION ( 'NONE',  ( 1.000000000000000000, 0.000000000000000000, 0.000000000000000000 ) ) ;
#2955 = ORIENTED_EDGE ( 'NONE', *, *, #3881, .T. ) ;
#2956 = CARTESIAN_POINT ( 'NONE',  ( 41.87352962426754743, 19.91986027556591310, 7.569999999999907914 ) ) ;
#2957 = CARTESIAN_POINT ( 'NONE',  ( 41.93560524260325906, -19.98414113284661298, 9.600000000000004974 ) ) ;
#2958 = FACE_OUTER_BOUND ( 'NONE', #3106, .T. ) ;
#2959 = CARTESIAN_POINT ( 'NONE',  ( 41.94742540629194139, 19.70545446988503713, 7.599999999999997868 ) ) ;
#2960 = ORIENTED_EDGE ( 'NONE', *, *, #3204, .T. ) ;
#2961 = DIRECTION ( 'NONE',  ( 1.000000000000000000, 1.619075244245018482E-14, 0.000000000000000000 ) ) ;
#2962 = CARTESIAN_POINT ( 'NONE',  ( -43.09889575077946233, -16.78515570128128687, 7.600000000000003197 ) ) ;
#2963 = CARTESIAN_POINT ( 'NONE',  ( -11.36820079462857436, 21.07131387799091726, 28.59999999999999787 ) ) ;
#2964 = CARTESIAN_POINT ( 'NONE',  ( -42.99745538570664394, 19.41023997489507025, 7.599999999999999645 ) ) ;
#2965 = CARTESIAN_POINT ( 'NONE',  ( -19.01176083913139792, -5.923584865739353056, 13.60000000000000497 ) ) ;
#2966 = VERTEX_POINT ( 'NONE', #1039 ) ;
#2967 = CARTESIAN_POINT ( 'NONE',  ( -11.95600004725956467, 21.09999999999995879, 15.74357703164107036 ) ) ;
#2968 = CARTESIAN_POINT ( 'NONE',  ( 42.90947459174670087, -6.297326065758274360, 18.60000000000128750 ) ) ;
#2969 = AXIS2_PLACEMENT_3D ( 'NONE', #3502, #871, #1706 ) ;
#2970 = CARTESIAN_POINT ( 'NONE',  ( -12.39755730796444411, -7.307430527366941320, 28.59999999999999432 ) ) ;
#2971 = LINE ( 'NONE', #2712, #427 ) ;
#2972 = ORIENTED_EDGE ( 'NONE', *, *, #3412, .F. ) ;
#2973 = FACE_OUTER_BOUND ( 'NONE', #3244, .T. ) ;
#2974 = CARTESIAN_POINT ( 'NONE',  ( 41.52076669960337796, -20.08856283237236795, 9.600000000000074252 ) ) ;
#2975 = ADVANCED_FACE ( 'NONE', ( #2572 ), #1021, .T. ) ;
#2976 = CARTESIAN_POINT ( 'NONE',  ( 40.63707660275228761, -21.06157421608543245, 13.59999999999999964 ) ) ;
#2977 = EDGE_CURVE ( 'NONE', #2952, #2687, #1740, .T. ) ;
#2978 = VERTEX_POINT ( 'NONE', #1681 ) ;
#2979 = CARTESIAN_POINT ( 'NONE',  ( -43.17861417217336140, 18.32364808234396492, 9.600000000000099121 ) ) ;
#2980 = CARTESIAN_POINT ( 'NONE',  ( -42.91869900328395460, -19.81906979863614637, 7.599999999999997868 ) ) ;
#2981 = CARTESIAN_POINT ( 'NONE',  ( -12.27279173385475275, 21.01881759005749473, 28.60000000000000142 ) ) ;
#2982 = CARTESIAN_POINT ( 'NONE',  ( -40.79999999999996163, -11.69689577749904430, -15.40511026734024824 ) ) ;
#2983 = CARTESIAN_POINT ( 'NONE',  ( -13.30134793601025223, -12.23149982290568971, 13.60000000000000142 ) ) ;
#2984 = ORIENTED_EDGE ( 'NONE', *, *, #2563, .T. ) ;
#2985 = LINE ( 'NONE', #2063, #2743 ) ;
#2986 = CARTESIAN_POINT ( 'NONE',  ( 43.06335781391265982, -5.083671935285039467, 13.60000000000000497 ) ) ;
#2987 = EDGE_CURVE ( 'NONE', #2733, #2005, #1830, .T. ) ;
#2988 = CARTESIAN_POINT ( 'NONE',  ( -14.55219010891538112, 25.67222146963548823, 13.60000000000000142 ) ) ;
#2989 = PLANE ( 'NONE',  #3689 ) ;
#2990 = ORIENTED_EDGE ( 'NONE', *, *, #1977, .F. ) ;
#2991 = CARTESIAN_POINT ( 'NONE',  ( 41.70005921271030047, -19.94728329632247110, 7.570000000000064233 ) ) ;
#2992 = CARTESIAN_POINT ( 'NONE',  ( 43.07037261525420035, 18.39456583594452610, 28.60000000000000497 ) ) ;
#2993 = ADVANCED_FACE ( 'NONE', ( #193 ), #3572, .T. ) ;
#2994 = VECTOR ( 'NONE', #128, 1000.000000000000000 ) ;
#2995 = CARTESIAN_POINT ( 'NONE',  ( 42.98574326795722556, -19.56481889561253595, 13.60000000000000320 ) ) ;
#2996 = ORIENTED_EDGE ( 'NONE', *, *, #2769, .T. ) ;
#2997 = CARTESIAN_POINT ( 'NONE',  ( 40.60000000000006537, 17.54098300562517565, 25.59999999999999787 ) ) ;
#2998 = CARTESIAN_POINT ( 'NONE',  ( -43.09650699025549159, -17.07292860331314444, 7.599999999999999645 ) ) ;
#2999 = CARTESIAN_POINT ( 'NONE',  ( -11.41306639158629288, -7.371177330694341556, 18.60000000000123777 ) ) ;
#3000 = LINE ( 'NONE', #3566, #2496 ) ;
#3001 = CARTESIAN_POINT ( 'NONE',  ( 38.97743750754078462, -7.399999999999875122, 20.90000000000000213 ) ) ;
#3002 = ORIENTED_EDGE ( 'NONE', *, *, #424, .T. ) ;
#3003 = EDGE_CURVE ( 'NONE', #1122, #927, #999, .T. ) ;
#3004 = CARTESIAN_POINT ( 'NONE',  ( -12.69868048764650403, 21.09999999999995524, 15.01113016920711374 ) ) ;
#3005 = CARTESIAN_POINT ( 'NONE',  ( 47.41765109545291779, -8.551935119775139427, 13.59999999999999787 ) ) ;
#3006 = CARTESIAN_POINT ( 'NONE',  ( -13.28033628410117473, 20.81432212528282477, 13.59999999999870468 ) ) ;
#3007 = CARTESIAN_POINT ( 'NONE',  ( -43.87811096940424704, -20.09664412391470378, 13.60000000000000675 ) ) ;
#3008 = ORIENTED_EDGE ( 'NONE', *, *, #512, .F. ) ;
#3009 = CARTESIAN_POINT ( 'NONE',  ( 42.22463167850208521, 17.37014037219511309, 10.03000000000000469 ) ) ;
#3010 = EDGE_CURVE ( 'NONE', #2308, #2966, #1386, .T. ) ;
#3011 = CARTESIAN_POINT ( 'NONE',  ( 43.10000000000006537, -7.399999999999876010, 18.34999999999999432 ) ) ;
#3012 = DIRECTION ( 'NONE',  ( -1.000000000000000000, -3.491481338843133750E-15, 0.000000000000000000 ) ) ;
#3013 = CARTESIAN_POINT ( 'NONE',  ( 38.10000000000007958, -7.399999999999876010, 13.60000000000000142 ) ) ;
#3014 = ORIENTED_EDGE ( 'NONE', *, *, #921, .T. ) ;
#3015 = CARTESIAN_POINT ( 'NONE',  ( -10.34999999999993570, -4.399999999999876010, 25.59999999999999787 ) ) ;
#3016 = CARTESIAN_POINT ( 'NONE',  ( -7.017877491074699937E-14, 20.10000000000000142, 7.599999999999999645 ) ) ;
#3017 = CARTESIAN_POINT ( 'NONE',  ( -14.02446615686893239, -5.535426690964275309, 13.60000000000370690 ) ) ;
#3018 = DIRECTION ( 'NONE',  ( 0.000000000000000000, 1.000000000000000000, 0.000000000000000000 ) ) ;
#3019 = CARTESIAN_POINT ( 'NONE',  ( -13.73947709521480931, -12.16738565973740194, 13.60000000000000320 ) ) ;
#3020 = ORIENTED_EDGE ( 'NONE', *, *, #998, .T. ) ;
#3021 = DIRECTION ( 'NONE',  ( 1.000000000000000000, 3.491481338843133750E-15, 0.000000000000000000 ) ) ;
#3022 = CARTESIAN_POINT ( 'NONE',  ( 48.10000000000006537, -1.919688137793695848, 13.60000000000000142 ) ) ;
#3023 = EDGE_CURVE ( 'NONE', #2910, #3395, #994, .T. ) ;
#3024 = CARTESIAN_POINT ( 'NONE',  ( -12.50976923921112771, 20.99646271462685476, 13.60000000000194476 ) ) ;
#3025 = DIRECTION ( 'NONE',  ( 1.000000000000000000, -0.000000000000000000, 0.000000000000000000 ) ) ;
#3026 = VECTOR ( 'NONE', #2533, 1000.000000000000114 ) ;
#3027 = CARTESIAN_POINT ( 'NONE',  ( -11.09999999999993570, -4.399999999999876010, 25.59999999999999787 ) ) ;
#3028 = ORIENTED_EDGE ( 'NONE', *, *, #527, .T. ) ;
#3029 = CARTESIAN_POINT ( 'NONE',  ( 43.10000000000006537, -7.399999999999876010, 29.34999999999999076 ) ) ;
#3030 = PLANE ( 'NONE',  #3528 ) ;
#3031 = CARTESIAN_POINT ( 'NONE',  ( 42.08708972991036035, -20.88097685546636839, 13.59999999999999964 ) ) ;
#3032 = EDGE_LOOP ( 'NONE', ( #653, #1313, #2626, #414, #863 ) ) ;
#3033 = CARTESIAN_POINT ( 'NONE',  ( -44.10000000000007248, 16.09999999999986287, 9.600000000000001421 ) ) ;
#3034 = DIRECTION ( 'NONE',  ( -0.000000000000000000, 0.9986295347545739443, 0.05233595624294377913 ) ) ;
#3035 = CARTESIAN_POINT ( 'NONE',  ( 42.00638251792796751, 19.88977016816834720, 9.599999999999740297 ) ) ;
#3036 = CARTESIAN_POINT ( 'NONE',  ( 43.10000000000006537, -5.556130916181508006, 15.44690563819165696 ) ) ;
#3037 = ADVANCED_FACE ( 'NONE', ( #1310 ), #1597, .F. ) ;
#3038 = LINE ( 'NONE', #48, #3558 ) ;
#3039 = EDGE_LOOP ( 'NONE', ( #3710, #564, #1319, #2501, #3506, #3008, #2339, #976 ) ) ;
#3040 = CARTESIAN_POINT ( 'NONE',  ( 42.98247474094913656, -5.889025591245864000, 28.60000000000000142 ) ) ;
#3041 = CARTESIAN_POINT ( 'NONE',  ( 47.96338984013085849, -6.398588512977004150, 13.60000000000000497 ) ) ;
#3042 = ADVANCED_FACE ( 'NONE', ( #89 ), #135, .T. ) ;
#3043 = CARTESIAN_POINT ( 'NONE',  ( -13.98818812963125069, 19.56998191296462153, 18.60000000000194476 ) ) ;
#3044 = CARTESIAN_POINT ( 'NONE',  ( 38.10000000000005826, -20.20481555856307310, 9.600000000000001421 ) ) ;
#3045 = LINE ( 'NONE', #1504, #72 ) ;
#3046 = ORIENTED_EDGE ( 'NONE', *, *, #3204, .F. ) ;
#3047 = CARTESIAN_POINT ( 'NONE',  ( 42.12889382622908130, 20.86802747807858438, 28.60000000000000142 ) ) ;
#3048 = CARTESIAN_POINT ( 'NONE',  ( -42.94205602711759440, 19.94217619073344139, 8.933333334222430366 ) ) ;
#3049 = CARTESIAN_POINT ( 'NONE',  ( -43.20481555856615330, -8.281592024827864404E-15, 9.600000000000001421 ) ) ;
#3050 = DIRECTION ( 'NONE',  ( 1.000000000000000000, 3.491481338843133750E-15, 0.000000000000000000 ) ) ;
#3051 = ORIENTED_EDGE ( 'NONE', *, *, #1747, .F. ) ;
#3052 = CARTESIAN_POINT ( 'NONE',  ( -42.98403618064728704, 19.93582500971061933, 9.600000000000099121 ) ) ;
#3053 = CARTESIAN_POINT ( 'NONE',  ( -14.05903567252620689, -5.011964348938261260, 13.59999999999629594 ) ) ;
#3054 = CARTESIAN_POINT ( 'NONE',  ( -44.10000000000007248, -8.261500752994470738E-15, 9.600000000000001421 ) ) ;
#3055 = VECTOR ( 'NONE', #68, 1000.000000000000000 ) ;
#3056 = VERTEX_POINT ( 'NONE', #2786 ) ;
#3057 = AXIS2_PLACEMENT_3D ( 'NONE', #2841, #796, #2545 ) ;
#3058 = CARTESIAN_POINT ( 'NONE',  ( 42.98574326795709055, -5.864818895613420402, 28.59999999999999787 ) ) ;
#3059 = CARTESIAN_POINT ( 'NONE',  ( 42.99646271462761149, -5.809769239207807523, 13.60000000000000497 ) ) ;
#3060 = CARTESIAN_POINT ( 'NONE',  ( -13.50976622121513238, 20.68109130942357510, 13.59999999999804388 ) ) ;
#3061 = DIRECTION ( 'NONE',  ( 0.000000000000000000, 0.000000000000000000, -1.000000000000000000 ) ) ;
#3062 = CARTESIAN_POINT ( 'NONE',  ( 41.60471939032742483, 20.09829147979329633, 10.03000000000000647 ) ) ;
#3063 = EDGE_LOOP ( 'NONE', ( #1882, #1924, #3051, #1767 ) ) ;
#3064 = CARTESIAN_POINT ( 'NONE',  ( 41.90107979774603564, 20.93063647162131247, 28.60000000000000142 ) ) ;
#3065 = CARTESIAN_POINT ( 'NONE',  ( 39.02238548597274814, 20.09691780243887393, 7.599999999999998757 ) ) ;
#3066 = FACE_OUTER_BOUND ( 'NONE', #3737, .T. ) ;
#3067 = CARTESIAN_POINT ( 'NONE',  ( -43.98712545639578053, 19.55436243565084453, 13.60000000000000320 ) ) ;
#3068 = CARTESIAN_POINT ( 'NONE',  ( -43.02770028261002011, -19.89745817072781264, 10.03000000000000469 ) ) ;
#3069 = ORIENTED_EDGE ( 'NONE', *, *, #300, .T. ) ;
#3070 = CARTESIAN_POINT ( 'NONE',  ( 6.633333333333400361, -12.39999999999987601, 13.60000000000000142 ) ) ;
#3071 = VECTOR ( 'NONE', #3366, 1000.000000000000000 ) ;
#3072 = FACE_OUTER_BOUND ( 'NONE', #1731, .T. ) ;
#3073 = CARTESIAN_POINT ( 'NONE',  ( 42.08856283237165030, 19.52076669960963073, 9.599999999999639044 ) ) ;
#3074 = CARTESIAN_POINT ( 'NONE',  ( 43.10000000000006537, -8.239680787490973657, 13.73623252491587721 ) ) ;
#3075 =( LENGTH_UNIT ( ) NAMED_UNIT ( * ) SI_UNIT ( .MILLI., .METRE. ) );
#3076 = VERTEX_POINT ( 'NONE', #154 ) ;
#3077 = CARTESIAN_POINT ( 'NONE',  ( 41.27279173385945654, -7.318817590058149136, 28.59999999999999787 ) ) ;
#3078 = B_SPLINE_CURVE_WITH_KNOTS ( 'NONE', 3,
 ( #3639, #947, #1844, #651 ),
 .UNSPECIFIED., .F., .F.,
 ( 4, 4 ),
 ( 0.000000000000000000, 1.000000000000000000 ),
 .UNSPECIFIED. ) ;
#3079 = CARTESIAN_POINT ( 'NONE',  ( 42.17861417216941788, -18.32364808234332898, 9.599999999999663913 ) ) ;
#3080 = CARTESIAN_POINT ( 'NONE',  ( 42.13493851953492708, -16.10000000000012577, 8.266666666911563155 ) ) ;
#3081 = CARTESIAN_POINT ( 'NONE',  ( -14.09999999999993747, -2.399999999999876010, 18.60000000000000497 ) ) ;
#3082 = ORIENTED_EDGE ( 'NONE', *, *, #1934, .F. ) ;
#3083 = ADVANCED_FACE ( 'NONE', ( #1898 ), #429, .F. ) ;
#3084 = CARTESIAN_POINT ( 'NONE',  ( -41.30000000000003979, 9.776895777498653572, 10.59999999999999964 ) ) ;
#3085 = CARTESIAN_POINT ( 'NONE',  ( -40.60000000000003695, 10.77689577749865890, -15.40511026734024824 ) ) ;
#3086 = CARTESIAN_POINT ( 'NONE',  ( -16.02831456730385895, -11.31767541537728761, 13.60000000000000497 ) ) ;
#3087 = CARTESIAN_POINT ( 'NONE',  ( -39.10000000000008669, 20.09999999999986287, 7.599999999999999645 ) ) ;
#3088 = CARTESIAN_POINT ( 'NONE',  ( -42.97436538983311749, -20.00737088955736453, 10.03000000000000469 ) ) ;
#3089 = CARTESIAN_POINT ( 'NONE',  ( -42.96834341765797660, -19.96816119399719369, 9.600000000000003197 ) ) ;
#3090 = VECTOR ( 'NONE', #682, 1000.000000000000000 ) ;
#3091 =( BOUNDED_CURVE ( )  B_SPLINE_CURVE ( 2, ( #2803, #1344, #3487 ),
 .UNSPECIFIED., .F., .T. ) 
 B_SPLINE_CURVE_WITH_KNOTS ( ( 3, 3 ),
 ( 0.000000000000000000, 1.000000000000000000 ),
 .UNSPECIFIED. ) 
 CURVE ( )  GEOMETRIC_REPRESENTATION_ITEM ( )  RATIONAL_B_SPLINE_CURVE ( ( 1.000000000000000000, 4.000000000000000888, 1.000000000000000000 ) ) 
 REPRESENTATION_ITEM ( '' )  );
#3092 = LINE ( 'NONE', #3706, #1603 ) ;
#3093 = CARTESIAN_POINT ( 'NONE',  ( -19.00741989729856485, -5.958467100888364953, 13.60000000000000142 ) ) ;
#3094 = CARTESIAN_POINT ( 'NONE',  ( 43.10000000000006537, -12.08295866739850766, 13.60000000000000142 ) ) ;
#3095 = DIRECTION ( 'NONE',  ( 7.709882115452476194E-16, -1.000000000000000000, 0.000000000000000000 ) ) ;
#3096 = CARTESIAN_POINT ( 'NONE',  ( 42.66090659504151006, -6.838801387762472039, 28.60000000000000142 ) ) ;
#3097 = CARTESIAN_POINT ( 'NONE',  ( -13.46255874637115824, 20.71516124974593964, 18.59999999999806164 ) ) ;
#3098 = CARTESIAN_POINT ( 'NONE',  ( -42.52369367399617062, -20.11093151868265139, 10.03000000000000469 ) ) ;
#3099 = LINE ( 'NONE', #1272, #3026 ) ;
#3100 = ORIENTED_EDGE ( 'NONE', *, *, #1917, .T. ) ;
#3101 = CARTESIAN_POINT ( 'NONE',  ( 42.19274964925067195, 20.84640685949647221, 28.59999999999999787 ) ) ;
#3102 = CARTESIAN_POINT ( 'NONE',  ( -14.09999999999993570, 16.09999999999996945, 29.35000000000000142 ) ) ;
#3103 = CARTESIAN_POINT ( 'NONE',  ( 43.10000000000006537, 0.000000000000000000, 10.59999999999999964 ) ) ;
#3104 = CARTESIAN_POINT ( 'NONE',  ( -19.06592440751428086, 18.60858915414764425, 13.60000000000000142 ) ) ;
#3105 = LINE ( 'NONE', #395, #2307 ) ;
#3106 = EDGE_LOOP ( 'NONE', ( #3146, #3884, #3122, #1002 ) ) ;
#3107 = CARTESIAN_POINT ( 'NONE',  ( 6.282812589274898535E-16, -5.649999999999930189, 25.59999999999999787 ) ) ;
#3108 = DIRECTION ( 'NONE',  ( 1.000000000000000000, 0.000000000000000000, 0.000000000000000000 ) ) ;
#3109 = LINE ( 'NONE', #3425, #353 ) ;
#3110 = LINE ( 'NONE', #2332, #453 ) ;
#3111 = ORIENTED_EDGE ( 'NONE', *, *, #61, .T. ) ;
#3112 = CARTESIAN_POINT ( 'NONE',  ( -19.07708622831555090, -4.560020821559959359, 13.59999999999999964 ) ) ;
#3113 = CARTESIAN_POINT ( 'NONE',  ( -42.88977016816421894, 20.00638251792859990, 9.599999999999994316 ) ) ;
#3114 = CARTESIAN_POINT ( 'NONE',  ( 43.06222914285856973, -4.899272037741888575, 28.60000000000000497 ) ) ;
#3115 = VECTOR ( 'NONE', #959, 1000.000000000000000 ) ;
#3116 = CIRCLE ( 'NONE', #1540, 0.7500000000000006661 ) ;
#3117 = CARTESIAN_POINT ( 'NONE',  ( -14.46790367895057017, 21.09999999999994813, 13.82743140664060988 ) ) ;
#3118 = CARTESIAN_POINT ( 'NONE',  ( -39.10000000000007248, -21.10000000000013642, 13.60000000000000142 ) ) ;
#3119 = FACE_OUTER_BOUND ( 'NONE', #2934, .T. ) ;
#3120 = VECTOR ( 'NONE', #1271, 1000.000000000000000 ) ;
#3121 = CARTESIAN_POINT ( 'NONE',  ( 41.85220486461417977, 19.90646997416526887, 7.569999999999995843 ) ) ;
#3122 = ORIENTED_EDGE ( 'NONE', *, *, #1119, .F. ) ;
#3123 = CARTESIAN_POINT ( 'NONE',  ( 42.87725659433527881, 20.09948029764398214, 28.60000000000000497 ) ) ;
#3124 = CARTESIAN_POINT ( 'NONE',  ( -14.09999999999993570, -2.399999999999876010, 28.59999999999999787 ) ) ;
#3125 = DIRECTION ( 'NONE',  ( -1.826024711554534653E-16, 0.000000000000000000, 1.000000000000000000 ) ) ;
#3126 = CARTESIAN_POINT ( 'NONE',  ( -19.09572327461122399, 17.34152534698593939, 13.60000000000000497 ) ) ;
#3127 = CARTESIAN_POINT ( 'NONE',  ( 43.00743052736721239, -19.39755730796692390, 13.59999999999999787 ) ) ;
#3128 = VERTEX_POINT ( 'NONE', #3754 ) ;
#3129 = ADVANCED_FACE ( 'NONE', ( #1290 ), #3411, .T. ) ;
#3130 = CARTESIAN_POINT ( 'NONE',  ( 38.10000000000007248, -7.399999999999871569, 20.90000000000000213 ) ) ;
#3131 = CARTESIAN_POINT ( 'NONE',  ( -44.10000000000007248, 16.09999999999986287, 13.60000000000000142 ) ) ;
#3132 = DIRECTION ( 'NONE',  ( 0.000000000000000000, -1.000000000000000000, 0.000000000000000000 ) ) ;
#3133 = DIRECTION ( 'NONE',  ( 0.000000000000000000, -0.000000000000000000, -1.000000000000000000 ) ) ;
#3134 = ORIENTED_EDGE ( 'NONE', *, *, #88, .T. ) ;
#3135 = CARTESIAN_POINT ( 'NONE',  ( 39.08893986351379368, -20.09636902247304491, 7.600000000000000533 ) ) ;
#3136 = CARTESIAN_POINT ( 'NONE',  ( 43.07025860286483265, -4.697709513193174757, 28.59999999999999432 ) ) ;
#3137 = CARTESIAN_POINT ( 'NONE',  ( -12.99732606576029781, 20.90947459174620704, 18.60000000000064446 ) ) ;
#3138 = EDGE_CURVE ( 'NONE', #1248, #938, #3815, .T. ) ;
#3139 = CARTESIAN_POINT ( 'NONE',  ( 42.10000000053924651, -16.28412845354081995, 7.600000000000001421 ) ) ;
#3140 = CARTESIAN_POINT ( 'NONE',  ( 41.92027554825765634, 19.87323876972867254, 7.569999999999995843 ) ) ;
#3141 = ORIENTED_EDGE ( 'NONE', *, *, #2842, .F. ) ;
#3142 = CARTESIAN_POINT ( 'NONE',  ( -41.89628922577378489, -20.04450687065331493, 7.599999999999998757 ) ) ;
#3143 = CARTESIAN_POINT ( 'NONE',  ( 41.65726608445202572, 19.95760772477865075, 7.599999999999998757 ) ) ;
#3144 = CARTESIAN_POINT ( 'NONE',  ( -18.99966471604751206, 19.70572594796324495, 13.59999999999999964 ) ) ;
#3145 = CARTESIAN_POINT ( 'NONE',  ( 0.000000000000000000, -4.399999999999876010, 25.59999999999999787 ) ) ;
#3146 = ORIENTED_EDGE ( 'NONE', *, *, #543, .F. ) ;
#3147 = CARTESIAN_POINT ( 'NONE',  ( 22.36666666666673819, -7.399999999999876010, 18.60000000000000142 ) ) ;
#3148 = CARTESIAN_POINT ( 'NONE',  ( -43.48402385467377940, 20.71654195172261126, 13.60000000000000142 ) ) ;
#3149 = CARTESIAN_POINT ( 'NONE',  ( -14.09999999999993570, -2.399999999999875566, 25.26666666666666572 ) ) ;
#3150 = CARTESIAN_POINT ( 'NONE',  ( -43.09842776662158315, 16.09999999999986287, 7.569999999999995843 ) ) ;
#3151 = VECTOR ( 'NONE', #1081, 1000.000000000000000 ) ;
#3152 = VERTEX_POINT ( 'NONE', #723 ) ;
#3153 = CARTESIAN_POINT ( 'NONE',  ( 40.95743381531182337, -20.04035290575714257, 7.600000000000000533 ) ) ;
#3154 = DIRECTION ( 'NONE',  ( 0.000000000000000000, 0.000000000000000000, 1.000000000000000000 ) ) ;
#3155 = CARTESIAN_POINT ( 'NONE',  ( 41.99404106815729421, -19.96669950821645401, 10.03000000000000647 ) ) ;
#3156 = B_SPLINE_CURVE_WITH_KNOTS ( 'NONE', 3,
 ( #442, #1633, #1340, #2543, #1046, #2251, #3444, #1650, #1374, #2560, #1066, #3189, #1728, #3169, #3825, #854, #475, #3232, #836, #1969, #813, #1355, #2579, #2267, #1753, #181, #1690, #793, #1988, #1125, #2050, #3764, #2893, #773, #562, #2938, #2009, #1084, #3783, #199, #3212, #1391, #2600, #1668 ),
 .UNSPECIFIED., .F., .F.,
 ( 4, 1, 1, 1, 2, 2, 1, 1, 1, 2, 2, 1, 1, 1, 1, 2, 2, 1, 1, 1, 1, 1, 2, 2, 1, 1, 1, 1, 1, 2, 2, 4 ),
 ( 0.000000000000000000, 0.03125000000002261386, 0.04687500000003352874, 0.05468750000003898964, 0.05859375000004172357, 0.06250000000004445055, 0.09375000000007889522, 0.1093750000000936196, 0.1171875000000984213, 0.1210937500000984768, 0.1250000000000985600, 0.1875000000000592582, 0.2187500000000423550, 0.2343750000000364431, 0.2421875000000309475, 0.2460937500000282829, 0.2500000000000255906, 0.3750000000001424416, 0.4375000000001982303, 0.4687500000002260969, 0.4843750000002375322, 0.4921875000002433054, 0.4960937500002438605, 0.5000000000002443601, 0.6250000000002748912, 0.6875000000002901013, 0.7187500000002977618, 0.7343750000002989831, 0.7421875000002970957, 0.7460937500002960965, 0.7500000000002950973, 1.000000000000000000 ),
 .UNSPECIFIED. ) ;
#3157 = EDGE_CURVE ( 'NONE', #1199, #74, #1331, .T. ) ;
#3158 = CARTESIAN_POINT ( 'NONE',  ( 42.12037981426146160, -19.28047690216958188, 9.599999999999944578 ) ) ;
#3159 = CARTESIAN_POINT ( 'NONE',  ( 42.09681646763892360, -17.03497541071245536, 7.599999999999998757 ) ) ;
#3160 = ORIENTED_EDGE ( 'NONE', *, *, #1893, .T. ) ;
#3161 = CARTESIAN_POINT ( 'NONE',  ( -39.10000000000005826, -20.10000000000013642, 7.599999999999999645 ) ) ;
#3162 = CARTESIAN_POINT ( 'NONE',  ( -14.07237354602645318, -4.637730213382441846, 28.59999999999999432 ) ) ;
#3163 = CARTESIAN_POINT ( 'NONE',  ( -42.91600897916115542, -19.91595086561592254, 8.266666667631771048 ) ) ;
#3164 = CARTESIAN_POINT ( 'NONE',  ( -11.09999999999993570, 17.34999999999996234, 25.59999999999999787 ) ) ;
#3165 = CARTESIAN_POINT ( 'NONE',  ( 41.11145600558445068, -20.02802452186665505, 7.569999999999995843 ) ) ;
#3166 = B_SPLINE_SURFACE_WITH_KNOTS ( 'NONE', 1, 3, ( 
 ( #3358, #3140, #3695, #1001, #3121, #704, #1312, #725, #2460, #2200, #2826, #407, #1542, #2752, #137, #54, #1018 ),
 ( #1333, #665, #2219, #1901, #1922, #431, #1254, #1861, #3062, #369, #1560, #3303, #613, #2698, #23, #1884, #2405 ) ),
 .UNSPECIFIED., .F., .F., .F.,
 ( 2, 2 ),
 ( 4, 3, 2, 2, 2, 2, 2, 4 ),
 ( 0.000000000000000000, 1.000000000000000000 ),
 ( -0.01316216582367078780, 0.000000000000000000, 0.03125000000000000000, 0.06250000000000000000, 0.1250000000000000000, 0.2500000000000000000, 0.5000000000000000000, 1.000000000000000000 ),
 .UNSPECIFIED. ) ;
#3167 = DIRECTION ( 'NONE',  ( 0.000000000000000000, 0.000000000000000000, 1.000000000000000000 ) ) ;
#3168 = DIRECTION ( 'NONE',  ( 0.000000000000000000, -1.000000000000000000, 0.000000000000000000 ) ) ;
#3169 = CARTESIAN_POINT ( 'NONE',  ( -42.43765737097411517, 19.99383965099139715, 7.599999999999998757 ) ) ;
#3170 = CARTESIAN_POINT ( 'NONE',  ( -43.22735090552014015, 16.73484171501870321, 10.03000000000000469 ) ) ;
#3171 = CARTESIAN_POINT ( 'NONE',  ( -42.52038923085530087, -20.08863698949007315, 9.599999999999962341 ) ) ;
#3172 = CARTESIAN_POINT ( 'NONE',  ( 41.39598592246133535, -12.32643837690324773, 13.60000000000000142 ) ) ;
#3173 = CARTESIAN_POINT ( 'NONE',  ( -14.09999999999993570, -7.399999999999876010, 12.84999999999999787 ) ) ;
#3174 = CARTESIAN_POINT ( 'NONE',  ( -43.09837432113585720, 16.80759269842597448, 7.600000000000001421 ) ) ;
#3175 = CARTESIAN_POINT ( 'NONE',  ( 42.04147107059423405, -19.85079035642367273, 10.03000000000000824 ) ) ;
#3176 = EDGE_CURVE ( 'NONE', #2534, #456, #3681, .T. ) ;
#3177 = AXIS2_PLACEMENT_3D ( 'NONE', #1115, #3551, #1188 ) ;
#3178 = CARTESIAN_POINT ( 'NONE',  ( 39.54454783076293722, -7.396149999105527506, 18.59999999999999432 ) ) ;
#3179 = CARTESIAN_POINT ( 'NONE',  ( 41.99905485595852639, -19.39777772584784543, 7.599999999999998757 ) ) ;
#3180 = ORIENTED_EDGE ( 'NONE', *, *, #303, .T. ) ;
#3181 = CARTESIAN_POINT ( 'NONE',  ( -40.04334377586079086, -20.09674837066087605, 7.600000000000002309 ) ) ;
#3182 = CARTESIAN_POINT ( 'NONE',  ( -12.63667213872555450, -7.275764004327482937, 28.60000000000000142 ) ) ;
#3183 = CARTESIAN_POINT ( 'NONE',  ( -19.09999999999993747, -2.399999999999876010, 13.60000000000000142 ) ) ;
#3184 = CARTESIAN_POINT ( 'NONE',  ( 41.94217619073020842, 19.94205602712202463, 8.933333334222432143 ) ) ;
#3185 = EDGE_LOOP ( 'NONE', ( #1717, #98, #2520, #649, #3002 ) ) ;
#3186 = CARTESIAN_POINT ( 'NONE',  ( 40.60000000000006537, 0.000000000000000000, 10.59999999999999964 ) ) ;
#3187 = CARTESIAN_POINT ( 'NONE',  ( 38.10000000000005116, 21.10000000000013287, 29.64999999999999503 ) ) ;
#3188 = CARTESIAN_POINT ( 'NONE',  ( -41.14704002023498219, 21.07837550577967534, 13.59999999999999787 ) ) ;
#3189 = CARTESIAN_POINT ( 'NONE',  ( -42.46436809831256909, 19.99017548658622800, 7.599999999999998757 ) ) ;
#3190 = CARTESIAN_POINT ( 'NONE',  ( 41.98438209060371662, 19.98672844034155460, 10.02999999999991410 ) ) ;
#3191 = VERTEX_POINT ( 'NONE', #254 ) ;
#3192 = LINE ( 'NONE', #1343, #3819 ) ;
#3193 = CARTESIAN_POINT ( 'NONE',  ( 40.10000000000006537, 18.10000000000012221, 25.59999999999999787 ) ) ;
#3194 = CARTESIAN_POINT ( 'NONE',  ( -11.09999999999993570, -3.649999999999875566, 10.59999999999999787 ) ) ;
#3195 = CARTESIAN_POINT ( 'NONE',  ( -42.98042114943284986, 19.53210728986991285, 7.599999999999998757 ) ) ;
#3196 = CARTESIAN_POINT ( 'NONE',  ( 42.20113888443497530, -18.32435739703928235, 10.02999999999972758 ) ) ;
#3197 = CARTESIAN_POINT ( 'NONE',  ( -44.10000000000007248, -16.10000000000013642, 12.26666666666666927 ) ) ;
#3198 = DIRECTION ( 'NONE',  ( 0.000000000000000000, -0.7071067811865513475, -0.7071067811865436870 ) ) ;
#3199 = ORIENTED_EDGE ( 'NONE', *, *, #1229, .T. ) ;
#3200 = CARTESIAN_POINT ( 'NONE',  ( -42.64537212291135404, -19.95999256853097137, 7.599999999999999645 ) ) ;
#3201 = CARTESIAN_POINT ( 'NONE',  ( -10.08448482984576344, -7.399999999999876898, 28.60000000000000142 ) ) ;
#3202 = CARTESIAN_POINT ( 'NONE',  ( -14.09999999999993570, 9.933333333333346005, 18.60000000000000142 ) ) ;
#3203 = CARTESIAN_POINT ( 'NONE',  ( -19.09999999999993747, 16.09999999999996945, 13.60000000000000142 ) ) ;
#3204 = EDGE_CURVE ( 'NONE', #3667, #2333, #3207, .T. ) ;
#3205 = EDGE_CURVE ( 'NONE', #3550, #2115, #552, .T. ) ;
#3206 = ORIENTED_EDGE ( 'NONE', *, *, #2601, .T. ) ;
#3207 = B_SPLINE_CURVE_WITH_KNOTS ( 'NONE', 3,
 ( #274, #3261, #2588, #846 ),
 .UNSPECIFIED., .F., .F.,
 ( 4, 4 ),
 ( -0.002002744692617852706, -2.273736754432320595E-13 ),
 .UNSPECIFIED. ) ;
#3208 = CARTESIAN_POINT ( 'NONE',  ( 42.09842776662157604, 16.10000000000013287, 7.569999999999995843 ) ) ;
#3209 = B_SPLINE_CURVE_WITH_KNOTS ( 'NONE', 3,
 ( #2725, #29, #1222, #2077, #638, #1833, #582, #3036, #657, #1552, #287, #1476, #2392, #124, #2526, #1873, #3369, #1323, #2171, #3686, #420, #104, #1306, #754, #3746, #1892, #677, #2509, #380, #1592, #3727, #1572, #2783, #1027, #84, #1613, #2800, #2492, #3664, #3074, #400, #3708, #2817, #2856, #993, #1953, #2234, #164, #1010, #147, #2472, #2191, #1284, #974, #3386, #2211, #3094 ),
 .UNSPECIFIED., .F., .F.,
 ( 4, 2, 2, 2, 1, 1, 1, 2, 2, 1, 1, 1, 1, 2, 2, 1, 1, 1, 2, 2, 1, 1, 1, 1, 2, 2, 1, 1, 1, 1, 2, 2, 1, 1, 1, 1, 1, 2, 2, 4 ),
 ( 0.000000000000000000, 0.2499999999999995004, 0.3124999999999993894, 0.3749999999999992228, 0.4062499999999991673, 0.4218749999999992228, 0.4296874999999992784, 0.4335937499999990008, 0.4374999999999987788, 0.4687499999999968359, 0.4843749999999960587, 0.4921874999999956146, 0.4960937499999953371, 0.4980468749999951150, 0.4999999999999948930, 0.5312499999999907851, 0.5468749999999886757, 0.5546874999999874545, 0.5585937499999867883, 0.5624999999999861222, 0.5937499999999791278, 0.6093749999999757971, 0.6171874999999742428, 0.6210937499999734657, 0.6230468749999731326, 0.6249999999999727995, 0.6562499999999670264, 0.6718749999999639178, 0.6796874999999625855, 0.6835937499999619194, 0.6855468749999615863, 0.6874999999999612532, 0.7187499999999545919, 0.7343749999999515943, 0.7421874999999500400, 0.7460937499999492628, 0.7480468749999488187, 0.7490234374999483746, 0.7499999999999479305, 1.000000000000000000 ),
 .UNSPECIFIED. ) ;
#3210 = CARTESIAN_POINT ( 'NONE',  ( 39.85000000000006537, 1.850000000000133760, 28.59999999999999787 ) ) ;
#3211 = CARTESIAN_POINT ( 'NONE',  ( 0.000000000000000000, 0.000000000000000000, 0.000000000000000000 ) ) ;
#3212 = CARTESIAN_POINT ( 'NONE',  ( -40.05569862190782970, 20.09665274125339707, 7.599999999999999645 ) ) ;
#3213 = CARTESIAN_POINT ( 'NONE',  ( 42.08065053179290516, 18.04353198705099004, 7.599999999999998757 ) ) ;
#3214 = EDGE_LOOP ( 'NONE', ( #1080, #1755, #2107, #444 ) ) ;
#3215 = CARTESIAN_POINT ( 'NONE',  ( -42.95750394834144004, -19.97345285621480215, 9.599999999999964118 ) ) ;
#3216 = CARTESIAN_POINT ( 'NONE',  ( 41.95750394833927999, 19.97345285621684852, 9.600000000000001421 ) ) ;
#3217 = CARTESIAN_POINT ( 'NONE',  ( -14.03146074138156862, 19.14736041318851534, 28.59999999999999787 ) ) ;
#3218 = CARTESIAN_POINT ( 'NONE',  ( -43.09758742274881627, 16.93242454297054778, 7.599999999999998757 ) ) ;
#3219 = CARTESIAN_POINT ( 'NONE',  ( 42.02796534581100474, -19.11198588730822934, 7.569999999999995843 ) ) ;
#3220 =( BOUNDED_CURVE ( )  B_SPLINE_CURVE ( 3, ( #3275, #1495, #1246, #878 ),
 .UNSPECIFIED., .F., .T. ) 
 B_SPLINE_CURVE_WITH_KNOTS ( ( 4, 4 ),
 ( 2.279006103801415772, 2.411864997362736407 ),
 .UNSPECIFIED. ) 
 CURVE ( )  GEOMETRIC_REPRESENTATION_ITEM ( )  RATIONAL_B_SPLINE_CURVE ( ( 1.000000000000000000, 0.9985295837159650079, 0.9985295837159650079, 1.000000000000000000 ) ) 
 REPRESENTATION_ITEM ( '' )  );
#3221 = ORIENTED_EDGE ( 'NONE', *, *, #2274, .F. ) ;
#3222 = CARTESIAN_POINT ( 'NONE',  ( -12.73418605432515882, 21.09999999999995524, 14.97668554018567022 ) ) ;
#3223 = CARTESIAN_POINT ( 'NONE',  ( 42.87812371426919356, -6.404962989563187215, 18.59999999999806164 ) ) ;
#3224 = CARTESIAN_POINT ( 'NONE',  ( 42.07704667531459108, -18.19028241224379627, 7.599999999999998757 ) ) ;
#3225 = ORIENTED_EDGE ( 'NONE', *, *, #3585, .F. ) ;
#3226 = CARTESIAN_POINT ( 'NONE',  ( 17.35000000000001563, 4.850000000000173728, 25.59999999999999787 ) ) ;
#3227 = CARTESIAN_POINT ( 'NONE',  ( -19.09999999999993747, 16.09999999999996589, 13.60000000000000497 ) ) ;
#3228 = CARTESIAN_POINT ( 'NONE',  ( -44.07444201803195938, -18.27566523579665159, 13.59999999999999787 ) ) ;
#3229 = ORIENTED_EDGE ( 'NONE', *, *, #1338, .F. ) ;
#3230 = CARTESIAN_POINT ( 'NONE',  ( 41.97108259092917137, 19.58340741532169815, 7.569999999999999396 ) ) ;
#3231 = CARTESIAN_POINT ( 'NONE',  ( 43.10000000000006537, 21.10000000000015419, 9.600000000000003197 ) ) ;
#3232 = CARTESIAN_POINT ( 'NONE',  ( -42.10905543776488003, 20.02887602816693047, 7.599999999999999645 ) ) ;
#3233 = CARTESIAN_POINT ( 'NONE',  ( 41.91869900327930765, 19.81906979865059526, 7.600000000000000533 ) ) ;
#3234 = ORIENTED_EDGE ( 'NONE', *, *, #3205, .T. ) ;
#3235 = CARTESIAN_POINT ( 'NONE',  ( -11.09999999999993570, 17.34999999999996234, 27.72132034355963981 ) ) ;
#3236 = CARTESIAN_POINT ( 'NONE',  ( 38.10000000000005116, 20.20481555856621370, 9.600000000000001421 ) ) ;
#3237 = CARTESIAN_POINT ( 'NONE',  ( -11.63707660277251144, 21.06157421608184421, 28.60000000000000142 ) ) ;
#3238 = CARTESIAN_POINT ( 'NONE',  ( -42.95781337680842427, 19.65624352878030834, 7.600000000000001421 ) ) ;
#3239 = CARTESIAN_POINT ( 'NONE',  ( -14.85392603962792180, -11.86559373057269262, 13.60000000000000497 ) ) ;
#3240 = VERTEX_POINT ( 'NONE', #530 ) ;
#3241 = CARTESIAN_POINT ( 'NONE',  ( -12.68750676755885287, 21.09999999999996234, 15.02198747978832394 ) ) ;
#3242 = CARTESIAN_POINT ( 'NONE',  ( 41.98403618064448750, -19.93582500971155014, 9.599999999999941025 ) ) ;
#3243 = DIRECTION ( 'NONE',  ( -1.916821520416347353E-16, 1.000000000000000000, 0.000000000000000000 ) ) ;
#3244 = EDGE_LOOP ( 'NONE', ( #912, #886, #769, #2259 ) ) ;
#3245 = CARTESIAN_POINT ( 'NONE',  ( -14.07039211818113600, -4.694020758462223775, 28.59999999999999787 ) ) ;
#3246 = CARTESIAN_POINT ( 'NONE',  ( -43.11584027700539679, -20.87219128650709976, 13.60000000000000320 ) ) ;
#3247 = VERTEX_POINT ( 'NONE', #2881 ) ;
#3248 = CARTESIAN_POINT ( 'NONE',  ( 41.93845260907279737, 19.73881208845884672, 7.569999999999995843 ) ) ;
#3249 = VECTOR ( 'NONE', #2169, 1000.000000000000000 ) ;
#3250 = CARTESIAN_POINT ( 'NONE',  ( 41.88977016816200916, -20.00638251792901556, 9.600000000000004974 ) ) ;
#3251 = FACE_OUTER_BOUND ( 'NONE', #1701, .T. ) ;
#3252 = B_SPLINE_CURVE_WITH_KNOTS ( 'NONE', 3,
 ( #93, #3697, #2502, #1883 ),
 .UNSPECIFIED., .F., .F.,
 ( 4, 4 ),
 ( -0.002002744692617852706, -2.273736754432320595E-13 ),
 .UNSPECIFIED. ) ;
#3253 = CARTESIAN_POINT ( 'NONE',  ( 42.04035290575610162, 18.95743381531554661, 7.599999999999999645 ) ) ;
#3254 = ORIENTED_EDGE ( 'NONE', *, *, #1774, .T. ) ;
#3255 = CARTESIAN_POINT ( 'NONE',  ( 41.92900344636276344, -19.92909258494905345, 8.600000000927105148 ) ) ;
#3256 = CARTESIAN_POINT ( 'NONE',  ( 40.64239511823270590, 20.16744196330898831, 9.600000000000001421 ) ) ;
#3257 = CARTESIAN_POINT ( 'NONE',  ( -39.10000000000005826, -20.13493851953499814, 8.266666666911563155 ) ) ;
#3258 = CARTESIAN_POINT ( 'NONE',  ( -43.02362310408032897, 19.17468780753976532, 7.599999999999998757 ) ) ;
#3259 = CARTESIAN_POINT ( 'NONE',  ( -18.65607938952916101, -7.917166273855559488, 13.60000000000000320 ) ) ;
#3260 = CARTESIAN_POINT ( 'NONE',  ( -11.65865812051413641, 21.09999999999995524, 16.03689880345424967 ) ) ;
#3261 = CARTESIAN_POINT ( 'NONE',  ( -43.16987703906384155, 16.09999999999985576, 8.933333333709594370 ) ) ;
#3262 = EDGE_CURVE ( 'NONE', #2123, #3270, #630, .T. ) ;
#3263 = CARTESIAN_POINT ( 'NONE',  ( -14.48594054675443488, 21.09999999999994813, 13.82297405864342466 ) ) ;
#3264 = CARTESIAN_POINT ( 'NONE',  ( -11.44748514795114680, -7.368409929873307895, 28.60000000000000142 ) ) ;
#3265 = CARTESIAN_POINT ( 'NONE',  ( 38.10000000000007248, -7.399999999999876010, 23.89999999999999858 ) ) ;
#3266 = ORIENTED_EDGE ( 'NONE', *, *, #2694, .F. ) ;
#3267 = CARTESIAN_POINT ( 'NONE',  ( 42.06115651372383013, 18.63684803177447336, 7.569999999999995843 ) ) ;
#3268 = CARTESIAN_POINT ( 'NONE',  ( 40.64194652266323970, -20.16744729553145987, 9.600000000000004974 ) ) ;
#3269 = CARTESIAN_POINT ( 'NONE',  ( 22.36666666666676306, -12.39999999999987601, 13.60000000000000142 ) ) ;
#3270 = VERTEX_POINT ( 'NONE', #2950 ) ;
#3271 = CARTESIAN_POINT ( 'NONE',  ( -41.29999999999996163, -11.19689577749904430, -15.40511026734024824 ) ) ;
#3272 = ADVANCED_FACE ( 'NONE', ( #3513 ), #3836, .F. ) ;
#3273 = CARTESIAN_POINT ( 'NONE',  ( -43.09636902247214607, -17.08893986355663941, 7.599999999999998757 ) ) ;
#3274 = CARTESIAN_POINT ( 'NONE',  ( -11.39456583594448702, 21.07037261525407956, 28.59999999999999432 ) ) ;
#3275 = CARTESIAN_POINT ( 'NONE',  ( 40.66964569095198812, -3.912143682238331532, 27.33785631776157388 ) ) ;
#3276 = CARTESIAN_POINT ( 'NONE',  ( -9.099999999999937472, -12.39999999999987601, 13.60000000000000142 ) ) ;
#3277 = ORIENTED_EDGE ( 'NONE', *, *, #1638, .T. ) ;
#3278 = CARTESIAN_POINT ( 'NONE',  ( -12.17343981670623343, 21.09999999999995879, 15.52834654722724217 ) ) ;
#3279 = CARTESIAN_POINT ( 'NONE',  ( 42.78162464621549788, -6.648109840212457655, 13.60000000000419007 ) ) ;
#3280 = AXIS2_PLACEMENT_3D ( 'NONE', #3408, #3133, #2857 ) ;
#3281 = EDGE_CURVE ( 'NONE', #1279, #2308, #1401, .T. ) ;
#3282 = CARTESIAN_POINT ( 'NONE',  ( -15.25193511976847560, 25.41765109545472967, 13.60000000000000142 ) ) ;
#3283 = CARTESIAN_POINT ( 'NONE',  ( -41.49873699102388969, -21.06641683701887402, 13.60000000000000320 ) ) ;
#3284 = ORIENTED_EDGE ( 'NONE', *, *, #1300, .T. ) ;
#3285 = CARTESIAN_POINT ( 'NONE',  ( 42.22735090553088355, 16.73474969525158329, 10.03000000000000469 ) ) ;
#3286 = CARTESIAN_POINT ( 'NONE',  ( 43.01881759005718209, 19.27279173386879663, 28.60000000000000497 ) ) ;
#3287 = CARTESIAN_POINT ( 'NONE',  ( 6.633333333333400361, -7.399999999999876010, 13.60000000000000142 ) ) ;
#3288 = ORIENTED_EDGE ( 'NONE', *, *, #3138, .F. ) ;
#3289 = CARTESIAN_POINT ( 'NONE',  ( 43.10000000000006537, 0.000000000000000000, 13.60000000000000142 ) ) ;
#3290 = ADVANCED_FACE ( 'NONE', ( #3856 ), #3771, .T. ) ;
#3291 = CARTESIAN_POINT ( 'NONE',  ( -43.06167168020596137, -18.60658263647045629, 7.599999999999997868 ) ) ;
#3292 = CARTESIAN_POINT ( 'NONE',  ( -13.98804278005424351, 19.54737320415817337, 28.59999999999999787 ) ) ;
#3293 = CARTESIAN_POINT ( 'NONE',  ( -19.07506090160576662, -4.631344348377879783, 13.59999999999999787 ) ) ;
#3294 = ORIENTED_EDGE ( 'NONE', *, *, #2155, .T. ) ;
#3295 = CARTESIAN_POINT ( 'NONE',  ( -11.18824425718997695, 21.09999999999996234, 16.50596594016775143 ) ) ;
#3296 = CARTESIAN_POINT ( 'NONE',  ( 47.25866404504311902, -8.895160883677329267, 13.60000000000000320 ) ) ;
#3297 = ADVANCED_FACE ( 'NONE', ( #866 ), #1577, .T. ) ;
#3298 = CARTESIAN_POINT ( 'NONE',  ( -14.09999999999993570, 16.09999999999996945, 13.60000000000000497 ) ) ;
#3299 = CARTESIAN_POINT ( 'NONE',  ( 38.97754551560188219, -7.399999999999876898, 23.89999999999999147 ) ) ;
#3300 = VERTEX_POINT ( 'NONE', #940 ) ;
#3301 = CARTESIAN_POINT ( 'NONE',  ( 42.14287602988559200, 19.28255110315402376, 10.03000000000000647 ) ) ;
#3302 = CARTESIAN_POINT ( 'NONE',  ( 42.99643778796537674, 19.48039098669067570, 28.59999999999999432 ) ) ;
#3303 = CARTESIAN_POINT ( 'NONE',  ( 41.12238420223178537, 20.15647620517118810, 10.03000000000000647 ) ) ;
#3304 = VECTOR ( 'NONE', #3021, 1000.000000000000000 ) ;
#3305 = CARTESIAN_POINT ( 'NONE',  ( 38.10000000000007958, -21.10000000000013642, 13.60000000000000142 ) ) ;
#3306 = VECTOR ( 'NONE', #2014, 1000.000000000000000 ) ;
#3307 = VERTEX_POINT ( 'NONE', #344 ) ;
#3308 = DIRECTION ( 'NONE',  ( 0.000000000000000000, 0.000000000000000000, 1.000000000000000000 ) ) ;
#3309 = EDGE_CURVE ( 'NONE', #1945, #3630, #1537, .T. ) ;
#3310 = CARTESIAN_POINT ( 'NONE',  ( -42.98492167713464340, -19.50095778073797703, 7.599999999999999645 ) ) ;
#3311 = CARTESIAN_POINT ( 'NONE',  ( -13.52111552348754842, -6.972249807315646919, 18.60000000000061959 ) ) ;
#3312 = CARTESIAN_POINT ( 'NONE',  ( -42.91986027556428951, 19.87352962426987801, 7.569999999999995843 ) ) ;
#3313 = CARTESIAN_POINT ( 'NONE',  ( -11.21922471027147061, -12.37818812689275383, 13.60000000000000142 ) ) ;
#3314 = ORIENTED_EDGE ( 'NONE', *, *, #1602, .T. ) ;
#3315 = CARTESIAN_POINT ( 'NONE',  ( 40.33773021339602849, -7.372373546026384616, 28.59999999999998366 ) ) ;
#3316 = CARTESIAN_POINT ( 'NONE',  ( 47.76892731083998456, -7.494795557120633944, 13.60000000000000497 ) ) ;
#3317 = CARTESIAN_POINT ( 'NONE',  ( -8.246112270910536779, 26.09999999999997300, 13.59999999999999787 ) ) ;
#3318 = FACE_OUTER_BOUND ( 'NONE', #3660, .T. ) ;
#3319 = CARTESIAN_POINT ( 'NONE',  ( 41.97397648427442363, 19.57129478384079846, 7.599999999999997868 ) ) ;
#3320 = ORIENTED_EDGE ( 'NONE', *, *, #1119, .T. ) ;
#3321 = CARTESIAN_POINT ( 'NONE',  ( -42.28028477983851019, 20.12044396547346636, 9.599999999999859313 ) ) ;
#3322 = CARTESIAN_POINT ( 'NONE',  ( 38.54118413878018146, 20.09958493382347910, 7.600000000000000533 ) ) ;
#3323 = EDGE_CURVE ( 'NONE', #810, #2778, #1557, .T. ) ;
#3324 = CARTESIAN_POINT ( 'NONE',  ( 42.31763701899681251, -20.81003976634721298, 13.60000000000000320 ) ) ;
#3325 = ORIENTED_EDGE ( 'NONE', *, *, #3567, .T. ) ;
#3326 = CARTESIAN_POINT ( 'NONE',  ( 40.77737469915371804, -4.078031807554679311, 27.17196819244522743 ) ) ;
#3327 = EDGE_CURVE ( 'NONE', #2659, #2895, #2056, .T. ) ;
#3328 = EDGE_CURVE ( 'NONE', #357, #2795, #2355, .T. ) ;
#3329 = FACE_OUTER_BOUND ( 'NONE', #609, .T. ) ;
#3330 = CARTESIAN_POINT ( 'NONE',  ( -13.63799586716051948, -6.861982708409034792, 13.60000000000216147 ) ) ;
#3331 = LINE ( 'NONE', #3054, #2054 ) ;
#3332 = CARTESIAN_POINT ( 'NONE',  ( -40.10000000000006537, -18.10000000000013642, 10.59999999999999964 ) ) ;
#3333 = ORIENTED_EDGE ( 'NONE', *, *, #2977, .F. ) ;
#3334 = CARTESIAN_POINT ( 'NONE',  ( 42.93063647161690000, -6.201079797767376611, 28.59999999999999787 ) ) ;
#3335 = CARTESIAN_POINT ( 'NONE',  ( 43.10000000000006537, -1.919032709453123209, 13.60000000000000142 ) ) ;
#3336 = B_SPLINE_CURVE_WITH_KNOTS ( 'NONE', 3,
 ( #317, #1508, #3048, #1197, #2717, #3343, #2125 ),
 .UNSPECIFIED., .F., .F.,
 ( 4, 3, 4 ),
 ( 0.000000000000000000, 0.001001535798268690094, 0.002003071596537387561 ),
 .UNSPECIFIED. ) ;
#3337 = CARTESIAN_POINT ( 'NONE',  ( -8.619032709452731922, 21.10000000000255937, 13.60000000000258602 ) ) ;
#3338 = CARTESIAN_POINT ( 'NONE',  ( -42.26981359786804404, -20.01447571160631966, 7.569999999999995843 ) ) ;
#3339 = CARTESIAN_POINT ( 'NONE',  ( 41.88984178720452434, 19.88984571103919663, 7.599999999999999645 ) ) ;
#3340 = VERTEX_POINT ( 'NONE', #2057 ) ;
#3341 =( BOUNDED_CURVE ( )  B_SPLINE_CURVE ( 2, ( #2430, #3388, #1894 ),
 .UNSPECIFIED., .F., .F. ) 
 B_SPLINE_CURVE_WITH_KNOTS ( ( 3, 3 ),
 ( 0.000000000000000000, 0.009199074514668507258 ),
 .UNSPECIFIED. ) 
 CURVE ( )  GEOMETRIC_REPRESENTATION_ITEM ( )  RATIONAL_B_SPLINE_CURVE ( ( 1.000000000000000000, 4.000000000000000000, 1.000000000000000000 ) ) 
 REPRESENTATION_ITEM ( '' )  );
#3342 = CARTESIAN_POINT ( 'NONE',  ( 38.10000000000005116, 21.10000000000013287, 28.59999999999999432 ) ) ;
#3343 = CARTESIAN_POINT ( 'NONE',  ( -42.90289828683653894, 19.90292537900858960, 7.933333334038063178 ) ) ;
#3344 = DIRECTION ( 'NONE',  ( 0.000000000000000000, 1.000000000000000000, 0.000000000000000000 ) ) ;
#3345 = CARTESIAN_POINT ( 'NONE',  ( 41.27279173382817135, -21.01881759006215589, 13.60000000000000142 ) ) ;
#3346 = ORIENTED_EDGE ( 'NONE', *, *, #3596, .F. ) ;
#3347 = CARTESIAN_POINT ( 'NONE',  ( 38.10000000000007958, -12.39999999999987601, 13.60000000000000142 ) ) ;
#3348 = LINE ( 'NONE', #715, #3249 ) ;
#3349 = CARTESIAN_POINT ( 'NONE',  ( -12.98996815825165285, -7.223801828335796316, 18.60000000000122711 ) ) ;
#3350 = CARTESIAN_POINT ( 'NONE',  ( -42.93521075431537781, 19.86608078789387832, 7.569999999999995843 ) ) ;
#3351 = CARTESIAN_POINT ( 'NONE',  ( 41.25301621596287305, -20.01613699023715398, 7.599999999999999645 ) ) ;
#3352 = VECTOR ( 'NONE', #302, 1000.000000000000000 ) ;
#3353 = VERTEX_POINT ( 'NONE', #1694 ) ;
#3354 = CARTESIAN_POINT ( 'NONE',  ( 41.65631831747208480, -7.273893644169397987, 28.59999999999999432 ) ) ;
#3355 = CARTESIAN_POINT ( 'NONE',  ( 48.09709413163929526, -3.413978920356819824, 13.59999999999999787 ) ) ;
#3356 = CARTESIAN_POINT ( 'NONE',  ( -9.718563275085578823, 21.09915260999624564, 13.59999999999934950 ) ) ;
#3357 = FACE_OUTER_BOUND ( 'NONE', #2619, .T. ) ;
#3358 = CARTESIAN_POINT ( 'NONE',  ( 41.93583730295302558, 19.86564172759548796, 7.569999999999995843 ) ) ;
#3359 = VERTEX_POINT ( 'NONE', #1419 ) ;
#3360 = CARTESIAN_POINT ( 'NONE',  ( 41.63667213872059847, 20.97576400432886956, 28.60000000000000497 ) ) ;
#3361 = CARTESIAN_POINT ( 'NONE',  ( 39.97130812348509465, 20.08242835690343853, 7.599999999999999645 ) ) ;
#3362 = FACE_OUTER_BOUND ( 'NONE', #1869, .T. ) ;
#3363 = CARTESIAN_POINT ( 'NONE',  ( -43.84640685949426597, 20.19274964925191185, 13.60000000000000142 ) ) ;
#3364 = CARTESIAN_POINT ( 'NONE',  ( -10.34999999999993570, -4.399999999999876010, 27.72132034355963981 ) ) ;
#3365 = ORIENTED_EDGE ( 'NONE', *, *, #3323, .T. ) ;
#3366 = DIRECTION ( 'NONE',  ( -0.000000000000000000, -1.000000000000000000, -0.000000000000000000 ) ) ;
#3367 = DIRECTION ( 'NONE',  ( -1.000000000000000000, 0.000000000000000000, 0.000000000000000000 ) ) ;
#3368 = CARTESIAN_POINT ( 'NONE',  ( -12.23365056629993752, -7.324618107184011073, 13.59999999999938680 ) ) ;
#3369 = CARTESIAN_POINT ( 'NONE',  ( 43.10000000000007248, -6.367985304816650149, 14.65852308930105785 ) ) ;
#3370 = DIRECTION ( 'NONE',  ( 1.000000000000000000, 1.112002228190261198E-16, 0.000000000000000000 ) ) ;
#3371 = ORIENTED_EDGE ( 'NONE', *, *, #210, .T. ) ;
#3372 = AXIS2_PLACEMENT_3D ( 'NONE', #1942, #2612, #1057 ) ;
#3373 = CARTESIAN_POINT ( 'NONE',  ( 42.09664412391389732, -7.178110969404353447, 28.59999999999999432 ) ) ;
#3374 = CARTESIAN_POINT ( 'NONE',  ( -11.09999999999993570, 18.09999999999996234, 25.59999999999999787 ) ) ;
#3375 = CARTESIAN_POINT ( 'NONE',  ( -42.58280725470984152, -19.97118357197422256, 7.569999999999929230 ) ) ;
#3376 = FACE_OUTER_BOUND ( 'NONE', #1630, .T. ) ;
#3377 = EDGE_CURVE ( 'NONE', #2659, #438, #3768, .T. ) ;
#3378 = ORIENTED_EDGE ( 'NONE', *, *, #3003, .F. ) ;
#3379 = CARTESIAN_POINT ( 'NONE',  ( 40.42161314647547243, 21.06938128774588037, 28.60000000000000497 ) ) ;
#3380 = FACE_OUTER_BOUND ( 'NONE', #1601, .T. ) ;
#3381 = PLANE ( 'NONE',  #2618 ) ;
#3382 = CARTESIAN_POINT ( 'NONE',  ( -44.06222914286048820, 18.59927203771735904, 13.60000000000000497 ) ) ;
#3383 = CARTESIAN_POINT ( 'NONE',  ( 43.10000000000006537, -17.08448482983544636, 13.59999999999999964 ) ) ;
#3384 = LINE ( 'NONE', #616, #958 ) ;
#3385 = CARTESIAN_POINT ( 'NONE',  ( -19.06815758572041020, -4.892048528767560356, 13.60000000000000497 ) ) ;
#3386 = CARTESIAN_POINT ( 'NONE',  ( 43.10000000000007248, -9.814493407400751934, 13.61714196735726112 ) ) ;
#3387 = ORIENTED_EDGE ( 'NONE', *, *, #3724, .F. ) ;
#3388 = CARTESIAN_POINT ( 'NONE',  ( -44.10000000000007958, 21.09999999999984865, 9.600000000000004974 ) ) ;
#3389 = EDGE_CURVE ( 'NONE', #2031, #1945, #421, .T. ) ;
#3390 = LINE ( 'NONE', #3210, #2678 ) ;
#3391 = CARTESIAN_POINT ( 'NONE',  ( 40.14704002021904472, -7.378375505779703580, 28.60000000000000497 ) ) ;
#3392 = CARTESIAN_POINT ( 'NONE',  ( -9.718563275085967845, 21.09915261021923527, 18.59999999999870113 ) ) ;
#3393 = CARTESIAN_POINT ( 'NONE',  ( -42.85079035641186351, -20.04147107059661082, 10.03000000000000647 ) ) ;
#3394 = DIRECTION ( 'NONE',  ( -0.000000000000000000, 0.000000000000000000, 1.000000000000000000 ) ) ;
#3395 = VERTEX_POINT ( 'NONE', #1147 ) ;
#3396 = CARTESIAN_POINT ( 'NONE',  ( 42.14833751234580461, 20.86170419352208327, 28.59999999999999787 ) ) ;
#3397 = CARTESIAN_POINT ( 'NONE',  ( 41.53210728985267508, 19.98042114943642389, 7.599999999999999645 ) ) ;
#3398 = DIRECTION ( 'NONE',  ( 0.000000000000000000, -0.000000000000000000, 1.000000000000000000 ) ) ;
#3399 = AXIS2_PLACEMENT_3D ( 'NONE', #3211, #3167, #2913 ) ;
#3400 = DIRECTION ( 'NONE',  ( 0.000000000000000000, -0.000000000000000000, -1.000000000000000000 ) ) ;
#3401 = LINE ( 'NONE', #3364, #484 ) ;
#3402 = EDGE_LOOP ( 'NONE', ( #2021, #2283, #166, #2960 ) ) ;
#3403 = CARTESIAN_POINT ( 'NONE',  ( -7.367025624959012011E-14, 21.10000000000000142, 13.60000000000000142 ) ) ;
#3404 = AXIS2_PLACEMENT_3D ( 'NONE', #2006, #575, #3556 ) ;
#3405 = DIRECTION ( 'NONE',  ( 1.000000000000000000, 0.000000000000000000, 0.000000000000000000 ) ) ;
#3406 = CARTESIAN_POINT ( 'NONE',  ( -14.09999999999993570, -2.399999999999876010, 28.59999999999999787 ) ) ;
#3407 = EDGE_CURVE ( 'NONE', #25, #314, #2584, .T. ) ;
#3408 = CARTESIAN_POINT ( 'NONE',  ( -40.59999999999996589, -12.19689577749904608, 7.600000000000000533 ) ) ;
#3409 = CARTESIAN_POINT ( 'NONE',  ( -42.94645722640282060, 19.97887522778326286, 9.599999999999994316 ) ) ;
#3410 = CARTESIAN_POINT ( 'NONE',  ( -9.099999999999933920, -7.399999999999876010, 12.84999999999999787 ) ) ;
#3411 = CYLINDRICAL_SURFACE ( 'NONE', #3622, 0.5000000000000004441 ) ;
#3412 = EDGE_CURVE ( 'NONE', #7, #1199, #2921, .T. ) ;
#3413 = CARTESIAN_POINT ( 'NONE',  ( -41.32029945714847941, -20.07227657705749380, 7.569999999999721396 ) ) ;
#3414 = DIRECTION ( 'NONE',  ( -1.000000000000000000, 0.000000000000000000, 0.000000000000000000 ) ) ;
#3415 = ORIENTED_EDGE ( 'NONE', *, *, #3407, .F. ) ;
#3416 = CARTESIAN_POINT ( 'NONE',  ( 39.84967719365580052, 21.09011195108245573, 28.60000000000000497 ) ) ;
#3417 = CARTESIAN_POINT ( 'NONE',  ( 41.76578909029812792, 19.93545855426620506, 7.599999999999998757 ) ) ;
#3418 = CARTESIAN_POINT ( 'NONE',  ( -18.63938393216454514, -8.049457714652636042, 13.59999999999999787 ) ) ;
#3419 = CARTESIAN_POINT ( 'NONE',  ( -43.81364017786650322, 20.27774806692621468, 13.60000000000000320 ) ) ;
#3420 = CARTESIAN_POINT ( 'NONE',  ( -43.09842776848793733, -16.73435631924487765, 7.569999999999997620 ) ) ;
#3421 = ORIENTED_EDGE ( 'NONE', *, *, #3003, .T. ) ;
#3422 = CARTESIAN_POINT ( 'NONE',  ( -14.09999999999993570, 16.09999999999996945, 18.60000000000000142 ) ) ;
#3423 = VECTOR ( 'NONE', #1128, 1000.000000000000000 ) ;
#3424 = CARTESIAN_POINT ( 'NONE',  ( 40.60000000000006537, 17.54098300562517565, 7.599999999999999645 ) ) ;
#3425 = CARTESIAN_POINT ( 'NONE',  ( 40.10000000000006537, 0.000000000000000000, 7.599999999999999645 ) ) ;
#3426 = CARTESIAN_POINT ( 'NONE',  ( -42.88843285399151739, 19.88915203886888250, 7.569999999999995843 ) ) ;
#3427 = CARTESIAN_POINT ( 'NONE',  ( 40.99338584793442664, -20.03778840825249219, 7.599999999999999645 ) ) ;
#3428 = EDGE_CURVE ( 'NONE', #3617, #3515, #1416, .T. ) ;
#3429 = CARTESIAN_POINT ( 'NONE',  ( -14.09999999999993570, 16.09999999999996945, 25.26666666666666927 ) ) ;
#3430 = VECTOR ( 'NONE', #799, 1000.000000000000000 ) ;
#3431 = AXIS2_PLACEMENT_3D ( 'NONE', #1607, #3400, #142 ) ;
#3432 = CARTESIAN_POINT ( 'NONE',  ( -44.10000000000007248, -8.261500752994470738E-15, 10.59999999999999964 ) ) ;
#3433 = CARTESIAN_POINT ( 'NONE',  ( 41.96895416768404630, -19.59832728105089217, 7.599999999999998757 ) ) ;
#3434 = VECTOR ( 'NONE', #1749, 1000.000000000000000 ) ;
#3435 = CARTESIAN_POINT ( 'NONE',  ( 0.000000000000000000, 0.000000000000000000, 13.60000000000000142 ) ) ;
#3436 = ORIENTED_EDGE ( 'NONE', *, *, #2435, .T. ) ;
#3437 = CARTESIAN_POINT ( 'NONE',  ( -40.99736721230955538, -20.08179634024577354, 7.600000000000000533 ) ) ;
#3438 = CARTESIAN_POINT ( 'NONE',  ( -14.09999999999993570, 21.09999999999995168, 18.35000000000001563 ) ) ;
#3439 = CARTESIAN_POINT ( 'NONE',  ( -19.06824196538102711, 18.54430070254424123, 13.60000000000000497 ) ) ;
#3440 = CARTESIAN_POINT ( 'NONE',  ( -43.22463167850430210, -17.37014037219714524, 10.02999999999945402 ) ) ;
#3441 = ORIENTED_EDGE ( 'NONE', *, *, #3788, .T. ) ;
#3442 = CARTESIAN_POINT ( 'NONE',  ( -14.09999999999993570, 16.09999999999996945, 18.60000000000000142 ) ) ;
#3443 = CARTESIAN_POINT ( 'NONE',  ( -42.54086757463628743, 20.98888856329174146, 13.59999999999999964 ) ) ;
#3444 = CARTESIAN_POINT ( 'NONE',  ( -42.67437739003005248, 19.95410382469292188, 7.599999999999999645 ) ) ;
#3445 = CARTESIAN_POINT ( 'NONE',  ( -43.05119839417516658, -19.72292105550002361, 9.600000000000042277 ) ) ;
#3446 = ORIENTED_EDGE ( 'NONE', *, *, #2797, .T. ) ;
#3447 = EDGE_CURVE ( 'NONE', #3696, #2758, #355, .T. ) ;
#3448 = CARTESIAN_POINT ( 'NONE',  ( 39.20009818785420208, -20.09532558559064697, 7.599999999999997868 ) ) ;
#3449 = LINE ( 'NONE', #1956, #2176 ) ;
#3450 = CARTESIAN_POINT ( 'NONE',  ( 42.22735090551574189, -16.73484171501768358, 10.03000000000000647 ) ) ;
#3451 = CARTESIAN_POINT ( 'NONE',  ( 42.20481555856616041, -16.10000000000012932, 9.600000000000001421 ) ) ;
#3452 = CARTESIAN_POINT ( 'NONE',  ( 42.04116199737264026, -18.94573865731177875, 7.600000000000000533 ) ) ;
#3453 = ORIENTED_EDGE ( 'NONE', *, *, #2570, .T. ) ;
#3454 = B_SPLINE_CURVE_WITH_KNOTS ( 'NONE', 3,
 ( #581, #1420, #2471, #1494, #3035, #1872, #2149, #599, #1571, #3073, #2782, #63, #28, #379, #2703, #3663, #1263 ),
 .UNSPECIFIED., .F., .F.,
 ( 4, 3, 2, 2, 2, 2, 2, 4 ),
 ( 0.000000000000000000, 2.843264893196438602E-05, 0.0001485224504853555332, 0.0002686122520387466397, 0.0005087918551455290154, 0.0009891510613590935499, 0.001949869473786222619, 0.003871306298640480974 ),
 .UNSPECIFIED. ) ;
#3455 = CARTESIAN_POINT ( 'NONE',  ( -16.03342470772260953, 21.09999999999994458, 13.64405461180634305 ) ) ;
#3456 = CARTESIAN_POINT ( 'NONE',  ( -14.09999999999993570, 21.09999999999995168, 29.35000000000000142 ) ) ;
#3457 = CARTESIAN_POINT ( 'NONE',  ( -19.09999999999993747, 16.09999999999996945, 13.60000000000000142 ) ) ;
#3458 = B_SPLINE_CURVE_WITH_KNOTS ( 'NONE', 3,
 ( #2597, #3779, #2854, #3130 ),
 .UNSPECIFIED., .F., .F.,
 ( 4, 4 ),
 ( 0.3333333333333338144, 0.4866666666666666363 ),
 .UNSPECIFIED. ) ;
#3459 = CARTESIAN_POINT ( 'NONE',  ( 42.10000000000006537, 0.000000000000000000, 7.599999999999999645 ) ) ;
#3460 = ORIENTED_EDGE ( 'NONE', *, *, #492, .T. ) ;
#3461 = CARTESIAN_POINT ( 'NONE',  ( 40.31994558796126427, -20.07229497478913061, 7.569999999999995843 ) ) ;
#3462 = CARTESIAN_POINT ( 'NONE',  ( -41.95942014067045278, 21.04485155125881235, 13.60000000000000142 ) ) ;
#3463 = CARTESIAN_POINT ( 'NONE',  ( 38.10000000000007248, -21.10000000000013642, 9.499999999999984013 ) ) ;
#3464 = EDGE_CURVE ( 'NONE', #3648, #1567, #1285, .T. ) ;
#3465 = CARTESIAN_POINT ( 'NONE',  ( -42.97354894124951130, 20.00867571955347657, 10.03000000000000469 ) ) ;
#3466 = VECTOR ( 'NONE', #2128, 1000.000000000000114 ) ;
#3467 = CARTESIAN_POINT ( 'NONE',  ( 40.01456311779657682, -20.08138178950379427, 7.600000000000001421 ) ) ;
#3468 = CARTESIAN_POINT ( 'NONE',  ( 41.12056661059796880, 20.13401292487557370, 9.600000000000001421 ) ) ;
#3469 = CARTESIAN_POINT ( 'NONE',  ( -14.09999999999993570, -7.399999999999876010, 23.84999999999998366 ) ) ;
#3470 = DIRECTION ( 'NONE',  ( 1.000000000000000000, 1.916821520416347353E-16, -0.000000000000000000 ) ) ;
#3471 = CARTESIAN_POINT ( 'NONE',  ( 40.60000000000006537, -5.649999999999927525, 25.59999999999999432 ) ) ;
#3472 = EDGE_LOOP ( 'NONE', ( #1226, #1423, #2072, #2955 ) ) ;
#3473 = CIRCLE ( 'NONE', #3666, 0.7500000000000006661 ) ;
#3474 = CARTESIAN_POINT ( 'NONE',  ( -42.30663401242087929, -20.00993986118701073, 7.599999999999996980 ) ) ;
#3475 = CYLINDRICAL_SURFACE ( 'NONE', #3852, 0.7500000000000006661 ) ;
#3476 = CARTESIAN_POINT ( 'NONE',  ( 41.95525980218947382, 19.95510860986609103, 9.266666667217052122 ) ) ;
#3477 = ORIENTED_EDGE ( 'NONE', *, *, #1193, .T. ) ;
#3478 = DIRECTION ( 'NONE',  ( 1.000000000000000000, 0.000000000000000000, -0.000000000000000000 ) ) ;
#3479 = PRODUCT_DEFINITION_SHAPE ( 'NONE', 'NONE',  #2156 ) ;
#3480 = CARTESIAN_POINT ( 'NONE',  ( 40.10000000000006537, -18.10000000000013642, 10.59999999999999964 ) ) ;
#3481 = CARTESIAN_POINT ( 'NONE',  ( -41.33773021340046228, 21.07237354602637680, 13.60000000000000675 ) ) ;
#3482 = CARTESIAN_POINT ( 'NONE',  ( 43.10000000000006537, -21.10000000000013642, 13.90000000000000036 ) ) ;
#3483 = CARTESIAN_POINT ( 'NONE',  ( -43.20481555856299849, -16.10000000000012932, 9.600000000000001421 ) ) ;
#3484 = ORIENTED_EDGE ( 'NONE', *, *, #472, .F. ) ;
#3485 = CARTESIAN_POINT ( 'NONE',  ( 17.35000000000001918, 1.337664547031006037E-14, 25.59999999999999787 ) ) ;
#3486 = CARTESIAN_POINT ( 'NONE',  ( 41.94666447902292106, 19.97874451843433619, 9.600000000000001421 ) ) ;
#3487 = CARTESIAN_POINT ( 'NONE',  ( -9.099999999999933920, -7.399999999999875122, 18.60000000000000497 ) ) ;
#3488 = FACE_OUTER_BOUND ( 'NONE', #1287, .T. ) ;
#3489 = VECTOR ( 'NONE', #3608, 1000.000000000000000 ) ;
#3490 = CARTESIAN_POINT ( 'NONE',  ( -7.367025624959012011E-14, 21.10000000000000142, 28.59999999999999432 ) ) ;
#3491 = ADVANCED_FACE ( 'NONE', ( #1361 ), #1775, .F. ) ;
#3492 = CARTESIAN_POINT ( 'NONE',  ( 41.98954201474462877, -19.47021393931689914, 7.600000000000001421 ) ) ;
#3493 = AXIS2_PLACEMENT_3D ( 'NONE', #3193, #1377, #185 ) ;
#3494 = EDGE_CURVE ( 'NONE', #898, #1803, #1795, .T. ) ;
#3495 = ORIENTED_EDGE ( 'NONE', *, *, #61, .F. ) ;
#3496 = CARTESIAN_POINT ( 'NONE',  ( -14.09999999999993570, -2.399999999999876010, 13.60000000000000142 ) ) ;
#3497 = CARTESIAN_POINT ( 'NONE',  ( -13.53880138776029085, -6.960906595043026002, 28.60000000000000142 ) ) ;
#3498 = CARTESIAN_POINT ( 'NONE',  ( -18.98482429349487433, 19.85888180100808498, 13.60000000000000497 ) ) ;
#3499 = VECTOR ( 'NONE', #3025, 1000.000000000000000 ) ;
#3500 = CARTESIAN_POINT ( 'NONE',  ( 43.10000000000006537, -2.399999999999876010, 18.59999999999973497 ) ) ;
#3501 = ORIENTED_EDGE ( 'NONE', *, *, #1893, .F. ) ;
#3502 = CARTESIAN_POINT ( 'NONE',  ( -11.09999999999993570, -4.399999999999876010, 10.59999999999999787 ) ) ;
#3503 = DIRECTION ( 'NONE',  ( 0.000000000000000000, 1.000000000000000000, 0.000000000000000000 ) ) ;
#3504 = CARTESIAN_POINT ( 'NONE',  ( 43.10000000000006537, -16.10000000000013642, 13.90000000000000036 ) ) ;
#3505 = CARTESIAN_POINT ( 'NONE',  ( 42.03901575552213643, 18.97631169181533295, 7.599999999999999645 ) ) ;
#3506 = ORIENTED_EDGE ( 'NONE', *, *, #1321, .F. ) ;
#3507 = CARTESIAN_POINT ( 'NONE',  ( -42.88824641057711062, -20.00726332102349403, 9.599999999999964118 ) ) ;
#3508 = CARTESIAN_POINT ( 'NONE',  ( 42.25224359250248796, -12.23904420979187258, 13.59999999999999964 ) ) ;
#3509 = CARTESIAN_POINT ( 'NONE',  ( -12.52861721390067551, 20.99046056094371338, 28.60000000000000497 ) ) ;
#3510 = CARTESIAN_POINT ( 'NONE',  ( 42.06115088678066627, -18.63729749817740000, 7.569999999999995843 ) ) ;
#3511 = ORIENTED_EDGE ( 'NONE', *, *, #2901, .T. ) ;
#3512 = PLANE ( 'NONE',  #3177 ) ;
#3513 = FACE_OUTER_BOUND ( 'NONE', #3472, .T. ) ;
#3514 = CARTESIAN_POINT ( 'NONE',  ( -42.12238420223082613, -20.15647620517086480, 10.03000000000000291 ) ) ;
#3515 = VERTEX_POINT ( 'NONE', #2682 ) ;
#3516 = CARTESIAN_POINT ( 'NONE',  ( -40.98500095813749056, -20.08209738528374544, 7.600000000000000533 ) ) ;
#3517 = CARTESIAN_POINT ( 'NONE',  ( -13.99643778796675342, -5.780390986678688670, 28.59999999999999432 ) ) ;
#3518 = CARTESIAN_POINT ( 'NONE',  ( 20.60000000000006537, -7.399999999999875122, 20.89999999999999503 ) ) ;
#3519 = ORIENTED_EDGE ( 'NONE', *, *, #1729, .F. ) ;
#3520 = CARTESIAN_POINT ( 'NONE',  ( 43.10000000000006537, 16.10000000000013287, 9.600000000000001421 ) ) ;
#3521 = PLANE ( 'NONE',  #1793 ) ;
#3522 = CARTESIAN_POINT ( 'NONE',  ( 39.60000000000006537, -4.959016994374864318, 20.89999999999999858 ) ) ;
#3523 = EDGE_LOOP ( 'NONE', ( #1664, #3743, #2700, #55, #1037, #3569 ) ) ;
#3524 = DIRECTION ( 'NONE',  ( 1.826024711554534653E-16, -0.000000000000000000, -1.000000000000000000 ) ) ;
#3525 = CARTESIAN_POINT ( 'NONE',  ( 41.96415848944207028, -12.27368803256701746, 13.59999999999999964 ) ) ;
#3526 = CARTESIAN_POINT ( 'NONE',  ( -14.06979218642864105, 18.41047241443264681, 28.60000000000000142 ) ) ;
#3527 = CARTESIAN_POINT ( 'NONE',  ( -43.00993986118484713, 19.30663401243982946, 7.600000000000001421 ) ) ;
#3528 = AXIS2_PLACEMENT_3D ( 'NONE', #1806, #1563, #3012 ) ;
#3529 = CARTESIAN_POINT ( 'NONE',  ( -18.91879666063833199, -6.688848851038830645, 13.59999999999999964 ) ) ;
#3530 = VERTEX_POINT ( 'NONE', #2702 ) ;
#3531 = PLANE ( 'NONE',  #1293 ) ;
#3532 = CARTESIAN_POINT ( 'NONE',  ( 42.60661465327930131, -6.895908991337157623, 18.59999999999999787 ) ) ;
#3533 = CARTESIAN_POINT ( 'NONE',  ( 41.88083581185453141, -19.90471379356683101, 7.569999999999995843 ) ) ;
#3534 = B_SPLINE_CURVE_WITH_KNOTS ( 'NONE', 3,
 ( #534, #3476, #3184, #2617, #768, #516, #787 ),
 .UNSPECIFIED., .F., .F.,
 ( 4, 3, 4 ),
 ( 0.000000000000000000, 0.001001535798268684673, 0.002003071596537372816 ),
 .UNSPECIFIED. ) ;
#3535 = ADVANCED_FACE ( 'NONE', ( #9 ), #1201, .F. ) ;
#3536 = CARTESIAN_POINT ( 'NONE',  ( -13.27774806692405285, -7.113640177868854053, 28.59999999999999076 ) ) ;
#3537 = CARTESIAN_POINT ( 'NONE',  ( -43.97389364416715551, -19.65631831747817415, 13.59999999999999787 ) ) ;
#3538 = VERTEX_POINT ( 'NONE', #2722 ) ;
#3539 = CARTESIAN_POINT ( 'NONE',  ( 40.77737469915371804, -4.078031807554679311, 27.17196819244522743 ) ) ;
#3540 = CARTESIAN_POINT ( 'NONE',  ( 43.07837550577990271, 18.14704002023451679, 28.59999999999999787 ) ) ;
#3541 = CARTESIAN_POINT ( 'NONE',  ( 43.10000000000006537, -21.10000000000013642, 7.299999999999999822 ) ) ;
#3542 = FACE_BOUND ( 'NONE', #988, .T. ) ;
#3543 = VERTEX_POINT ( 'NONE', #2129 ) ;
#3544 = CARTESIAN_POINT ( 'NONE',  ( -40.60000000000003695, 10.27689577749865890, 10.59999999999999964 ) ) ;
#3545 = CARTESIAN_POINT ( 'NONE',  ( 39.60000000000006537, -4.959016994374864318, 27.72132034355963981 ) ) ;
#3546 = CARTESIAN_POINT ( 'NONE',  ( -13.48402385466941134, 20.71654195172486723, 28.60000000000000497 ) ) ;
#3547 = CARTESIAN_POINT ( 'NONE',  ( -43.04099958131981651, 18.94809031714331482, 7.600000000000000533 ) ) ;
#3548 = CARTESIAN_POINT ( 'NONE',  ( -9.535732031332647907, -12.40000000047947992, 13.60000000000000497 ) ) ;
#3549 = ADVANCED_FACE ( 'NONE', ( #3329 ), #636, .F. ) ;
#3550 = VERTEX_POINT ( 'NONE', #1531 ) ;
#3551 = DIRECTION ( 'NONE',  ( -0.000000000000000000, 0.000000000000000000, 1.000000000000000000 ) ) ;
#3552 = CARTESIAN_POINT ( 'NONE',  ( 42.56663694220970484, -6.934128053754595733, 18.60000000000000142 ) ) ;
#3553 = CARTESIAN_POINT ( 'NONE',  ( -13.99046056094404378, -5.828617213898670713, 28.59999999999999787 ) ) ;
#3554 = CARTESIAN_POINT ( 'NONE',  ( -41.40303354164312566, -21.07006491942930992, 13.60000000000000142 ) ) ;
#3555 = ORIENTED_EDGE ( 'NONE', *, *, #3389, .T. ) ;
#3556 = DIRECTION ( 'NONE',  ( 1.000000000000000000, 0.000000000000000000, 0.000000000000000000 ) ) ;
#3557 = AXIS2_PLACEMENT_3D ( 'NONE', #2426, #2374, #1457 ) ;
#3558 = VECTOR ( 'NONE', #1553, 1000.000000000000000 ) ;
#3559 = CARTESIAN_POINT ( 'NONE',  ( -42.52076669960566591, 20.08856283237281559, 9.600000000000065370 ) ) ;
#3560 = DIRECTION ( 'NONE',  ( 0.000000000000000000, 0.000000000000000000, 1.000000000000000000 ) ) ;
#3561 = CARTESIAN_POINT ( 'NONE',  ( 41.65631831746857472, -20.97389364417030677, 13.60000000000000142 ) ) ;
#3562 = ORIENTED_EDGE ( 'NONE', *, *, #629, .F. ) ;
#3563 = CARTESIAN_POINT ( 'NONE',  ( 40.60000000000006537, 0.000000000000000000, 27.44510127713908787 ) ) ;
#3564 = CARTESIAN_POINT ( 'NONE',  ( -42.95587090975468669, -19.66583689297405613, 7.599999999999998757 ) ) ;
#3565 = CARTESIAN_POINT ( 'NONE',  ( 38.10000000000005826, 20.10000000000013287, 7.599999999999999645 ) ) ;
#3566 = CARTESIAN_POINT ( 'NONE',  ( 39.35000000000006537, 18.10000000000013642, 27.72132034355963981 ) ) ;
#3567 = EDGE_CURVE ( 'NONE', #1136, #2978, #554, .T. ) ;
#3568 = CARTESIAN_POINT ( 'NONE',  ( -11.67146421045234028, -12.36604442853218622, 13.60000000000000320 ) ) ;
#3569 = ORIENTED_EDGE ( 'NONE', *, *, #2319, .T. ) ;
#3570 = CARTESIAN_POINT ( 'NONE',  ( -9.773401556927920453, 21.09999999999996234, 17.92637210925574109 ) ) ;
#3571 = CARTESIAN_POINT ( 'NONE',  ( 43.10040903741753482, -2.297687380366665977, 18.59999999999935483 ) ) ;
#3572 =( BOUNDED_SURFACE ( )  B_SPLINE_SURFACE ( 2, 3, ( 
 ( #3227, #1429, #2639, #590, #1783, #3612, #3895, #1210, #293, #2157, #606, #961, #2398, #34, #2417, #2099, #3282, #2988, #18, #2458, #1191, #646, #1558, #3592, #1484, #663, #923, #3317 ),
 ( #3298, #2692, #2477, #903, #2120, #1502, #2711, #3651, #625, #2768, #1838, #3671, #1801, #3060, #345, #2136, #3006, #70, #1820, #312, #3024, #1270, #328, #1522, #3356, #1231, #3337, #52 ),
 ( #366, #2730, #2437, #2082, #3633, #941, #3043, #1539, #2749, #1252, #1856, #464, #3693, #1941, #3097, #743, #2548, #1056, #3137, #1620, #1579, #2198, #2517, #701, #3392, #111, #2531, #1033 ) ),
 .UNSPECIFIED., .F., .F., .F. ) 
 B_SPLINE_SURFACE_WITH_KNOTS ( ( 3, 3 ),
 ( 4, 2, 2, 2, 2, 2, 2, 2, 2, 2, 2, 2, 2, 4 ),
 ( 0.000000000000000000, 1.000000000000000000 ),
 ( 0.000000000000000000, 0.002243032412800341491, 0.003364548619200512236, 0.004486064825600682981, 0.006729097238401024472, 0.007850613444801195218, 0.008972129651201365963, 0.01009364585760153671, 0.01121516206400170745, 0.01233667827040187820, 0.01345819447680204894, 0.01570122688960239044, 0.01682274309600256118, 0.01794425930240273193 ),
 .UNSPECIFIED. ) 
 GEOMETRIC_REPRESENTATION_ITEM ( )  RATIONAL_B_SPLINE_SURFACE ( (
 ( 1.000000000000000000, 1.000000000000000000, 1.000000000000000000, 1.000000000000000000, 1.000000000000000000, 1.000000000000000000, 1.000000000000000000, 1.000000000000000000, 1.000000000000000000, 1.000000000000000000, 1.000000000000000000, 1.000000000000000000, 1.000000000000000000, 1.000000000000000000, 1.000000000000000000, 1.000000000000000000, 1.000000000000000000, 1.000000000000000000, 1.000000000000000000, 1.000000000000000000, 1.000000000000000000, 1.000000000000000000, 1.000000000000000000, 1.000000000000000000, 1.000000000000000000, 1.000000000000000000, 1.000000000000000000, 1.000000000000000000),
 ( 4.000000000000000888, 4.000000000000000888, 4.000000000000000888, 4.000000000000000888, 4.000000000000000888, 4.000000000000000888, 4.000000000000000888, 4.000000000000000888, 4.000000000000000888, 4.000000000000000888, 4.000000000000000888, 4.000000000000000888, 4.000000000000000888, 4.000000000000000888, 4.000000000000000888, 4.000000000000000888, 3.999999999999998224, 3.999999999999998224, 4.000000000000000888, 4.000000000000000888, 4.000000000000000888, 4.000000000000000888, 4.000000000000000888, 4.000000000000000888, 4.000000000000000888, 4.000000000000000888, 4.000000000000000888, 4.000000000000000888),
 ( 1.000000000000000000, 1.000000000000000000, 1.000000000000000000, 1.000000000000000000, 1.000000000000000000, 1.000000000000000000, 1.000000000000000000, 1.000000000000000000, 1.000000000000000000, 1.000000000000000000, 1.000000000000000000, 1.000000000000000000, 1.000000000000000000, 1.000000000000000000, 1.000000000000000000, 1.000000000000000000, 1.000000000000000000, 1.000000000000000000, 1.000000000000000000, 1.000000000000000000, 1.000000000000000000, 1.000000000000000000, 1.000000000000000000, 1.000000000000000000, 1.000000000000000000, 1.000000000000000000, 1.000000000000000000, 1.000000000000000000) ) ) 
 REPRESENTATION_ITEM ( '' )  SURFACE ( )  );
#3573 = B_SPLINE_CURVE_WITH_KNOTS ( 'NONE', 3,
 ( #391, #1583, #1003, #2202 ),
 .UNSPECIFIED., .F., .F.,
 ( 4, 4 ),
 ( 0.6866666666666669805, 1.000000000000000000 ),
 .UNSPECIFIED. ) ;
#3574 = CARTESIAN_POINT ( 'NONE',  ( -13.02763088765047605, -7.199291466667291139, 28.60000000000000142 ) ) ;
#3575 = CARTESIAN_POINT ( 'NONE',  ( -43.02763088765252775, -20.89929146666727178, 13.59999999999999964 ) ) ;
#3576 = ADVANCED_FACE ( 'NONE', ( #3072 ), #2490, .F. ) ;
#3577 = ORIENTED_EDGE ( 'NONE', *, *, #2797, .F. ) ;
#3578 = CARTESIAN_POINT ( 'NONE',  ( 41.90574283814142120, 19.85347564445416069, 7.570000000000098872 ) ) ;
#3579 = CARTESIAN_POINT ( 'NONE',  ( 38.10000000000007248, -7.399999999999876010, 12.84999999999999964 ) ) ;
#3580 = CARTESIAN_POINT ( 'NONE',  ( 42.89929146666713677, -20.02763088765099653, 13.60000000000000497 ) ) ;
#3581 = ORIENTED_EDGE ( 'NONE', *, *, #2487, .T. ) ;
#3582 = CARTESIAN_POINT ( 'NONE',  ( -43.04198630671770331, 19.76322836282875173, 9.600000000000102673 ) ) ;
#3583 = CARTESIAN_POINT ( 'NONE',  ( -42.99017548658704868, -19.46436809830887427, 7.599999999999999645 ) ) ;
#3584 = CARTESIAN_POINT ( 'NONE',  ( -13.98712545639545723, 19.55436243565104704, 28.59999999999999076 ) ) ;
#3585 = EDGE_CURVE ( 'NONE', #2243, #1388, #3092, .T. ) ;
#3586 = DIRECTION ( 'NONE',  ( 0.000000000000000000, -0.000000000000000000, 1.000000000000000000 ) ) ;
#3587 = VERTEX_POINT ( 'NONE', #1912 ) ;
#3588 = CARTESIAN_POINT ( 'NONE',  ( -11.32282750589353881, 21.09999999999996234, 16.37095128737772143 ) ) ;
#3589 = CARTESIAN_POINT ( 'NONE',  ( 42.96876705646161554, -6.001362912420306728, 13.59999999999871889 ) ) ;
#3590 = VECTOR ( 'NONE', #2576, 1000.000000000000000 ) ;
#3591 = CARTESIAN_POINT ( 'NONE',  ( -15.26337552854569957, 21.09999999999994813, 13.69792829514662280 ) ) ;
#3592 = CARTESIAN_POINT ( 'NONE',  ( -10.11397892034778501, 26.09709413163853498, 13.60000000000000142 ) ) ;
#3593 = CARTESIAN_POINT ( 'NONE',  ( -41.79246757329672590, -21.05304772075529840, 13.60000000000000320 ) ) ;
#3594 = ORIENTED_EDGE ( 'NONE', *, *, #2852, .T. ) ;
#3595 = CARTESIAN_POINT ( 'NONE',  ( 42.09819200303523701, 19.60531471172394902, 10.03000000000000824 ) ) ;
#3596 = EDGE_CURVE ( 'NONE', #3395, #2123, #2670, .T. ) ;
#3597 = CARTESIAN_POINT ( 'NONE',  ( 43.10000000000006537, 16.10000000000013287, 28.59999999999999432 ) ) ;
#3598 = CARTESIAN_POINT ( 'NONE',  ( -19.09999999999993747, -2.399999999999876010, 13.60000000000000142 ) ) ;
#3599 = CARTESIAN_POINT ( 'NONE',  ( 42.03820785103710733, -20.89504420574790799, 13.60000000000000142 ) ) ;
#3600 = ORIENTED_EDGE ( 'NONE', *, *, #2713, .T. ) ;
#3601 = FACE_OUTER_BOUND ( 'NONE', #1127, .T. ) ;
#3602 = VECTOR ( 'NONE', #542, 1000.000000000000000 ) ;
#3603 = CARTESIAN_POINT ( 'NONE',  ( -43.07265512131026242, -18.31705988612040059, 7.600000000000000533 ) ) ;
#3604 = CARTESIAN_POINT ( 'NONE',  ( -13.76936832391766607, -6.672157922322722534, 18.60000000000061249 ) ) ;
#3605 = CARTESIAN_POINT ( 'NONE',  ( -42.94544354189485347, 20.00441549215750570, 10.03000000000000469 ) ) ;
#3606 = CARTESIAN_POINT ( 'NONE',  ( -18.80713234780812471, -7.308320855715512820, 13.60000000000000320 ) ) ;
#3607 = EDGE_LOOP ( 'NONE', ( #1413, #1096, #2446, #342 ) ) ;
#3608 = DIRECTION ( 'NONE',  ( -0.000000000000000000, -0.000000000000000000, -1.000000000000000000 ) ) ;
#3609 = CARTESIAN_POINT ( 'NONE',  ( 41.09025454377471931, -12.34758512044451528, 13.60000000000000497 ) ) ;
#3610 = ADVANCED_FACE ( 'NONE', ( #3684 ), #3886, .T. ) ;
#3611 = EDGE_CURVE ( 'NONE', #880, #838, #3116, .T. ) ;
#3612 = CARTESIAN_POINT ( 'NONE',  ( -18.99166635303003403, 19.83572970367584176, 13.60000000000001208 ) ) ;
#3613 = CARTESIAN_POINT ( 'NONE',  ( -40.60000000000003695, 10.27689577749865890, -15.40511026734024824 ) ) ;
#3614 = EDGE_CURVE ( 'NONE', #1785, #2883, #693, .T. ) ;
#3615 = EDGE_CURVE ( 'NONE', #3395, #2062, #2525, .T. ) ;
#3616 = CARTESIAN_POINT ( 'NONE',  ( 42.08155764929714593, 18.00747221968832434, 7.599999999999998757 ) ) ;
#3617 = VERTEX_POINT ( 'NONE', #2816 ) ;
#3618 = CARTESIAN_POINT ( 'NONE',  ( -41.32329648377461950, 20.17863251329088925, 9.599999999999994316 ) ) ;
#3619 = CARTESIAN_POINT ( 'NONE',  ( -39.10000000000007248, -21.10000000000013642, 13.60000000000000142 ) ) ;
#3620 = VECTOR ( 'NONE', #1913, 1000.000000000000000 ) ;
#3621 = LINE ( 'NONE', #1217, #101 ) ;
#3622 = AXIS2_PLACEMENT_3D ( 'NONE', #405, #2824, #2861 ) ;
#3623 = ORIENTED_EDGE ( 'NONE', *, *, #1518, .T. ) ;
#3624 = DIRECTION ( 'NONE',  ( 0.000000000000000000, -0.000000000000000000, -1.000000000000000000 ) ) ;
#3625 = CARTESIAN_POINT ( 'NONE',  ( -42.95410382469246713, -19.67437739003196384, 7.600000000000000533 ) ) ;
#3626 = CARTESIAN_POINT ( 'NONE',  ( -13.76936832475590755, -6.672157922708240818, 13.60000000000061249 ) ) ;
#3627 = CARTESIAN_POINT ( 'NONE',  ( -42.85347564445006441, 19.90574283814216372, 7.569999999999995843 ) ) ;
#3628 = AXIS2_PLACEMENT_3D ( 'NONE', #1663, #2870, #1949 ) ;
#3629 = CARTESIAN_POINT ( 'NONE',  ( -19.07736651565176444, -4.549778480419696791, 13.59999999999999787 ) ) ;
#3630 = VERTEX_POINT ( 'NONE', #1848 ) ;
#3631 = CARTESIAN_POINT ( 'NONE',  ( 39.87180854719690615, -7.385428656224275912, 28.59999999999999432 ) ) ;
#3632 = CARTESIAN_POINT ( 'NONE',  ( 48.10000000000006537, -1.546112270910429132, 13.60000000000000142 ) ) ;
#3633 = CARTESIAN_POINT ( 'NONE',  ( -14.05336653330607533, 18.82591600508729712, 18.60000000000000853 ) ) ;
#3634 = CARTESIAN_POINT ( 'NONE',  ( -7.367025624959012011E-14, 21.10000000000000142, 10.59999999999999964 ) ) ;
#3635 = CARTESIAN_POINT ( 'NONE',  ( 42.07740851021367234, 18.16306628582325899, 7.599999999999999645 ) ) ;
#3636 = ORIENTED_EDGE ( 'NONE', *, *, #1875, .F. ) ;
#3637 = CARTESIAN_POINT ( 'NONE',  ( -14.09999999999993747, -2.399999999999876010, 18.60000000000000497 ) ) ;
#3638 = CARTESIAN_POINT ( 'NONE',  ( 39.87451446684398348, 20.08466790377638134, 7.599999999999998757 ) ) ;
#3639 = CARTESIAN_POINT ( 'NONE',  ( -19.09999999999993747, -2.399999999999876010, 13.60000000000000142 ) ) ;
#3640 = CARTESIAN_POINT ( 'NONE',  ( 39.87180854711457556, -21.08542865622453988, 13.60000000000000142 ) ) ;
#3641 = ORIENTED_EDGE ( 'NONE', *, *, #3010, .T. ) ;
#3642 = CARTESIAN_POINT ( 'NONE',  ( 20.60000000000006537, -4.399999999999868905, 23.89999999999999503 ) ) ;
#3643 =( BOUNDED_SURFACE ( )  B_SPLINE_SURFACE ( 2, 3, ( 
 ( #3579, #281, #2087, #1142 ),
 ( #2421, #3011, #2124, #3029 ),
 ( #316, #612, #2661, #1196 ) ),
 .UNSPECIFIED., .F., .F., .T. ) 
 B_SPLINE_SURFACE_WITH_KNOTS ( ( 3, 3 ),
 ( 4, 4 ),
 ( 0.000000000000000000, 1.000000000000000000 ),
 ( 0.002250000000000001131, 0.01874999999999999584 ),
 .UNSPECIFIED. ) 
 GEOMETRIC_REPRESENTATION_ITEM ( )  RATIONAL_B_SPLINE_SURFACE ( (
 ( 1.000000000000000000, 1.000000000000000000, 1.000000000000000000, 1.000000000000000000),
 ( 4.000000000000000888, 4.000000000000000888, 4.000000000000000888, 4.000000000000000888),
 ( 1.000000000000000000, 1.000000000000000000, 1.000000000000000000, 1.000000000000000000) ) ) 
 REPRESENTATION_ITEM ( '' )  SURFACE ( )  );
#3644 = CARTESIAN_POINT ( 'NONE',  ( -43.02887602817060753, -19.10905543773778348, 7.599999999999999645 ) ) ;
#3645 = CARTESIAN_POINT ( 'NONE',  ( -13.17033992910987017, -7.162249807335906659, 13.60000000000122000 ) ) ;
#3646 = CARTESIAN_POINT ( 'NONE',  ( -42.28255110314996301, 20.14287602988424908, 10.02999999999986969 ) ) ;
#3647 = CARTESIAN_POINT ( 'NONE',  ( 41.46436809830996850, -19.99017548658639853, 7.600000000000003197 ) ) ;
#3648 = VERTEX_POINT ( 'NONE', #398 ) ;
#3649 = CARTESIAN_POINT ( 'NONE',  ( 40.38973471204440102, -7.370546526951963884, 28.59999999999999787 ) ) ;
#3650 = CARTESIAN_POINT ( 'NONE',  ( 38.10000000000007248, -7.399999999999876010, 13.60000000000000142 ) ) ;
#3651 = CARTESIAN_POINT ( 'NONE',  ( -13.90229016919582250, 20.07579555301287755, 13.59999999999355502 ) ) ;
#3652 = CARTESIAN_POINT ( 'NONE',  ( -42.50478918532976991, -19.98338607260419053, 7.569999999999995843 ) ) ;
#3653 = VECTOR ( 'NONE', #2500, 1000.000000000000000 ) ;
#3654 = DIRECTION ( 'NONE',  ( 1.000000000000000000, 0.000000000000000000, 0.000000000000000000 ) ) ;
#3655 = ORIENTED_EDGE ( 'NONE', *, *, #2869, .T. ) ;
#3656 = CARTESIAN_POINT ( 'NONE',  ( -39.10000000000007248, 20.20481555856279954, 9.600000000000001421 ) ) ;
#3657 = DIRECTION ( 'NONE',  ( -1.000000000000000000, 0.000000000000000000, 0.000000000000000000 ) ) ;
#3658 = CARTESIAN_POINT ( 'NONE',  ( -43.09958493382069378, 16.54118413907382745, 7.600000000000001421 ) ) ;
#3659 = CARTESIAN_POINT ( 'NONE',  ( -42.88097846064447793, -19.90450979681560639, 7.569999999999997620 ) ) ;
#3660 = EDGE_LOOP ( 'NONE', ( #931, #60, #251, #3581, #331, #1400, #2315, #3460, #659, #1517, #2996, #957, #3641, #1624, #1642, #502, #2095, #384 ) ) ;
#3661 = CARTESIAN_POINT ( 'NONE',  ( -39.10000000000009379, 21.09999999999986642, 10.93333333333333357 ) ) ;
#3662 = DIRECTION ( 'NONE',  ( 0.000000000000000000, 0.000000000000000000, 1.000000000000000000 ) ) ;
#3663 = CARTESIAN_POINT ( 'NONE',  ( 42.20481556043914395, 16.73468093440490989, 9.599999999999637268 ) ) ;
#3664 = CARTESIAN_POINT ( 'NONE',  ( 43.10000000000006537, -8.024960152816429826, 13.76947477205737691 ) ) ;
#3665 = CARTESIAN_POINT ( 'NONE',  ( 43.10000000000006537, -7.399999999999876010, 18.60000000000000853 ) ) ;
#3666 = AXIS2_PLACEMENT_3D ( 'NONE', #1732, #2372, #2354 ) ;
#3667 = VERTEX_POINT ( 'NONE', #1304 ) ;
#3668 = CARTESIAN_POINT ( 'NONE',  ( -7.017877491074699937E-14, 20.10000000000000142, 7.599999999999999645 ) ) ;
#3669 = DIRECTION ( 'NONE',  ( 1.826024711554534653E-16, -0.000000000000000000, -1.000000000000000000 ) ) ;
#3670 = ADVANCED_FACE ( 'NONE', ( #675 ), #1282, .F. ) ;
#3671 = CARTESIAN_POINT ( 'NONE',  ( -13.63412805397749317, 20.56663694238232409, 13.60000000000128217 ) ) ;
#3672 = CARTESIAN_POINT ( 'NONE',  ( -42.92027554825812530, -19.87323876972731895, 7.569999999999997620 ) ) ;
#3673 = LINE ( 'NONE', #1881, #3653 ) ;
#3674 = ORIENTED_EDGE ( 'NONE', *, *, #219, .F. ) ;
#3675 = CARTESIAN_POINT ( 'NONE',  ( 40.66964569095198812, -3.912143682238331532, 27.33785631776157388 ) ) ;
#3676 = CARTESIAN_POINT ( 'NONE',  ( 40.19028241227137244, 20.07704667531383436, 7.599999999999997868 ) ) ;
#3677 = CARTESIAN_POINT ( 'NONE',  ( -13.01101048972662610, -12.27430629097622017, 13.59999999999999787 ) ) ;
#3678 = LINE ( 'NONE', #1886, #2552 ) ;
#3679 = CARTESIAN_POINT ( 'NONE',  ( -42.99439879138134302, -19.96608599111798554, 10.03000000000000469 ) ) ;
#3680 = EDGE_CURVE ( 'NONE', #705, #2145, #3348, .T. ) ;
#3681 = B_SPLINE_CURVE_WITH_KNOTS ( 'NONE', 3,
 ( #3451, #2239, #2497, #3079, #759, #1958, #3158, #1719, #509, #1093, #1744, #1677, #781, #3242, #2634, #2904, #486 ),
 .UNSPECIFIED., .F., .F.,
 ( 4, 2, 2, 2, 2, 2, 3, 4 ),
 ( 0.000000000000000000, 0.001931104874627088313, 0.002896657311940632144, 0.003379433530597404384, 0.003620821639925790938, 0.003741515694589983565, 0.003862209749254176625, 0.003889706555093848644 ),
 .UNSPECIFIED. ) ;
#3682 = CARTESIAN_POINT ( 'NONE',  ( -43.00726332102007632, 19.88824641058208442, 9.600000000000099121 ) ) ;
#3683 = AXIS2_PLACEMENT_3D ( 'NONE', #520, #1708, #2915 ) ;
#3684 = FACE_OUTER_BOUND ( 'NONE', #1635, .T. ) ;
#3685 = CARTESIAN_POINT ( 'NONE',  ( -13.42645396248540202, -7.037749928973204838, 18.59999999999939035 ) ) ;
#3686 = CARTESIAN_POINT ( 'NONE',  ( 43.10000000000006537, -6.491902208036585797, 14.54641016474858439 ) ) ;
#3687 = CARTESIAN_POINT ( 'NONE',  ( 41.68693878881219916, -19.95143768548635066, 7.600000000000002309 ) ) ;
#3688 = VERTEX_POINT ( 'NONE', #972 ) ;
#3689 = AXIS2_PLACEMENT_3D ( 'NONE', #2067, #1174, #2954 ) ;
#3690 = CARTESIAN_POINT ( 'NONE',  ( 40.39456583594458294, -7.370372615253991455, 28.59999999999999787 ) ) ;
#3691 = EDGE_CURVE ( 'NONE', #3543, #2068, #2230, .T. ) ;
#3692 = UNCERTAINTY_MEASURE_WITH_UNIT (LENGTH_MEASURE( 1.000000000000000082E-05 ), #3075, 'distance_accuracy_value', 'NONE');
#3693 = CARTESIAN_POINT ( 'NONE',  ( -13.59590899133608133, 20.60661465328014685, 18.60000000000064446 ) ) ;
#3694 = CARTESIAN_POINT ( 'NONE',  ( -42.69895721866018334, -19.94750221178881588, 7.570000000000032259 ) ) ;
#3695 = CARTESIAN_POINT ( 'NONE',  ( 41.90471379356227999, 19.88083581186185356, 7.569999999999995843 ) ) ;
#3696 = VERTEX_POINT ( 'NONE', #3424 ) ;
#3697 = CARTESIAN_POINT ( 'NONE',  ( 38.10000000000004405, 20.16987703906390905, 8.933333333709594370 ) ) ;
#3698 = FACE_OUTER_BOUND ( 'NONE', #621, .T. ) ;
#3699 = EDGE_CURVE ( 'NONE', #2687, #1393, #2324, .T. ) ;
#3700 = CARTESIAN_POINT ( 'NONE',  ( -9.811581657458255279, -12.40000000078310194, 13.60000000000000142 ) ) ;
#3701 = LINE ( 'NONE', #2484, #2936 ) ;
#3702 = CARTESIAN_POINT ( 'NONE',  ( 43.07025860286482555, -18.39770951319342984, 13.60000000000000320 ) ) ;
#3703 = ORIENTED_EDGE ( 'NONE', *, *, #547, .F. ) ;
#3704 = CARTESIAN_POINT ( 'NONE',  ( -39.10000000000009379, 21.09999999999986642, 9.600000000000001421 ) ) ;
#3705 = ADVANCED_FACE ( 'NONE', ( #2835 ), #2761, .T. ) ;
#3706 = CARTESIAN_POINT ( 'NONE',  ( 7.672815374512754492E-16, -4.399999999999876010, 26.85000000000003695 ) ) ;
#3707 = CARTESIAN_POINT ( 'NONE',  ( -19.09689647980839666, -3.824215753282388608, 13.60000000000000497 ) ) ;
#3708 = CARTESIAN_POINT ( 'NONE',  ( 43.10000000000006537, -8.410049717515297729, 13.71450959289460592 ) ) ;
#3709 = CARTESIAN_POINT ( 'NONE',  ( -42.98379500470426251, 19.98768761388532056, 10.03000000000000469 ) ) ;
#3710 = ORIENTED_EDGE ( 'NONE', *, *, #3680, .F. ) ;
#3711 = SURFACE_SIDE_STYLE ('',( #1265 ) ) ;
#3712 = EDGE_CURVE ( 'NONE', #227, #3543, #722, .T. ) ;
#3713 = CARTESIAN_POINT ( 'NONE',  ( -42.95730921019862336, 19.97360932272135159, 9.599999999999994316 ) ) ;
#3714 = CARTESIAN_POINT ( 'NONE',  ( 0.000000000000000000, -18.10000000000013642, 10.59999999999999964 ) ) ;
#3715 = CARTESIAN_POINT ( 'NONE',  ( -40.79999999999996163, -11.19689577749904430, 10.59999999999999964 ) ) ;
#3716 = CARTESIAN_POINT ( 'NONE',  ( -42.88915203886720207, -19.88843285399396166, 7.569999999999997620 ) ) ;
#3717 = CARTESIAN_POINT ( 'NONE',  ( -40.10000000000003695, 10.77689577749866245, 7.600000000000000533 ) ) ;
#3718 = ORIENTED_EDGE ( 'NONE', *, *, #706, .F. ) ;
#3719 = CARTESIAN_POINT ( 'NONE',  ( 40.39770951319368208, 21.07025860286490015, 28.59999999999999787 ) ) ;
#3720 = CARTESIAN_POINT ( 'NONE',  ( -14.09999999999993570, -2.399999999999876010, 28.59999999999999787 ) ) ;
#3721 = CARTESIAN_POINT ( 'NONE',  ( -40.10000000000006537, -18.10000000000013642, 7.599999999999999645 ) ) ;
#3722 = CARTESIAN_POINT ( 'NONE',  ( -44.07006491942922821, 18.40303354164268157, 13.60000000000000497 ) ) ;
#3723 = CARTESIAN_POINT ( 'NONE',  ( 43.03146074138093269, -19.14736041319259741, 13.60000000000000320 ) ) ;
#3724 = EDGE_CURVE ( 'NONE', #3152, #2952, #3701, .T. ) ;
#3725 = CARTESIAN_POINT ( 'NONE',  ( -39.10000000000007248, -21.10000000000013642, 13.90000000000000036 ) ) ;
#3726 = CARTESIAN_POINT ( 'NONE',  ( -40.79999999999996163, -11.19689577749904430, -15.40511026734024824 ) ) ;
#3727 = CARTESIAN_POINT ( 'NONE',  ( 43.10000000000006537, -7.342809858114549115, 13.96340468743564500 ) ) ;
#3728 = B_SPLINE_CURVE_WITH_KNOTS ( 'NONE', 1,
 ( #218, #242 ),
 .UNSPECIFIED., .F., .F.,
 ( 2, 2 ),
 ( 0.1747967479675474056, 0.9878048780487792557 ),
 .UNSPECIFIED. ) ;
#3729 = CARTESIAN_POINT ( 'NONE',  ( -43.00428713161377203, 19.94571140254901209, 10.03000000000000469 ) ) ;
#3730 = CARTESIAN_POINT ( 'NONE',  ( 40.31705988610853097, -20.07265512131226259, 7.599999999999998757 ) ) ;
#3731 = CARTESIAN_POINT ( 'NONE',  ( -11.27566523583046987, 21.07444201803184569, 28.59999999999999432 ) ) ;
#3732 = CARTESIAN_POINT ( 'NONE',  ( -13.30494520040585193, 21.09999999999995879, 14.44737789498624814 ) ) ;
#3733 = CARTESIAN_POINT ( 'NONE',  ( 20.60000000000006537, -7.399999999999876010, 0.000000000000000000 ) ) ;
#3734 = FACE_OUTER_BOUND ( 'NONE', #775, .T. ) ;
#3735 = LINE ( 'NONE', #91, #1205 ) ;
#3736 = EDGE_CURVE ( 'NONE', #3587, #1672, #3678, .T. ) ;
#3737 = EDGE_LOOP ( 'NONE', ( #1659, #2269, #3838, #2972, #3857, #2413 ) ) ;
#3738 = CARTESIAN_POINT ( 'NONE',  ( -40.47116016960514173, -20.09230172891007982, 7.600000000000000533 ) ) ;
#3739 = CARTESIAN_POINT ( 'NONE',  ( 40.93756930551595019, 20.04172511989132488, 7.600000000000000533 ) ) ;
#3740 = CARTESIAN_POINT ( 'NONE',  ( -19.07061978082739628, 18.47476482905970130, 13.59999999999999609 ) ) ;
#3741 = EDGE_CURVE ( 'NONE', #2695, #830, #1232, .T. ) ;
#3742 = CARTESIAN_POINT ( 'NONE',  ( -43.07229497478791558, -18.31994558796316497, 7.570000000000272955 ) ) ;
#3743 = ORIENTED_EDGE ( 'NONE', *, *, #2140, .T. ) ;
#3744 = CARTESIAN_POINT ( 'NONE',  ( -44.10000000000007248, -21.10000000000013642, 11.69999999999998508 ) ) ;
#3745 = CARTESIAN_POINT ( 'NONE',  ( -44.10000000000007248, 16.09999999999986287, 11.70000000000001883 ) ) ;
#3746 = CARTESIAN_POINT ( 'NONE',  ( 43.10000000000006537, -6.932147671869986816, 14.19404353412887865 ) ) ;
#3747 = CARTESIAN_POINT ( 'NONE',  ( -43.01938072535872948, -19.84601726415422007, 9.600000000000111555 ) ) ;
#3748 = ORIENTED_EDGE ( 'NONE', *, *, #3691, .F. ) ;
#3749 = CARTESIAN_POINT ( 'NONE',  ( -41.30000000000003979, 9.776895777498653572, -15.40511026734024824 ) ) ;
#3750 =( BOUNDED_CURVE ( )  B_SPLINE_CURVE ( 3, ( #3326, #358, #1549, #2779 ),
 .UNSPECIFIED., .F., .T. ) 
 B_SPLINE_CURVE_WITH_KNOTS ( ( 4, 4 ),
 ( 0.4437075293097322293, 0.7082097770065195474 ),
 .UNSPECIFIED. ) 
 CURVE ( )  GEOMETRIC_REPRESENTATION_ITEM ( )  RATIONAL_B_SPLINE_CURVE ( ( 1.000000000000000000, 0.9941783727022076578, 0.9941783727022076578, 1.000000000000000000 ) ) 
 REPRESENTATION_ITEM ( '' )  );
#3751 = DIRECTION ( 'NONE',  ( 1.000000000000000000, 0.000000000000000000, 0.000000000000000000 ) ) ;
#3752 = VECTOR ( 'NONE', #352, 1000.000000000000000 ) ;
#3753 = AXIS2_PLACEMENT_3D ( 'NONE', #798, #2943, #1071 ) ;
#3754 = CARTESIAN_POINT ( 'NONE',  ( 42.10000000000006537, -16.10000000000013287, 7.599999999999999645 ) ) ;
#3755 = CARTESIAN_POINT ( 'NONE',  ( 42.09837432113195632, -16.80759269852701721, 7.600000000000001421 ) ) ;
#3756 = ORIENTED_EDGE ( 'NONE', *, *, #3585, .T. ) ;
#3757 = CARTESIAN_POINT ( 'NONE',  ( -41.19028241225647946, -20.07704667531386988, 7.600000000000000533 ) ) ;
#3758 = CARTESIAN_POINT ( 'NONE',  ( 41.64537212291201485, 19.95999256853073334, 7.599999999999999645 ) ) ;
#3759 = CARTESIAN_POINT ( 'NONE',  ( -42.95525980219156281, -19.95510860986405532, 9.266666667217052122 ) ) ;
#3760 = CARTESIAN_POINT ( 'NONE',  ( 43.10000000000006537, -2.399999999999876010, 25.26666666666657335 ) ) ;
#3761 = ORIENTED_EDGE ( 'NONE', *, *, #2638, .T. ) ;
#3762 = DIRECTION ( 'NONE',  ( -7.863043162478800489E-17, 0.7071067811865436870, -0.7071067811865513475 ) ) ;
#3763 = CARTESIAN_POINT ( 'NONE',  ( -42.52861721390298300, 20.99046056094351087, 13.60000000000000142 ) ) ;
#3764 = CARTESIAN_POINT ( 'NONE',  ( -41.00747221968580192, 20.08155764929716014, 7.599999999999997868 ) ) ;
#3765 = CARTESIAN_POINT ( 'NONE',  ( 42.20481555856616041, -16.10000000000012932, 9.600000000000001421 ) ) ;
#3766 = ORIENTED_EDGE ( 'NONE', *, *, #662, .F. ) ;
#3767 = CYLINDRICAL_SURFACE ( 'NONE', #3057, 0.7500000000000006661 ) ;
#3768 = LINE ( 'NONE', #3545, #2244 ) ;
#3769 = CARTESIAN_POINT ( 'NONE',  ( -9.099999999999933920, -7.399999999999876010, 23.84999999999998010 ) ) ;
#3770 = B_SPLINE_SURFACE_WITH_KNOTS ( 'NONE', 1, 3, ( 
 ( #1670, #2235, #1914, #3426, #2561, #422, #1614, #125, #1011, #738, #200, #717, #165, #1324, #1049, #443, #3150 ),
 ( #3465, #3709, #2252, #3729, #460, #1691, #1028, #1357, #182, #2527, #774, #1935, #1970, #1375, #3784, #3170, #1651 ) ),
 .UNSPECIFIED., .F., .F., .F.,
 ( 2, 2 ),
 ( 4, 3, 2, 2, 2, 2, 2, 4 ),
 ( 0.000000000000000000, 1.000000000000000000 ),
 ( -0.01316216582396738388, 0.000000000000000000, 0.03125000000000000000, 0.06250000000000000000, 0.1250000000000000000, 0.2500000000000000000, 0.5000000000000000000, 1.000000000000000000 ),
 .UNSPECIFIED. ) ;
#3771 = PLANE ( 'NONE',  #1110 ) ;
#3772 = CARTESIAN_POINT ( 'NONE',  ( 42.08744795434756725, -17.74293942035426142, 7.599999999999997868 ) ) ;
#3773 = ORIENTED_EDGE ( 'NONE', *, *, #933, .F. ) ;
#3774 = CARTESIAN_POINT ( 'NONE',  ( -42.47021393930857869, -19.98954201474738568, 7.600000000000003197 ) ) ;
#3775 = CARTESIAN_POINT ( 'NONE',  ( -9.099999999999951683, 21.09999999999996945, 23.84999999999998721 ) ) ;
#3776 = CARTESIAN_POINT ( 'NONE',  ( -18.98524843521370897, 19.85470522729499976, 13.60000000000000142 ) ) ;
#3777 = DIRECTION ( 'NONE',  ( -1.000000000000000000, -5.115210249675201216E-16, 0.000000000000000000 ) ) ;
#3778 = ORIENTED_EDGE ( 'NONE', *, *, #1515, .T. ) ;
#3779 = CARTESIAN_POINT ( 'NONE',  ( 38.10000000000007958, -7.399999999999876010, 19.36666666666667069 ) ) ;
#3780 = FACE_OUTER_BOUND ( 'NONE', #3402, .T. ) ;
#3781 = LINE ( 'NONE', #3824, #1857 ) ;
#3782 = CARTESIAN_POINT ( 'NONE',  ( -41.39456583594432004, 21.07037261525399785, 13.60000000000000497 ) ) ;
#3783 = CARTESIAN_POINT ( 'NONE',  ( -40.07292860328777095, 20.09650699025793941, 7.599999999999999645 ) ) ;
#3784 = CARTESIAN_POINT ( 'NONE',  ( -43.22461654478289006, 17.37032354542780155, 10.03000000000000469 ) ) ;
#3785 = AXIS2_PLACEMENT_3D ( 'NONE', #3107, #3762, #1911 ) ;
#3786 = ORIENTED_EDGE ( 'NONE', *, *, #3691, .T. ) ;
#3787 = DIRECTION ( 'NONE',  ( 0.000000000000000000, 0.000000000000000000, 1.000000000000000000 ) ) ;
#3788 = EDGE_CURVE ( 'NONE', #938, #3340, #1735, .T. ) ;
#3789 = CARTESIAN_POINT ( 'NONE',  ( 41.60088922028040059, 20.07607343086558771, 9.600000000000001421 ) ) ;
#3790 = CARTESIAN_POINT ( 'NONE',  ( 43.00743052736725502, -5.697557307966429896, 28.60000000000001208 ) ) ;
#3791 = B_SPLINE_CURVE_WITH_KNOTS ( 'NONE', 3,
 ( #3347, #2759, #3070, #377 ),
 .UNSPECIFIED., .F., .F.,
 ( 4, 4 ),
 ( 0.000000000000000000, 1.000000000000000000 ),
 .UNSPECIFIED. ) ;
#3792 = CARTESIAN_POINT ( 'NONE',  ( -14.33518302996098370, 21.09999999999995168, 13.86092045499221292 ) ) ;
#3793 = CARTESIAN_POINT ( 'NONE',  ( -44.10000000000007248, -16.10000000000013998, 9.600000000000001421 ) ) ;
#3794 = CARTESIAN_POINT ( 'NONE',  ( 42.04172511989462890, -18.93756930551642625, 7.600000000000001421 ) ) ;
#3795 = VERTEX_POINT ( 'NONE', #3087 ) ;
#3796 = CARTESIAN_POINT ( 'NONE',  ( -42.04627819791692644, -20.03413186302726956, 7.600000000000000533 ) ) ;
#3797 = CARTESIAN_POINT ( 'NONE',  ( -11.41047241443262017, -7.369792186428549385, 28.59999999999999787 ) ) ;
#3798 = CARTESIAN_POINT ( 'NONE',  ( -14.09999999999993570, -2.399999999999876010, 13.60000000000000142 ) ) ;
#3799 = DIRECTION ( 'NONE',  ( 0.7071067811865507924, -0.000000000000000000, 0.7071067811865441310 ) ) ;
#3800 = ORIENTED_EDGE ( 'NONE', *, *, #3494, .T. ) ;
#3801 = CARTESIAN_POINT ( 'NONE',  ( -44.10000000000007248, -16.10000000000013642, 11.69999999999998330 ) ) ;
#3802 = LINE ( 'NONE', #720, #2994 ) ;
#3803 = CARTESIAN_POINT ( 'NONE',  ( 40.60000000000006537, -3.804898722860814431, 27.44510127713908787 ) ) ;
#3804 = EDGE_CURVE ( 'NONE', #982, #2052, #1095, .T. ) ;
#3805 = CARTESIAN_POINT ( 'NONE',  ( 38.10000000000007248, -21.10000000000013642, 13.90000000000000036 ) ) ;
#3806 = PLANE ( 'NONE',  #2273 ) ;
#3807 = VERTEX_POINT ( 'NONE', #767 ) ;
#3808 = CARTESIAN_POINT ( 'NONE',  ( -42.76322836282810158, -20.04198630671724857, 9.599999999999964118 ) ) ;
#3809 = CARTESIAN_POINT ( 'NONE',  ( 41.88003322022072439, -12.28264962952356676, 13.60000000000000320 ) ) ;
#3810 = CARTESIAN_POINT ( 'NONE',  ( -12.65631831747198355, 20.97389364417027835, 28.60000000000000853 ) ) ;
#3811 = ORIENTED_EDGE ( 'NONE', *, *, #1454, .F. ) ;
#3812 = CARTESIAN_POINT ( 'NONE',  ( -14.47297226593289388, 21.09999999999994458, 13.82617123294501837 ) ) ;
#3813 = CARTESIAN_POINT ( 'NONE',  ( 42.68109130947892282, -6.809766221261243757, 18.59999999999999787 ) ) ;
#3814 = CARTESIAN_POINT ( 'NONE',  ( 42.09758742274455301, -16.93242454302984257, 7.600000000000000533 ) ) ;
#3815 = CIRCLE ( 'NONE', #607, 0.7500000000000006661 ) ;
#3816 = VERTEX_POINT ( 'NONE', #1964 ) ;
#3817 = CARTESIAN_POINT ( 'NONE',  ( -42.65726608445287837, -19.95760772477881417, 7.600000000000000533 ) ) ;
#3818 = CARTESIAN_POINT ( 'NONE',  ( -14.07077768596493073, -4.683295608348751138, 28.59999999999999787 ) ) ;
#3819 = VECTOR ( 'NONE', #1376, 1000.000000000000000 ) ;
#3820 = CARTESIAN_POINT ( 'NONE',  ( -44.07837550577990982, -18.14704002017214179, 13.60000000000000142 ) ) ;
#3821 = ORIENTED_EDGE ( 'NONE', *, *, #3699, .T. ) ;
#3822 = CARTESIAN_POINT ( 'NONE',  ( 41.89745817072232370, -20.02770028261271662, 10.03000000000000469 ) ) ;
#3823 = CARTESIAN_POINT ( 'NONE',  ( 43.10000000000006537, 16.10000000000013287, 28.59999999999999432 ) ) ;
#3824 = CARTESIAN_POINT ( 'NONE',  ( 39.60000000000006537, 14.83538406167147095, 20.89999999999999858 ) ) ;
#3825 = CARTESIAN_POINT ( 'NONE',  ( -42.43092493447877445, 19.99474113930488173, 7.600000000000000533 ) ) ;
#3826 = CARTESIAN_POINT ( 'NONE',  ( 42.07960062175192917, 18.08376142935700415, 7.599999999999999645 ) ) ;
#3827 = ORIENTED_EDGE ( 'NONE', *, *, #2724, .F. ) ;
#3828 = CARTESIAN_POINT ( 'NONE',  ( -11.84999999999993747, 18.09999999999995879, 7.599999999999999645 ) ) ;
#3829 = CARTESIAN_POINT ( 'NONE',  ( 41.52038923085489586, 20.08863698949004473, 9.599999999999997868 ) ) ;
#3830 = CARTESIAN_POINT ( 'NONE',  ( -13.98866520347210596, 19.54258782409714357, 28.60000000000000142 ) ) ;
#3831 = CARTESIAN_POINT ( 'NONE',  ( -43.08187568645742260, 17.99411667356023514, 7.600000000000000533 ) ) ;
#3832 = CARTESIAN_POINT ( 'NONE',  ( -18.30449099045128492, -8.776165862449813559, 13.60000000000000497 ) ) ;
#3833 = ADVANCED_FACE ( 'NONE', ( #1982 ), #381, .T. ) ;
#3834 = ORIENTED_EDGE ( 'NONE', *, *, #2060, .T. ) ;
#3835 = CARTESIAN_POINT ( 'NONE',  ( -11.69250326068294044, 21.09999999999996589, 16.00355265761490386 ) ) ;
#3836 = PLANE ( 'NONE',  #867 ) ;
#3837 = CARTESIAN_POINT ( 'NONE',  ( 41.90646997415944242, -19.85220486461714273, 7.569999999999995843 ) ) ;
#3838 = ORIENTED_EDGE ( 'NONE', *, *, #2101, .T. ) ;
#3839 = CARTESIAN_POINT ( 'NONE',  ( -13.94883644206425544, -6.110498122248589681, 28.59999999999999432 ) ) ;
#3840 = CARTESIAN_POINT ( 'NONE',  ( -43.98959392881950237, -19.53538422206539593, 13.60000000000000320 ) ) ;
#3841 = ORIENTED_EDGE ( 'NONE', *, *, #1862, .F. ) ;
#3842 = CARTESIAN_POINT ( 'NONE',  ( 41.98672844033067264, -19.98438209061057336, 10.03000000000000469 ) ) ;
#3843 = CARTESIAN_POINT ( 'NONE',  ( 42.97389364416845581, 19.65631831748087066, 28.60000000000001208 ) ) ;
#3844 =( NAMED_UNIT ( * ) PLANE_ANGLE_UNIT ( ) SI_UNIT ( $, .RADIAN. ) );
#3845 = FACE_OUTER_BOUND ( 'NONE', #2347, .T. ) ;
#3846 = EDGE_CURVE ( 'NONE', #2187, #898, #2602, .T. ) ;
#3847 = LINE ( 'NONE', #1730, #1267 ) ;
#3848 = ORIENTED_EDGE ( 'NONE', *, *, #2734, .F. ) ;
#3849 = CARTESIAN_POINT ( 'NONE',  ( -43.13401292487379379, 19.12056661059850171, 9.600000000000099121 ) ) ;
#3850 = CARTESIAN_POINT ( 'NONE',  ( 38.10000000000007958, -12.39999999999987601, 13.60000000000000142 ) ) ;
#3851 = CARTESIAN_POINT ( 'NONE',  ( -14.07006491942904880, 18.40303354164372607, 28.60000000000001208 ) ) ;
#3852 = AXIS2_PLACEMENT_3D ( 'NONE', #2246, #2503, #1661 ) ;
#3853 = CARTESIAN_POINT ( 'NONE',  ( 39.60000000000006537, -7.395043836444306962, 20.89999999999999858 ) ) ;
#3854 = EDGE_LOOP ( 'NONE', ( #3378, #3134, #2208, #555, #1876, #1427, #969 ) ) ;
#3855 = DIRECTION ( 'NONE',  ( 1.000000000000000000, 0.000000000000000000, 0.000000000000000000 ) ) ;
#3856 = FACE_OUTER_BOUND ( 'NONE', #944, .T. ) ;
#3857 = ORIENTED_EDGE ( 'NONE', *, *, #1639, .F. ) ;
#3858 = UNCERTAINTY_MEASURE_WITH_UNIT (LENGTH_MEASURE( 1.000000000000000082E-05 ), #2008, 'distance_accuracy_value', 'NONE');
#3859 = CARTESIAN_POINT ( 'NONE',  ( -11.79246757332686890, -7.353047720751076710, 28.60000000000000497 ) ) ;
#3860 = B_SPLINE_CURVE_WITH_KNOTS ( 'NONE', 3,
 ( #2158, #2770, #3080, #2787 ),
 .UNSPECIFIED., .F., .F.,
 ( 4, 4 ),
 ( -0.002002744692617852706, -2.273736754432320595E-13 ),
 .UNSPECIFIED. ) ;
#3861 = CARTESIAN_POINT ( 'NONE',  ( -43.43244147772765729, -20.73941876031459586, 13.59999999999999964 ) ) ;
#3862 = ORIENTED_EDGE ( 'NONE', *, *, #2227, .F. ) ;
#3863 = CARTESIAN_POINT ( 'NONE',  ( 39.35000000000001563, -4.920930214060099672, 26.32906978593981506 ) ) ;
#3864 = CARTESIAN_POINT ( 'NONE',  ( 41.72292105549442454, -20.05119839417624661, 9.600000000000074252 ) ) ;
#3865 = EDGE_CURVE ( 'NONE', #549, #2895, #176, .T. ) ;
#3866 = CARTESIAN_POINT ( 'NONE',  ( 42.86802747807855241, -20.12889382622866563, 13.60000000000000497 ) ) ;
#3867 = VERTEX_POINT ( 'NONE', #3803 ) ;
#3868 = LINE ( 'NONE', #3271, #3602 ) ;
#3869 = CARTESIAN_POINT ( 'NONE',  ( -43.09532558558766624, -17.20009818800432200, 7.599999999999999645 ) ) ;
#3870 = CARTESIAN_POINT ( 'NONE',  ( -14.07025860286470831, 18.39770951319335524, 28.60000000000000853 ) ) ;
#3871 = CARTESIAN_POINT ( 'NONE',  ( -43.09691780243907289, 17.02238548600895029, 7.600000000000000533 ) ) ;
#3872 = CARTESIAN_POINT ( 'NONE',  ( -11.22570872365023043, -12.37801558712120809, 13.59999999999999964 ) ) ;
#3873 = CARTESIAN_POINT ( 'NONE',  ( -12.86939824808295008, 21.09999999999995524, 14.84637236743341759 ) ) ;
#3874 = CARTESIAN_POINT ( 'NONE',  ( 42.90947459358105931, -6.297326066125604527, 13.60000000000128928 ) ) ;
#3875 = CARTESIAN_POINT ( 'NONE',  ( -13.98901496049346171, -5.839883898662635353, 28.60000000000000853 ) ) ;
#3876 =( BOUNDED_CURVE ( )  B_SPLINE_CURVE ( 2, ( #197, #145, #1389 ),
 .UNSPECIFIED., .F., .F. ) 
 B_SPLINE_CURVE_WITH_KNOTS ( ( 3, 3 ),
 ( 0.000000000000000000, 1.000000000000000000 ),
 .UNSPECIFIED. ) 
 CURVE ( )  GEOMETRIC_REPRESENTATION_ITEM ( )  RATIONAL_B_SPLINE_CURVE ( ( 1.000000000000000000, 4.000000000000000888, 1.000000000000000000 ) ) 
 REPRESENTATION_ITEM ( '' )  );
#3877 = CARTESIAN_POINT ( 'NONE',  ( -41.41047241443135363, -21.06979218642898743, 13.60000000000000142 ) ) ;
#3878 = ORIENTED_EDGE ( 'NONE', *, *, #2060, .F. ) ;
#3879 = CARTESIAN_POINT ( 'NONE',  ( 42.01454375441900879, 19.26958562560401234, 7.569999999999997620 ) ) ;
#3880 = VECTOR ( 'NONE', #3560, 1000.000000000000000 ) ;
#3881 = EDGE_CURVE ( 'NONE', #2659, #705, #3781, .T. ) ;
#3882 = CARTESIAN_POINT ( 'NONE',  ( 43.07039211818127455, 18.39402075846378537, 28.60000000000000142 ) ) ;
#3883 = CARTESIAN_POINT ( 'NONE',  ( 42.87483915154484038, -20.10733879021284309, 13.60000000000000497 ) ) ;
#3884 = ORIENTED_EDGE ( 'NONE', *, *, #1234, .F. ) ;
#3885 = CARTESIAN_POINT ( 'NONE',  ( -43.07607343086553442, 19.60088922028194958, 9.600000000000237677 ) ) ;
#3886 =( BOUNDED_SURFACE ( )  B_SPLINE_SURFACE ( 2, 3, ( 
 ( #1262, #441, #1612, #378 ),
 ( #991, #102, #2798, #2781 ),
 ( #2210, #2189, #3745, #123 ) ),
 .UNSPECIFIED., .F., .F., .F. ) 
 B_SPLINE_SURFACE_WITH_KNOTS ( ( 3, 3 ),
 ( 4, 4 ),
 ( 0.000000000000000000, 1.000000000000000000 ),
 ( -0.003299999999999999982, 0.003300000000000000849 ),
 .UNSPECIFIED. ) 
 GEOMETRIC_REPRESENTATION_ITEM ( )  RATIONAL_B_SPLINE_SURFACE ( (
 ( 1.000000000000000000, 1.000000000000000000, 1.000000000000000000, 1.000000000000000000),
 ( 4.000000000000000888, 4.000000000000000888, 4.000000000000000888, 4.000000000000000888),
 ( 1.000000000000000000, 1.000000000000000000, 1.000000000000000000, 1.000000000000000000) ) ) 
 REPRESENTATION_ITEM ( '' )  SURFACE ( )  );
#3887 = CARTESIAN_POINT ( 'NONE',  ( -43.09659791214641444, -17.06224190604529056, 7.600000000000002309 ) ) ;
#3888 = CARTESIAN_POINT ( 'NONE',  ( -11.38973471204493215, 21.07054652695204311, 28.59999999999999787 ) ) ;
#3889 = CARTESIAN_POINT ( 'NONE',  ( -42.81532429733444900, 19.91748157575199585, 7.569999999999995843 ) ) ;
#3890 = CARTESIAN_POINT ( 'NONE',  ( -13.11444849182123384, -12.25623956296970718, 13.60000000000000320 ) ) ;
#3891 = ORIENTED_EDGE ( 'NONE', *, *, #3567, .F. ) ;
#3892 = CARTESIAN_POINT ( 'NONE',  ( -11.15442936414045683, 21.09999999999995524, 16.53993676055825546 ) ) ;
#3893 = CARTESIAN_POINT ( 'NONE',  ( 46.67090183457021624, -9.839950794868986605, 13.60000000000000142 ) ) ;
#3894 = CARTESIAN_POINT ( 'NONE',  ( -15.75471797905900928, 21.09999999999994458, 13.65881169646656979 ) ) ;
#3895 = CARTESIAN_POINT ( 'NONE',  ( -18.95130278280744562, 20.20871860651718777, 13.60000000000001208 ) ) ;
ENDSEC;
END-ISO-10303-21;
