ISO-10303-21;
HEADER;
FILE_DESCRIPTION (( 'STEP AP214' ),
    '1' );
FILE_NAME ('LCD_Box.STEP',
    '2026-02-04T11:58:20',
    ( '' ),
    ( '' ),
    'SwSTEP 2.0',
    'SolidWorks 2026',
    '' );
FILE_SCHEMA (( 'AUTOMOTIVE_DESIGN' ));
ENDSEC;

DATA;
#1 = VECTOR ( 'NONE', #1399, 1000.000000000000000 ) ;
#2 = DIRECTION ( 'NONE',  ( -0.000000000000000000, -0.000000000000000000, -1.000000000000000000 ) ) ;
#3 =( NAMED_UNIT ( * ) PLANE_ANGLE_UNIT ( ) SI_UNIT ( $, .RADIAN. ) );
#4 = ADVANCED_FACE ( 'NONE', ( #1433 ), #503, .F. ) ;
#5 = AXIS2_PLACEMENT_3D ( 'NONE', #1412, #490, #496 ) ;
#6 = ORIENTED_EDGE ( 'NONE', *, *, #837, .T. ) ;
#7 = VECTOR ( 'NONE', #45, 1000.000000000000000 ) ;
#8 = AXIS2_PLACEMENT_3D ( 'NONE', #682, #1300, #240 ) ;
#9 = CARTESIAN_POINT ( 'NONE',  ( 12.50000000000000000, 34.85424868893540662, 6.000000000000000000 ) ) ;
#10 = DIRECTION ( 'NONE',  ( 1.000000000000000000, 0.000000000000000000, 0.000000000000000000 ) ) ;
#11 = EDGE_LOOP ( 'NONE', ( #1476, #447, #219, #1416 ) ) ;
#12 = DIRECTION ( 'NONE',  ( 0.000000000000000000, 0.000000000000000000, -1.000000000000000000 ) ) ;
#13 = APPLICATION_PROTOCOL_DEFINITION ( 'draft international standard', 'automotive_design', 1998, #1148 ) ;
#14 = ORIENTED_EDGE ( 'NONE', *, *, #706, .T. ) ;
#15 = ADVANCED_FACE ( 'NONE', ( #169, #401 ), #1338, .F. ) ;
#16 = ORIENTED_EDGE ( 'NONE', *, *, #92, .T. ) ;
#17 = FACE_OUTER_BOUND ( 'NONE', #1303, .T. ) ;
#18 = DIRECTION ( 'NONE',  ( 0.000000000000000000, 0.000000000000000000, 1.000000000000000000 ) ) ;
#19 = ORIENTED_EDGE ( 'NONE', *, *, #1150, .F. ) ;
#20 = CARTESIAN_POINT ( 'NONE',  ( 15.50000000000000000, -37.50000000000000000, 6.000000000000000000 ) ) ;
#21 = ORIENTED_EDGE ( 'NONE', *, *, #704, .F. ) ;
#22 = ORIENTED_EDGE ( 'NONE', *, *, #650, .T. ) ;
#23 = CARTESIAN_POINT ( 'NONE',  ( -14.10000000000000142, 35.89999999999999147, -2.000000000000000000 ) ) ;
#24 = EDGE_CURVE ( 'NONE', #622, #199, #293, .T. ) ;
#25 = CARTESIAN_POINT ( 'NONE',  ( -18.10000000000000142, -40.10000000000000142, 0.000000000000000000 ) ) ;
#26 = ORIENTED_EDGE ( 'NONE', *, *, #1516, .T. ) ;
#27 = DIRECTION ( 'NONE',  ( 1.000000000000000000, -0.000000000000000000, -0.000000000000000000 ) ) ;
#28 = ORIENTED_EDGE ( 'NONE', *, *, #1401, .T. ) ;
#29 = AXIS2_PLACEMENT_3D ( 'NONE', #615, #245, #134 ) ;
#30 = ORIENTED_EDGE ( 'NONE', *, *, #216, .T. ) ;
#31 = FACE_OUTER_BOUND ( 'NONE', #391, .T. ) ;
#32 = AXIS2_PLACEMENT_3D ( 'NONE', #549, #677, #933 ) ;
#33 = EDGE_CURVE ( 'NONE', #981, #731, #643, .T. ) ;
#34 = VECTOR ( 'NONE', #873, 1000.000000000000000 ) ;
#35 = DIRECTION ( 'NONE',  ( 1.000000000000000000, 0.000000000000000000, 0.000000000000000000 ) ) ;
#36 = ADVANCED_FACE ( 'NONE', ( #152 ), #1440, .F. ) ;
#37 = VERTEX_POINT ( 'NONE', #161 ) ;
#38 = FACE_OUTER_BOUND ( 'NONE', #67, .T. ) ;
#39 = ORIENTED_EDGE ( 'NONE', *, *, #584, .F. ) ;
#40 = EDGE_CURVE ( 'NONE', #434, #162, #739, .T. ) ;
#41 = ORIENTED_EDGE ( 'NONE', *, *, #1485, .F. ) ;
#42 = CARTESIAN_POINT ( 'NONE',  ( -12.46026316928587008, 40.10000000000000142, 6.000000000000000000 ) ) ;
#43 = CARTESIAN_POINT ( 'NONE',  ( -15.50000000000000000, -37.50000000000000000, 6.000000000000000000 ) ) ;
#44 = VERTEX_POINT ( 'NONE', #1078 ) ;
#45 = DIRECTION ( 'NONE',  ( -0.000000000000000000, -0.000000000000000000, -1.000000000000000000 ) ) ;
#46 = ADVANCED_FACE ( 'NONE', ( #733 ), #1112, .F. ) ;
#47 = DIRECTION ( 'NONE',  ( 0.000000000000000000, 0.000000000000000000, 1.000000000000000000 ) ) ;
#48 = ORIENTED_EDGE ( 'NONE', *, *, #1137, .F. ) ;
#49 = FACE_OUTER_BOUND ( 'NONE', #953, .T. ) ;
#50 = DIRECTION ( 'NONE',  ( -1.000000000000000000, 0.000000000000000000, 0.000000000000000000 ) ) ;
#51 = ORIENTED_EDGE ( 'NONE', *, *, #1130, .T. ) ;
#52 = DIRECTION ( 'NONE',  ( -1.000000000000000000, 0.000000000000000000, 0.000000000000000000 ) ) ;
#53 = DIRECTION ( 'NONE',  ( -1.000000000000000000, 0.000000000000000000, 0.000000000000000000 ) ) ;
#54 = ADVANCED_FACE ( 'NONE', ( #1104 ), #494, .T. ) ;
#55 = EDGE_LOOP ( 'NONE', ( #1395, #1241, #727, #1414 ) ) ;
#56 = CARTESIAN_POINT ( 'NONE',  ( 10.27689577749880101, 38.90000000000000568, -22.10446822030533198 ) ) ;
#57 = AXIS2_PLACEMENT_3D ( 'NONE', #1490, #220, #201 ) ;
#58 = AXIS2_PLACEMENT_3D ( 'NONE', #276, #962, #1424 ) ;
#59 = DIRECTION ( 'NONE',  ( 0.000000000000000000, -0.000000000000000000, -1.000000000000000000 ) ) ;
#60 = CIRCLE ( 'NONE', #429, 4.000000000000000000 ) ;
#61 = EDGE_CURVE ( 'NONE', #1460, #780, #874, .T. ) ;
#62 = VERTEX_POINT ( 'NONE', #1229 ) ;
#63 = CARTESIAN_POINT ( 'NONE',  ( 15.50000000000000000, 37.50000000000000000, 0.000000000000000000 ) ) ;
#64 = CIRCLE ( 'NONE', #256, 4.000000000000000000 ) ;
#65 = LINE ( 'NONE', #903, #1193 ) ;
#66 = ADVANCED_FACE ( 'NONE', ( #1330 ), #620, .F. ) ;
#67 = EDGE_LOOP ( 'NONE', ( #835, #192, #30, #734, #28, #572, #842 ) ) ;
#68 = DIRECTION ( 'NONE',  ( 0.000000000000000000, 0.000000000000000000, 1.000000000000000000 ) ) ;
#69 = ORIENTED_EDGE ( 'NONE', *, *, #691, .F. ) ;
#70 = FILL_AREA_STYLE_COLOUR ( '', #1337 ) ;
#71 = LINE ( 'NONE', #1010, #1313 ) ;
#72 = EDGE_LOOP ( 'NONE', ( #170, #527, #814, #205 ) ) ;
#73 = DIRECTION ( 'NONE',  ( 1.000000000000000000, 0.000000000000000000, 0.000000000000000000 ) ) ;
#74 = VERTEX_POINT ( 'NONE', #1098 ) ;
#75 = LINE ( 'NONE', #890, #1242 ) ;
#76 = ORIENTED_EDGE ( 'NONE', *, *, #574, .F. ) ;
#77 = AXIS2_PLACEMENT_3D ( 'NONE', #1450, #990, #323 ) ;
#78 = DIRECTION ( 'NONE',  ( 1.000000000000000000, -0.000000000000000000, -0.000000000000000000 ) ) ;
#79 = AXIS2_PLACEMENT_3D ( 'NONE', #462, #1070, #250 ) ;
#80 = CIRCLE ( 'NONE', #176, 4.000000000000000000 ) ;
#81 = VERTEX_POINT ( 'NONE', #749 ) ;
#82 = DIRECTION ( 'NONE',  ( -1.000000000000000000, 0.000000000000000000, 0.000000000000000000 ) ) ;
#83 = VECTOR ( 'NONE', #738, 1000.000000000000000 ) ;
#84 = AXIS2_PLACEMENT_3D ( 'NONE', #791, #1470, #1484 ) ;
#85 = LINE ( 'NONE', #1005, #207 ) ;
#86 = CARTESIAN_POINT ( 'NONE',  ( -18.10000000000000142, -40.10000000000000142, 25.00000000000000000 ) ) ;
#87 = EDGE_LOOP ( 'NONE', ( #1464, #131, #669, #1455 ) ) ;
#88 = CARTESIAN_POINT ( 'NONE',  ( -18.10000000000000142, -34.46026316928586652, 0.000000000000000000 ) ) ;
#89 = ORIENTED_EDGE ( 'NONE', *, *, #370, .T. ) ;
#90 = FILL_AREA_STYLE ('',( #70 ) ) ;
#91 = DIRECTION ( 'NONE',  ( 0.000000000000000000, -1.000000000000000000, 0.000000000000000000 ) ) ;
#92 = EDGE_CURVE ( 'NONE', #1376, #924, #1222, .T. ) ;
#93 = CARTESIAN_POINT ( 'NONE',  ( -11.92788578010164713, -35.70000000000000284, 6.000000000000000000 ) ) ;
#94 = VERTEX_POINT ( 'NONE', #542 ) ;
#95 = DIRECTION ( 'NONE',  ( 1.000000000000000000, 0.000000000000000000, 0.000000000000000000 ) ) ;
#96 = VERTEX_POINT ( 'NONE', #564 ) ;
#97 = DIRECTION ( 'NONE',  ( 0.000000000000000000, 0.000000000000000000, 1.000000000000000000 ) ) ;
#98 = DIRECTION ( 'NONE',  ( 0.000000000000000000, 0.000000000000000000, 1.000000000000000000 ) ) ;
#99 = FACE_OUTER_BOUND ( 'NONE', #1219, .T. ) ;
#100 = EDGE_CURVE ( 'NONE', #1118, #532, #65, .T. ) ;
#101 = ORIENTED_EDGE ( 'NONE', *, *, #424, .F. ) ;
#102 = EDGE_CURVE ( 'NONE', #853, #355, #71, .T. ) ;
#103 = PLANE ( 'NONE',  #1061 ) ;
#104 = AXIS2_PLACEMENT_3D ( 'NONE', #1040, #171, #528 ) ;
#105 = ORIENTED_EDGE ( 'NONE', *, *, #902, .T. ) ;
#106 = DIRECTION ( 'NONE',  ( -0.000000000000000000, -0.000000000000000000, -1.000000000000000000 ) ) ;
#107 = AXIS2_PLACEMENT_3D ( 'NONE', #194, #435, #531 ) ;
#108 = CARTESIAN_POINT ( 'NONE',  ( -14.09999999999976161, 33.75300120096104450, 6.000000000000000000 ) ) ;
#109 = LINE ( 'NONE', #353, #794 ) ;
#110 = AXIS2_PLACEMENT_3D ( 'NONE', #783, #556, #184 ) ;
#111 = ORIENTED_EDGE ( 'NONE', *, *, #968, .F. ) ;
#112 = EDGE_CURVE ( 'NONE', #1042, #681, #1361, .T. ) ;
#113 = CARTESIAN_POINT ( 'NONE',  ( 12.50000000000000000, 34.85424868893540662, 0.000000000000000000 ) ) ;
#114 = CARTESIAN_POINT ( 'NONE',  ( -18.10000000000000142, -40.10000000000000142, 6.000000000000000000 ) ) ;
#115 = DIRECTION ( 'NONE',  ( -1.000000000000000000, 0.000000000000000000, 0.000000000000000000 ) ) ;
#116 = CARTESIAN_POINT ( 'NONE',  ( -15.50000000000000000, 37.50000000000000000, 0.000000000000000000 ) ) ;
#117 = ORIENTED_EDGE ( 'NONE', *, *, #1351, .T. ) ;
#118 = CARTESIAN_POINT ( 'NONE',  ( -14.10000000000000853, -35.70000000000000284, 6.000000000000000000 ) ) ;
#119 = FACE_OUTER_BOUND ( 'NONE', #343, .T. ) ;
#120 = CARTESIAN_POINT ( 'NONE',  ( 20.10000000000000142, -42.10000000000000853, -2.000000000000000000 ) ) ;
#121 = LINE ( 'NONE', #1308, #400 ) ;
#122 = ORIENTED_EDGE ( 'NONE', *, *, #294, .T. ) ;
#123 = DIRECTION ( 'NONE',  ( 0.000000000000000000, -0.000000000000000000, 1.000000000000000000 ) ) ;
#124 = CARTESIAN_POINT ( 'NONE',  ( 18.10000000000000142, 40.10000000000000142, 25.00000000000000000 ) ) ;
#125 = EDGE_CURVE ( 'NONE', #430, #1105, #315, .T. ) ;
#126 = VERTEX_POINT ( 'NONE', #1379 ) ;
#127 = CARTESIAN_POINT ( 'NONE',  ( -11.83393944403533027, 35.89999999999999147, 0.000000000000000000 ) ) ;
#128 = LINE ( 'NONE', #468, #374 ) ;
#129 = AXIS2_PLACEMENT_3D ( 'NONE', #312, #519, #1468 ) ;
#130 = VECTOR ( 'NONE', #765, 1000.000000000000000 ) ;
#131 = ORIENTED_EDGE ( 'NONE', *, *, #1245, .T. ) ;
#132 = VERTEX_POINT ( 'NONE', #1153 ) ;
#133 = AXIS2_PLACEMENT_3D ( 'NONE', #1194, #984, #35 ) ;
#134 = DIRECTION ( 'NONE',  ( -1.000000000000000000, 0.000000000000000000, 0.000000000000000000 ) ) ;
#135 = DIRECTION ( 'NONE',  ( 0.000000000000000000, 0.000000000000000000, -1.000000000000000000 ) ) ;
#136 = VERTEX_POINT ( 'NONE', #534 ) ;
#137 = LINE ( 'NONE', #1110, #7 ) ;
#138 = EDGE_CURVE ( 'NONE', #505, #452, #1471, .T. ) ;
#139 = CARTESIAN_POINT ( 'NONE',  ( 8.599999999999996092, 35.89999999999999147, 76.38141135119198566 ) ) ;
#140 = ORIENTED_EDGE ( 'NONE', *, *, #1225, .T. ) ;
#141 = CARTESIAN_POINT ( 'NONE',  ( -14.10000000000000142, -33.75300120096095924, 0.000000000000000000 ) ) ;
#142 = CARTESIAN_POINT ( 'NONE',  ( 13.49999999999999645, 37.50000000000000000, 6.000000000000000000 ) ) ;
#143 = ORIENTED_EDGE ( 'NONE', *, *, #1150, .T. ) ;
#144 = CARTESIAN_POINT ( 'NONE',  ( 18.10000000000000142, -40.10000000000000142, 0.000000000000000000 ) ) ;
#145 = DIRECTION ( 'NONE',  ( -1.000000000000000000, 0.000000000000000000, 0.000000000000000000 ) ) ;
#146 = EDGE_LOOP ( 'NONE', ( #1509, #1006, #1109, #536 ) ) ;
#147 = EDGE_CURVE ( 'NONE', #505, #517, #85, .T. ) ;
#148 = LINE ( 'NONE', #238, #626 ) ;
#149 = CARTESIAN_POINT ( 'NONE',  ( -11.83393944403533027, 35.89999999999999147, 6.000000000000000000 ) ) ;
#150 = VERTEX_POINT ( 'NONE', #894 ) ;
#151 = LINE ( 'NONE', #274, #1479 ) ;
#152 = FACE_OUTER_BOUND ( 'NONE', #1343, .T. ) ;
#153 = ORIENTED_EDGE ( 'NONE', *, *, #976, .T. ) ;
#154 = DIRECTION ( 'NONE',  ( 0.000000000000000000, 0.000000000000000000, 1.000000000000000000 ) ) ;
#155 = AXIS2_PLACEMENT_3D ( 'NONE', #708, #586, #1174 ) ;
#156 = VECTOR ( 'NONE', #27, 1000.000000000000000 ) ;
#157 = ADVANCED_FACE ( 'NONE', ( #1250, #301 ), #334, .F. ) ;
#158 = LINE ( 'NONE', #397, #530 ) ;
#159 = ORIENTED_EDGE ( 'NONE', *, *, #788, .T. ) ;
#160 = DIRECTION ( 'NONE',  ( 0.000000000000000000, 0.000000000000000000, 1.000000000000000000 ) ) ;
#161 = CARTESIAN_POINT ( 'NONE',  ( -12.46026316928586297, 40.10000000000000142, 0.000000000000000000 ) ) ;
#162 = VERTEX_POINT ( 'NONE', #309 ) ;
#163 = DIRECTION ( 'NONE',  ( 0.000000000000000000, 1.000000000000000000, 0.000000000000000000 ) ) ;
#164 = CARTESIAN_POINT ( 'NONE',  ( 0.000000000000000000, 0.000000000000000000, -2.000000000000000000 ) ) ;
#165 = EDGE_CURVE ( 'NONE', #211, #1045, #322, .T. ) ;
#166 = ORIENTED_EDGE ( 'NONE', *, *, #902, .F. ) ;
#167 = FACE_OUTER_BOUND ( 'NONE', #1157, .T. ) ;
#168 = EDGE_CURVE ( 'NONE', #985, #686, #1017, .T. ) ;
#169 = FACE_BOUND ( 'NONE', #1246, .T. ) ;
#170 = ORIENTED_EDGE ( 'NONE', *, *, #1024, .T. ) ;
#171 = DIRECTION ( 'NONE',  ( 0.000000000000000000, 0.000000000000000000, 1.000000000000000000 ) ) ;
#172 = PLANE ( 'NONE',  #129 ) ;
#173 = ORIENTED_EDGE ( 'NONE', *, *, #761, .T. ) ;
#174 = EDGE_CURVE ( 'NONE', #330, #509, #438, .T. ) ;
#175 = CARTESIAN_POINT ( 'NONE',  ( -15.50000000000000000, -37.50000000000000000, 2.000000000000000000 ) ) ;
#176 = AXIS2_PLACEMENT_3D ( 'NONE', #1327, #154, #631 ) ;
#177 = ORIENTED_EDGE ( 'NONE', *, *, #513, .T. ) ;
#178 = AXIS2_PLACEMENT_3D ( 'NONE', #1276, #198, #1332 ) ;
#179 = VECTOR ( 'NONE', #781, 1000.000000000000000 ) ;
#180 = AXIS2_PLACEMENT_3D ( 'NONE', #1120, #1466, #418 ) ;
#181 = DIRECTION ( 'NONE',  ( -1.000000000000000000, 0.000000000000000000, -0.000000000000000000 ) ) ;
#182 = AXIS2_PLACEMENT_3D ( 'NONE', #431, #1366, #314 ) ;
#183 = ORIENTED_EDGE ( 'NONE', *, *, #300, .F. ) ;
#184 = DIRECTION ( 'NONE',  ( -1.000000000000000000, 0.000000000000000000, 0.000000000000000000 ) ) ;
#185 = CARTESIAN_POINT ( 'NONE',  ( 15.50000000000000000, -37.50000000000000000, 6.000000000000000000 ) ) ;
#186 = ORIENTED_EDGE ( 'NONE', *, *, #1261, .T. ) ;
#187 = DIRECTION ( 'NONE',  ( 0.000000000000000000, -0.000000000000000000, -1.000000000000000000 ) ) ;
#188 = VERTEX_POINT ( 'NONE', #1030 ) ;
#189 = DIRECTION ( 'NONE',  ( -0.000000000000000000, -0.000000000000000000, -1.000000000000000000 ) ) ;
#190 = CYLINDRICAL_SURFACE ( 'NONE', #180, 4.000000000000000000 ) ;
#191 = EDGE_CURVE ( 'NONE', #126, #199, #209, .T. ) ;
#192 = ORIENTED_EDGE ( 'NONE', *, *, #591, .T. ) ;
#193 = EDGE_CURVE ( 'NONE', #787, #224, #773, .T. ) ;
#194 = CARTESIAN_POINT ( 'NONE',  ( -15.50000000000000000, -37.50000000000000000, 6.000000000000000000 ) ) ;
#195 = ORIENTED_EDGE ( 'NONE', *, *, #487, .T. ) ;
#196 = SURFACE_SIDE_STYLE ('',( #1477 ) ) ;
#197 = CARTESIAN_POINT ( 'NONE',  ( 18.10000000000000142, -34.46026316928586652, 6.000000000000000000 ) ) ;
#198 = DIRECTION ( 'NONE',  ( 0.000000000000000000, 0.000000000000000000, 1.000000000000000000 ) ) ;
#199 = VERTEX_POINT ( 'NONE', #1257 ) ;
#200 = VECTOR ( 'NONE', #702, 1000.000000000000000 ) ;
#201 = DIRECTION ( 'NONE',  ( 1.000000000000000000, 0.000000000000000000, -0.000000000000000000 ) ) ;
#202 = AXIS2_PLACEMENT_3D ( 'NONE', #464, #1260, #672 ) ;
#203 = CIRCLE ( 'NONE', #895, 2.000000000000001776 ) ;
#204 = ADVANCED_FACE ( 'NONE', ( #649 ), #190, .T. ) ;
#205 = ORIENTED_EDGE ( 'NONE', *, *, #1092, .F. ) ;
#206 = CARTESIAN_POINT ( 'NONE',  ( 15.50000000000000000, 37.50000000000000000, 6.000000000000000000 ) ) ;
#207 = VECTOR ( 'NONE', #91, 1000.000000000000000 ) ;
#208 = AXIS2_PLACEMENT_3D ( 'NONE', #20, #986, #978 ) ;
#209 = LINE ( 'NONE', #1367, #651 ) ;
#210 = FACE_OUTER_BOUND ( 'NONE', #790, .T. ) ;
#211 = VERTEX_POINT ( 'NONE', #663 ) ;
#212 = CARTESIAN_POINT ( 'NONE',  ( -14.10000000000000142, -35.70000000000000284, -2.000000000000000000 ) ) ;
#213 = ORIENTED_EDGE ( 'NONE', *, *, #1362, .T. ) ;
#214 = EDGE_CURVE ( 'NONE', #924, #977, #75, .T. ) ;
#215 = DIRECTION ( 'NONE',  ( 0.000000000000000000, 0.000000000000000000, -1.000000000000000000 ) ) ;
#216 = EDGE_CURVE ( 'NONE', #1059, #868, #525, .T. ) ;
#217 = CARTESIAN_POINT ( 'NONE',  ( 15.50000000000000000, 37.50000000000000000, 6.000000000000000000 ) ) ;
#218 = LINE ( 'NONE', #93, #1038 ) ;
#219 = ORIENTED_EDGE ( 'NONE', *, *, #1348, .T. ) ;
#220 = DIRECTION ( 'NONE',  ( 0.000000000000000000, 0.000000000000000000, 1.000000000000000000 ) ) ;
#221 = EDGE_LOOP ( 'NONE', ( #69, #904, #1099, #295 ) ) ;
#222 = CYLINDRICAL_SURFACE ( 'NONE', #602, 4.000000000000000000 ) ;
#223 = DIRECTION ( 'NONE',  ( -0.000000000000000000, 1.000000000000000000, -0.000000000000000000 ) ) ;
#224 = VERTEX_POINT ( 'NONE', #908 ) ;
#225 = DIRECTION ( 'NONE',  ( 1.000000000000000000, 0.000000000000000000, 0.000000000000000000 ) ) ;
#226 = DIRECTION ( 'NONE',  ( 0.000000000000000000, -0.000000000000000000, -1.000000000000000000 ) ) ;
#227 = PLANE ( 'NONE',  #1170 ) ;
#228 = AXIS2_PLACEMENT_3D ( 'NONE', #1388, #1407, #12 ) ;
#229 = DIRECTION ( 'NONE',  ( 1.000000000000000000, 0.000000000000000000, 0.000000000000000000 ) ) ;
#230 = AXIS2_PLACEMENT_3D ( 'NONE', #1285, #937, #689 ) ;
#231 = EDGE_LOOP ( 'NONE', ( #561, #715, #1499, #1289 ) ) ;
#232 = LINE ( 'NONE', #921, #377 ) ;
#233 = CARTESIAN_POINT ( 'NONE',  ( -20.10000000000000142, -40.10000000000000142, 25.00000000000000000 ) ) ;
#234 = CARTESIAN_POINT ( 'NONE',  ( -15.50000000000000000, 37.50000000000000000, 6.000000000000000000 ) ) ;
#235 = LINE ( 'NONE', #1518, #200 ) ;
#236 = ORIENTED_EDGE ( 'NONE', *, *, #1359, .F. ) ;
#237 = EDGE_CURVE ( 'NONE', #686, #1129, #1452, .T. ) ;
#238 = CARTESIAN_POINT ( 'NONE',  ( 12.50000000000000000, 35.89999999999999147, 0.000000000000000000 ) ) ;
#239 = EDGE_CURVE ( 'NONE', #440, #860, #823, .T. ) ;
#240 = DIRECTION ( 'NONE',  ( -1.000000000000000000, 0.000000000000000000, 0.000000000000000000 ) ) ;
#241 = DIRECTION ( 'NONE',  ( 1.000000000000000000, 0.000000000000000000, 0.000000000000000000 ) ) ;
#242 = DIRECTION ( 'NONE',  ( -1.000000000000000000, 0.000000000000000000, 0.000000000000000000 ) ) ;
#243 = ORIENTED_EDGE ( 'NONE', *, *, #1411, .F. ) ;
#244 = ORIENTED_EDGE ( 'NONE', *, *, #818, .T. ) ;
#245 = DIRECTION ( 'NONE',  ( -0.000000000000000000, -0.000000000000000000, -1.000000000000000000 ) ) ;
#246 = DIRECTION ( 'NONE',  ( 0.000000000000000000, 0.000000000000000000, -1.000000000000000000 ) ) ;
#247 = ADVANCED_FACE ( 'NONE', ( #817 ), #1275, .F. ) ;
#248 = ORIENTED_EDGE ( 'NONE', *, *, #740, .F. ) ;
#249 = CARTESIAN_POINT ( 'NONE',  ( 11.50000000000000000, 37.50000000000000000, 6.000000000000000000 ) ) ;
#250 = DIRECTION ( 'NONE',  ( 1.000000000000000000, 0.000000000000000000, 0.000000000000000000 ) ) ;
#251 = CIRCLE ( 'NONE', #1216, 4.000000000000000000 ) ;
#252 = AXIS2_PLACEMENT_3D ( 'NONE', #139, #1345, #987 ) ;
#253 = ORIENTED_EDGE ( 'NONE', *, *, #818, .F. ) ;
#254 = AXIS2_PLACEMENT_3D ( 'NONE', #1324, #994, #260 ) ;
#255 = ORIENTED_EDGE ( 'NONE', *, *, #1299, .F. ) ;
#256 = AXIS2_PLACEMENT_3D ( 'NONE', #952, #863, #1436 ) ;
#257 = DIRECTION ( 'NONE',  ( 0.000000000000000000, 0.000000000000000000, 1.000000000000000000 ) ) ;
#258 = DIRECTION ( 'NONE',  ( -0.000000000000000000, -0.000000000000000000, -1.000000000000000000 ) ) ;
#259 = ORIENTED_EDGE ( 'NONE', *, *, #761, .F. ) ;
#260 = DIRECTION ( 'NONE',  ( 1.000000000000000000, 0.000000000000000000, -0.000000000000000000 ) ) ;
#261 = EDGE_CURVE ( 'NONE', #509, #1118, #690, .T. ) ;
#262 = ORIENTED_EDGE ( 'NONE', *, *, #879, .T. ) ;
#263 = VERTEX_POINT ( 'NONE', #1039 ) ;
#264 = LINE ( 'NONE', #735, #327 ) ;
#265 = CYLINDRICAL_SURFACE ( 'NONE', #333, 4.000000000000000000 ) ;
#266 = ORIENTED_EDGE ( 'NONE', *, *, #1236, .T. ) ;
#267 = CARTESIAN_POINT ( 'NONE',  ( -11.69689577749890042, 40.10000000000000142, 25.00000000000000000 ) ) ;
#268 = DIRECTION ( 'NONE',  ( -1.000000000000000000, 0.000000000000000000, 0.000000000000000000 ) ) ;
#269 = ADVANCED_FACE ( 'NONE', ( #1503 ), #1287, .T. ) ;
#270 = ORIENTED_EDGE ( 'NONE', *, *, #867, .F. ) ;
#271 = DIRECTION ( 'NONE',  ( 0.000000000000000000, 1.000000000000000000, 0.000000000000000000 ) ) ;
#272 = FACE_OUTER_BOUND ( 'NONE', #221, .T. ) ;
#273 = ORIENTED_EDGE ( 'NONE', *, *, #1152, .T. ) ;
#274 = CARTESIAN_POINT ( 'NONE',  ( -11.69689577749890219, 41.30000000000000426, 0.000000000000000000 ) ) ;
#275 = VECTOR ( 'NONE', #827, 1000.000000000000000 ) ;
#276 = CARTESIAN_POINT ( 'NONE',  ( -15.50000000000000000, -37.50000000000000000, 6.000000000000000000 ) ) ;
#277 = AXIS2_PLACEMENT_3D ( 'NONE', #1364, #1131, #50 ) ;
#278 = ORIENTED_EDGE ( 'NONE', *, *, #988, .T. ) ;
#279 = DIRECTION ( 'NONE',  ( -0.000000000000000000, -0.000000000000000000, 1.000000000000000000 ) ) ;
#280 = CIRCLE ( 'NONE', #476, 4.000000000000000000 ) ;
#281 = ADVANCED_FACE ( 'NONE', ( #1398 ), #227, .F. ) ;
#282 = CIRCLE ( 'NONE', #208, 2.000000000000001776 ) ;
#283 = DIRECTION ( 'NONE',  ( 0.000000000000000000, 0.000000000000000000, -1.000000000000000000 ) ) ;
#284 = ORIENTED_EDGE ( 'NONE', *, *, #1251, .T. ) ;
#285 = LINE ( 'NONE', #267, #83 ) ;
#286 = CARTESIAN_POINT ( 'NONE',  ( 0.000000000000000000, 0.000000000000000000, 0.000000000000000000 ) ) ;
#287 = ORIENTED_EDGE ( 'NONE', *, *, #448, .F. ) ;
#288 = DIRECTION ( 'NONE',  ( -1.000000000000000000, 0.000000000000000000, 0.000000000000000000 ) ) ;
#289 = PLANE ( 'NONE',  #966 ) ;
#290 = ADVANCED_FACE ( 'NONE', ( #947 ), #484, .F. ) ;
#291 = EDGE_LOOP ( 'NONE', ( #1191, #105, #741, #287 ) ) ;
#292 = SURFACE_STYLE_USAGE ( .BOTH. , #196 ) ;
#293 = LINE ( 'NONE', #1206, #130 ) ;
#294 = EDGE_CURVE ( 'NONE', #1086, #1227, #601, .T. ) ;
#295 = ORIENTED_EDGE ( 'NONE', *, *, #848, .T. ) ;
#296 = CARTESIAN_POINT ( 'NONE',  ( -12.46026316928587008, -40.10000000000000142, 6.000000000000000000 ) ) ;
#297 = ADVANCED_FACE ( 'NONE', ( #1180 ), #701, .F. ) ;
#298 = VERTEX_POINT ( 'NONE', #120 ) ;
#299 =( NAMED_UNIT ( * ) PLANE_ANGLE_UNIT ( ) SI_UNIT ( $, .RADIAN. ) );
#300 = EDGE_CURVE ( 'NONE', #1277, #452, #475, .T. ) ;
#301 = FACE_OUTER_BOUND ( 'NONE', #555, .T. ) ;
#302 = ORIENTED_EDGE ( 'NONE', *, *, #1299, .T. ) ;
#303 = VECTOR ( 'NONE', #415, 1000.000000000000000 ) ;
#304 = AXIS2_PLACEMENT_3D ( 'NONE', #217, #2, #1295 ) ;
#305 = CARTESIAN_POINT ( 'NONE',  ( -15.50000000000000000, 37.50000000000000000, 6.000000000000000000 ) ) ;
#306 = CIRCLE ( 'NONE', #673, 4.000000000000000000 ) ;
#307 = ORIENTED_EDGE ( 'NONE', *, *, #338, .T. ) ;
#308 = CARTESIAN_POINT ( 'NONE',  ( 13.49999999999999645, -37.50000000000000000, 6.000000000000000000 ) ) ;
#309 = CARTESIAN_POINT ( 'NONE',  ( 11.50000000000000000, 37.50000000000000000, 0.000000000000000000 ) ) ;
#310 = ADVANCED_FACE ( 'NONE', ( #1517 ), #1187, .T. ) ;
#311 = ORIENTED_EDGE ( 'NONE', *, *, #617, .F. ) ;
#312 = CARTESIAN_POINT ( 'NONE',  ( 20.10000000000000142, -40.10000000000000142, 25.00000000000000000 ) ) ;
#313 = ORIENTED_EDGE ( 'NONE', *, *, #1488, .F. ) ;
#314 = DIRECTION ( 'NONE',  ( 0.000000000000000000, -0.000000000000000000, -1.000000000000000000 ) ) ;
#315 = LINE ( 'NONE', #1237, #378 ) ;
#316 = CARTESIAN_POINT ( 'NONE',  ( -18.10000000000000142, 34.46026316928586652, 6.000000000000000000 ) ) ;
#317 = ORIENTED_EDGE ( 'NONE', *, *, #1167, .T. ) ;
#318 = ADVANCED_FACE ( 'NONE', ( #467 ), #592, .F. ) ;
#319 = DIRECTION ( 'NONE',  ( -0.000000000000000000, -0.000000000000000000, -1.000000000000000000 ) ) ;
#320 = ORIENTED_EDGE ( 'NONE', *, *, #526, .T. ) ;
#321 = DIRECTION ( 'NONE',  ( -0.000000000000000000, -0.000000000000000000, -1.000000000000000000 ) ) ;
#322 = LINE ( 'NONE', #1265, #1428 ) ;
#323 = DIRECTION ( 'NONE',  ( -1.000000000000000000, 0.000000000000000000, 0.000000000000000000 ) ) ;
#324 = ORIENTED_EDGE ( 'NONE', *, *, #237, .F. ) ;
#325 = VECTOR ( 'NONE', #581, 1000.000000000000000 ) ;
#326 = CARTESIAN_POINT ( 'NONE',  ( 18.10000000000000142, -42.10000000000000853, 25.00000000000000000 ) ) ;
#327 = VECTOR ( 'NONE', #1209, 1000.000000000000000 ) ;
#328 = EDGE_CURVE ( 'NONE', #434, #640, #1478, .T. ) ;
#329 = AXIS2_PLACEMENT_3D ( 'NONE', #523, #628, #393 ) ;
#330 = VERTEX_POINT ( 'NONE', #1394 ) ;
#331 = CARTESIAN_POINT ( 'NONE',  ( 18.10000000000000142, 34.46026316928587363, 0.000000000000000000 ) ) ;
#332 = CIRCLE ( 'NONE', #898, 4.000000000000000000 ) ;
#333 = AXIS2_PLACEMENT_3D ( 'NONE', #1083, #1226, #744 ) ;
#334 = PLANE ( 'NONE',  #1094 ) ;
#335 = DIRECTION ( 'NONE',  ( 0.000000000000000000, 0.000000000000000000, 1.000000000000000000 ) ) ;
#336 = ORIENTED_EDGE ( 'NONE', *, *, #613, .T. ) ;
#337 = CARTESIAN_POINT ( 'NONE',  ( 15.50000000000000000, -37.50000000000000000, 6.000000000000000000 ) ) ;
#338 = EDGE_CURVE ( 'NONE', #94, #731, #1301, .T. ) ;
#339 = ORIENTED_EDGE ( 'NONE', *, *, #497, .F. ) ;
#340 = DIRECTION ( 'NONE',  ( -0.000000000000000000, -0.000000000000000000, -1.000000000000000000 ) ) ;
#341 = DIRECTION ( 'NONE',  ( 0.000000000000000000, 0.000000000000000000, 1.000000000000000000 ) ) ;
#342 =( LENGTH_UNIT ( ) NAMED_UNIT ( * ) SI_UNIT ( .MILLI., .METRE. ) );
#343 = EDGE_LOOP ( 'NONE', ( #1273, #89, #101, #409 ) ) ;
#344 = CARTESIAN_POINT ( 'NONE',  ( -18.10000000000000142, -40.10000000000000142, 25.00000000000000000 ) ) ;
#345 = CARTESIAN_POINT ( 'NONE',  ( -15.50000000000000000, 37.50000000000000000, 6.000000000000000000 ) ) ;
#346 = DIRECTION ( 'NONE',  ( 0.000000000000000000, 0.000000000000000000, 1.000000000000000000 ) ) ;
#347 = EDGE_LOOP ( 'NONE', ( #255, #1319, #819, #1014, #1481, #1073 ) ) ;
#348 = FACE_OUTER_BOUND ( 'NONE', #1211, .T. ) ;
#349 = LINE ( 'NONE', #824, #629 ) ;
#350 = AXIS2_PLACEMENT_3D ( 'NONE', #560, #1271, #1178 ) ;
#351 = DIRECTION ( 'NONE',  ( -1.000000000000000000, 0.000000000000000000, -0.000000000000000000 ) ) ;
#352 = VECTOR ( 'NONE', #241, 1000.000000000000000 ) ;
#353 = CARTESIAN_POINT ( 'NONE',  ( 20.10000000000000142, 0.000000000000000000, 25.00000000000000000 ) ) ;
#354 = VECTOR ( 'NONE', #258, 1000.000000000000000 ) ;
#355 = VERTEX_POINT ( 'NONE', #127 ) ;
#356 = LINE ( 'NONE', #344, #1425 ) ;
#357 = FACE_OUTER_BOUND ( 'NONE', #1033, .T. ) ;
#358 = CARTESIAN_POINT ( 'NONE',  ( 0.000000000000000000, 0.000000000000000000, 2.000000000000000000 ) ) ;
#359 = DIRECTION ( 'NONE',  ( -1.000000000000000000, 0.000000000000000000, 0.000000000000000000 ) ) ;
#360 = EDGE_LOOP ( 'NONE', ( #659, #1444, #177, #588 ) ) ;
#361 = ORIENTED_EDGE ( 'NONE', *, *, #1128, .F. ) ;
#362 = DIRECTION ( 'NONE',  ( -0.000000000000000000, -0.000000000000000000, -1.000000000000000000 ) ) ;
#363 = EDGE_CURVE ( 'NONE', #483, #618, #1218, .T. ) ;
#364 = CARTESIAN_POINT ( 'NONE',  ( -11.92788578010164713, -35.70000000000000284, 6.000000000000000000 ) ) ;
#365 = EDGE_LOOP ( 'NONE', ( #737, #388 ) ) ;
#366 = DIRECTION ( 'NONE',  ( -1.000000000000000000, 0.000000000000000000, 0.000000000000000000 ) ) ;
#367 = ORIENTED_EDGE ( 'NONE', *, *, #658, .T. ) ;
#368 = ORIENTED_EDGE ( 'NONE', *, *, #165, .T. ) ;
#369 = DIRECTION ( 'NONE',  ( 0.000000000000000000, 0.000000000000000000, 1.000000000000000000 ) ) ;
#370 = EDGE_CURVE ( 'NONE', #381, #375, #683, .T. ) ;
#371 = CARTESIAN_POINT ( 'NONE',  ( -13.50000000000000000, -37.50000000000000000, 2.000000000000000000 ) ) ;
#372 = EDGE_CURVE ( 'NONE', #74, #1118, #1445, .T. ) ;
#373 = VECTOR ( 'NONE', #885, 1000.000000000000000 ) ;
#374 = VECTOR ( 'NONE', #242, 1000.000000000000000 ) ;
#375 = VERTEX_POINT ( 'NONE', #1198 ) ;
#376 = CARTESIAN_POINT ( 'NONE',  ( -20.10000000000000142, 43.10000000000000853, -2.000000000000000000 ) ) ;
#377 = VECTOR ( 'NONE', #1384, 1000.000000000000000 ) ;
#378 = VECTOR ( 'NONE', #1134, 1000.000000000000000 ) ;
#379 = DIRECTION ( 'NONE',  ( -1.000000000000000000, 0.000000000000000000, -0.000000000000000000 ) ) ;
#380 = CIRCLE ( 'NONE', #1454, 2.000000000000001776 ) ;
#381 = VERTEX_POINT ( 'NONE', #610 ) ;
#382 = LINE ( 'NONE', #389, #992 ) ;
#383 = LINE ( 'NONE', #25, #1195 ) ;
#384 = EDGE_CURVE ( 'NONE', #774, #716, #137, .T. ) ;
#385 = EDGE_LOOP ( 'NONE', ( #1302, #605, #111, #1202, #768, #1248, #1483, #1138 ) ) ;
#386 = CARTESIAN_POINT ( 'NONE',  ( 11.50000000000000000, -37.50000000000000000, 0.000000000000000000 ) ) ;
#387 = CARTESIAN_POINT ( 'NONE',  ( 15.50000000000000000, -37.50000000000000000, 6.000000000000000000 ) ) ;
#388 = ORIENTED_EDGE ( 'NONE', *, *, #949, .F. ) ;
#389 = CARTESIAN_POINT ( 'NONE',  ( 20.10000000000000142, 43.10000000000000853, 25.00000000000000000 ) ) ;
#390 = LINE ( 'NONE', #608, #1146 ) ;
#391 = EDGE_LOOP ( 'NONE', ( #166, #950, #1252, #6 ) ) ;
#392 = CARTESIAN_POINT ( 'NONE',  ( 18.10000000000000142, 40.10000000000000142, 25.00000000000000000 ) ) ;
#393 = DIRECTION ( 'NONE',  ( -1.000000000000000000, 0.000000000000000000, -0.000000000000000000 ) ) ;
#394 = ORIENTED_EDGE ( 'NONE', *, *, #1385, .F. ) ;
#395 = LINE ( 'NONE', #446, #1473 ) ;
#396 = PRODUCT_DEFINITION_CONTEXT ( 'detailed design', #419, 'design' ) ;
#397 = CARTESIAN_POINT ( 'NONE',  ( 18.10000000000000142, 40.10000000000000142, 25.00000000000000000 ) ) ;
#398 = ORIENTED_EDGE ( 'NONE', *, *, #1393, .F. ) ;
#399 = CARTESIAN_POINT ( 'NONE',  ( -18.10000000000000142, -34.46026316928586652, 5.999999999999998224 ) ) ;
#400 = VECTOR ( 'NONE', #593, 1000.000000000000000 ) ;
#401 = FACE_OUTER_BOUND ( 'NONE', #486, .T. ) ;
#402 = VECTOR ( 'NONE', #481, 1000.000000000000000 ) ;
#403 = EDGE_CURVE ( 'NONE', #1045, #681, #285, .T. ) ;
#404 = ORIENTED_EDGE ( 'NONE', *, *, #239, .T. ) ;
#405 = CARTESIAN_POINT ( 'NONE',  ( 12.46026316928587008, 40.10000000000000142, 6.000000000000000000 ) ) ;
#406 = AXIS2_PLACEMENT_3D ( 'NONE', #286, #1213, #379 ) ;
#407 = MECHANICAL_DESIGN_GEOMETRIC_PRESENTATION_REPRESENTATION (  '', ( #1067 ), #454 ) ;
#408 = DIRECTION ( 'NONE',  ( 0.000000000000000000, -1.000000000000000000, 0.000000000000000000 ) ) ;
#409 = ORIENTED_EDGE ( 'NONE', *, *, #1411, .T. ) ;
#410 = CARTESIAN_POINT ( 'NONE',  ( -14.10000000000000142, 35.89999999999999147, 76.38141135119198566 ) ) ;
#411 = ORIENTED_EDGE ( 'NONE', *, *, #999, .F. ) ;
#412 = ORIENTED_EDGE ( 'NONE', *, *, #1290, .T. ) ;
#413 = DIRECTION ( 'NONE',  ( -1.211399075402798533E-16, 1.000000000000000000, -0.000000000000000000 ) ) ;
#414 = EDGE_CURVE ( 'NONE', #532, #211, #1336, .T. ) ;
#415 = DIRECTION ( 'NONE',  ( -1.000000000000000000, -0.000000000000000000, -0.000000000000000000 ) ) ;
#416 = EDGE_LOOP ( 'NONE', ( #568, #1269, #843, #540, #273, #929 ) ) ;
#417 = LINE ( 'NONE', #1119, #653 ) ;
#418 = DIRECTION ( 'NONE',  ( -1.000000000000000000, 0.000000000000000000, 0.000000000000000000 ) ) ;
#419 = APPLICATION_CONTEXT ( 'automotive_design' ) ;
#420 = ORIENTED_EDGE ( 'NONE', *, *, #1437, .F. ) ;
#421 = FACE_OUTER_BOUND ( 'NONE', #1431, .T. ) ;
#422 = ORIENTED_EDGE ( 'NONE', *, *, #650, .F. ) ;
#423 = LINE ( 'NONE', #437, #1097 ) ;
#424 = EDGE_CURVE ( 'NONE', #1311, #375, #280, .T. ) ;
#425 = DIRECTION ( 'NONE',  ( 0.000000000000000000, 0.000000000000000000, -1.000000000000000000 ) ) ;
#426 = ORIENTED_EDGE ( 'NONE', *, *, #1282, .T. ) ;
#427 = AXIS2_PLACEMENT_3D ( 'NONE', #1513, #459, #225 ) ;
#428 = LINE ( 'NONE', #760, #1142 ) ;
#429 = AXIS2_PLACEMENT_3D ( 'NONE', #578, #460, #816 ) ;
#430 = VERTEX_POINT ( 'NONE', #399 ) ;
#431 = CARTESIAN_POINT ( 'NONE',  ( -14.10000000000000142, -35.70000000000000284, 76.38141135119198566 ) ) ;
#432 = DIRECTION ( 'NONE',  ( -0.000000000000000000, 0.000000000000000000, -1.000000000000000000 ) ) ;
#433 = EDGE_CURVE ( 'NONE', #469, #1349, #282, .T. ) ;
#434 = VERTEX_POINT ( 'NONE', #249 ) ;
#435 = DIRECTION ( 'NONE',  ( -0.000000000000000000, -0.000000000000000000, -1.000000000000000000 ) ) ;
#436 = VERTEX_POINT ( 'NONE', #961 ) ;
#437 = CARTESIAN_POINT ( 'NONE',  ( -11.92788578010164713, -35.70000000000000284, 6.000000000000000000 ) ) ;
#438 = LINE ( 'NONE', #784, #1380 ) ;
#439 = DIRECTION ( 'NONE',  ( -0.000000000000000000, -0.000000000000000000, -1.000000000000000000 ) ) ;
#440 = VERTEX_POINT ( 'NONE', #1439 ) ;
#441 = EDGE_CURVE ( 'NONE', #1162, #956, #1457, .T. ) ;
#442 = FACE_OUTER_BOUND ( 'NONE', #87, .T. ) ;
#443 = ORIENTED_EDGE ( 'NONE', *, *, #1348, .F. ) ;
#444 = PLANE ( 'NONE',  #775 ) ;
#445 = DIRECTION ( 'NONE',  ( 0.000000000000000000, -1.000000000000000000, 0.000000000000000000 ) ) ;
#446 = CARTESIAN_POINT ( 'NONE',  ( 12.50000000000000000, 35.89999999999999147, 6.000000000000000000 ) ) ;
#447 = ORIENTED_EDGE ( 'NONE', *, *, #1362, .F. ) ;
#448 = EDGE_CURVE ( 'NONE', #868, #618, #1318, .T. ) ;
#449 = DIRECTION ( 'NONE',  ( 0.000000000000000000, 1.000000000000000000, -0.000000000000000000 ) ) ;
#450 = AXIS2_PLACEMENT_3D ( 'NONE', #799, #680, #1147 ) ;
#451 = VECTOR ( 'NONE', #1494, 1000.000000000000000 ) ;
#452 = VERTEX_POINT ( 'NONE', #376 ) ;
#453 = CARTESIAN_POINT ( 'NONE',  ( 15.50000000000000000, 37.50000000000000000, 6.000000000000000000 ) ) ;
#454 =( GEOMETRIC_REPRESENTATION_CONTEXT ( 3 ) GLOBAL_UNCERTAINTY_ASSIGNED_CONTEXT ( ( #632 ) ) GLOBAL_UNIT_ASSIGNED_CONTEXT ( ( #1256, #299, #533 ) ) REPRESENTATION_CONTEXT ( 'NONE', 'WORKASPACE' ) );
#455 = CARTESIAN_POINT ( 'NONE',  ( 0.000000000000000000, 43.10000000000000853, -2.000000000000000000 ) ) ;
#456 = DIRECTION ( 'NONE',  ( -0.000000000000000000, -0.000000000000000000, -1.000000000000000000 ) ) ;
#457 = ORIENTED_EDGE ( 'NONE', *, *, #363, .F. ) ;
#458 = EDGE_CURVE ( 'NONE', #692, #1145, #500, .T. ) ;
#459 = DIRECTION ( 'NONE',  ( 0.000000000000000000, 0.000000000000000000, 1.000000000000000000 ) ) ;
#460 = DIRECTION ( 'NONE',  ( 0.000000000000000000, 0.000000000000000000, 1.000000000000000000 ) ) ;
#461 = CARTESIAN_POINT ( 'NONE',  ( -14.10000000000000142, 35.89999999999999147, -2.000000000000000000 ) ) ;
#462 = CARTESIAN_POINT ( 'NONE',  ( 0.000000000000000000, 0.000000000000000000, 0.000000000000000000 ) ) ;
#463 = VERTEX_POINT ( 'NONE', #756 ) ;
#464 = CARTESIAN_POINT ( 'NONE',  ( -15.50000000000000000, 37.50000000000000000, 6.000000000000000000 ) ) ;
#465 = LINE ( 'NONE', #914, #529 ) ;
#466 = ADVANCED_FACE ( 'NONE', ( #38, #850 ), #840, .T. ) ;
#467 = FACE_OUTER_BOUND ( 'NONE', #1365, .T. ) ;
#468 = CARTESIAN_POINT ( 'NONE',  ( -11.83393944403533027, 35.89999999999999147, 6.000000000000000000 ) ) ;
#469 = VERTEX_POINT ( 'NONE', #732 ) ;
#470 = CYLINDRICAL_SURFACE ( 'NONE', #350, 4.000000000000000000 ) ;
#471 = PRODUCT ( 'LCD_Box', 'LCD_Box', '', ( #1188 ) ) ;
#472 = AXIS2_PLACEMENT_3D ( 'NONE', #939, #813, #725 ) ;
#473 = DIRECTION ( 'NONE',  ( -1.000000000000000000, 0.000000000000000000, 0.000000000000000000 ) ) ;
#474 = VECTOR ( 'NONE', #362, 1000.000000000000000 ) ;
#475 = LINE ( 'NONE', #455, #896 ) ;
#476 = AXIS2_PLACEMENT_3D ( 'NONE', #1096, #160, #508 ) ;
#477 = LINE ( 'NONE', #1504, #1355 ) ;
#478 = EDGE_CURVE ( 'NONE', #661, #188, #619, .T. ) ;
#479 = ORIENTED_EDGE ( 'NONE', *, *, #563, .T. ) ;
#480 = ORIENTED_EDGE ( 'NONE', *, *, #742, .T. ) ;
#481 = DIRECTION ( 'NONE',  ( -0.000000000000000000, -0.000000000000000000, -1.000000000000000000 ) ) ;
#482 = DIRECTION ( 'NONE',  ( -1.000000000000000000, 0.000000000000000000, 0.000000000000000000 ) ) ;
#483 = VERTEX_POINT ( 'NONE', #386 ) ;
#484 = PLANE ( 'NONE',  #1358 ) ;
#485 = APPLICATION_PROTOCOL_DEFINITION ( 'draft international standard', 'automotive_design', 1998, #419 ) ;
#486 = EDGE_LOOP ( 'NONE', ( #728, #875, #367, #1506, #404, #248 ) ) ;
#487 = EDGE_CURVE ( 'NONE', #150, #780, #635, .T. ) ;
#488 = ORIENTED_EDGE ( 'NONE', *, *, #1089, .F. ) ;
#489 = EDGE_CURVE ( 'NONE', #44, #618, #1212, .T. ) ;
#490 = DIRECTION ( 'NONE',  ( -0.000000000000000000, -0.000000000000000000, -1.000000000000000000 ) ) ;
#491 = DIRECTION ( 'NONE',  ( -1.000000000000000000, 0.000000000000000000, 0.000000000000000000 ) ) ;
#492 = EDGE_LOOP ( 'NONE', ( #1125, #426, #1176, #1492 ) ) ;
#493 = DIRECTION ( 'NONE',  ( -1.000000000000000000, -0.000000000000000000, -0.000000000000000000 ) ) ;
#494 = CYLINDRICAL_SURFACE ( 'NONE', #58, 4.000000000000000000 ) ;
#495 = ORIENTED_EDGE ( 'NONE', *, *, #24, .F. ) ;
#496 = DIRECTION ( 'NONE',  ( -1.000000000000000000, 0.000000000000000000, 0.000000000000000000 ) ) ;
#497 = EDGE_CURVE ( 'NONE', #1095, #1042, #151, .T. ) ;
#498 = CARTESIAN_POINT ( 'NONE',  ( 11.83393944403532849, 35.89999999999999147, 0.000000000000000000 ) ) ;
#499 = ORIENTED_EDGE ( 'NONE', *, *, #33, .F. ) ;
#500 = LINE ( 'NONE', #521, #554 ) ;
#501 = AXIS2_PLACEMENT_3D ( 'NONE', #1418, #743, #257 ) ;
#502 = VECTOR ( 'NONE', #341, 1000.000000000000000 ) ;
#503 = PLANE ( 'NONE',  #252 ) ;
#504 = VECTOR ( 'NONE', #889, 1000.000000000000000 ) ;
#505 = VERTEX_POINT ( 'NONE', #970 ) ;
#506 = DIRECTION ( 'NONE',  ( -0.000000000000000000, -0.000000000000000000, -1.000000000000000000 ) ) ;
#507 = CARTESIAN_POINT ( 'NONE',  ( 0.000000000000000000, 0.000000000000000000, 0.000000000000000000 ) ) ;
#508 = DIRECTION ( 'NONE',  ( 1.000000000000000000, 0.000000000000000000, 0.000000000000000000 ) ) ;
#509 = VERTEX_POINT ( 'NONE', #1432 ) ;
#510 = ORIENTED_EDGE ( 'NONE', *, *, #448, .T. ) ;
#511 = CARTESIAN_POINT ( 'NONE',  ( 12.50000000000000000, 34.85424868893540662, 6.000000000000000000 ) ) ;
#512 = DIRECTION ( 'NONE',  ( -0.000000000000000000, -0.000000000000000000, -1.000000000000000000 ) ) ;
#513 = EDGE_CURVE ( 'NONE', #62, #224, #746, .T. ) ;
#514 = CARTESIAN_POINT ( 'NONE',  ( 15.50000000000000000, -37.50000000000000000, 2.000000000000000000 ) ) ;
#515 = ADVANCED_FACE ( 'NONE', ( #167 ), #1307, .T. ) ;
#516 = ORIENTED_EDGE ( 'NONE', *, *, #328, .F. ) ;
#517 = VERTEX_POINT ( 'NONE', #778 ) ;
#518 = CARTESIAN_POINT ( 'NONE',  ( -14.10000000000000142, -33.75300120096096634, 6.000000000000000000 ) ) ;
#519 = DIRECTION ( 'NONE',  ( -1.000000000000000000, 0.000000000000000000, 0.000000000000000000 ) ) ;
#520 = VERTEX_POINT ( 'NONE', #1350 ) ;
#521 = CARTESIAN_POINT ( 'NONE',  ( -14.10000000000000142, -33.75300120096096634, 6.000000000000000000 ) ) ;
#522 = VECTOR ( 'NONE', #229, 1000.000000000000000 ) ;
#523 = CARTESIAN_POINT ( 'NONE',  ( 0.000000000000000000, 0.000000000000000000, 2.000000000000000000 ) ) ;
#524 = AXIS2_PLACEMENT_3D ( 'NONE', #967, #18, #482 ) ;
#525 = CIRCLE ( 'NONE', #720, 4.000000000000000000 ) ;
#526 = EDGE_CURVE ( 'NONE', #692, #1197, #1263, .T. ) ;
#527 = ORIENTED_EDGE ( 'NONE', *, *, #1447, .T. ) ;
#528 = DIRECTION ( 'NONE',  ( 1.000000000000000000, 0.000000000000000000, 0.000000000000000000 ) ) ;
#529 = VECTOR ( 'NONE', #803, 1000.000000000000000 ) ;
#530 = VECTOR ( 'NONE', #1217, 1000.000000000000000 ) ;
#531 = DIRECTION ( 'NONE',  ( -1.000000000000000000, 0.000000000000000000, 0.000000000000000000 ) ) ;
#532 = VERTEX_POINT ( 'NONE', #1465 ) ;
#533 =( NAMED_UNIT ( * ) SI_UNIT ( $, .STERADIAN. ) SOLID_ANGLE_UNIT ( ) );
#534 = CARTESIAN_POINT ( 'NONE',  ( -14.10000000000000853, 35.89999999999999147, 6.000000000000000000 ) ) ;
#535 = EDGE_CURVE ( 'NONE', #162, #853, #306, .T. ) ;
#536 = ORIENTED_EDGE ( 'NONE', *, *, #1459, .T. ) ;
#537 = MANIFOLD_SOLID_BREP ( 'Move Face3', #919 ) ;
#538 = EDGE_CURVE ( 'NONE', #509, #1095, #417, .T. ) ;
#539 = FACE_BOUND ( 'NONE', #606, .T. ) ;
#540 = ORIENTED_EDGE ( 'NONE', *, *, #1497, .F. ) ;
#541 = DIRECTION ( 'NONE',  ( 0.000000000000000000, 0.000000000000000000, 1.000000000000000000 ) ) ;
#542 = CARTESIAN_POINT ( 'NONE',  ( -11.92788578010164713, -35.70000000000000284, 0.000000000000000000 ) ) ;
#543 = ORIENTED_EDGE ( 'NONE', *, *, #753, .F. ) ;
#544 = CARTESIAN_POINT ( 'NONE',  ( 11.50000000000000000, -37.50000000000000000, 6.000000000000000000 ) ) ;
#545 = EDGE_CURVE ( 'NONE', #1349, #1162, #1235, .T. ) ;
#546 = EDGE_CURVE ( 'NONE', #136, #1227, #1004, .T. ) ;
#547 = EDGE_LOOP ( 'NONE', ( #183, #21, #1234, #394 ) ) ;
#548 = CARTESIAN_POINT ( 'NONE',  ( 12.46026316928587185, -40.10000000000000142, 0.000000000000000000 ) ) ;
#549 = CARTESIAN_POINT ( 'NONE',  ( 15.50000000000000000, -37.50000000000000000, 0.000000000000000000 ) ) ;
#550 = ORIENTED_EDGE ( 'NONE', *, *, #61, .F. ) ;
#551 = AXIS2_PLACEMENT_3D ( 'NONE', #337, #942, #807 ) ;
#552 = AXIS2_PLACEMENT_3D ( 'NONE', #1069, #954, #804 ) ;
#553 = FACE_OUTER_BOUND ( 'NONE', #582, .T. ) ;
#554 = VECTOR ( 'NONE', #723, 1000.000000000000000 ) ;
#555 = EDGE_LOOP ( 'NONE', ( #559, #963, #1426, #861, #213, #1489, #420 ) ) ;
#556 = DIRECTION ( 'NONE',  ( 0.000000000000000000, 0.000000000000000000, 1.000000000000000000 ) ) ;
#557 = DIRECTION ( 'NONE',  ( -0.000000000000000000, -1.000000000000000000, -0.000000000000000000 ) ) ;
#558 = LINE ( 'NONE', #1025, #1449 ) ;
#559 = ORIENTED_EDGE ( 'NONE', *, *, #1225, .F. ) ;
#560 = CARTESIAN_POINT ( 'NONE',  ( -15.50000000000000000, 37.50000000000000000, 6.000000000000000000 ) ) ;
#561 = ORIENTED_EDGE ( 'NONE', *, *, #261, .T. ) ;
#562 = DIRECTION ( 'NONE',  ( 0.000000000000000000, 1.000000000000000000, 0.000000000000000000 ) ) ;
#563 = EDGE_CURVE ( 'NONE', #681, #37, #769, .T. ) ;
#564 = CARTESIAN_POINT ( 'NONE',  ( 12.50000000000000000, 35.89999999999999147, 6.000000000000000000 ) ) ;
#565 = CYLINDRICAL_SURFACE ( 'NONE', #1140, 4.000000000000000000 ) ;
#566 = ORIENTED_EDGE ( 'NONE', *, *, #1272, .F. ) ;
#567 = CARTESIAN_POINT ( 'NONE',  ( 15.50000000000000000, 37.50000000000000000, 0.000000000000000000 ) ) ;
#568 = ORIENTED_EDGE ( 'NONE', *, *, #403, .F. ) ;
#569 = CARTESIAN_POINT ( 'NONE',  ( -15.50000000000000000, -37.50000000000000000, 6.000000000000000000 ) ) ;
#570 = DIRECTION ( 'NONE',  ( -1.000000000000000000, 0.000000000000000000, 0.000000000000000000 ) ) ;
#571 = DIRECTION ( 'NONE',  ( 0.000000000000000000, 0.000000000000000000, 1.000000000000000000 ) ) ;
#572 = ORIENTED_EDGE ( 'NONE', *, *, #1491, .T. ) ;
#573 = AXIS2_PLACEMENT_3D ( 'NONE', #56, #1340, #1160 ) ;
#574 = EDGE_CURVE ( 'NONE', #224, #787, #1505, .T. ) ;
#575 = DIRECTION ( 'NONE',  ( -1.000000000000000000, 0.000000000000000000, 0.000000000000000000 ) ) ;
#576 = AXIS2_PLACEMENT_3D ( 'NONE', #234, #1056, #570 ) ;
#577 = ORIENTED_EDGE ( 'NONE', *, *, #261, .F. ) ;
#578 = CARTESIAN_POINT ( 'NONE',  ( -15.50000000000000000, 37.50000000000000000, 0.000000000000000000 ) ) ;
#579 = AXIS2_PLACEMENT_3D ( 'NONE', #514, #865, #1422 ) ;
#580 = DIRECTION ( 'NONE',  ( 0.000000000000000000, 0.000000000000000000, -1.000000000000000000 ) ) ;
#581 = DIRECTION ( 'NONE',  ( 0.000000000000000000, -1.000000000000000000, 0.000000000000000000 ) ) ;
#582 = EDGE_LOOP ( 'NONE', ( #1003, #1019, #313, #266 ) ) ;
#583 = CARTESIAN_POINT ( 'NONE',  ( 18.10000000000000142, 40.10000000000000142, 6.000000000000000000 ) ) ;
#584 = EDGE_CURVE ( 'NONE', #1169, #774, #1270, .T. ) ;
#585 = CARTESIAN_POINT ( 'NONE',  ( -18.10000000000000142, 40.10000000000000142, 5.999999999999998224 ) ) ;
#586 = DIRECTION ( 'NONE',  ( 0.000000000000000000, 0.000000000000000000, -1.000000000000000000 ) ) ;
#587 = LINE ( 'NONE', #841, #325 ) ;
#588 = ORIENTED_EDGE ( 'NONE', *, *, #193, .F. ) ;
#589 = DIRECTION ( 'NONE',  ( 0.000000000000000000, 0.000000000000000000, -1.000000000000000000 ) ) ;
#590 = CARTESIAN_POINT ( 'NONE',  ( 11.83393944403532849, 35.89999999999999147, 6.000000000000000000 ) ) ;
#591 = EDGE_CURVE ( 'NONE', #981, #1059, #332, .T. ) ;
#592 = PLANE ( 'NONE',  #627 ) ;
#593 = DIRECTION ( 'NONE',  ( -0.000000000000000000, -0.000000000000000000, -1.000000000000000000 ) ) ;
#594 = ORIENTED_EDGE ( 'NONE', *, *, #112, .F. ) ;
#595 = LINE ( 'NONE', #42, #1333 ) ;
#596 = CIRCLE ( 'NONE', #178, 4.000000000000000000 ) ;
#597 = CIRCLE ( 'NONE', #450, 4.000000000000000000 ) ;
#598 = CARTESIAN_POINT ( 'NONE',  ( 12.46026316928587008, -40.10000000000000142, 6.000000000000000000 ) ) ;
#599 = VECTOR ( 'NONE', #771, 1000.000000000000000 ) ;
#600 = ORIENTED_EDGE ( 'NONE', *, *, #721, .F. ) ;
#601 = LINE ( 'NONE', #461, #698 ) ;
#602 = AXIS2_PLACEMENT_3D ( 'NONE', #1046, #1055, #1179 ) ;
#603 = EDGE_CURVE ( 'NONE', #44, #94, #604, .T. ) ;
#604 = CIRCLE ( 'NONE', #84, 4.000000000000000000 ) ;
#605 = ORIENTED_EDGE ( 'NONE', *, *, #372, .F. ) ;
#606 = EDGE_LOOP ( 'NONE', ( #495, #1353, #1320, #1357 ) ) ;
#607 = LINE ( 'NONE', #511, #474 ) ;
#608 = CARTESIAN_POINT ( 'NONE',  ( 18.10000000000000142, 40.10000000000000142, 25.00000000000000000 ) ) ;
#609 = EDGE_LOOP ( 'NONE', ( #1346, #857, #849, #1279, #479, #600, #1186, #888, #1335 ) ) ;
#610 = CARTESIAN_POINT ( 'NONE',  ( -14.09999999999976161, 33.75300120096095924, 0.000000000000000000 ) ) ;
#611 = DIRECTION ( 'NONE',  ( 0.000000000000000000, 1.000000000000000000, 0.000000000000000000 ) ) ;
#612 = CARTESIAN_POINT ( 'NONE',  ( 11.92788578010164713, -35.70000000000000284, 6.000000000000000000 ) ) ;
#613 = EDGE_CURVE ( 'NONE', #981, #126, #423, .T. ) ;
#614 = ORIENTED_EDGE ( 'NONE', *, *, #949, .T. ) ;
#615 = CARTESIAN_POINT ( 'NONE',  ( 15.50000000000000000, -37.50000000000000000, 6.000000000000000000 ) ) ;
#616 = FACE_OUTER_BOUND ( 'NONE', #1072, .T. ) ;
#617 = EDGE_CURVE ( 'NONE', #463, #722, #1249, .T. ) ;
#618 = VERTEX_POINT ( 'NONE', #548 ) ;
#619 = LINE ( 'NONE', #1228, #1314 ) ;
#620 = PLANE ( 'NONE',  #329 ) ;
#621 = ADVANCED_FACE ( 'NONE', ( #901 ), #1456, .F. ) ;
#622 = VERTEX_POINT ( 'NONE', #1158 ) ;
#623 = LINE ( 'NONE', #1088, #747 ) ;
#624 = DIRECTION ( 'NONE',  ( -1.000000000000000000, 0.000000000000000000, -0.000000000000000000 ) ) ;
#625 = CARTESIAN_POINT ( 'NONE',  ( 12.46026316928587008, -40.10000000000000142, 6.000000000000000000 ) ) ;
#626 = VECTOR ( 'NONE', #271, 1000.000000000000000 ) ;
#627 = AXIS2_PLACEMENT_3D ( 'NONE', #358, #926, #938 ) ;
#628 = DIRECTION ( 'NONE',  ( 0.000000000000000000, 0.000000000000000000, -1.000000000000000000 ) ) ;
#629 = VECTOR ( 'NONE', #340, 1000.000000000000000 ) ;
#630 = ORIENTED_EDGE ( 'NONE', *, *, #489, .T. ) ;
#631 = DIRECTION ( 'NONE',  ( -1.000000000000000000, 0.000000000000000000, 0.000000000000000000 ) ) ;
#632 = UNCERTAINTY_MEASURE_WITH_UNIT (LENGTH_MEASURE( 1.000000000000000082E-05 ), #1256, 'distance_accuracy_value', 'NONE');
#633 = PLANE ( 'NONE',  #1121 ) ;
#634 = ORIENTED_EDGE ( 'NONE', *, *, #441, .T. ) ;
#635 = LINE ( 'NONE', #1205, #876 ) ;
#636 = ORIENTED_EDGE ( 'NONE', *, *, #489, .F. ) ;
#637 = ORIENTED_EDGE ( 'NONE', *, *, #102, .T. ) ;
#638 = CARTESIAN_POINT ( 'NONE',  ( 18.10000000000000142, -40.10000000000000142, 0.000000000000000000 ) ) ;
#639 = FACE_OUTER_BOUND ( 'NONE', #547, .T. ) ;
#640 = VERTEX_POINT ( 'NONE', #590 ) ;
#641 = CARTESIAN_POINT ( 'NONE',  ( 18.10000000000000142, -40.10000000000000142, 25.00000000000000000 ) ) ;
#642 = ADVANCED_FACE ( 'NONE', ( #699 ), #1037, .F. ) ;
#643 = LINE ( 'NONE', #612, #671 ) ;
#644 = ORIENTED_EDGE ( 'NONE', *, *, #1089, .T. ) ;
#645 = DIRECTION ( 'NONE',  ( 0.000000000000000000, 0.000000000000000000, 1.000000000000000000 ) ) ;
#646 = CARTESIAN_POINT ( 'NONE',  ( 11.92788578010164890, -35.70000000000000284, 6.000000000000000000 ) ) ;
#647 = ORIENTED_EDGE ( 'NONE', *, *, #1290, .F. ) ;
#648 = ADVANCED_FACE ( 'NONE', ( #1392 ), #222, .T. ) ;
#649 = FACE_OUTER_BOUND ( 'NONE', #1467, .T. ) ;
#650 = EDGE_CURVE ( 'NONE', #62, #132, #380, .T. ) ;
#651 = VECTOR ( 'NONE', #1244, 1000.000000000000000 ) ;
#652 = ORIENTED_EDGE ( 'NONE', *, *, #1393, .T. ) ;
#653 = VECTOR ( 'NONE', #562, 1000.000000000000000 ) ;
#654 = CARTESIAN_POINT ( 'NONE',  ( 18.10000000000000142, -34.46026316928586652, 6.000000000000000000 ) ) ;
#655 = ORIENTED_EDGE ( 'NONE', *, *, #704, .T. ) ;
#656 = CARTESIAN_POINT ( 'NONE',  ( -14.10000000000000142, -33.75300120096095924, 6.000000000000000000 ) ) ;
#657 = DIRECTION ( 'NONE',  ( 0.000000000000000000, 0.000000000000000000, 1.000000000000000000 ) ) ;
#658 = EDGE_CURVE ( 'NONE', #430, #710, #1274, .T. ) ;
#659 = ORIENTED_EDGE ( 'NONE', *, *, #1516, .F. ) ;
#660 = LINE ( 'NONE', #544, #1168 ) ;
#661 = VERTEX_POINT ( 'NONE', #1500 ) ;
#662 = PRESENTATION_STYLE_ASSIGNMENT (( #292 ) ) ;
#663 = CARTESIAN_POINT ( 'NONE',  ( -11.69689577749890219, 41.30000000000000426, 25.00000000000000000 ) ) ;
#664 = EDGE_LOOP ( 'NONE', ( #284, #688, #41, #14 ) ) ;
#665 = LINE ( 'NONE', #296, #1356 ) ;
#666 = EDGE_LOOP ( 'NONE', ( #1469, #1369 ) ) ;
#667 = CARTESIAN_POINT ( 'NONE',  ( -20.10000000000000142, 43.10000000000000853, 25.00000000000000000 ) ) ;
#668 = FACE_OUTER_BOUND ( 'NONE', #231, .T. ) ;
#669 = ORIENTED_EDGE ( 'NONE', *, *, #721, .T. ) ;
#670 = AXIS2_PLACEMENT_3D ( 'NONE', #326, #449, #930 ) ;
#671 = VECTOR ( 'NONE', #972, 1000.000000000000000 ) ;
#672 = DIRECTION ( 'NONE',  ( 1.000000000000000000, 0.000000000000000000, 0.000000000000000000 ) ) ;
#673 = AXIS2_PLACEMENT_3D ( 'NONE', #63, #1015, #1126 ) ;
#674 = ADVANCED_FACE ( 'NONE', ( #830 ), #1377, .F. ) ;
#675 = ORIENTED_EDGE ( 'NONE', *, *, #147, .F. ) ;
#676 = DIRECTION ( 'NONE',  ( 1.000000000000000000, 0.000000000000000000, 0.000000000000000000 ) ) ;
#677 = DIRECTION ( 'NONE',  ( 0.000000000000000000, 0.000000000000000000, 1.000000000000000000 ) ) ;
#678 = CARTESIAN_POINT ( 'NONE',  ( 11.83393944403532849, 35.89999999999999147, 6.000000000000000000 ) ) ;
#679 = ORIENTED_EDGE ( 'NONE', *, *, #691, .T. ) ;
#680 = DIRECTION ( 'NONE',  ( 0.000000000000000000, 0.000000000000000000, 1.000000000000000000 ) ) ;
#681 = VERTEX_POINT ( 'NONE', #1184 ) ;
#682 = CARTESIAN_POINT ( 'NONE',  ( -15.50000000000000000, -37.50000000000000000, 0.000000000000000000 ) ) ;
#683 = LINE ( 'NONE', #108, #1403 ) ;
#684 = ADVANCED_FACE ( 'NONE', ( #357 ), #444, .T. ) ;
#685 = DIRECTION ( 'NONE',  ( 0.000000000000000000, 1.000000000000000000, 0.000000000000000000 ) ) ;
#686 = VERTEX_POINT ( 'NONE', #1280 ) ;
#687 = CARTESIAN_POINT ( 'NONE',  ( 10.27689577749879746, 41.30000000000000426, 0.000000000000000000 ) ) ;
#688 = ORIENTED_EDGE ( 'NONE', *, *, #1032, .F. ) ;
#689 = DIRECTION ( 'NONE',  ( -1.000000000000000000, 0.000000000000000000, 0.000000000000000000 ) ) ;
#690 = LINE ( 'NONE', #1415, #502 ) ;
#691 = EDGE_CURVE ( 'NONE', #1197, #1105, #996, .T. ) ;
#692 = VERTEX_POINT ( 'NONE', #1493 ) ;
#693 = ADVANCED_FACE ( 'NONE', ( #119 ), #712, .T. ) ;
#694 = VECTOR ( 'NONE', #685, 1000.000000000000000 ) ;
#695 = CIRCLE ( 'NONE', #472, 4.000000000000000000 ) ;
#696 = LINE ( 'NONE', #1035, #1041 ) ;
#697 = AXIS2_PLACEMENT_3D ( 'NONE', #1474, #408, #59 ) ;
#698 = VECTOR ( 'NONE', #223, 1000.000000000000000 ) ;
#699 = FACE_OUTER_BOUND ( 'NONE', #806, .T. ) ;
#700 = AXIS2_PLACEMENT_3D ( 'NONE', #345, #106, #473 ) ;
#701 = PLANE ( 'NONE',  #155 ) ;
#702 = DIRECTION ( 'NONE',  ( 1.000000000000000000, 0.000000000000000000, 0.000000000000000000 ) ) ;
#703 = ORIENTED_EDGE ( 'NONE', *, *, #1359, .T. ) ;
#704 = EDGE_CURVE ( 'NONE', #298, #1277, #465, .T. ) ;
#705 = LINE ( 'NONE', #583, #822 ) ;
#706 = EDGE_CURVE ( 'NONE', #517, #755, #810, .T. ) ;
#707 = LINE ( 'NONE', #1521, #1020 ) ;
#708 = CARTESIAN_POINT ( 'NONE',  ( 0.000000000000000000, 0.000000000000000000, 2.000000000000000000 ) ) ;
#709 = LINE ( 'NONE', #934, #1 ) ;
#710 = VERTEX_POINT ( 'NONE', #932 ) ;
#711 = CARTESIAN_POINT ( 'NONE',  ( 13.49999999999999645, 37.50000000000000000, 6.000000000000000000 ) ) ;
#712 = CYLINDRICAL_SURFACE ( 'NONE', #700, 4.000000000000000000 ) ;
#713 = EDGE_CURVE ( 'NONE', #692, #430, #971, .T. ) ;
#714 = DIRECTION ( 'NONE',  ( 0.000000000000000000, 0.000000000000000000, 1.000000000000000000 ) ) ;
#715 = ORIENTED_EDGE ( 'NONE', *, *, #100, .T. ) ;
#716 = VERTEX_POINT ( 'NONE', #331 ) ;
#717 = CYLINDRICAL_SURFACE ( 'NONE', #5, 4.000000000000000000 ) ;
#718 = AXIS2_PLACEMENT_3D ( 'NONE', #305, #319, #991 ) ;
#719 = LINE ( 'NONE', #142, #354 ) ;
#720 = AXIS2_PLACEMENT_3D ( 'NONE', #185, #657, #1127 ) ;
#721 = EDGE_CURVE ( 'NONE', #355, #37, #60, .T. ) ;
#722 = VERTEX_POINT ( 'NONE', #585 ) ;
#723 = DIRECTION ( 'NONE',  ( -3.563892236262294995E-15, -1.000000000000000000, 0.000000000000000000 ) ) ;
#724 = VECTOR ( 'NONE', #1165, 1000.000000000000000 ) ;
#725 = DIRECTION ( 'NONE',  ( 1.000000000000000000, 0.000000000000000000, 0.000000000000000000 ) ) ;
#726 = AXIS2_PLACEMENT_3D ( 'NONE', #507, #283, #870 ) ;
#727 = ORIENTED_EDGE ( 'NONE', *, *, #1491, .F. ) ;
#728 = ORIENTED_EDGE ( 'NONE', *, *, #458, .F. ) ;
#729 = DIRECTION ( 'NONE',  ( -1.211399075402798533E-16, 1.000000000000000000, -0.000000000000000000 ) ) ;
#730 = FACE_OUTER_BOUND ( 'NONE', #146, .T. ) ;
#731 = VERTEX_POINT ( 'NONE', #945 ) ;
#732 = CARTESIAN_POINT ( 'NONE',  ( 17.50000000000000000, -37.50000000000000000, 6.000000000000000000 ) ) ;
#733 = FACE_OUTER_BOUND ( 'NONE', #1008, .T. ) ;
#734 = ORIENTED_EDGE ( 'NONE', *, *, #867, .T. ) ;
#735 = CARTESIAN_POINT ( 'NONE',  ( -11.83393944403532849, 35.89999999999999147, 6.000000000000000000 ) ) ;
#736 = CARTESIAN_POINT ( 'NONE',  ( 0.000000000000000000, 0.000000000000000000, 25.00000000000000000 ) ) ;
#737 = ORIENTED_EDGE ( 'NONE', *, *, #1024, .F. ) ;
#738 = DIRECTION ( 'NONE',  ( 0.000000000000000000, 0.000000000000000000, -1.000000000000000000 ) ) ;
#739 = LINE ( 'NONE', #1458, #995 ) ;
#740 = EDGE_CURVE ( 'NONE', #1145, #860, #1051, .T. ) ;
#741 = ORIENTED_EDGE ( 'NONE', *, *, #363, .T. ) ;
#742 = EDGE_CURVE ( 'NONE', #1376, #710, #349, .T. ) ;
#743 = DIRECTION ( 'NONE',  ( -1.000000000000000000, 0.000000000000000000, 0.000000000000000000 ) ) ;
#744 = DIRECTION ( 'NONE',  ( -1.000000000000000000, 0.000000000000000000, 0.000000000000000000 ) ) ;
#745 = EDGE_LOOP ( 'NONE', ( #940, #302, #1262, #278, #1132, #1259, #244, #122 ) ) ;
#746 = LINE ( 'NONE', #1220, #34 ) ;
#747 = VECTOR ( 'NONE', #862, 1000.000000000000000 ) ;
#748 = VECTOR ( 'NONE', #858, 1000.000000000000000 ) ;
#749 = CARTESIAN_POINT ( 'NONE',  ( 20.10000000000000142, 43.10000000000000853, 25.00000000000000000 ) ) ;
#750 = VECTOR ( 'NONE', #82, 1000.000000000000000 ) ;
#751 = ORIENTED_EDGE ( 'NONE', *, *, #433, .F. ) ;
#752 = DIRECTION ( 'NONE',  ( -0.000000000000000000, -0.000000000000000000, 1.000000000000000000 ) ) ;
#753 = EDGE_CURVE ( 'NONE', #440, #44, #707, .T. ) ;
#754 = CARTESIAN_POINT ( 'NONE',  ( -14.10000000000000142, -35.70000000000000284, 76.38141135119198566 ) ) ;
#755 = VERTEX_POINT ( 'NONE', #1210 ) ;
#756 = CARTESIAN_POINT ( 'NONE',  ( -18.10000000000000142, 40.10000000000000142, 25.00000000000000000 ) ) ;
#757 = CARTESIAN_POINT ( 'NONE',  ( 15.50000000000000000, 37.50000000000000000, 2.000000000000000000 ) ) ;
#758 = ORIENTED_EDGE ( 'NONE', *, *, #859, .F. ) ;
#759 = DIRECTION ( 'NONE',  ( 0.000000000000000000, 0.000000000000000000, 1.000000000000000000 ) ) ;
#760 = CARTESIAN_POINT ( 'NONE',  ( -14.10000000000000142, 35.89999999999999147, 0.000000000000000000 ) ) ;
#761 = EDGE_CURVE ( 'NONE', #1208, #1460, #719, .T. ) ;
#762 = EDGE_LOOP ( 'NONE', ( #186, #906, #398, #339 ) ) ;
#763 = DIRECTION ( 'NONE',  ( 0.000000000000000000, 0.000000000000000000, 1.000000000000000000 ) ) ;
#764 = EDGE_CURVE ( 'NONE', #1045, #463, #390, .T. ) ;
#765 = DIRECTION ( 'NONE',  ( 0.000000000000000000, -1.000000000000000000, 0.000000000000000000 ) ) ;
#766 = ORIENTED_EDGE ( 'NONE', *, *, #959, .F. ) ;
#767 = FACE_BOUND ( 'NONE', #365, .T. ) ;
#768 = ORIENTED_EDGE ( 'NONE', *, *, #1130, .F. ) ;
#769 = LINE ( 'NONE', #882, #750 ) ;
#770 = ADVANCED_FACE ( 'NONE', ( #1305 ), #265, .T. ) ;
#771 = DIRECTION ( 'NONE',  ( -0.000000000000000000, -0.000000000000000000, -1.000000000000000000 ) ) ;
#772 = AXIS2_PLACEMENT_3D ( 'NONE', #854, #836, #123 ) ;
#773 = CIRCLE ( 'NONE', #1268, 2.000000000000001776 ) ;
#774 = VERTEX_POINT ( 'NONE', #1093 ) ;
#775 = AXIS2_PLACEMENT_3D ( 'NONE', #124, #1294, #226 ) ;
#776 = LINE ( 'NONE', #1453, #846 ) ;
#777 = ORIENTED_EDGE ( 'NONE', *, *, #24, .T. ) ;
#778 = CARTESIAN_POINT ( 'NONE',  ( -20.10000000000000142, -42.10000000000000853, 25.00000000000000000 ) ) ;
#779 = DIRECTION ( 'NONE',  ( 0.000000000000000000, 0.000000000000000000, 1.000000000000000000 ) ) ;
#780 = VERTEX_POINT ( 'NONE', #1066 ) ;
#781 = DIRECTION ( 'NONE',  ( 0.000000000000000000, 1.000000000000000000, 0.000000000000000000 ) ) ;
#782 = ORIENTED_EDGE ( 'NONE', *, *, #742, .F. ) ;
#783 = CARTESIAN_POINT ( 'NONE',  ( -15.50000000000000000, -37.50000000000000000, 2.000000000000000000 ) ) ;
#784 = CARTESIAN_POINT ( 'NONE',  ( 18.10000000000000142, 40.10000000000000142, 0.000000000000000000 ) ) ;
#785 = LINE ( 'NONE', #405, #1423 ) ;
#786 = ADVANCED_FACE ( 'NONE', ( #730, #960 ), #1328, .F. ) ;
#787 = VERTEX_POINT ( 'NONE', #371 ) ;
#788 = EDGE_CURVE ( 'NONE', #74, #661, #158, .T. ) ;
#789 = CARTESIAN_POINT ( 'NONE',  ( 20.10000000000000142, -42.10000000000000853, 25.00000000000000000 ) ) ;
#790 = EDGE_LOOP ( 'NONE', ( #22, #26, #76, #1113 ) ) ;
#791 = CARTESIAN_POINT ( 'NONE',  ( -15.50000000000000000, -37.50000000000000000, 0.000000000000000000 ) ) ;
#792 = DIRECTION ( 'NONE',  ( 0.000000000000000000, 1.000000000000000000, 0.000000000000000000 ) ) ;
#793 = LINE ( 'NONE', #1224, #1090 ) ;
#794 = VECTOR ( 'NONE', #611, 1000.000000000000000 ) ;
#795 = CIRCLE ( 'NONE', #1288, 2.000000000000003553 ) ;
#796 = ORIENTED_EDGE ( 'NONE', *, *, #384, .T. ) ;
#797 = AXIS2_PLACEMENT_3D ( 'NONE', #866, #1446, #145 ) ;
#798 = VECTOR ( 'NONE', #1406, 1000.000000000000000 ) ;
#799 = CARTESIAN_POINT ( 'NONE',  ( -15.50000000000000000, 37.50000000000000000, 6.000000000000000000 ) ) ;
#800 = AXIS2_PLACEMENT_3D ( 'NONE', #736, #246, #624 ) ;
#801 = EDGE_CURVE ( 'NONE', #1076, #136, #975, .T. ) ;
#802 = ORIENTED_EDGE ( 'NONE', *, *, #1034, .F. ) ;
#803 = DIRECTION ( 'NONE',  ( 0.000000000000000000, 1.000000000000000000, 0.000000000000000000 ) ) ;
#804 = DIRECTION ( 'NONE',  ( 1.000000000000000000, 0.000000000000000000, 0.000000000000000000 ) ) ;
#805 = LINE ( 'NONE', #638, #694 ) ;
#806 = EDGE_LOOP ( 'NONE', ( #948, #1448, #675, #1026 ) ) ;
#807 = DIRECTION ( 'NONE',  ( -1.000000000000000000, 0.000000000000000000, 0.000000000000000000 ) ) ;
#808 = ORIENTED_EDGE ( 'NONE', *, *, #1200, .F. ) ;
#809 = PRODUCT_RELATED_PRODUCT_CATEGORY ( 'part', '', ( #471 ) ) ;
#810 = LINE ( 'NONE', #1510, #724 ) ;
#811 = EDGE_CURVE ( 'NONE', #1283, #520, #923, .T. ) ;
#812 = CARTESIAN_POINT ( 'NONE',  ( 0.000000000000000000, 0.000000000000000000, 2.000000000000000000 ) ) ;
#813 = DIRECTION ( 'NONE',  ( 0.000000000000000000, 0.000000000000000000, 1.000000000000000000 ) ) ;
#814 = ORIENTED_EDGE ( 'NONE', *, *, #811, .F. ) ;
#815 = DIRECTION ( 'NONE',  ( -0.000000000000000000, -1.000000000000000000, -0.000000000000000000 ) ) ;
#816 = DIRECTION ( 'NONE',  ( 1.000000000000000000, 0.000000000000000000, 0.000000000000000000 ) ) ;
#817 = FACE_OUTER_BOUND ( 'NONE', #72, .T. ) ;
#818 = EDGE_CURVE ( 'NONE', #1145, #1086, #1315, .T. ) ;
#819 = ORIENTED_EDGE ( 'NONE', *, *, #1081, .T. ) ;
#820 = VECTOR ( 'NONE', #1267, 1000.000000000000000 ) ;
#821 = CARTESIAN_POINT ( 'NONE',  ( 12.50000000000000000, 35.89999999999999147, 76.38141135119198566 ) ) ;
#822 = VECTOR ( 'NONE', #1050, 1000.000000000000000 ) ;
#823 = CIRCLE ( 'NONE', #1144, 4.000000000000000000 ) ;
#824 = CARTESIAN_POINT ( 'NONE',  ( -18.10000000000000142, -40.10000000000000142, 25.00000000000000000 ) ) ;
#825 = VECTOR ( 'NONE', #1085, 1000.000000000000000 ) ;
#826 = CARTESIAN_POINT ( 'NONE',  ( -14.10000000000000142, -35.70000000000000284, 0.000000000000000000 ) ) ;
#827 = DIRECTION ( 'NONE',  ( -1.000000000000000000, 0.000000000000000000, 0.000000000000000000 ) ) ;
#828 = EDGE_LOOP ( 'NONE', ( #39, #143, #644, #989 ) ) ;
#829 = DIRECTION ( 'NONE',  ( -1.000000000000000000, 0.000000000000000000, 0.000000000000000000 ) ) ;
#830 = FACE_OUTER_BOUND ( 'NONE', #1519, .T. ) ;
#831 = DIRECTION ( 'NONE',  ( -1.000000000000000000, 0.000000000000000000, 0.000000000000000000 ) ) ;
#832 = DIRECTION ( 'NONE',  ( 0.000000000000000000, 0.000000000000000000, 1.000000000000000000 ) ) ;
#833 = ORIENTED_EDGE ( 'NONE', *, *, #1245, .F. ) ;
#834 = ADVANCED_FACE ( 'NONE', ( #616 ), #1420, .F. ) ;
#835 = ORIENTED_EDGE ( 'NONE', *, *, #613, .F. ) ;
#836 = DIRECTION ( 'NONE',  ( -0.000000000000000000, 1.000000000000000000, 0.000000000000000000 ) ) ;
#837 = EDGE_CURVE ( 'NONE', #731, #483, #64, .T. ) ;
#838 = DIRECTION ( 'NONE',  ( -0.000000000000000000, -0.000000000000000000, -1.000000000000000000 ) ) ;
#839 = ORIENTED_EDGE ( 'NONE', *, *, #968, .T. ) ;
#840 = PLANE ( 'NONE',  #254 ) ;
#841 = CARTESIAN_POINT ( 'NONE',  ( -18.10000000000000142, 40.10000000000000142, 6.000000000000000000 ) ) ;
#842 = ORIENTED_EDGE ( 'NONE', *, *, #1316, .F. ) ;
#843 = ORIENTED_EDGE ( 'NONE', *, *, #617, .T. ) ;
#844 = VECTOR ( 'NONE', #645, 1000.000000000000000 ) ;
#845 = FACE_OUTER_BOUND ( 'NONE', #852, .T. ) ;
#846 = VECTOR ( 'NONE', #68, 1000.000000000000000 ) ;
#847 = DIRECTION ( 'NONE',  ( -1.000000000000000000, 0.000000000000000000, 0.000000000000000000 ) ) ;
#848 = EDGE_CURVE ( 'NONE', #1164, #1105, #383, .T. ) ;
#849 = ORIENTED_EDGE ( 'NONE', *, *, #497, .T. ) ;
#850 = FACE_BOUND ( 'NONE', #864, .T. ) ;
#851 = VECTOR ( 'NONE', #189, 1000.000000000000000 ) ;
#852 = EDGE_LOOP ( 'NONE', ( #1390, #1472, #766, #317, #19, #140, #918, #777 ) ) ;
#853 = VERTEX_POINT ( 'NONE', #498 ) ;
#854 = CARTESIAN_POINT ( 'NONE',  ( -11.69689577749890219, 41.30000000000000426, -22.10446822030533198 ) ) ;
#855 = CYLINDRICAL_SURFACE ( 'NONE', #107, 2.000000000000001776 ) ;
#856 = ADVANCED_FACE ( 'NONE', ( #272 ), #633, .F. ) ;
#857 = ORIENTED_EDGE ( 'NONE', *, *, #538, .T. ) ;
#858 = DIRECTION ( 'NONE',  ( -1.000000000000000000, 0.000000000000000000, 0.000000000000000000 ) ) ;
#859 = EDGE_CURVE ( 'NONE', #132, #62, #203, .T. ) ;
#860 = VERTEX_POINT ( 'NONE', #364 ) ;
#861 = ORIENTED_EDGE ( 'NONE', *, *, #478, .T. ) ;
#862 = DIRECTION ( 'NONE',  ( 1.000000000000000000, 0.000000000000000000, 0.000000000000000000 ) ) ;
#863 = DIRECTION ( 'NONE',  ( 0.000000000000000000, 0.000000000000000000, 1.000000000000000000 ) ) ;
#864 = EDGE_LOOP ( 'NONE', ( #1326, #751 ) ) ;
#865 = DIRECTION ( 'NONE',  ( 0.000000000000000000, 0.000000000000000000, 1.000000000000000000 ) ) ;
#866 = CARTESIAN_POINT ( 'NONE',  ( -15.50000000000000000, -37.50000000000000000, 6.000000000000000000 ) ) ;
#867 = EDGE_CURVE ( 'NONE', #868, #977, #1334, .T. ) ;
#868 = VERTEX_POINT ( 'NONE', #1075 ) ;
#869 = LINE ( 'NONE', #1154, #820 ) ;
#870 = DIRECTION ( 'NONE',  ( -1.000000000000000000, 0.000000000000000000, -0.000000000000000000 ) ) ;
#871 = CIRCLE ( 'NONE', #1060, 4.000000000000000000 ) ;
#872 = ORIENTED_EDGE ( 'NONE', *, *, #1447, .F. ) ;
#873 = DIRECTION ( 'NONE',  ( -0.000000000000000000, -0.000000000000000000, -1.000000000000000000 ) ) ;
#874 = CIRCLE ( 'NONE', #1266, 2.000000000000003553 ) ;
#875 = ORIENTED_EDGE ( 'NONE', *, *, #713, .T. ) ;
#876 = VECTOR ( 'NONE', #1103, 1000.000000000000000 ) ;
#877 = EDGE_LOOP ( 'NONE', ( #872, #614, #1231, #361 ) ) ;
#878 = PLANE ( 'NONE',  #573 ) ;
#879 = EDGE_CURVE ( 'NONE', #150, #1208, #1117, .T. ) ;
#880 = CARTESIAN_POINT ( 'NONE',  ( 18.10000000000000142, -40.10000000000000142, 5.999999999999998224 ) ) ;
#881 = ORIENTED_EDGE ( 'NONE', *, *, #487, .F. ) ;
#882 = CARTESIAN_POINT ( 'NONE',  ( 18.10000000000000142, 40.10000000000000142, 0.000000000000000000 ) ) ;
#883 = ORIENTED_EDGE ( 'NONE', *, *, #441, .F. ) ;
#884 = ORIENTED_EDGE ( 'NONE', *, *, #788, .F. ) ;
#885 = DIRECTION ( 'NONE',  ( -3.563892236262294995E-15, -1.000000000000000000, 0.000000000000000000 ) ) ;
#886 = DIRECTION ( 'NONE',  ( 0.000000000000000000, -1.000000000000000000, 0.000000000000000000 ) ) ;
#887 = ADVANCED_FACE ( 'NONE', ( #1430 ), #855, .F. ) ;
#888 = ORIENTED_EDGE ( 'NONE', *, *, #535, .F. ) ;
#889 = DIRECTION ( 'NONE',  ( -0.000000000000000000, -0.000000000000000000, -1.000000000000000000 ) ) ;
#890 = CARTESIAN_POINT ( 'NONE',  ( 18.10000000000000142, -40.10000000000000142, 25.00000000000000000 ) ) ;
#891 = VERTEX_POINT ( 'NONE', #789 ) ;
#892 = DIRECTION ( 'NONE',  ( 0.000000000000000000, 0.000000000000000000, 1.000000000000000000 ) ) ;
#893 = ORIENTED_EDGE ( 'NONE', *, *, #478, .F. ) ;
#894 = CARTESIAN_POINT ( 'NONE',  ( 17.50000000000000000, 37.50000000000000000, 6.000000000000000000 ) ) ;
#895 = AXIS2_PLACEMENT_3D ( 'NONE', #43, #1322, #1443 ) ;
#896 = VECTOR ( 'NONE', #115, 1000.000000000000000 ) ;
#897 = ORIENTED_EDGE ( 'NONE', *, *, #1272, .T. ) ;
#898 = AXIS2_PLACEMENT_3D ( 'NONE', #1344, #1133, #676 ) ;
#899 = PLANE ( 'NONE',  #1091 ) ;
#900 = ORIENTED_EDGE ( 'NONE', *, *, #214, .F. ) ;
#901 = FACE_OUTER_BOUND ( 'NONE', #1410, .T. ) ;
#902 = EDGE_CURVE ( 'NONE', #1059, #483, #660, .T. ) ;
#903 = CARTESIAN_POINT ( 'NONE',  ( 10.27689577749880101, 38.90000000000000568, 25.00000000000000000 ) ) ;
#904 = ORIENTED_EDGE ( 'NONE', *, *, #988, .F. ) ;
#905 = CYLINDRICAL_SURFACE ( 'NONE', #718, 2.000000000000001776 ) ;
#906 = ORIENTED_EDGE ( 'NONE', *, *, #414, .T. ) ;
#907 = DIRECTION ( 'NONE',  ( 1.000000000000000000, 0.000000000000000000, 0.000000000000000000 ) ) ;
#908 = CARTESIAN_POINT ( 'NONE',  ( -17.50000000000000000, -37.50000000000000000, 2.000000000000000000 ) ) ;
#909 = LINE ( 'NONE', #518, #373 ) ;
#910 = EDGE_LOOP ( 'NONE', ( #236, #1087 ) ) ;
#911 = ADVANCED_FACE ( 'NONE', ( #1347 ), #1124, .T. ) ;
#912 = LINE ( 'NONE', #821, #1451 ) ;
#913 = ORIENTED_EDGE ( 'NONE', *, *, #1111, .F. ) ;
#914 = CARTESIAN_POINT ( 'NONE',  ( 20.10000000000000142, 0.000000000000000000, -2.000000000000000000 ) ) ;
#915 = DIRECTION ( 'NONE',  ( -1.000000000000000000, 0.000000000000000000, 0.000000000000000000 ) ) ;
#916 = CARTESIAN_POINT ( 'NONE',  ( -15.50000000000000000, -37.50000000000000000, 6.000000000000000000 ) ) ;
#917 = CIRCLE ( 'NONE', #202, 2.000000000000000000 ) ;
#918 = ORIENTED_EDGE ( 'NONE', *, *, #1111, .T. ) ;
#919 = CLOSED_SHELL ( 'NONE', ( #674, #36, #770, #1306, #247, #204, #786, #911, #693, #15, #1419, #648, #157, #1196, #281, #46, #834, #856, #979, #642, #1016, #928, #920, #684, #310, #1374, #515, #1207, #4, #1122, #621, #1013, #1071, #931, #54, #887, #466, #1177, #1108, #269, #922, #290, #297, #66, #318, #1161, #1185, #1341 ) ) ;
#920 = ADVANCED_FACE ( 'NONE', ( #539, #639 ), #899, .T. ) ;
#921 = CARTESIAN_POINT ( 'NONE',  ( -17.50000000000000000, 37.50000000000000000, 6.000000000000000000 ) ) ;
#922 = ADVANCED_FACE ( 'NONE', ( #1370 ), #1107, .F. ) ;
#923 = CIRCLE ( 'NONE', #133, 2.000000000000000000 ) ;
#924 = VERTEX_POINT ( 'NONE', #1012 ) ;
#925 = DIRECTION ( 'NONE',  ( -0.000000000000000000, -0.000000000000000000, -1.000000000000000000 ) ) ;
#926 = DIRECTION ( 'NONE',  ( 0.000000000000000000, 0.000000000000000000, -1.000000000000000000 ) ) ;
#927 = CARTESIAN_POINT ( 'NONE',  ( 13.49999999999999645, 37.50000000000000000, 2.000000000000000000 ) ) ;
#928 = ADVANCED_FACE ( 'NONE', ( #421 ), #172, .F. ) ;
#929 = ORIENTED_EDGE ( 'NONE', *, *, #563, .F. ) ;
#930 = DIRECTION ( 'NONE',  ( 0.000000000000000000, 0.000000000000000000, 1.000000000000000000 ) ) ;
#931 = ADVANCED_FACE ( 'NONE', ( #1482 ), #905, .F. ) ;
#932 = CARTESIAN_POINT ( 'NONE',  ( -18.10000000000000142, -40.10000000000000142, 5.999999999999998224 ) ) ;
#933 = DIRECTION ( 'NONE',  ( 1.000000000000000000, 0.000000000000000000, 0.000000000000000000 ) ) ;
#934 = CARTESIAN_POINT ( 'NONE',  ( -12.46026316928587008, 40.10000000000000142, 6.000000000000000000 ) ) ;
#935 = ORIENTED_EDGE ( 'NONE', *, *, #837, .F. ) ;
#936 = CARTESIAN_POINT ( 'NONE',  ( -14.10000000000000142, 35.89999999999999147, 76.38141135119198566 ) ) ;
#937 = DIRECTION ( 'NONE',  ( 0.000000000000000000, 0.000000000000000000, 1.000000000000000000 ) ) ;
#938 = DIRECTION ( 'NONE',  ( -1.000000000000000000, 0.000000000000000000, -0.000000000000000000 ) ) ;
#939 = CARTESIAN_POINT ( 'NONE',  ( 15.50000000000000000, -37.50000000000000000, 6.000000000000000000 ) ) ;
#940 = ORIENTED_EDGE ( 'NONE', *, *, #546, .F. ) ;
#941 = VECTOR ( 'NONE', #439, 1000.000000000000000 ) ;
#942 = DIRECTION ( 'NONE',  ( -0.000000000000000000, -0.000000000000000000, -1.000000000000000000 ) ) ;
#943 = AXIS2_PLACEMENT_3D ( 'NONE', #1002, #892, #73 ) ;
#944 = VECTOR ( 'NONE', #493, 1000.000000000000000 ) ;
#945 = CARTESIAN_POINT ( 'NONE',  ( 11.92788578010164890, -35.70000000000000284, 0.000000000000000000 ) ) ;
#946 = AXIS2_PLACEMENT_3D ( 'NONE', #641, #52, #763 ) ;
#947 = FACE_OUTER_BOUND ( 'NONE', #666, .T. ) ;
#948 = ORIENTED_EDGE ( 'NONE', *, *, #1385, .T. ) ;
#949 = EDGE_CURVE ( 'NONE', #1155, #263, #1502, .T. ) ;
#950 = ORIENTED_EDGE ( 'NONE', *, *, #591, .F. ) ;
#951 = CARTESIAN_POINT ( 'NONE',  ( 12.50000000000000000, 35.89999999999999147, 76.38141135119198566 ) ) ;
#952 = CARTESIAN_POINT ( 'NONE',  ( 15.50000000000000000, -37.50000000000000000, 0.000000000000000000 ) ) ;
#953 = EDGE_LOOP ( 'NONE', ( #1036, #320, #679, #1512 ) ) ;
#954 = DIRECTION ( 'NONE',  ( 0.000000000000000000, 0.000000000000000000, 1.000000000000000000 ) ) ;
#955 = SHAPE_DEFINITION_REPRESENTATION ( #965, #1058 ) ;
#956 = VERTEX_POINT ( 'NONE', #1463 ) ;
#957 = ORIENTED_EDGE ( 'NONE', *, *, #1200, .T. ) ;
#958 = CARTESIAN_POINT ( 'NONE',  ( 15.50000000000000000, 37.50000000000000000, 2.000000000000000000 ) ) ;
#959 = EDGE_CURVE ( 'NONE', #1129, #1223, #776, .T. ) ;
#960 = FACE_BOUND ( 'NONE', #385, .T. ) ;
#961 = CARTESIAN_POINT ( 'NONE',  ( -12.46026316928587008, 40.10000000000000142, 5.999999999999998224 ) ) ;
#962 = DIRECTION ( 'NONE',  ( -0.000000000000000000, -0.000000000000000000, -1.000000000000000000 ) ) ;
#963 = ORIENTED_EDGE ( 'NONE', *, *, #584, .T. ) ;
#964 = FACE_OUTER_BOUND ( 'NONE', #762, .T. ) ;
#965 = PRODUCT_DEFINITION_SHAPE ( 'NONE', 'NONE',  #1079 ) ;
#966 = AXIS2_PLACEMENT_3D ( 'NONE', #1116, #1342, #187 ) ;
#967 = CARTESIAN_POINT ( 'NONE',  ( 15.50000000000000000, 37.50000000000000000, 6.000000000000000000 ) ) ;
#968 = EDGE_CURVE ( 'NONE', #924, #74, #1239, .T. ) ;
#969 = ORIENTED_EDGE ( 'NONE', *, *, #801, .T. ) ;
#970 = CARTESIAN_POINT ( 'NONE',  ( -20.10000000000000142, 43.10000000000000853, 25.00000000000000000 ) ) ;
#971 = CIRCLE ( 'NONE', #230, 4.000000000000000000 ) ;
#972 = DIRECTION ( 'NONE',  ( -0.000000000000000000, -0.000000000000000000, -1.000000000000000000 ) ) ;
#973 = ORIENTED_EDGE ( 'NONE', *, *, #403, .T. ) ;
#974 = PLANE ( 'NONE',  #772 ) ;
#975 = LINE ( 'NONE', #149, #998 ) ;
#976 = EDGE_CURVE ( 'NONE', #199, #1086, #1354, .T. ) ;
#977 = VERTEX_POINT ( 'NONE', #880 ) ;
#978 = DIRECTION ( 'NONE',  ( 1.000000000000000000, 0.000000000000000000, 0.000000000000000000 ) ) ;
#979 = ADVANCED_FACE ( 'NONE', ( #553 ), #289, .F. ) ;
#980 = DIRECTION ( 'NONE',  ( -0.000000000000000000, -0.000000000000000000, -1.000000000000000000 ) ) ;
#981 = VERTEX_POINT ( 'NONE', #646 ) ;
#982 = CARTESIAN_POINT ( 'NONE',  ( 13.49999999999999645, -37.50000000000000000, 2.000000000000000000 ) ) ;
#983 = UNCERTAINTY_MEASURE_WITH_UNIT (LENGTH_MEASURE( 1.000000000000000082E-05 ), #342, 'distance_accuracy_value', 'NONE');
#984 = DIRECTION ( 'NONE',  ( 0.000000000000000000, 0.000000000000000000, 1.000000000000000000 ) ) ;
#985 = VERTEX_POINT ( 'NONE', #654 ) ;
#986 = DIRECTION ( 'NONE',  ( 0.000000000000000000, 0.000000000000000000, 1.000000000000000000 ) ) ;
#987 = DIRECTION ( 'NONE',  ( 0.000000000000000000, -0.000000000000000000, 1.000000000000000000 ) ) ;
#988 = EDGE_CURVE ( 'NONE', #381, #1197, #428, .T. ) ;
#989 = ORIENTED_EDGE ( 'NONE', *, *, #384, .F. ) ;
#990 = DIRECTION ( 'NONE',  ( -0.000000000000000000, -0.000000000000000000, -1.000000000000000000 ) ) ;
#991 = DIRECTION ( 'NONE',  ( -1.000000000000000000, 0.000000000000000000, 0.000000000000000000 ) ) ;
#992 = VECTOR ( 'NONE', #1321, 1000.000000000000000 ) ;
#993 = ORIENTED_EDGE ( 'NONE', *, *, #1167, .F. ) ;
#994 = DIRECTION ( 'NONE',  ( 0.000000000000000000, 0.000000000000000000, 1.000000000000000000 ) ) ;
#995 = VECTOR ( 'NONE', #980, 1000.000000000000000 ) ;
#996 = CIRCLE ( 'NONE', #8, 4.000000000000000000 ) ;
#997 = CARTESIAN_POINT ( 'NONE',  ( 18.10000000000000142, -40.10000000000000142, 25.00000000000000000 ) ) ;
#998 = VECTOR ( 'NONE', #847, 1000.000000000000000 ) ;
#999 = EDGE_CURVE ( 'NONE', #710, #440, #665, .T. ) ;
#1000 = ORIENTED_EDGE ( 'NONE', *, *, #535, .T. ) ;
#1001 = PLANE ( 'NONE',  #1286 ) ;
#1002 = CARTESIAN_POINT ( 'NONE',  ( -15.50000000000000000, 37.50000000000000000, 6.000000000000000000 ) ) ;
#1003 = ORIENTED_EDGE ( 'NONE', *, *, #300, .T. ) ;
#1004 = LINE ( 'NONE', #410, #1404 ) ;
#1005 = CARTESIAN_POINT ( 'NONE',  ( -20.10000000000000142, 0.000000000000000000, 25.00000000000000000 ) ) ;
#1006 = ORIENTED_EDGE ( 'NONE', *, *, #147, .T. ) ;
#1007 = PLANE ( 'NONE',  #57 ) ;
#1008 = EDGE_LOOP ( 'NONE', ( #488, #993, #324, #412 ) ) ;
#1009 = DIRECTION ( 'NONE',  ( -1.000000000000000000, 0.000000000000000000, 0.000000000000000000 ) ) ;
#1010 = CARTESIAN_POINT ( 'NONE',  ( 8.599999999999996092, 35.89999999999999147, 0.000000000000000000 ) ) ;
#1011 = EDGE_LOOP ( 'NONE', ( #881, #262, #173, #808 ) ) ;
#1012 = CARTESIAN_POINT ( 'NONE',  ( 18.10000000000000142, -40.10000000000000142, 25.00000000000000000 ) ) ;
#1013 = ADVANCED_FACE ( 'NONE', ( #1021, #767 ), #1007, .T. ) ;
#1014 = ORIENTED_EDGE ( 'NONE', *, *, #1497, .T. ) ;
#1015 = DIRECTION ( 'NONE',  ( 0.000000000000000000, 0.000000000000000000, 1.000000000000000000 ) ) ;
#1016 = ADVANCED_FACE ( 'NONE', ( #1520 ), #1156, .F. ) ;
#1017 = LINE ( 'NONE', #197, #599 ) ;
#1018 = AXIS2_PLACEMENT_3D ( 'NONE', #1166, #714, #831 ) ;
#1019 = ORIENTED_EDGE ( 'NONE', *, *, #138, .F. ) ;
#1020 = VECTOR ( 'NONE', #512, 1000.000000000000000 ) ;
#1021 = FACE_OUTER_BOUND ( 'NONE', #347, .T. ) ;
#1022 = ORIENTED_EDGE ( 'NONE', *, *, #1230, .T. ) ;
#1023 = DIRECTION ( 'NONE',  ( -1.000000000000000000, 0.000000000000000000, 0.000000000000000000 ) ) ;
#1024 = EDGE_CURVE ( 'NONE', #263, #1155, #917, .T. ) ;
#1025 = CARTESIAN_POINT ( 'NONE',  ( -11.69689577749890219, 41.30000000000000426, -22.10446822030533198 ) ) ;
#1026 = ORIENTED_EDGE ( 'NONE', *, *, #138, .T. ) ;
#1027 = CARTESIAN_POINT ( 'NONE',  ( -11.83393944403532849, 35.89999999999999147, 6.000000000000000000 ) ) ;
#1028 = ORIENTED_EDGE ( 'NONE', *, *, #372, .T. ) ;
#1029 = DIRECTION ( 'NONE',  ( -1.000000000000000000, 0.000000000000000000, 0.000000000000000000 ) ) ;
#1030 = CARTESIAN_POINT ( 'NONE',  ( 12.46026316928587008, 40.10000000000000142, 6.000000000000000000 ) ) ;
#1031 = CARTESIAN_POINT ( 'NONE',  ( 20.10000000000000142, 43.10000000000000853, -2.000000000000000000 ) ) ;
#1032 = EDGE_CURVE ( 'NONE', #891, #298, #696, .T. ) ;
#1033 = EDGE_LOOP ( 'NONE', ( #577, #1182, #443, #893, #884, #1028 ) ) ;
#1034 = EDGE_CURVE ( 'NONE', #956, #1162, #1240, .T. ) ;
#1035 = CARTESIAN_POINT ( 'NONE',  ( 20.10000000000000142, -42.10000000000000853, 25.00000000000000000 ) ) ;
#1036 = ORIENTED_EDGE ( 'NONE', *, *, #713, .F. ) ;
#1037 = PLANE ( 'NONE',  #1243 ) ;
#1038 = VECTOR ( 'NONE', #759, 1000.000000000000000 ) ;
#1039 = CARTESIAN_POINT ( 'NONE',  ( -17.50000000000000000, 37.50000000000000000, 6.000000000000000000 ) ) ;
#1040 = CARTESIAN_POINT ( 'NONE',  ( 15.50000000000000000, -37.50000000000000000, 6.000000000000000000 ) ) ;
#1041 = VECTOR ( 'NONE', #589, 1000.000000000000000 ) ;
#1042 = VERTEX_POINT ( 'NONE', #1172 ) ;
#1043 = AXIS2_PLACEMENT_3D ( 'NONE', #387, #1325, #268 ) ;
#1044 = DIRECTION ( 'NONE',  ( 0.000000000000000000, 0.000000000000000000, 1.000000000000000000 ) ) ;
#1045 = VERTEX_POINT ( 'NONE', #1375 ) ;
#1046 = CARTESIAN_POINT ( 'NONE',  ( 15.50000000000000000, -37.50000000000000000, 6.000000000000000000 ) ) ;
#1047 = CARTESIAN_POINT ( 'NONE',  ( 0.000000000000000000, 0.000000000000000000, 0.000000000000000000 ) ) ;
#1048 = CARTESIAN_POINT ( 'NONE',  ( 0.000000000000000000, -42.10000000000000853, 25.00000000000000000 ) ) ;
#1049 = ORIENTED_EDGE ( 'NONE', *, *, #40, .T. ) ;
#1050 = DIRECTION ( 'NONE',  ( -0.000000000000000000, 1.000000000000000000, -0.000000000000000000 ) ) ;
#1051 = LINE ( 'NONE', #1387, #1292 ) ;
#1052 = CARTESIAN_POINT ( 'NONE',  ( -15.50000000000000000, -37.50000000000000000, 6.000000000000000000 ) ) ;
#1053 = ORIENTED_EDGE ( 'NONE', *, *, #1230, .F. ) ;
#1054 = CARTESIAN_POINT ( 'NONE',  ( 11.50000000000000000, -37.50000000000000000, 6.000000000000000000 ) ) ;
#1055 = DIRECTION ( 'NONE',  ( -0.000000000000000000, -0.000000000000000000, -1.000000000000000000 ) ) ;
#1056 = DIRECTION ( 'NONE',  ( -0.000000000000000000, -0.000000000000000000, -1.000000000000000000 ) ) ;
#1057 = CIRCLE ( 'NONE', #104, 2.000000000000001776 ) ;
#1058 = ADVANCED_BREP_SHAPE_REPRESENTATION ( 'LCD_Box', ( #537, #79 ), #1378 ) ;
#1059 = VERTEX_POINT ( 'NONE', #1054 ) ;
#1060 = AXIS2_PLACEMENT_3D ( 'NONE', #116, #832, #1181 ) ;
#1061 = AXIS2_PLACEMENT_3D ( 'NONE', #936, #575, #1044 ) ;
#1062 = PRODUCT_DEFINITION_FORMATION_WITH_SPECIFIED_SOURCE ( 'ANY', '', #471, .NOT_KNOWN. ) ;
#1063 = CARTESIAN_POINT ( 'NONE',  ( 12.50000000000001066, -34.85424868893539951, 6.000000000000000000 ) ) ;
#1064 = VECTOR ( 'NONE', #729, 1000.000000000000000 ) ;
#1065 = VECTOR ( 'NONE', #425, 1000.000000000000000 ) ;
#1066 = CARTESIAN_POINT ( 'NONE',  ( 17.50000000000000000, 37.50000000000000000, 2.000000000000000000 ) ) ;
#1067 = STYLED_ITEM ( 'NONE', ( #662 ), #537 ) ;
#1068 = ORIENTED_EDGE ( 'NONE', *, *, #546, .T. ) ;
#1069 = CARTESIAN_POINT ( 'NONE',  ( 15.50000000000000000, -37.50000000000000000, 0.000000000000000000 ) ) ;
#1070 = DIRECTION ( 'NONE',  ( 0.000000000000000000, 0.000000000000000000, 1.000000000000000000 ) ) ;
#1071 = ADVANCED_FACE ( 'NONE', ( #442 ), #470, .T. ) ;
#1072 = EDGE_LOOP ( 'NONE', ( #935, #1331, #1434, #630, #457 ) ) ;
#1073 = ORIENTED_EDGE ( 'NONE', *, *, #424, .T. ) ;
#1074 = FACE_OUTER_BOUND ( 'NONE', #11, .T. ) ;
#1075 = CARTESIAN_POINT ( 'NONE',  ( 12.46026316928587008, -40.10000000000000142, 5.999999999999998224 ) ) ;
#1076 = VERTEX_POINT ( 'NONE', #1027 ) ;
#1077 = CARTESIAN_POINT ( 'NONE',  ( -11.69689577749890219, 41.30000000000000426, 25.00000000000000000 ) ) ;
#1078 = CARTESIAN_POINT ( 'NONE',  ( -12.46026316928586297, -40.10000000000000142, 0.000000000000000000 ) ) ;
#1079 = PRODUCT_DEFINITION ( 'UNKNOWN', '', #1062, #396 ) ;
#1080 = ORIENTED_EDGE ( 'NONE', *, *, #574, .T. ) ;
#1081 = EDGE_CURVE ( 'NONE', #1076, #436, #597, .T. ) ;
#1082 = DIRECTION ( 'NONE',  ( 1.000000000000000000, 0.000000000000000000, -0.000000000000000000 ) ) ;
#1083 = CARTESIAN_POINT ( 'NONE',  ( 15.50000000000000000, -37.50000000000000000, 6.000000000000000000 ) ) ;
#1084 = ORIENTED_EDGE ( 'NONE', *, *, #191, .T. ) ;
#1085 = DIRECTION ( 'NONE',  ( -0.000000000000000000, -0.000000000000000000, -1.000000000000000000 ) ) ;
#1086 = VERTEX_POINT ( 'NONE', #212 ) ;
#1087 = ORIENTED_EDGE ( 'NONE', *, *, #879, .F. ) ;
#1088 = CARTESIAN_POINT ( 'NONE',  ( 0.000000000000000000, -42.10000000000000853, -2.000000000000000000 ) ) ;
#1089 = EDGE_CURVE ( 'NONE', #1123, #716, #251, .T. ) ;
#1090 = VECTOR ( 'NONE', #163, 1000.000000000000000 ) ;
#1091 = AXIS2_PLACEMENT_3D ( 'NONE', #164, #1254, #181 ) ;
#1092 = EDGE_CURVE ( 'NONE', #263, #1283, #232, .T. ) ;
#1093 = CARTESIAN_POINT ( 'NONE',  ( 18.10000000000000142, 34.46026316928586652, 6.000000000000000000 ) ) ;
#1094 = AXIS2_PLACEMENT_3D ( 'NONE', #1486, #432, #1023 ) ;
#1095 = VERTEX_POINT ( 'NONE', #687 ) ;
#1096 = CARTESIAN_POINT ( 'NONE',  ( -15.50000000000000000, 37.50000000000000000, 6.000000000000000000 ) ) ;
#1097 = VECTOR ( 'NONE', #907, 1000.000000000000000 ) ;
#1098 = CARTESIAN_POINT ( 'NONE',  ( 18.10000000000000142, 40.10000000000000142, 25.00000000000000000 ) ) ;
#1099 = ORIENTED_EDGE ( 'NONE', *, *, #1508, .F. ) ;
#1100 = LINE ( 'NONE', #1495, #1115 ) ;
#1101 = CARTESIAN_POINT ( 'NONE',  ( 0.000000000000000000, 0.000000000000000000, 0.000000000000000000 ) ) ;
#1102 = ORIENTED_EDGE ( 'NONE', *, *, #433, .T. ) ;
#1103 = DIRECTION ( 'NONE',  ( -0.000000000000000000, -0.000000000000000000, -1.000000000000000000 ) ) ;
#1104 = FACE_OUTER_BOUND ( 'NONE', #492, .T. ) ;
#1105 = VERTEX_POINT ( 'NONE', #88 ) ;
#1106 = CARTESIAN_POINT ( 'NONE',  ( -18.10000000000000142, 34.46026316928586652, 6.000000000000000000 ) ) ;
#1107 = CYLINDRICAL_SURFACE ( 'NONE', #277, 2.000000000000003553 ) ;
#1108 = ADVANCED_FACE ( 'NONE', ( #348 ), #1284, .F. ) ;
#1109 = ORIENTED_EDGE ( 'NONE', *, *, #1485, .T. ) ;
#1110 = CARTESIAN_POINT ( 'NONE',  ( 18.10000000000000142, 34.46026316928586652, 6.000000000000000000 ) ) ;
#1111 = EDGE_CURVE ( 'NONE', #96, #622, #912, .T. ) ;
#1112 = PLANE ( 'NONE',  #406 ) ;
#1113 = ORIENTED_EDGE ( 'NONE', *, *, #513, .F. ) ;
#1114 = CYLINDRICAL_SURFACE ( 'NONE', #77, 2.000000000000001776 ) ;
#1115 = VECTOR ( 'NONE', #752, 1000.000000000000000 ) ;
#1116 = CARTESIAN_POINT ( 'NONE',  ( 18.10000000000000142, 43.10000000000000853, 25.00000000000000000 ) ) ;
#1117 = CIRCLE ( 'NONE', #524, 2.000000000000003553 ) ;
#1118 = VERTEX_POINT ( 'NONE', #1391 ) ;
#1119 = CARTESIAN_POINT ( 'NONE',  ( 10.27689577749880101, 38.90000000000000568, 0.000000000000000000 ) ) ;
#1120 = CARTESIAN_POINT ( 'NONE',  ( 15.50000000000000000, 37.50000000000000000, 6.000000000000000000 ) ) ;
#1121 = AXIS2_PLACEMENT_3D ( 'NONE', #1101, #135, #1413 ) ;
#1122 = ADVANCED_FACE ( 'NONE', ( #1163 ), #103, .F. ) ;
#1123 = VERTEX_POINT ( 'NONE', #113 ) ;
#1124 = PLANE ( 'NONE',  #697 ) ;
#1125 = ORIENTED_EDGE ( 'NONE', *, *, #603, .T. ) ;
#1126 = DIRECTION ( 'NONE',  ( -1.000000000000000000, 0.000000000000000000, 0.000000000000000000 ) ) ;
#1127 = DIRECTION ( 'NONE',  ( 1.000000000000000000, 0.000000000000000000, 0.000000000000000000 ) ) ;
#1128 = EDGE_CURVE ( 'NONE', #520, #1283, #1475, .T. ) ;
#1129 = VERTEX_POINT ( 'NONE', #1405 ) ;
#1130 = EDGE_CURVE ( 'NONE', #463, #1376, #356, .T. ) ;
#1131 = DIRECTION ( 'NONE',  ( -0.000000000000000000, -0.000000000000000000, -1.000000000000000000 ) ) ;
#1132 = ORIENTED_EDGE ( 'NONE', *, *, #526, .F. ) ;
#1133 = DIRECTION ( 'NONE',  ( 0.000000000000000000, 0.000000000000000000, 1.000000000000000000 ) ) ;
#1134 = DIRECTION ( 'NONE',  ( -0.000000000000000000, -0.000000000000000000, -1.000000000000000000 ) ) ;
#1135 = ORIENTED_EDGE ( 'NONE', *, *, #1034, .T. ) ;
#1136 = DIRECTION ( 'NONE',  ( -0.000000000000000000, -0.000000000000000000, -1.000000000000000000 ) ) ;
#1137 = EDGE_CURVE ( 'NONE', #774, #661, #705, .T. ) ;
#1138 = ORIENTED_EDGE ( 'NONE', *, *, #414, .F. ) ;
#1139 = DIRECTION ( 'NONE',  ( -0.000000000000000000, -0.000000000000000000, -1.000000000000000000 ) ) ;
#1140 = AXIS2_PLACEMENT_3D ( 'NONE', #916, #456, #359 ) ;
#1141 = DIRECTION ( 'NONE',  ( -1.000000000000000000, 0.000000000000000000, 0.000000000000000000 ) ) ;
#1142 = VECTOR ( 'NONE', #886, 1000.000000000000000 ) ;
#1143 = DIRECTION ( 'NONE',  ( 0.000000000000000000, 1.000000000000000000, -0.000000000000000000 ) ) ;
#1144 = AXIS2_PLACEMENT_3D ( 'NONE', #1052, #98, #1159 ) ;
#1145 = VERTEX_POINT ( 'NONE', #118 ) ;
#1146 = VECTOR ( 'NONE', #491, 1000.000000000000000 ) ;
#1147 = DIRECTION ( 'NONE',  ( 1.000000000000000000, 0.000000000000000000, 0.000000000000000000 ) ) ;
#1148 = APPLICATION_CONTEXT ( 'automotive_design' ) ;
#1149 = ORIENTED_EDGE ( 'NONE', *, *, #740, .T. ) ;
#1150 = EDGE_CURVE ( 'NONE', #1169, #1123, #607, .T. ) ;
#1151 = CARTESIAN_POINT ( 'NONE',  ( -18.10000000000000142, 40.10000000000000142, 25.00000000000000000 ) ) ;
#1152 = EDGE_CURVE ( 'NONE', #436, #37, #595, .T. ) ;
#1153 = CARTESIAN_POINT ( 'NONE',  ( -13.50000000000000000, -37.50000000000000000, 6.000000000000000000 ) ) ;
#1154 = CARTESIAN_POINT ( 'NONE',  ( -20.10000000000000142, 0.000000000000000000, -2.000000000000000000 ) ) ;
#1155 = VERTEX_POINT ( 'NONE', #1192 ) ;
#1156 = PLANE ( 'NONE',  #670 ) ;
#1157 = EDGE_LOOP ( 'NONE', ( #48, #796, #647, #1373, #1402, #900, #839, #159 ) ) ;
#1158 = CARTESIAN_POINT ( 'NONE',  ( 12.50000000000000000, 35.89999999999999147, -2.000000000000000000 ) ) ;
#1159 = DIRECTION ( 'NONE',  ( -1.000000000000000000, 0.000000000000000000, 0.000000000000000000 ) ) ;
#1160 = DIRECTION ( 'NONE',  ( 0.000000000000000000, 0.000000000000000000, -1.000000000000000000 ) ) ;
#1161 = ADVANCED_FACE ( 'NONE', ( #964 ), #974, .F. ) ;
#1162 = VERTEX_POINT ( 'NONE', #982 ) ;
#1163 = FACE_OUTER_BOUND ( 'NONE', #745, .T. ) ;
#1164 = VERTEX_POINT ( 'NONE', #1298 ) ;
#1165 = DIRECTION ( 'NONE',  ( 0.000000000000000000, -0.000000000000000000, -1.000000000000000000 ) ) ;
#1166 = CARTESIAN_POINT ( 'NONE',  ( 15.50000000000000000, 37.50000000000000000, 6.000000000000000000 ) ) ;
#1167 = EDGE_CURVE ( 'NONE', #1129, #1123, #148, .T. ) ;
#1168 = VECTOR ( 'NONE', #1136, 1000.000000000000000 ) ;
#1169 = VERTEX_POINT ( 'NONE', #9 ) ;
#1170 = AXIS2_PLACEMENT_3D ( 'NONE', #1047, #580, #1511 ) ;
#1171 = AXIS2_PLACEMENT_3D ( 'NONE', #206, #541, #1009 ) ;
#1172 = CARTESIAN_POINT ( 'NONE',  ( -11.69689577749890219, 41.30000000000000426, 0.000000000000000000 ) ) ;
#1173 = DIRECTION ( 'NONE',  ( 1.000000000000000000, 0.000000000000000000, 0.000000000000000000 ) ) ;
#1174 = DIRECTION ( 'NONE',  ( -1.000000000000000000, 0.000000000000000000, -0.000000000000000000 ) ) ;
#1175 = CARTESIAN_POINT ( 'NONE',  ( 0.000000000000000000, 43.10000000000000853, 25.00000000000000000 ) ) ;
#1176 = ORIENTED_EDGE ( 'NONE', *, *, #239, .F. ) ;
#1177 = ADVANCED_FACE ( 'NONE', ( #31 ), #1304, .T. ) ;
#1178 = DIRECTION ( 'NONE',  ( -1.000000000000000000, 0.000000000000000000, 0.000000000000000000 ) ) ;
#1179 = DIRECTION ( 'NONE',  ( -1.000000000000000000, 0.000000000000000000, 0.000000000000000000 ) ) ;
#1180 = FACE_OUTER_BOUND ( 'NONE', #1309, .T. ) ;
#1181 = DIRECTION ( 'NONE',  ( 1.000000000000000000, 0.000000000000000000, 0.000000000000000000 ) ) ;
#1182 = ORIENTED_EDGE ( 'NONE', *, *, #174, .F. ) ;
#1183 = DIRECTION ( 'NONE',  ( -0.000000000000000000, 0.000000000000000000, -1.000000000000000000 ) ) ;
#1184 = CARTESIAN_POINT ( 'NONE',  ( -11.69689577749890219, 40.10000000000000142, 0.000000000000000000 ) ) ;
#1185 = ADVANCED_FACE ( 'NONE', ( #17 ), #1203, .F. ) ;
#1186 = ORIENTED_EDGE ( 'NONE', *, *, #102, .F. ) ;
#1187 = PLANE ( 'NONE',  #228 ) ;
#1188 = PRODUCT_CONTEXT ( 'NONE', #1148, 'mechanical' ) ;
#1189 = ORIENTED_EDGE ( 'NONE', *, *, #214, .T. ) ;
#1190 = VECTOR ( 'NONE', #10, 1000.000000000000000 ) ;
#1191 = ORIENTED_EDGE ( 'NONE', *, *, #216, .F. ) ;
#1192 = CARTESIAN_POINT ( 'NONE',  ( -13.50000000000000000, 37.50000000000000000, 6.000000000000000000 ) ) ;
#1193 = VECTOR ( 'NONE', #792, 1000.000000000000000 ) ;
#1194 = CARTESIAN_POINT ( 'NONE',  ( -15.50000000000000000, 37.50000000000000000, 2.000000000000000000 ) ) ;
#1195 = VECTOR ( 'NONE', #1204, 1000.000000000000000 ) ;
#1196 = ADVANCED_FACE ( 'NONE', ( #1074 ), #717, .T. ) ;
#1197 = VERTEX_POINT ( 'NONE', #141 ) ;
#1198 = CARTESIAN_POINT ( 'NONE',  ( -14.09999999999976161, 33.75300120096104450, 6.000000000000000000 ) ) ;
#1199 = LINE ( 'NONE', #1175, #275 ) ;
#1200 = EDGE_CURVE ( 'NONE', #780, #1460, #795, .T. ) ;
#1201 = ORIENTED_EDGE ( 'NONE', *, *, #848, .F. ) ;
#1202 = ORIENTED_EDGE ( 'NONE', *, *, #92, .F. ) ;
#1203 = PLANE ( 'NONE',  #501 ) ;
#1204 = DIRECTION ( 'NONE',  ( -0.000000000000000000, -1.000000000000000000, -0.000000000000000000 ) ) ;
#1205 = CARTESIAN_POINT ( 'NONE',  ( 17.50000000000000000, 37.50000000000000000, 6.000000000000000000 ) ) ;
#1206 = CARTESIAN_POINT ( 'NONE',  ( 12.50000000000000000, 35.89999999999999147, -2.000000000000000000 ) ) ;
#1207 = ADVANCED_FACE ( 'NONE', ( #845 ), #1442, .F. ) ;
#1208 = VERTEX_POINT ( 'NONE', #711 ) ;
#1209 = DIRECTION ( 'NONE',  ( -0.000000000000000000, -0.000000000000000000, -1.000000000000000000 ) ) ;
#1210 = CARTESIAN_POINT ( 'NONE',  ( -20.10000000000000142, -42.10000000000000853, -2.000000000000000000 ) ) ;
#1211 = EDGE_LOOP ( 'NONE', ( #1053, #1102, #1238, #802 ) ) ;
#1212 = LINE ( 'NONE', #144, #156 ) ;
#1213 = DIRECTION ( 'NONE',  ( 0.000000000000000000, 0.000000000000000000, -1.000000000000000000 ) ) ;
#1214 = ORIENTED_EDGE ( 'NONE', *, *, #658, .F. ) ;
#1215 = LINE ( 'NONE', #1312, #1064 ) ;
#1216 = AXIS2_PLACEMENT_3D ( 'NONE', #567, #1498, #1507 ) ;
#1217 = DIRECTION ( 'NONE',  ( -0.000000000000000000, -0.000000000000000000, -1.000000000000000000 ) ) ;
#1218 = CIRCLE ( 'NONE', #552, 4.000000000000000000 ) ;
#1219 = EDGE_LOOP ( 'NONE', ( #270, #510, #636, #543, #411, #782, #16, #1189 ) ) ;
#1220 = CARTESIAN_POINT ( 'NONE',  ( -17.50000000000000000, -37.50000000000000000, 6.000000000000000000 ) ) ;
#1221 = PRESENTATION_LAYER_ASSIGNMENT (  '', '', ( #1067 ) ) ;
#1222 = LINE ( 'NONE', #997, #451 ) ;
#1223 = VERTEX_POINT ( 'NONE', #1063 ) ;
#1224 = CARTESIAN_POINT ( 'NONE',  ( 18.10000000000000142, -40.10000000000000142, 6.000000000000000000 ) ) ;
#1225 = EDGE_CURVE ( 'NONE', #1169, #96, #1215, .T. ) ;
#1226 = DIRECTION ( 'NONE',  ( -0.000000000000000000, -0.000000000000000000, -1.000000000000000000 ) ) ;
#1227 = VERTEX_POINT ( 'NONE', #23 ) ;
#1228 = CARTESIAN_POINT ( 'NONE',  ( 12.46026316928587008, 40.10000000000000142, 6.000000000000000000 ) ) ;
#1229 = CARTESIAN_POINT ( 'NONE',  ( -17.50000000000000000, -37.50000000000000000, 6.000000000000000000 ) ) ;
#1230 = EDGE_CURVE ( 'NONE', #469, #956, #1435, .T. ) ;
#1231 = ORIENTED_EDGE ( 'NONE', *, *, #1092, .T. ) ;
#1232 = CARTESIAN_POINT ( 'NONE',  ( 13.49999999999999645, -37.50000000000000000, 6.000000000000000000 ) ) ;
#1233 = CARTESIAN_POINT ( 'NONE',  ( -14.10000000000000142, -35.70000000000000284, -2.000000000000000000 ) ) ;
#1234 = ORIENTED_EDGE ( 'NONE', *, *, #1251, .F. ) ;
#1235 = LINE ( 'NONE', #308, #1360 ) ;
#1236 = EDGE_CURVE ( 'NONE', #81, #1277, #382, .T. ) ;
#1237 = CARTESIAN_POINT ( 'NONE',  ( -18.10000000000000142, -34.46026316928586652, 6.000000000000000000 ) ) ;
#1238 = ORIENTED_EDGE ( 'NONE', *, *, #545, .T. ) ;
#1239 = LINE ( 'NONE', #1247, #179 ) ;
#1240 = CIRCLE ( 'NONE', #1264, 2.000000000000001776 ) ;
#1241 = ORIENTED_EDGE ( 'NONE', *, *, #959, .T. ) ;
#1242 = VECTOR ( 'NONE', #1352, 1000.000000000000000 ) ;
#1243 = AXIS2_PLACEMENT_3D ( 'NONE', #233, #1173, #215 ) ;
#1244 = DIRECTION ( 'NONE',  ( -0.000000000000000000, -0.000000000000000000, -1.000000000000000000 ) ) ;
#1245 = EDGE_CURVE ( 'NONE', #1076, #355, #264, .T. ) ;
#1246 = EDGE_LOOP ( 'NONE', ( #422, #758 ) ) ;
#1247 = CARTESIAN_POINT ( 'NONE',  ( 18.10000000000000142, -40.10000000000000142, 25.00000000000000000 ) ) ;
#1248 = ORIENTED_EDGE ( 'NONE', *, *, #764, .F. ) ;
#1249 = LINE ( 'NONE', #1151, #851 ) ;
#1250 = FACE_BOUND ( 'NONE', #910, .T. ) ;
#1251 = EDGE_CURVE ( 'NONE', #755, #298, #623, .T. ) ;
#1252 = ORIENTED_EDGE ( 'NONE', *, *, #33, .T. ) ;
#1253 = EDGE_CURVE ( 'NONE', #330, #162, #80, .T. ) ;
#1254 = DIRECTION ( 'NONE',  ( 0.000000000000000000, 0.000000000000000000, -1.000000000000000000 ) ) ;
#1255 = ORIENTED_EDGE ( 'NONE', *, *, #1514, .F. ) ;
#1256 =( LENGTH_UNIT ( ) NAMED_UNIT ( * ) SI_UNIT ( .MILLI., .METRE. ) );
#1257 = CARTESIAN_POINT ( 'NONE',  ( 12.50000000000000000, -35.70000000000000284, -2.000000000000000000 ) ) ;
#1258 = CARTESIAN_POINT ( 'NONE',  ( 15.50000000000000000, 37.50000000000000000, 6.000000000000000000 ) ) ;
#1259 = ORIENTED_EDGE ( 'NONE', *, *, #458, .T. ) ;
#1260 = DIRECTION ( 'NONE',  ( 0.000000000000000000, 0.000000000000000000, 1.000000000000000000 ) ) ;
#1261 = EDGE_CURVE ( 'NONE', #1095, #532, #1100, .T. ) ;
#1262 = ORIENTED_EDGE ( 'NONE', *, *, #370, .F. ) ;
#1263 = LINE ( 'NONE', #656, #504 ) ;
#1264 = AXIS2_PLACEMENT_3D ( 'NONE', #1293, #1396, #95 ) ;
#1265 = CARTESIAN_POINT ( 'NONE',  ( -11.69689577749890219, 38.90000000000000568, 25.00000000000000000 ) ) ;
#1266 = AXIS2_PLACEMENT_3D ( 'NONE', #757, #47, #53 ) ;
#1267 = DIRECTION ( 'NONE',  ( 0.000000000000000000, -1.000000000000000000, 0.000000000000000000 ) ) ;
#1268 = AXIS2_PLACEMENT_3D ( 'NONE', #175, #779, #1141 ) ;
#1269 = ORIENTED_EDGE ( 'NONE', *, *, #764, .T. ) ;
#1270 = CIRCLE ( 'NONE', #1171, 4.000000000000000000 ) ;
#1271 = DIRECTION ( 'NONE',  ( -0.000000000000000000, -0.000000000000000000, -1.000000000000000000 ) ) ;
#1272 = EDGE_CURVE ( 'NONE', #853, #640, #1368, .T. ) ;
#1273 = ORIENTED_EDGE ( 'NONE', *, *, #1508, .T. ) ;
#1274 = LINE ( 'NONE', #114, #798 ) ;
#1275 = CYLINDRICAL_SURFACE ( 'NONE', #576, 2.000000000000001776 ) ;
#1276 = CARTESIAN_POINT ( 'NONE',  ( 15.50000000000000000, 37.50000000000000000, 6.000000000000000000 ) ) ;
#1277 = VERTEX_POINT ( 'NONE', #1031 ) ;
#1278 = DIRECTION ( 'NONE',  ( -0.000000000000000000, -0.000000000000000000, -1.000000000000000000 ) ) ;
#1279 = ORIENTED_EDGE ( 'NONE', *, *, #112, .T. ) ;
#1280 = CARTESIAN_POINT ( 'NONE',  ( 18.10000000000000142, -34.46026316928586652, 0.000000000000000000 ) ) ;
#1281 = DIRECTION ( 'NONE',  ( 0.000000000000000000, 0.000000000000000000, -1.000000000000000000 ) ) ;
#1282 = EDGE_CURVE ( 'NONE', #94, #860, #218, .T. ) ;
#1283 = VERTEX_POINT ( 'NONE', #1372 ) ;
#1284 = CYLINDRICAL_SURFACE ( 'NONE', #551, 2.000000000000003553 ) ;
#1285 = CARTESIAN_POINT ( 'NONE',  ( -15.50000000000000000, -37.50000000000000000, 6.000000000000000000 ) ) ;
#1286 = AXIS2_PLACEMENT_3D ( 'NONE', #1461, #1143, #571 ) ;
#1287 = CYLINDRICAL_SURFACE ( 'NONE', #304, 4.000000000000000000 ) ;
#1288 = AXIS2_PLACEMENT_3D ( 'NONE', #958, #369, #829 ) ;
#1289 = ORIENTED_EDGE ( 'NONE', *, *, #538, .F. ) ;
#1290 = EDGE_CURVE ( 'NONE', #686, #716, #805, .T. ) ;
#1291 = VECTOR ( 'NONE', #445, 1000.000000000000000 ) ;
#1292 = VECTOR ( 'NONE', #1397, 1000.000000000000000 ) ;
#1293 = CARTESIAN_POINT ( 'NONE',  ( 15.50000000000000000, -37.50000000000000000, 2.000000000000000000 ) ) ;
#1294 = DIRECTION ( 'NONE',  ( 0.000000000000000000, -1.000000000000000000, 0.000000000000000000 ) ) ;
#1295 = DIRECTION ( 'NONE',  ( -1.000000000000000000, 0.000000000000000000, 0.000000000000000000 ) ) ;
#1296 = LINE ( 'NONE', #1048, #522 ) ;
#1297 = ORIENTED_EDGE ( 'NONE', *, *, #193, .T. ) ;
#1298 = CARTESIAN_POINT ( 'NONE',  ( -18.10000000000000142, 34.46026316928587363, 0.000000000000000000 ) ) ;
#1299 = EDGE_CURVE ( 'NONE', #136, #375, #909, .T. ) ;
#1300 = DIRECTION ( 'NONE',  ( 0.000000000000000000, 0.000000000000000000, 1.000000000000000000 ) ) ;
#1301 = LINE ( 'NONE', #826, #352 ) ;
#1302 = ORIENTED_EDGE ( 'NONE', *, *, #100, .F. ) ;
#1303 = EDGE_LOOP ( 'NONE', ( #973, #594, #652, #368 ) ) ;
#1304 = CYLINDRICAL_SURFACE ( 'NONE', #29, 4.000000000000000000 ) ;
#1305 = FACE_OUTER_BOUND ( 'NONE', #291, .T. ) ;
#1306 = ADVANCED_FACE ( 'NONE', ( #210 ), #1114, .F. ) ;
#1307 = PLANE ( 'NONE',  #946 ) ;
#1308 = CARTESIAN_POINT ( 'NONE',  ( -13.50000000000000000, -37.50000000000000000, 6.000000000000000000 ) ) ;
#1309 = EDGE_LOOP ( 'NONE', ( #1080, #1297 ) ) ;
#1310 = CIRCLE ( 'NONE', #1501, 2.000000000000003553 ) ;
#1311 = VERTEX_POINT ( 'NONE', #316 ) ;
#1312 = CARTESIAN_POINT ( 'NONE',  ( 12.50000000000000000, 35.89999999999999147, 6.000000000000000000 ) ) ;
#1313 = VECTOR ( 'NONE', #1480, 1000.000000000000000 ) ;
#1314 = VECTOR ( 'NONE', #1329, 1000.000000000000000 ) ;
#1315 = LINE ( 'NONE', #754, #1383 ) ;
#1316 = EDGE_CURVE ( 'NONE', #126, #1223, #395, .T. ) ;
#1317 = ORIENTED_EDGE ( 'NONE', *, *, #125, .T. ) ;
#1318 = LINE ( 'NONE', #625, #825 ) ;
#1319 = ORIENTED_EDGE ( 'NONE', *, *, #801, .F. ) ;
#1320 = ORIENTED_EDGE ( 'NONE', *, *, #294, .F. ) ;
#1321 = DIRECTION ( 'NONE',  ( 0.000000000000000000, 0.000000000000000000, -1.000000000000000000 ) ) ;
#1322 = DIRECTION ( 'NONE',  ( 0.000000000000000000, 0.000000000000000000, 1.000000000000000000 ) ) ;
#1323 = ORIENTED_EDGE ( 'NONE', *, *, #1236, .F. ) ;
#1324 = CARTESIAN_POINT ( 'NONE',  ( 15.50000000000000000, -37.50000000000000000, 6.000000000000000000 ) ) ;
#1325 = DIRECTION ( 'NONE',  ( -0.000000000000000000, -0.000000000000000000, -1.000000000000000000 ) ) ;
#1326 = ORIENTED_EDGE ( 'NONE', *, *, #1351, .F. ) ;
#1327 = CARTESIAN_POINT ( 'NONE',  ( 15.50000000000000000, 37.50000000000000000, 0.000000000000000000 ) ) ;
#1328 = PLANE ( 'NONE',  #800 ) ;
#1329 = DIRECTION ( 'NONE',  ( -1.000000000000000000, -0.000000000000000000, -0.000000000000000000 ) ) ;
#1330 = FACE_OUTER_BOUND ( 'NONE', #1496, .T. ) ;
#1331 = ORIENTED_EDGE ( 'NONE', *, *, #338, .F. ) ;
#1332 = DIRECTION ( 'NONE',  ( -1.000000000000000000, 0.000000000000000000, 0.000000000000000000 ) ) ;
#1333 = VECTOR ( 'NONE', #506, 1000.000000000000000 ) ;
#1334 = LINE ( 'NONE', #598, #1190 ) ;
#1335 = ORIENTED_EDGE ( 'NONE', *, *, #1253, .F. ) ;
#1336 = LINE ( 'NONE', #1077, #944 ) ;
#1337 = COLOUR_RGB ( '',0.7921568627450980005, 0.8196078431372548767, 0.9333333333333333481 ) ;
#1338 = PLANE ( 'NONE',  #797 ) ;
#1339 = ORIENTED_EDGE ( 'NONE', *, *, #1437, .T. ) ;
#1340 = DIRECTION ( 'NONE',  ( 1.000000000000000000, -0.000000000000000000, 0.000000000000000000 ) ) ;
#1341 = ADVANCED_FACE ( 'NONE', ( #668 ), #878, .F. ) ;
#1342 = DIRECTION ( 'NONE',  ( 0.000000000000000000, -1.000000000000000000, 0.000000000000000000 ) ) ;
#1343 = EDGE_LOOP ( 'NONE', ( #117, #1022, #883, #1386 ) ) ;
#1344 = CARTESIAN_POINT ( 'NONE',  ( 15.50000000000000000, -37.50000000000000000, 6.000000000000000000 ) ) ;
#1345 = DIRECTION ( 'NONE',  ( 0.000000000000000000, 1.000000000000000000, 0.000000000000000000 ) ) ;
#1346 = ORIENTED_EDGE ( 'NONE', *, *, #174, .T. ) ;
#1347 = FACE_OUTER_BOUND ( 'NONE', #416, .T. ) ;
#1348 = EDGE_CURVE ( 'NONE', #188, #330, #785, .T. ) ;
#1349 = VERTEX_POINT ( 'NONE', #1232 ) ;
#1350 = CARTESIAN_POINT ( 'NONE',  ( -13.50000000000000000, 37.50000000000000000, 2.000000000000000000 ) ) ;
#1351 = EDGE_CURVE ( 'NONE', #1349, #469, #1057, .T. ) ;
#1352 = DIRECTION ( 'NONE',  ( -0.000000000000000000, -0.000000000000000000, -1.000000000000000000 ) ) ;
#1353 = ORIENTED_EDGE ( 'NONE', *, *, #1462, .F. ) ;
#1354 = LINE ( 'NONE', #1233, #303 ) ;
#1355 = VECTOR ( 'NONE', #1389, 1000.000000000000000 ) ;
#1356 = VECTOR ( 'NONE', #78, 1000.000000000000000 ) ;
#1357 = ORIENTED_EDGE ( 'NONE', *, *, #976, .F. ) ;
#1358 = AXIS2_PLACEMENT_3D ( 'NONE', #812, #1281, #351 ) ;
#1359 = EDGE_CURVE ( 'NONE', #1208, #150, #1310, .T. ) ;
#1360 = VECTOR ( 'NONE', #321, 1000.000000000000000 ) ;
#1361 = LINE ( 'NONE', #1371, #1291 ) ;
#1362 = EDGE_CURVE ( 'NONE', #188, #434, #596, .T. ) ;
#1363 = EDGE_LOOP ( 'NONE', ( #1214, #1317, #1201, #243, #1255, #311, #51, #480 ) ) ;
#1364 = CARTESIAN_POINT ( 'NONE',  ( 15.50000000000000000, 37.50000000000000000, 6.000000000000000000 ) ) ;
#1365 = EDGE_LOOP ( 'NONE', ( #1417, #957 ) ) ;
#1366 = DIRECTION ( 'NONE',  ( 0.000000000000000000, -1.000000000000000000, 0.000000000000000000 ) ) ;
#1367 = CARTESIAN_POINT ( 'NONE',  ( 12.50000000000000000, -35.70000000000000284, 76.38141135119198566 ) ) ;
#1368 = LINE ( 'NONE', #678, #844 ) ;
#1369 = ORIENTED_EDGE ( 'NONE', *, *, #1128, .T. ) ;
#1370 = FACE_OUTER_BOUND ( 'NONE', #1011, .T. ) ;
#1371 = CARTESIAN_POINT ( 'NONE',  ( -11.69689577749890219, 38.90000000000000568, 0.000000000000000000 ) ) ;
#1372 = CARTESIAN_POINT ( 'NONE',  ( -17.50000000000000000, 37.50000000000000000, 2.000000000000000000 ) ) ;
#1373 = ORIENTED_EDGE ( 'NONE', *, *, #168, .F. ) ;
#1374 = ADVANCED_FACE ( 'NONE', ( #99 ), #1001, .T. ) ;
#1375 = CARTESIAN_POINT ( 'NONE',  ( -11.69689577749890219, 40.10000000000000142, 25.00000000000000000 ) ) ;
#1376 = VERTEX_POINT ( 'NONE', #86 ) ;
#1377 = CYLINDRICAL_SURFACE ( 'NONE', #1429, 2.000000000000003553 ) ;
#1378 =( GEOMETRIC_REPRESENTATION_CONTEXT ( 3 ) GLOBAL_UNCERTAINTY_ASSIGNED_CONTEXT ( ( #983 ) ) GLOBAL_UNIT_ASSIGNED_CONTEXT ( ( #342, #3, #1408 ) ) REPRESENTATION_CONTEXT ( 'NONE', 'WORKASPACE' ) );
#1379 = CARTESIAN_POINT ( 'NONE',  ( 12.50000000000000888, -35.70000000000000284, 6.000000000000000000 ) ) ;
#1380 = VECTOR ( 'NONE', #915, 1000.000000000000000 ) ;
#1381 = DIRECTION ( 'NONE',  ( -0.000000000000000000, -0.000000000000000000, -1.000000000000000000 ) ) ;
#1382 = ORIENTED_EDGE ( 'NONE', *, *, #1462, .T. ) ;
#1383 = VECTOR ( 'NONE', #838, 1000.000000000000000 ) ;
#1384 = DIRECTION ( 'NONE',  ( -0.000000000000000000, -0.000000000000000000, -1.000000000000000000 ) ) ;
#1385 = EDGE_CURVE ( 'NONE', #452, #755, #869, .T. ) ;
#1386 = ORIENTED_EDGE ( 'NONE', *, *, #545, .F. ) ;
#1387 = CARTESIAN_POINT ( 'NONE',  ( -11.92788578010164713, -35.70000000000000284, 6.000000000000000000 ) ) ;
#1388 = CARTESIAN_POINT ( 'NONE',  ( -18.10000000000000142, -40.10000000000000142, 25.00000000000000000 ) ) ;
#1389 = DIRECTION ( 'NONE',  ( -0.000000000000000000, -0.000000000000000000, -1.000000000000000000 ) ) ;
#1390 = ORIENTED_EDGE ( 'NONE', *, *, #191, .F. ) ;
#1391 = CARTESIAN_POINT ( 'NONE',  ( 10.27689577749880101, 40.10000000000000142, 25.00000000000000000 ) ) ;
#1392 = FACE_OUTER_BOUND ( 'NONE', #55, .T. ) ;
#1393 = EDGE_CURVE ( 'NONE', #1042, #211, #558, .T. ) ;
#1394 = CARTESIAN_POINT ( 'NONE',  ( 12.46026316928587008, 40.10000000000000142, 0.000000000000000000 ) ) ;
#1395 = ORIENTED_EDGE ( 'NONE', *, *, #237, .T. ) ;
#1396 = DIRECTION ( 'NONE',  ( 0.000000000000000000, 0.000000000000000000, 1.000000000000000000 ) ) ;
#1397 = DIRECTION ( 'NONE',  ( 1.000000000000000000, 0.000000000000000000, 0.000000000000000000 ) ) ;
#1398 = FACE_OUTER_BOUND ( 'NONE', #609, .T. ) ;
#1399 = DIRECTION ( 'NONE',  ( -1.000000000000000000, 0.000000000000000000, 0.000000000000000000 ) ) ;
#1400 = AXIS2_PLACEMENT_3D ( 'NONE', #951, #1082, #1183 ) ;
#1401 = EDGE_CURVE ( 'NONE', #977, #985, #793, .T. ) ;
#1402 = ORIENTED_EDGE ( 'NONE', *, *, #1401, .F. ) ;
#1403 = VECTOR ( 'NONE', #346, 1000.000000000000000 ) ;
#1404 = VECTOR ( 'NONE', #1139, 1000.000000000000000 ) ;
#1405 = CARTESIAN_POINT ( 'NONE',  ( 12.50000000000000888, -34.85424868893540662, 0.000000000000000000 ) ) ;
#1406 = DIRECTION ( 'NONE',  ( -0.000000000000000000, -1.000000000000000000, -0.000000000000000000 ) ) ;
#1407 = DIRECTION ( 'NONE',  ( 1.000000000000000000, 0.000000000000000000, 0.000000000000000000 ) ) ;
#1408 =( NAMED_UNIT ( * ) SI_UNIT ( $, .STERADIAN. ) SOLID_ANGLE_UNIT ( ) );
#1409 = EDGE_LOOP ( 'NONE', ( #913, #1339, #566, #637, #833, #969, #1068, #1382 ) ) ;
#1410 = EDGE_LOOP ( 'NONE', ( #253, #1149, #1438, #307, #499, #336, #1084, #153 ) ) ;
#1411 = EDGE_CURVE ( 'NONE', #1311, #1164, #1487, .T. ) ;
#1412 = CARTESIAN_POINT ( 'NONE',  ( 15.50000000000000000, 37.50000000000000000, 6.000000000000000000 ) ) ;
#1413 = DIRECTION ( 'NONE',  ( -1.000000000000000000, 0.000000000000000000, -0.000000000000000000 ) ) ;
#1414 = ORIENTED_EDGE ( 'NONE', *, *, #168, .T. ) ;
#1415 = CARTESIAN_POINT ( 'NONE',  ( 10.27689577749880101, 40.10000000000000142, 25.00000000000000000 ) ) ;
#1416 = ORIENTED_EDGE ( 'NONE', *, *, #1253, .T. ) ;
#1417 = ORIENTED_EDGE ( 'NONE', *, *, #61, .T. ) ;
#1418 = CARTESIAN_POINT ( 'NONE',  ( -11.69689577749890219, 38.90000000000000568, -22.10446822030533198 ) ) ;
#1419 = ADVANCED_FACE ( 'NONE', ( #49 ), #565, .T. ) ;
#1420 = PLANE ( 'NONE',  #726 ) ;
#1421 = ORIENTED_EDGE ( 'NONE', *, *, #1032, .T. ) ;
#1422 = DIRECTION ( 'NONE',  ( 1.000000000000000000, 0.000000000000000000, 0.000000000000000000 ) ) ;
#1423 = VECTOR ( 'NONE', #1381, 1000.000000000000000 ) ;
#1424 = DIRECTION ( 'NONE',  ( -1.000000000000000000, 0.000000000000000000, 0.000000000000000000 ) ) ;
#1425 = VECTOR ( 'NONE', #815, 1000.000000000000000 ) ;
#1426 = ORIENTED_EDGE ( 'NONE', *, *, #1137, .T. ) ;
#1427 = CARTESIAN_POINT ( 'NONE',  ( 17.50000000000000000, -37.50000000000000000, 6.000000000000000000 ) ) ;
#1428 = VECTOR ( 'NONE', #557, 1000.000000000000000 ) ;
#1429 = AXIS2_PLACEMENT_3D ( 'NONE', #453, #925, #1029 ) ;
#1430 = FACE_OUTER_BOUND ( 'NONE', #360, .T. ) ;
#1431 = EDGE_LOOP ( 'NONE', ( #655, #1323, #1441, #1421 ) ) ;
#1432 = CARTESIAN_POINT ( 'NONE',  ( 10.27689577749880456, 40.10000000000000142, 0.000000000000000000 ) ) ;
#1433 = FACE_OUTER_BOUND ( 'NONE', #1409, .T. ) ;
#1434 = ORIENTED_EDGE ( 'NONE', *, *, #603, .F. ) ;
#1435 = LINE ( 'NONE', #1427, #402 ) ;
#1436 = DIRECTION ( 'NONE',  ( 1.000000000000000000, 0.000000000000000000, 0.000000000000000000 ) ) ;
#1437 = EDGE_CURVE ( 'NONE', #96, #640, #128, .T. ) ;
#1438 = ORIENTED_EDGE ( 'NONE', *, *, #1282, .F. ) ;
#1439 = CARTESIAN_POINT ( 'NONE',  ( -12.46026316928587008, -40.10000000000000142, 6.000000000000000000 ) ) ;
#1440 = CYLINDRICAL_SURFACE ( 'NONE', #1043, 2.000000000000003553 ) ;
#1441 = ORIENTED_EDGE ( 'NONE', *, *, #1459, .F. ) ;
#1442 = PLANE ( 'NONE',  #1400 ) ;
#1443 = DIRECTION ( 'NONE',  ( -1.000000000000000000, 0.000000000000000000, 0.000000000000000000 ) ) ;
#1444 = ORIENTED_EDGE ( 'NONE', *, *, #859, .T. ) ;
#1445 = LINE ( 'NONE', #392, #748 ) ;
#1446 = DIRECTION ( 'NONE',  ( -0.000000000000000000, 0.000000000000000000, -1.000000000000000000 ) ) ;
#1447 = EDGE_CURVE ( 'NONE', #1155, #520, #477, .T. ) ;
#1448 = ORIENTED_EDGE ( 'NONE', *, *, #706, .F. ) ;
#1449 = VECTOR ( 'NONE', #279, 1000.000000000000000 ) ;
#1450 = CARTESIAN_POINT ( 'NONE',  ( -15.50000000000000000, -37.50000000000000000, 6.000000000000000000 ) ) ;
#1451 = VECTOR ( 'NONE', #1278, 1000.000000000000000 ) ;
#1452 = CIRCLE ( 'NONE', #32, 4.000000000000000000 ) ;
#1453 = CARTESIAN_POINT ( 'NONE',  ( 12.50000000000000888, -34.85424868893539951, 6.000000000000000000 ) ) ;
#1454 = AXIS2_PLACEMENT_3D ( 'NONE', #569, #97, #1515 ) ;
#1455 = ORIENTED_EDGE ( 'NONE', *, *, #1152, .F. ) ;
#1456 = PLANE ( 'NONE',  #182 ) ;
#1457 = CIRCLE ( 'NONE', #579, 2.000000000000001776 ) ;
#1458 = CARTESIAN_POINT ( 'NONE',  ( 11.50000000000000000, 37.50000000000000000, 6.000000000000000000 ) ) ;
#1459 = EDGE_CURVE ( 'NONE', #891, #81, #109, .T. ) ;
#1460 = VERTEX_POINT ( 'NONE', #927 ) ;
#1461 = CARTESIAN_POINT ( 'NONE',  ( 18.10000000000000142, -40.10000000000000142, 25.00000000000000000 ) ) ;
#1462 = EDGE_CURVE ( 'NONE', #1227, #622, #235, .T. ) ;
#1463 = CARTESIAN_POINT ( 'NONE',  ( 17.50000000000000000, -37.50000000000000000, 2.000000000000000000 ) ) ;
#1464 = ORIENTED_EDGE ( 'NONE', *, *, #1081, .F. ) ;
#1465 = CARTESIAN_POINT ( 'NONE',  ( 10.27689577749880101, 41.30000000000000426, 25.00000000000000000 ) ) ;
#1466 = DIRECTION ( 'NONE',  ( -0.000000000000000000, -0.000000000000000000, -1.000000000000000000 ) ) ;
#1467 = EDGE_LOOP ( 'NONE', ( #516, #1049, #1000, #897 ) ) ;
#1468 = DIRECTION ( 'NONE',  ( 0.000000000000000000, 0.000000000000000000, 1.000000000000000000 ) ) ;
#1469 = ORIENTED_EDGE ( 'NONE', *, *, #811, .T. ) ;
#1470 = DIRECTION ( 'NONE',  ( 0.000000000000000000, 0.000000000000000000, 1.000000000000000000 ) ) ;
#1471 = LINE ( 'NONE', #667, #1065 ) ;
#1472 = ORIENTED_EDGE ( 'NONE', *, *, #1316, .T. ) ;
#1473 = VECTOR ( 'NONE', #413, 1000.000000000000000 ) ;
#1474 = CARTESIAN_POINT ( 'NONE',  ( 18.10000000000000142, 40.10000000000000142, 25.00000000000000000 ) ) ;
#1475 = CIRCLE ( 'NONE', #427, 2.000000000000000000 ) ;
#1476 = ORIENTED_EDGE ( 'NONE', *, *, #40, .F. ) ;
#1477 = SURFACE_STYLE_FILL_AREA ( #90 ) ;
#1478 = CIRCLE ( 'NONE', #1018, 4.000000000000000000 ) ;
#1479 = VECTOR ( 'NONE', #366, 1000.000000000000000 ) ;
#1480 = DIRECTION ( 'NONE',  ( -1.000000000000000000, 0.000000000000000000, 0.000000000000000000 ) ) ;
#1481 = ORIENTED_EDGE ( 'NONE', *, *, #1514, .T. ) ;
#1482 = FACE_OUTER_BOUND ( 'NONE', #877, .T. ) ;
#1483 = ORIENTED_EDGE ( 'NONE', *, *, #165, .F. ) ;
#1484 = DIRECTION ( 'NONE',  ( -1.000000000000000000, 0.000000000000000000, 0.000000000000000000 ) ) ;
#1485 = EDGE_CURVE ( 'NONE', #517, #891, #1296, .T. ) ;
#1486 = CARTESIAN_POINT ( 'NONE',  ( 15.50000000000000000, 37.50000000000000000, 6.000000000000000000 ) ) ;
#1487 = LINE ( 'NONE', #1106, #941 ) ;
#1488 = EDGE_CURVE ( 'NONE', #81, #505, #1199, .T. ) ;
#1489 = ORIENTED_EDGE ( 'NONE', *, *, #328, .T. ) ;
#1490 = CARTESIAN_POINT ( 'NONE',  ( -15.50000000000000000, 37.50000000000000000, 6.000000000000000000 ) ) ;
#1491 = EDGE_CURVE ( 'NONE', #985, #1223, #695, .T. ) ;
#1492 = ORIENTED_EDGE ( 'NONE', *, *, #753, .T. ) ;
#1493 = CARTESIAN_POINT ( 'NONE',  ( -14.10000000000000142, -33.75300120096095924, 6.000000000000000000 ) ) ;
#1494 = DIRECTION ( 'NONE',  ( 1.000000000000000000, -0.000000000000000000, -0.000000000000000000 ) ) ;
#1495 = CARTESIAN_POINT ( 'NONE',  ( 10.27689577749880101, 41.30000000000000426, -22.10446822030533198 ) ) ;
#1496 = EDGE_LOOP ( 'NONE', ( #634, #1135 ) ) ;
#1497 = EDGE_CURVE ( 'NONE', #436, #722, #709, .T. ) ;
#1498 = DIRECTION ( 'NONE',  ( 0.000000000000000000, 0.000000000000000000, 1.000000000000000000 ) ) ;
#1499 = ORIENTED_EDGE ( 'NONE', *, *, #1261, .F. ) ;
#1500 = CARTESIAN_POINT ( 'NONE',  ( 18.10000000000000142, 40.10000000000000142, 6.000000000000000000 ) ) ;
#1501 = AXIS2_PLACEMENT_3D ( 'NONE', #1258, #335, #288 ) ;
#1502 = CIRCLE ( 'NONE', #943, 2.000000000000000000 ) ;
#1503 = FACE_OUTER_BOUND ( 'NONE', #828, .T. ) ;
#1504 = CARTESIAN_POINT ( 'NONE',  ( -13.50000000000000000, 37.50000000000000000, 6.000000000000000000 ) ) ;
#1505 = CIRCLE ( 'NONE', #110, 2.000000000000001776 ) ;
#1506 = ORIENTED_EDGE ( 'NONE', *, *, #999, .T. ) ;
#1507 = DIRECTION ( 'NONE',  ( -1.000000000000000000, 0.000000000000000000, 0.000000000000000000 ) ) ;
#1508 = EDGE_CURVE ( 'NONE', #1164, #381, #871, .T. ) ;
#1509 = ORIENTED_EDGE ( 'NONE', *, *, #1488, .T. ) ;
#1510 = CARTESIAN_POINT ( 'NONE',  ( -20.09999999999999787, -42.10000000000000853, 25.00000000000000000 ) ) ;
#1511 = DIRECTION ( 'NONE',  ( -1.000000000000000000, 0.000000000000000000, -0.000000000000000000 ) ) ;
#1512 = ORIENTED_EDGE ( 'NONE', *, *, #125, .F. ) ;
#1513 = CARTESIAN_POINT ( 'NONE',  ( -15.50000000000000000, 37.50000000000000000, 2.000000000000000000 ) ) ;
#1514 = EDGE_CURVE ( 'NONE', #722, #1311, #587, .T. ) ;
#1515 = DIRECTION ( 'NONE',  ( -1.000000000000000000, 0.000000000000000000, 0.000000000000000000 ) ) ;
#1516 = EDGE_CURVE ( 'NONE', #132, #787, #121, .T. ) ;
#1517 = FACE_OUTER_BOUND ( 'NONE', #1363, .T. ) ;
#1518 = CARTESIAN_POINT ( 'NONE',  ( 8.599999999999996092, 35.89999999999999147, -2.000000000000000000 ) ) ;
#1519 = EDGE_LOOP ( 'NONE', ( #703, #195, #550, #259 ) ) ;
#1520 = FACE_OUTER_BOUND ( 'NONE', #664, .T. ) ;
#1521 = CARTESIAN_POINT ( 'NONE',  ( -12.46026316928587008, -40.10000000000000142, 6.000000000000000000 ) ) ;
ENDSEC;
END-ISO-10303-21;
