ISO-10303-21;
HEADER;
FILE_DESCRIPTION (( 'STEP AP214' ),
    '1' );
FILE_NAME ('Second_Part.STEP',
    '2026-02-05T08:43:26',
    ( '' ),
    ( '' ),
    'SwSTEP 2.0',
    'SolidWorks 2026',
    '' );
FILE_SCHEMA (( 'AUTOMOTIVE_DESIGN' ));
ENDSEC;

DATA;
#1 = ORIENTED_EDGE ( 'NONE', *, *, #3186, .F. ) ;
#2 = CARTESIAN_POINT ( 'NONE',  ( 40.81805682701002524, -12.35750574213354014, 13.60000000000000142 ) ) ;
#3 = CARTESIAN_POINT ( 'NONE',  ( 40.57792802298519064, 20.44696964204547385, 27.69395940719812899 ) ) ;
#4 = CARTESIAN_POINT ( 'NONE',  ( -12.90330305799857591, 19.40818549049293651, 27.95172059729442893 ) ) ;
#5 = CARTESIAN_POINT ( 'NONE',  ( -12.65104767907602579, -5.088029398642660794, 28.31225206021135321 ) ) ;
#6 = VECTOR ( 'NONE', #3389, 1000.000000000000000 ) ;
#7 = CARTESIAN_POINT ( 'NONE',  ( -19.04758512044393015, 19.09025454377654185, 13.60000000000000142 ) ) ;
#8 = CARTESIAN_POINT ( 'NONE',  ( 42.88097685546608062, -20.08708972991053443, 9.600000000000001421 ) ) ;
#9 = CARTESIAN_POINT ( 'NONE',  ( 43.10000000000006537, 17.08448482991618889, 9.600000000000003197 ) ) ;
#10 = CARTESIAN_POINT ( 'NONE',  ( 40.75810942387675340, 19.86700744066493840, 28.22214248708642614 ) ) ;
#11 = CARTESIAN_POINT ( 'NONE',  ( 38.10000000000007958, -7.232238866724000736, 27.42003145578561885 ) ) ;
#12 = CARTESIAN_POINT ( 'NONE',  ( -9.099999999999937472, -7.399999999999876010, 13.60000000000000142 ) ) ;
#13 = ORIENTED_EDGE ( 'NONE', *, *, #270, .T. ) ;
#14 = CARTESIAN_POINT ( 'NONE',  ( 43.10000000000007248, -9.172531525334200353, 13.65237577840901650 ) ) ;
#15 = CARTESIAN_POINT ( 'NONE',  ( 38.10000000000006537, 16.10000000000013287, 28.59999999999999787 ) ) ;
#16 = CARTESIAN_POINT ( 'NONE',  ( -9.099999999999937472, -2.399999999999876010, 28.59999999999999787 ) ) ;
#17 = CARTESIAN_POINT ( 'NONE',  ( -43.98866520347224451, 19.54258782409713646, 13.60000000000000142 ) ) ;
#18 = VECTOR ( 'NONE', #1847, 1000.000000000000000 ) ;
#19 = VERTEX_POINT ( 'NONE', #2155 ) ;
#20 = CARTESIAN_POINT ( 'NONE',  ( -15.18436161866297418, 21.09999999999995168, 13.70616079290514833 ) ) ;
#21 = CARTESIAN_POINT ( 'NONE',  ( 42.90947459358105931, -6.297326066125604527, 13.60000000000128928 ) ) ;
#22 = CARTESIAN_POINT ( 'NONE',  ( -11.55148617965392077, 18.23512875694486723, 28.53781812637538096 ) ) ;
#23 = CARTESIAN_POINT ( 'NONE',  ( 42.76290757911776552, -3.592592327465990998, 27.69395940719882887 ) ) ;
#24 = ORIENTED_EDGE ( 'NONE', *, *, #4003, .F. ) ;
#25 = CARTESIAN_POINT ( 'NONE',  ( 43.10000000000006537, -21.10000000000013642, 12.33333333333332149 ) ) ;
#26 = CARTESIAN_POINT ( 'NONE',  ( 40.71000790096378807, 20.61040127072021377, 27.23030725387438977 ) ) ;
#27 = CARTESIAN_POINT ( 'NONE',  ( -12.55696139355601737, 19.80651813456596955, 27.95172059729439340 ) ) ;
#28 = CARTESIAN_POINT ( 'NONE',  ( -10.59226033804190692, -2.788102094294313549, 28.59803400948223384 ) ) ;
#29 = CARTESIAN_POINT ( 'NONE',  ( 38.10000000000007958, -7.399999999999875122, 18.60000000000000142 ) ) ;
#30 = CARTESIAN_POINT ( 'NONE',  ( -12.21614139202565852, -6.749066647475940428, 27.23030725387365081 ) ) ;
#31 = DIRECTION ( 'NONE',  ( -0.000000000000000000, 0.000000000000000000, 1.000000000000000000 ) ) ;
#32 = CARTESIAN_POINT ( 'NONE',  ( 41.55436243565027610, -20.98712545639588001, 9.600000000000001421 ) ) ;
#33 = CARTESIAN_POINT ( 'NONE',  ( 42.96164780065894462, 19.72889785856663991, 9.599999999999999645 ) ) ;
#34 = CARTESIAN_POINT ( 'NONE',  ( 38.10000000000006537, -6.755761422473202771, 28.22214248708498019 ) ) ;
#35 = CARTESIAN_POINT ( 'NONE',  ( 40.10000000000006537, -5.149999999999875122, 7.599999999999999645 ) ) ;
#36 = ORIENTED_EDGE ( 'NONE', *, *, #2772, .T. ) ;
#37 = DIRECTION ( 'NONE',  ( 0.000000000000000000, -0.000000000000000000, 1.000000000000000000 ) ) ;
#38 = CARTESIAN_POINT ( 'NONE',  ( -43.07265072837406450, 20.88525032197497211, 13.60000000000000142 ) ) ;
#39 = ORIENTED_EDGE ( 'NONE', *, *, #4476, .F. ) ;
#40 = CARTESIAN_POINT ( 'NONE',  ( -15.03710209268326636, 21.09999999999995524, 13.72224676756661488 ) ) ;
#41 = CARTESIAN_POINT ( 'NONE',  ( 39.59548118336071099, -12.39683023553765118, 13.59999999999999076 ) ) ;
#42 = CARTESIAN_POINT ( 'NONE',  ( -11.48632736473454763, 18.32716742074489602, 28.53781812637537385 ) ) ;
#43 = CARTESIAN_POINT ( 'NONE',  ( 41.40818475171832347, -6.203303363595523479, 27.95172059729416958 ) ) ;
#44 = EDGE_LOOP ( 'NONE', ( #2691, #4152, #1977, #2785, #317, #4105, #682 ) ) ;
#45 = CARTESIAN_POINT ( 'NONE',  ( -10.98433655070921944, -12.38385922780765824, 13.59999999999999787 ) ) ;
#46 = CARTESIAN_POINT ( 'NONE',  ( 42.38858878044235468, 19.38472812874511320, 27.23030725387478768 ) ) ;
#47 = CARTESIAN_POINT ( 'NONE',  ( -13.21089327484456888, 18.06843181149972111, 28.16519854648792531 ) ) ;
#48 = CARTESIAN_POINT ( 'NONE',  ( -9.551826778421743214, -2.994942538165060952, 28.60000000000000497 ) ) ;
#49 = CARTESIAN_POINT ( 'NONE',  ( -13.13607778296896633, -6.173109070174461088, 27.23030725387388173 ) ) ;
#50 = CARTESIAN_POINT ( 'NONE',  ( -12.70136291278762464, 20.96876705829587806, 18.60000000000064446 ) ) ;
#51 = DIRECTION ( 'NONE',  ( -0.000000000000000000, 0.000000000000000000, -1.000000000000000000 ) ) ;
#52 = CARTESIAN_POINT ( 'NONE',  ( 43.03146074137833210, 19.14736041320261606, 9.600000000000001421 ) ) ;
#53 = CARTESIAN_POINT ( 'NONE',  ( 38.10000000000004405, 20.45576142247193019, 28.22214248708596074 ) ) ;
#54 = CARTESIAN_POINT ( 'NONE',  ( -13.81427369667028238, -2.950437423135813919, 27.78280182435290158 ) ) ;
#55 = DIRECTION ( 'NONE',  ( -6.062893718482057000E-16, 0.1736481776669307198, 0.9848077530122080203 ) ) ;
#56 = CARTESIAN_POINT ( 'NONE',  ( -43.31763701899503616, -20.81003976634758246, 9.600000000000004974 ) ) ;
#57 = CARTESIAN_POINT ( 'NONE',  ( -13.37498848203017943, 20.64509485181509518, 25.13064410631868384 ) ) ;
#58 = CARTESIAN_POINT ( 'NONE',  ( -42.63667213872753337, -20.97576400432754795, 13.60000000000000142 ) ) ;
#59 = CARTESIAN_POINT ( 'NONE',  ( -13.73761349851703883, -6.726680365418904906, 18.60000000000061249 ) ) ;
#60 = EDGE_LOOP ( 'NONE', ( #790, #3967, #2116, #2704 ) ) ;
#61 = PRODUCT_RELATED_PRODUCT_CATEGORY ( 'part', '', ( #148 ) ) ;
#62 = LINE ( 'NONE', #405, #2367 ) ;
#63 = CARTESIAN_POINT ( 'NONE',  ( -10.95572115673627778, 18.22954017971307650, 28.55633887815912786 ) ) ;
#64 = CARTESIAN_POINT ( 'NONE',  ( 40.22655048794646149, -6.797683118467609198, 27.78280182435199208 ) ) ;
#65 = VECTOR ( 'NONE', #223, 1000.000000000000000 ) ;
#66 = VERTEX_POINT ( 'NONE', #447 ) ;
#67 = ADVANCED_FACE ( 'NONE', ( #1484 ), #397, .F. ) ;
#68 = EDGE_CURVE ( 'NONE', #1537, #3584, #3402, .T. ) ;
#69 = CIRCLE ( 'NONE', #1092, 0.5000000000000004441 ) ;
#70 = CARTESIAN_POINT ( 'NONE',  ( -13.11444849182123384, -12.25623956296970718, 13.60000000000000320 ) ) ;
#71 = CARTESIAN_POINT ( 'NONE',  ( 42.04830544436160267, 20.31518592743543294, 26.66045524841124603 ) ) ;
#72 = CARTESIAN_POINT ( 'NONE',  ( -13.72707045027265949, 17.27681519624834650, 27.78280182435286960 ) ) ;
#73 = CARTESIAN_POINT ( 'NONE',  ( -9.196065907968172581, -3.166076742315699022, 28.59999999999999787 ) ) ;
#74 = CARTESIAN_POINT ( 'NONE',  ( -14.10000000074065163, 16.82135399906155371, 13.60000000000128750 ) ) ;
#75 = CARTESIAN_POINT ( 'NONE',  ( 43.07237354602658996, -18.33773021342744158, 9.600000000000003197 ) ) ;
#76 = EDGE_CURVE ( 'NONE', #1445, #4174, #2251, .T. ) ;
#77 = CARTESIAN_POINT ( 'NONE',  ( -43.14833751234620962, 20.86170419352130878, 9.600000000000001421 ) ) ;
#78 = CARTESIAN_POINT ( 'NONE',  ( -13.64131157255383187, -4.627501809071061345, 27.42003145578680545 ) ) ;
#79 = CARTESIAN_POINT ( 'NONE',  ( -40.10000000000006537, -18.10000000000013642, 7.599999999999999645 ) ) ;
#80 = CARTESIAN_POINT ( 'NONE',  ( -43.08708972991122721, -20.88097685546611260, 9.599999999999999645 ) ) ;
#81 = AXIS2_PLACEMENT_3D ( 'NONE', #3765, #584, #545 ) ;
#82 = CARTESIAN_POINT ( 'NONE',  ( 38.42159132142426614, 18.78113703491213826, 28.55633887815909944 ) ) ;
#83 = CARTESIAN_POINT ( 'NONE',  ( -9.099999999999953459, 21.05648911875079321, 26.27804358441476040 ) ) ;
#84 = CARTESIAN_POINT ( 'NONE',  ( -43.53880138776142417, -20.66090659504230231, 13.60000000000000320 ) ) ;
#85 = CARTESIAN_POINT ( 'NONE',  ( -9.099999999999933920, -7.399999999999876010, 13.60000000000000142 ) ) ;
#86 = ORIENTED_EDGE ( 'NONE', *, *, #1217, .F. ) ;
#87 = CARTESIAN_POINT ( 'NONE',  ( 38.10000000000007958, -7.399999999999876010, 21.93333333333333357 ) ) ;
#88 = CARTESIAN_POINT ( 'NONE',  ( -9.099999999999933920, 16.09999999999996945, 28.59999999999999787 ) ) ;
#89 = CARTESIAN_POINT ( 'NONE',  ( 42.07015056685109755, -6.108857089522563122, 27.42003145578685874 ) ) ;
#90 = ORIENTED_EDGE ( 'NONE', *, *, #3859, .F. ) ;
#91 = PLANE ( 'NONE',  #1665 ) ;
#92 = CARTESIAN_POINT ( 'NONE',  ( 41.05884582710655906, 20.00544659086119026, 28.03089793834169541 ) ) ;
#93 = CARTESIAN_POINT ( 'NONE',  ( -9.598712640187917700, 20.45576142247176676, 28.22214248708596074 ) ) ;
#94 = AXIS2_PLACEMENT_3D ( 'NONE', #2491, #2105, #51 ) ;
#95 = CARTESIAN_POINT ( 'NONE',  ( -13.46255874637196293, 20.71516124974547779, 18.59999999999870823 ) ) ;
#96 = CARTESIAN_POINT ( 'NONE',  ( 42.12889382622893208, -20.86802747807865188, 9.600000000000001421 ) ) ;
#97 = CARTESIAN_POINT ( 'NONE',  ( -41.79246757334426832, 21.05304772075031039, 9.600000000000003197 ) ) ;
#98 = CARTESIAN_POINT ( 'NONE',  ( -13.16824286380977860, -5.950404743262393659, 27.42003145578648571 ) ) ;
#99 = CARTESIAN_POINT ( 'NONE',  ( -40.80000000000003979, 10.27689577749865890, 7.600000000000000533 ) ) ;
#100 = CARTESIAN_POINT ( 'NONE',  ( -10.63114460380456627, -7.398026321265357197, 24.36531221810755810 ) ) ;
#101 = EDGE_CURVE ( 'NONE', #1999, #3851, #409, .T. ) ;
#102 = ORIENTED_EDGE ( 'NONE', *, *, #316, .F. ) ;
#103 = CARTESIAN_POINT ( 'NONE',  ( 38.77178434768197945, 18.71942097866272192, 28.55633887815912786 ) ) ;
#104 = CARTESIAN_POINT ( 'NONE',  ( -12.97287531579465814, 20.50242602386144597, 26.27804358441493093 ) ) ;
#105 = CARTESIAN_POINT ( 'NONE',  ( -44.06157421607986180, -18.63707660283112588, 13.60000000000000142 ) ) ;
#106 = CARTESIAN_POINT ( 'NONE',  ( -9.099999999999933920, -12.39999999999987601, 13.60000000000000142 ) ) ;
#107 = ORIENTED_EDGE ( 'NONE', *, *, #2285, .T. ) ;
#108 = CARTESIAN_POINT ( 'NONE',  ( 38.10000000000004405, 21.10000000000013287, 28.59999999999999787 ) ) ;
#109 = DIRECTION ( 'NONE',  ( 1.000000000000000000, 0.000000000000000000, 0.000000000000000000 ) ) ;
#110 = CARTESIAN_POINT ( 'NONE',  ( -9.609201453424278228, 16.64507301205938461, 28.59999999999999787 ) ) ;
#111 = B_SPLINE_CURVE_WITH_KNOTS ( 'NONE', 3,
 ( #4252, #710, #2538, #3499 ),
 .UNSPECIFIED., .F., .F.,
 ( 4, 4 ),
 ( 0.3333333333333328152, 0.6666666666666840602 ),
 .UNSPECIFIED. ) ;
#112 = CARTESIAN_POINT ( 'NONE',  ( 41.80305734019826502, -5.202871322911311047, 28.22214248708638706 ) ) ;
#113 = VERTEX_POINT ( 'NONE', #3736 ) ;
#114 = CARTESIAN_POINT ( 'NONE',  ( -19.07755251244247674, -4.542945180051852994, 13.60000000000000320 ) ) ;
#115 = CARTESIAN_POINT ( 'NONE',  ( 38.65043740182795062, 20.81427369667069627, 27.78280182435240064 ) ) ;
#116 = CARTESIAN_POINT ( 'NONE',  ( -12.80305734022164188, 18.90287132291817684, 28.22214248708628404 ) ) ;
#117 = CARTESIAN_POINT ( 'NONE',  ( 42.98804278005445667, -19.54737320415801705, 13.60000000000000142 ) ) ;
#118 =( BOUNDED_CURVE ( )  B_SPLINE_CURVE ( 2, ( #1086, #3452, #2496 ),
 .UNSPECIFIED., .F., .F. ) 
 B_SPLINE_CURVE_WITH_KNOTS ( ( 3, 3 ),
 ( 0.000000000000000000, 1.000000000000000000 ),
 .UNSPECIFIED. ) 
 CURVE ( )  GEOMETRIC_REPRESENTATION_ITEM ( )  RATIONAL_B_SPLINE_CURVE ( ( 1.000000000000000000, 4.000000000000000000, 1.000000000000000000 ) ) 
 REPRESENTATION_ITEM ( '' )  );
#119 = CARTESIAN_POINT ( 'NONE',  ( -9.740415744756786509, 26.09912211731462151, 13.59999999999998366 ) ) ;
#120 = CARTESIAN_POINT ( 'NONE',  ( -19.06614171255117540, 18.60269058816233212, 13.60000000000000320 ) ) ;
#121 = CARTESIAN_POINT ( 'NONE',  ( -41.44748514795409022, 21.06840992987316241, 9.600000000000001421 ) ) ;
#122 = CARTESIAN_POINT ( 'NONE',  ( -11.22655049337450350, -6.797683117789678597, 27.78280182435177892 ) ) ;
#123 = DIRECTION ( 'NONE',  ( 1.000000000000000000, 4.336808689942017736E-16, 0.000000000000000000 ) ) ;
#124 = ORIENTED_EDGE ( 'NONE', *, *, #1395, .T. ) ;
#125 = CARTESIAN_POINT ( 'NONE',  ( 39.27832246379087167, -3.428476044272219081, 28.59803400948223029 ) ) ;
#126 = CARTESIAN_POINT ( 'NONE',  ( 38.10000000000006537, 16.86607674231561305, 28.59999999999999787 ) ) ;
#127 = CARTESIAN_POINT ( 'NONE',  ( -12.83926993013480278, 20.85319808328224411, 25.13064410631868739 ) ) ;
#128 = EDGE_CURVE ( 'NONE', #720, #2326, #1317, .T. ) ;
#129 = CARTESIAN_POINT ( 'NONE',  ( -43.81003976634683283, -20.31763701899483365, 13.60000000000000675 ) ) ;
#130 = CARTESIAN_POINT ( 'NONE',  ( -13.86206657713867862, -6.470602038605323791, 13.59999999999876508 ) ) ;
#131 = ORIENTED_EDGE ( 'NONE', *, *, #4481, .T. ) ;
#132 = CARTESIAN_POINT ( 'NONE',  ( 0.000000000000000000, -21.10000000000013642, 10.59999999999999964 ) ) ;
#133 = SHAPE_DEFINITION_REPRESENTATION ( #4320, #546 ) ;
#134 = CARTESIAN_POINT ( 'NONE',  ( -9.099999999999933920, 16.09999999999996945, 28.59999999999999787 ) ) ;
#135 = CARTESIAN_POINT ( 'NONE',  ( 42.34331101250403151, -4.436815309532366136, 28.03089793834193699 ) ) ;
#136 = ORIENTED_EDGE ( 'NONE', *, *, #1570, .T. ) ;
#137 = CARTESIAN_POINT ( 'NONE',  ( -15.26395710708579756, -11.70118311594261051, 13.60000000000000142 ) ) ;
#138 = CARTESIAN_POINT ( 'NONE',  ( 42.07095788144448534, 18.90555679409545675, 28.03089793834198318 ) ) ;
#139 = CARTESIAN_POINT ( 'NONE',  ( -12.55719390686534531, 19.32331128140542020, 28.22214248708624851 ) ) ;
#140 = CARTESIAN_POINT ( 'NONE',  ( 43.10000000000006537, -16.10000000000013642, 13.60000000000000142 ) ) ;
#141 = CARTESIAN_POINT ( 'NONE',  ( 42.19929906998543601, -7.032462040339706455, 25.13064410631859502 ) ) ;
#142 = CARTESIAN_POINT ( 'NONE',  ( -18.78295866747992093, 21.09999999999993392, 13.60000000000000142 ) ) ;
#143 =( BOUNDED_SURFACE ( )  B_SPLINE_SURFACE ( 2, 3, ( 
 ( #2745, #967, #2125, #666, #7, #2080, #2056, #1010, #3518, #368, #2380, #1776, #3174, #1819, #1521, #3932, #1887, #2557, #4251, #3952, #4275, #801, #4295, #3222, #119, #2834, #3590, #2211 ),
 ( #1171, #74, #3911, #2856, #1105, #733, #2512, #3610, #1130, #2170, #3566, #463, #390, #1866, #1479, #3266, #4229, #3243, #760, #2923, #2877, #2192, #1150, #440, #417, #4315, #2579, #3974 ),
 ( #2490, #823, #2233, #1080, #3886, #2537, #3632, #1841, #485, #3287, #780, #1435, #2149, #3545, #95, #1500, #1798, #3198, #2900, #50, #1457, #2309, #3753, #1273, #895, #2625, #3019, #3361 ) ),
 .UNSPECIFIED., .F., .F., .T. ) 
 B_SPLINE_SURFACE_WITH_KNOTS ( ( 3, 3 ),
 ( 4, 2, 2, 2, 2, 2, 2, 2, 2, 2, 2, 2, 2, 4 ),
 ( 0.000000000000000000, 1.000000000000000000 ),
 ( 0.000000000000000000, 0.002243032412800340623, 0.003364548619200510935, 0.004486064825600681247, 0.006729097238401021870, 0.007850613444801191748, 0.008972129651201362494, 0.01009364585760153324, 0.01121516206400170398, 0.01233667827040187473, 0.01345819447680204374, 0.01570122688960238350, 0.01682274309600255424, 0.01794425930240272499 ),
 .UNSPECIFIED. ) 
 GEOMETRIC_REPRESENTATION_ITEM ( )  RATIONAL_B_SPLINE_SURFACE ( (
 ( 1.000000000000000000, 1.000000000000000000, 1.000000000000000000, 1.000000000000000000, 1.000000000000000000, 1.000000000000000000, 1.000000000000000000, 1.000000000000000000, 1.000000000000000000, 1.000000000000000000, 1.000000000000000000, 1.000000000000000000, 1.000000000000000000, 1.000000000000000000, 1.000000000000000000, 1.000000000000000000, 1.000000000000000000, 1.000000000000000000, 1.000000000000000000, 1.000000000000000000, 1.000000000000000000, 1.000000000000000000, 1.000000000000000000, 1.000000000000000000, 1.000000000000000000, 1.000000000000000000, 1.000000000000000000, 1.000000000000000000),
 ( 4.000000000000000888, 4.000000000000000888, 4.000000000000000888, 4.000000000000000888, 4.000000000000000888, 4.000000000000000888, 4.000000000000000888, 4.000000000000000888, 4.000000000000000888, 4.000000000000000888, 4.000000000000000888, 4.000000000000000888, 4.000000000000000888, 4.000000000000000888, 4.000000000000000888, 4.000000000000000888, 4.000000000000000888, 4.000000000000000888, 4.000000000000000888, 4.000000000000000888, 4.000000000000000888, 4.000000000000000888, 4.000000000000000888, 4.000000000000000888, 4.000000000000000888, 4.000000000000000888, 4.000000000000000888, 4.000000000000000888),
 ( 1.000000000000000000, 1.000000000000000000, 1.000000000000000000, 1.000000000000000000, 1.000000000000000000, 1.000000000000000000, 1.000000000000000000, 1.000000000000000000, 1.000000000000000000, 1.000000000000000000, 1.000000000000000000, 1.000000000000000000, 1.000000000000000000, 1.000000000000000000, 1.000000000000000000, 1.000000000000000000, 1.000000000000000000, 1.000000000000000000, 1.000000000000000000, 1.000000000000000000, 1.000000000000000000, 1.000000000000000000, 1.000000000000000000, 1.000000000000000000, 1.000000000000000000, 1.000000000000000000, 1.000000000000000000, 1.000000000000000000) ) ) 
 REPRESENTATION_ITEM ( '' )  SURFACE ( )  );
#144 = CARTESIAN_POINT ( 'NONE',  ( -9.099999999999937472, -5.464390761366217042, 28.53781812637529924 ) ) ;
#145 = CARTESIAN_POINT ( 'NONE',  ( -42.58902559124589260, 20.98247474094868892, 9.600000000000003197 ) ) ;
#146 = CARTESIAN_POINT ( 'NONE',  ( -13.40580774870786485, -4.847956964490657938, 27.78280182435247170 ) ) ;
#147 = CARTESIAN_POINT ( 'NONE',  ( 43.10000000000006537, 0.000000000000000000, 10.59999999999999964 ) ) ;
#148 = PRODUCT ( 'Second_Part', 'Second_Part', '', ( #2913 ) ) ;
#149 = CARTESIAN_POINT ( 'NONE',  ( -43.09948029764399990, -20.87725659433514025, 9.599999999999999645 ) ) ;
#150 = CARTESIAN_POINT ( 'NONE',  ( 39.28720153272414706, -4.856976723365884041, 28.55633887815911010 ) ) ;
#151 = CARTESIAN_POINT ( 'NONE',  ( 40.22954017970172913, 17.95572115673752478, 28.55633887815913141 ) ) ;
#152 = CARTESIAN_POINT ( 'NONE',  ( -12.65300796294032182, 20.89076477354690908, 25.13064410631864831 ) ) ;
#153 = CARTESIAN_POINT ( 'NONE',  ( -44.07037261525424299, -18.39456583594377648, 13.60000000000000142 ) ) ;
#154 = CARTESIAN_POINT ( 'NONE',  ( -19.09689647980839666, -3.824215753282388608, 13.60000000000000497 ) ) ;
#155 = AXIS2_PLACEMENT_3D ( 'NONE', #676, #4350, #832 ) ;
#156 = VERTEX_POINT ( 'NONE', #239 ) ;
#157 = CARTESIAN_POINT ( 'NONE',  ( 38.10000000000006537, 16.10000000000013287, 28.59999999999999787 ) ) ;
#158 = CARTESIAN_POINT ( 'NONE',  ( -9.099999999999933920, 16.09999999999996945, 28.60000000000000497 ) ) ;
#159 = CARTESIAN_POINT ( 'NONE',  ( -10.71073703523943976, -4.672313668236180995, 28.55633887815909233 ) ) ;
#160 = CARTESIAN_POINT ( 'NONE',  ( 42.28746191188388082, -2.880554687216116072, 28.31225206021231955 ) ) ;
#161 = ORIENTED_EDGE ( 'NONE', *, *, #2036, .T. ) ;
#162 = CARTESIAN_POINT ( 'NONE',  ( 40.10000000000006537, -5.149999999999875122, 10.59999999999999787 ) ) ;
#163 = CARTESIAN_POINT ( 'NONE',  ( 38.63367196105999568, 20.72475559144021418, 27.95172059729413050 ) ) ;
#164 = CARTESIAN_POINT ( 'NONE',  ( -12.18499790288732854, 19.64919595583645062, 28.22214248708620588 ) ) ;
#165 = CARTESIAN_POINT ( 'NONE',  ( 42.46469559158050799, -7.035309294596153507, 23.60000000000000142 ) ) ;
#166 = AXIS2_PLACEMENT_3D ( 'NONE', #310, #2032, #3116 ) ;
#167 = CARTESIAN_POINT ( 'NONE',  ( -44.10000000000007248, 16.09999999999986287, 13.60000000000000142 ) ) ;
#168 = CARTESIAN_POINT ( 'NONE',  ( 40.40303354164385752, -21.07006491942921400, 9.600000000000003197 ) ) ;
#169 = CARTESIAN_POINT ( 'NONE',  ( 0.000000000000000000, -4.399999999999876010, 25.59999999999999787 ) ) ;
#170 = CARTESIAN_POINT ( 'NONE',  ( -9.099999999999937472, -6.835212816817760384, 28.16519854648644028 ) ) ;
#171 = B_SPLINE_CURVE_WITH_KNOTS ( 'NONE', 3,
 ( #1990, #642, #4531, #3088 ),
 .UNSPECIFIED., .F., .F.,
 ( 4, 4 ),
 ( 0.000000000000000000, 1.000000000000000000 ),
 .UNSPECIFIED. ) ;
#172 = CARTESIAN_POINT ( 'NONE',  ( -10.63114460380462845, -7.398026321267065164, 23.59999999999996945 ) ) ;
#173 = CARTESIAN_POINT ( 'NONE',  ( -44.03146074138107480, -19.14736041319022419, 9.600000000000003197 ) ) ;
#174 = CARTESIAN_POINT ( 'NONE',  ( 39.24503680301117470, -3.469875719052820440, 28.59803400948223029 ) ) ;
#175 = CARTESIAN_POINT ( 'NONE',  ( 39.36613721817296607, 16.99920965421918950, 28.59803400948222318 ) ) ;
#176 = CARTESIAN_POINT ( 'NONE',  ( -11.57792685605041783, 20.44696971890875759, 27.69395940719791582 ) ) ;
#177 = CARTESIAN_POINT ( 'NONE',  ( 40.10000000000006537, 17.35000000000012577, 27.72132034355963981 ) ) ;
#178 = CARTESIAN_POINT ( 'NONE',  ( -13.67206547453063514, -6.821352548861315590, 13.59999999999938680 ) ) ;
#179 = ADVANCED_FACE ( 'NONE', ( #3047 ), #1647, .T. ) ;
#180 = ORIENTED_EDGE ( 'NONE', *, *, #263, .T. ) ;
#181 = CARTESIAN_POINT ( 'NONE',  ( 43.10000000000006537, -7.741193424575582682, 13.83422651927690339 ) ) ;
#182 = LINE ( 'NONE', #773, #3526 ) ;
#183 = CARTESIAN_POINT ( 'NONE',  ( -10.65716331651759674, -5.144438021579341935, 28.53781812637534543 ) ) ;
#184 = CARTESIAN_POINT ( 'NONE',  ( 40.13681530437406053, -6.643311013209228122, 28.03089793834084986 ) ) ;
#185 = CARTESIAN_POINT ( 'NONE',  ( -40.10000000000006537, 18.10000000000012221, 10.59999999999999964 ) ) ;
#186 = ORIENTED_EDGE ( 'NONE', *, *, #2210, .T. ) ;
#187 = CARTESIAN_POINT ( 'NONE',  ( -18.65607938952916101, -7.917166273855559488, 13.60000000000000320 ) ) ;
#188 = CARTESIAN_POINT ( 'NONE',  ( 39.27681519624813689, 20.72707045026877637, 27.78280182435253209 ) ) ;
#189 = CARTESIAN_POINT ( 'NONE',  ( -11.23392085747888203, 19.88299805811247012, 28.31225206021150242 ) ) ;
#190 = CARTESIAN_POINT ( 'NONE',  ( 42.98121807632029601, -5.393350259396501478, 25.13064410631880108 ) ) ;
#191 = CARTESIAN_POINT ( 'NONE',  ( 38.10000000000003695, 21.10000000000013287, 14.26666666666666750 ) ) ;
#192 = CARTESIAN_POINT ( 'NONE',  ( -9.099999999999937472, -6.835212816817760384, 28.16519854648644028 ) ) ;
#193 = UNCERTAINTY_MEASURE_WITH_UNIT (LENGTH_MEASURE( 1.000000000000000082E-05 ), #978, 'distance_accuracy_value', 'NONE');
#194 = CARTESIAN_POINT ( 'NONE',  ( 38.10000000000007248, 3.600000000000123990, 28.59999999999999787 ) ) ;
#195 = CARTESIAN_POINT ( 'NONE',  ( -13.34331101320892365, -4.436815304374412960, 28.03089793834140409 ) ) ;
#196 = CARTESIAN_POINT ( 'NONE',  ( -12.73083891477917184, -7.264305201558853398, 23.60000000000000142 ) ) ;
#197 = EDGE_CURVE ( 'NONE', #4498, #1871, #2356, .T. ) ;
#198 = CARTESIAN_POINT ( 'NONE',  ( -14.09999999999993570, -7.399999999999876010, 29.34999999999999787 ) ) ;
#199 = CARTESIAN_POINT ( 'NONE',  ( 40.66369219603857488, -4.346741361281815763, 28.53781812637537740 ) ) ;
#200 = CARTESIAN_POINT ( 'NONE',  ( 38.75413128147115316, 16.47012258766199011, 28.60000000000000142 ) ) ;
#201 = CARTESIAN_POINT ( 'NONE',  ( -9.697907049005934255, 20.96439640049436548, 27.23030725387405582 ) ) ;
#202 = CARTESIAN_POINT ( 'NONE',  ( 38.10000000000007958, -4.399999999999876010, 28.57970021595263788 ) ) ;
#203 = VERTEX_POINT ( 'NONE', #3315 ) ;
#204 = CYLINDRICAL_SURFACE ( 'NONE', #1253, 0.5000000000000004441 ) ;
#205 = CARTESIAN_POINT ( 'NONE',  ( 43.10000000000006537, 16.10000000000013287, 24.36531221810795955 ) ) ;
#206 = DIRECTION ( 'NONE',  ( -1.916821520416347353E-16, 1.000000000000000000, 0.000000000000000000 ) ) ;
#207 = CARTESIAN_POINT ( 'NONE',  ( 38.62510620770237324, -6.968678546357166326, 28.03089793834037025 ) ) ;
#208 = CARTESIAN_POINT ( 'NONE',  ( 43.10000000000006537, 21.10000000000015419, 15.61666666666665293 ) ) ;
#209 = ORIENTED_EDGE ( 'NONE', *, *, #3671, .F. ) ;
#210 = CARTESIAN_POINT ( 'NONE',  ( 42.68109130947892282, -6.809766221261243757, 18.59999999999999787 ) ) ;
#211 = CARTESIAN_POINT ( 'NONE',  ( 42.89929146666836601, -20.02763088764596588, 13.60000000000000497 ) ) ;
#212 = CARTESIAN_POINT ( 'NONE',  ( 42.73532697715414486, -6.764668136254474717, 24.36531221810777836 ) ) ;
#213 = ORIENTED_EDGE ( 'NONE', *, *, #4142, .T. ) ;
#214 = DIRECTION ( 'NONE',  ( 1.000000000000000000, 0.000000000000000000, 0.000000000000000000 ) ) ;
#215 = CARTESIAN_POINT ( 'NONE',  ( -9.099999999999937472, -6.755761422473204547, 28.22214248708496243 ) ) ;
#216 = CARTESIAN_POINT ( 'NONE',  ( -13.72475559143967949, -2.933671981091141134, 27.95172059729465630 ) ) ;
#217 = CARTESIAN_POINT ( 'NONE',  ( -44.10000000000007958, -17.08448482983392580, 9.600000000000001421 ) ) ;
#218 = ADVANCED_FACE ( 'NONE', ( #4081 ), #1702, .T. ) ;
#219 = CARTESIAN_POINT ( 'NONE',  ( 39.95572115672807456, -4.529540179707066905, 28.55633887815911720 ) ) ;
#220 = DIRECTION ( 'NONE',  ( 1.000000000000000000, 0.000000000000000000, 0.000000000000000000 ) ) ;
#221 = CARTESIAN_POINT ( 'NONE',  ( -13.20785363795750023, 19.22438856904197735, 27.69395940719808280 ) ) ;
#222 = CARTESIAN_POINT ( 'NONE',  ( 38.10000000000007248, -2.399999999999880451, 28.59999999999999787 ) ) ;
#223 = DIRECTION ( 'NONE',  ( 1.000000000000000000, 3.491481338843133750E-15, 0.000000000000000000 ) ) ;
#224 = ORIENTED_EDGE ( 'NONE', *, *, #68, .T. ) ;
#225 = FACE_OUTER_BOUND ( 'NONE', #3762, .T. ) ;
#226 = CARTESIAN_POINT ( 'NONE',  ( -39.10000000000008669, 21.09999999999986642, 13.60000000000000142 ) ) ;
#227 = FACE_OUTER_BOUND ( 'NONE', #333, .T. ) ;
#228 = CARTESIAN_POINT ( 'NONE',  ( 40.72825043212436924, -5.871395886862358360, 28.34695819720941401 ) ) ;
#229 = ORIENTED_EDGE ( 'NONE', *, *, #1106, .T. ) ;
#230 = CARTESIAN_POINT ( 'NONE',  ( 38.10000000000006537, -21.10000000000013642, 13.60000000000000142 ) ) ;
#231 = CARTESIAN_POINT ( 'NONE',  ( 42.96439640049428732, -2.997907023887713240, 27.23030725387524598 ) ) ;
#232 = AXIS2_PLACEMENT_3D ( 'NONE', #4329, #3258, #1184 ) ;
#233 = DIRECTION ( 'NONE',  ( -1.000000000000000000, -0.000000000000000000, -0.000000000000000000 ) ) ;
#234 = CARTESIAN_POINT ( 'NONE',  ( 42.96430552393324120, 19.73083692201838701, 23.59999999999998366 ) ) ;
#235 = CARTESIAN_POINT ( 'NONE',  ( 42.20041336303515322, 17.12767003357254580, 28.31225206021224494 ) ) ;
#236 = CARTESIAN_POINT ( 'NONE',  ( -12.55718561921407961, -5.623324149930895466, 28.22214248708577955 ) ) ;
#237 = VECTOR ( 'NONE', #1651, 1000.000000000000000 ) ;
#238 = CARTESIAN_POINT ( 'NONE',  ( -12.73083891478020391, -7.264305201560409486, 24.36531221810766468 ) ) ;
#239 = CARTESIAN_POINT ( 'NONE',  ( -14.09999999999993570, -2.399999999999876010, 23.59999999999681108 ) ) ;
#240 = CARTESIAN_POINT ( 'NONE',  ( 38.10000000000007958, -2.399999999999878675, 28.59999999999999432 ) ) ;
#241 = DIRECTION ( 'NONE',  ( 1.000000000000000000, 0.000000000000000000, 0.000000000000000000 ) ) ;
#242 = CARTESIAN_POINT ( 'NONE',  ( -41.59927203773330007, -21.06222914285941528, 13.59999999999999964 ) ) ;
#243 = LINE ( 'NONE', #1343, #4195 ) ;
#244 = VERTEX_POINT ( 'NONE', #600 ) ;
#245 = CARTESIAN_POINT ( 'NONE',  ( 43.10000000000006537, -7.859190049335556871, 13.80425466389593048 ) ) ;
#246 = CARTESIAN_POINT ( 'NONE',  ( -44.10000000000007248, 21.09999999999984510, 13.80000000000000071 ) ) ;
#247 = FACE_OUTER_BOUND ( 'NONE', #60, .T. ) ;
#248 = CARTESIAN_POINT ( 'NONE',  ( 40.54614224557748514, -5.628537000344196350, 28.43174276785739352 ) ) ;
#249 = ORIENTED_EDGE ( 'NONE', *, *, #3553, .F. ) ;
#250 = CARTESIAN_POINT ( 'NONE',  ( 38.10000000000007248, -7.399999999999876010, 18.60000000000000142 ) ) ;
#251 = CARTESIAN_POINT ( 'NONE',  ( 42.55623889905779578, -4.961883082554017221, 27.42003145578729928 ) ) ;
#252 =( BOUNDED_CURVE ( )  B_SPLINE_CURVE ( 2, ( #3894, #3530, #3484 ),
 .UNSPECIFIED., .F., .F. ) 
 B_SPLINE_CURVE_WITH_KNOTS ( ( 3, 3 ),
 ( 0.000000000000000000, 1.000000000000000000 ),
 .UNSPECIFIED. ) 
 CURVE ( )  GEOMETRIC_REPRESENTATION_ITEM ( )  RATIONAL_B_SPLINE_CURVE ( ( 1.000000000000000000, 4.000000000000000888, 1.000000000000000000 ) ) 
 REPRESENTATION_ITEM ( '' )  );
#253 = CARTESIAN_POINT ( 'NONE',  ( -12.69868048765246371, 21.09999999999995879, 15.01113016920152177 ) ) ;
#254 = CARTESIAN_POINT ( 'NONE',  ( 42.85319808325959912, 19.83926993013594142, 25.13064410631889700 ) ) ;
#255 = CARTESIAN_POINT ( 'NONE',  ( 41.79949081684369361, 18.18756696959908936, 28.34695819721019561 ) ) ;
#256 = CARTESIAN_POINT ( 'NONE',  ( -13.36656438480461517, -3.468347770971536903, 28.22214248708635864 ) ) ;
#257 = CARTESIAN_POINT ( 'NONE',  ( -13.69078213608479544, -5.749409811337792497, 26.27804358441471777 ) ) ;
#258 = CYLINDRICAL_SURFACE ( 'NONE', #897, 0.7500000000000006661 ) ;
#259 = CARTESIAN_POINT ( 'NONE',  ( -40.10000000000003695, 10.77689577749866245, 10.59999999999999964 ) ) ;
#260 = CARTESIAN_POINT ( 'NONE',  ( 38.77951477538447733, 16.42672673601196820, 28.59999999999999076 ) ) ;
#261 = DIRECTION ( 'NONE',  ( 0.000000000000000000, -1.000000000000000000, 0.000000000000000000 ) ) ;
#262 = DIRECTION ( 'NONE',  ( 0.000000000000000000, -0.000000000000000000, -1.000000000000000000 ) ) ;
#263 = EDGE_CURVE ( 'NONE', #379, #2896, #1491, .T. ) ;
#264 = VERTEX_POINT ( 'NONE', #2654 ) ;
#265 = ADVANCED_FACE ( 'NONE', ( #2009 ), #258, .F. ) ;
#266 = CARTESIAN_POINT ( 'NONE',  ( 43.10000000000007958, -6.080644329547840066, 14.93021369702524481 ) ) ;
#267 = CARTESIAN_POINT ( 'NONE',  ( -39.10000000000009379, 21.09999999999986642, 9.400000000000000355 ) ) ;
#268 = CARTESIAN_POINT ( 'NONE',  ( -9.099999999999935696, -2.399999999999875566, 28.59999999999999432 ) ) ;
#269 = CARTESIAN_POINT ( 'NONE',  ( 41.73435374231094386, -2.399999999999879563, 28.46374219451721643 ) ) ;
#270 = EDGE_CURVE ( 'NONE', #2828, #3600, #1380, .T. ) ;
#271 = ORIENTED_EDGE ( 'NONE', *, *, #660, .F. ) ;
#272 = EDGE_CURVE ( 'NONE', #2013, #1748, #2811, .T. ) ;
#273 = CARTESIAN_POINT ( 'NONE',  ( 20.60000000000006892, -2.399999999999876010, 28.59999999999999787 ) ) ;
#274 =( LENGTH_UNIT ( ) NAMED_UNIT ( * ) SI_UNIT ( .MILLI., .METRE. ) );
#275 = CARTESIAN_POINT ( 'NONE',  ( 42.50242556634479030, -6.272876422823313369, 26.27804358441493449 ) ) ;
#276 = CARTESIAN_POINT ( 'NONE',  ( -15.17986483605492509, 21.09999999999994813, 13.70664490569116900 ) ) ;
#277 = CARTESIAN_POINT ( 'NONE',  ( 43.09802632133482803, 17.63114459618026686, 24.36531221810792047 ) ) ;
#278 = CARTESIAN_POINT ( 'NONE',  ( -10.71057547664573484, -5.752202641220746315, 28.46374219451672261 ) ) ;
#279 = CARTESIAN_POINT ( 'NONE',  ( -9.766581555113463153, -7.356489118750732636, 26.27804358441404986 ) ) ;
#280 = CARTESIAN_POINT ( 'NONE',  ( 41.60000000000006537, 0.000000000000000000, 7.599999999999999645 ) ) ;
#281 = CARTESIAN_POINT ( 'NONE',  ( 38.10000000000007958, -2.399999999999878675, 28.60000000000000497 ) ) ;
#282 = CARTESIAN_POINT ( 'NONE',  ( -40.60000000000003695, 10.27689577749865890, -15.40511026734024824 ) ) ;
#283 = CARTESIAN_POINT ( 'NONE',  ( 43.10000000000006537, -2.399999999999876010, 23.60000000000000142 ) ) ;
#284 = CARTESIAN_POINT ( 'NONE',  ( 43.10000000000006537, -7.399999999999875122, 23.60000000000000142 ) ) ;
#285 = CARTESIAN_POINT ( 'NONE',  ( -11.48350603045530605, 21.09999999999995879, 16.21026131781247415 ) ) ;
#286 = ORIENTED_EDGE ( 'NONE', *, *, #1291, .T. ) ;
#287 = CARTESIAN_POINT ( 'NONE',  ( -14.09999999999993570, 16.09999999999996945, 23.59999999999999432 ) ) ;
#288 =( BOUNDED_SURFACE ( )  B_SPLINE_SURFACE ( 2, 3, ( 
 ( #2912, #3622, #1142, #2549 ),
 ( #2614, #4012, #2868, #1119 ),
 ( #429, #4306, #2529, #772 ) ),
 .UNSPECIFIED., .F., .F., .T. ) 
 B_SPLINE_SURFACE_WITH_KNOTS ( ( 3, 3 ),
 ( 4, 4 ),
 ( 0.000000000000000000, 1.000000000000000000 ),
 ( -0.002399999999999875757, 0.01609999999999996850 ),
 .UNSPECIFIED. ) 
 GEOMETRIC_REPRESENTATION_ITEM ( )  RATIONAL_B_SPLINE_SURFACE ( (
 ( 1.000000000000000000, 1.000000000000000000, 1.000000000000000000, 1.000000000000000000),
 ( 4.000000000000000888, 4.000000000000000888, 4.000000000000000888, 4.000000000000000888),
 ( 1.000000000000000000, 1.000000000000000000, 1.000000000000000000, 1.000000000000000000) ) ) 
 REPRESENTATION_ITEM ( '' )  SURFACE ( )  );
#289 = DIRECTION ( 'NONE',  ( 0.000000000000000000, -0.000000000000000000, -1.000000000000000000 ) ) ;
#290 = CARTESIAN_POINT ( 'NONE',  ( -9.099999999999935696, -2.399999999999875122, 28.59999999999999787 ) ) ;
#291 = CARTESIAN_POINT ( 'NONE',  ( 41.11041314407977865, -5.207694217960042060, 28.43174276785747168 ) ) ;
#292 = ORIENTED_EDGE ( 'NONE', *, *, #1451, .T. ) ;
#293 = EDGE_CURVE ( 'NONE', #3963, #4305, #3907, .T. ) ;
#294 = CARTESIAN_POINT ( 'NONE',  ( 42.81432212399420223, -6.580336283632745698, 18.60000000000193410 ) ) ;
#295 = CARTESIAN_POINT ( 'NONE',  ( -39.10000000000007958, -21.10000000000013642, 10.93333333333333179 ) ) ;
#296 = CARTESIAN_POINT ( 'NONE',  ( 43.03806890130024954, -2.399999999999878231, 26.66045524841185355 ) ) ;
#297 = EDGE_CURVE ( 'NONE', #156, #1416, #441, .T. ) ;
#298 = ORIENTED_EDGE ( 'NONE', *, *, #605, .T. ) ;
#299 = AXIS2_PLACEMENT_3D ( 'NONE', #4089, #3410, #2015 ) ;
#300 = CARTESIAN_POINT ( 'NONE',  ( 43.10000000000006537, 16.10000000000013287, 23.59999999999999432 ) ) ;
#301 = CARTESIAN_POINT ( 'NONE',  ( -11.25301776566991840, 20.53735377142971075, 27.69395940719789806 ) ) ;
#302 = CARTESIAN_POINT ( 'NONE',  ( 41.73435374231094386, 16.52368573838287702, 28.46374219451723064 ) ) ;
#303 = CARTESIAN_POINT ( 'NONE',  ( -12.88889849090706541, -4.214816713828852812, 28.34695819720961651 ) ) ;
#304 = CARTESIAN_POINT ( 'NONE',  ( -12.36771150001975705, -6.910390935094848253, 26.66045524841033298 ) ) ;
#305 = DIRECTION ( 'NONE',  ( -0.000000000000000000, 0.000000000000000000, 1.000000000000000000 ) ) ;
#306 = LINE ( 'NONE', #968, #2303 ) ;
#307 = CARTESIAN_POINT ( 'NONE',  ( 43.06979218642864993, 18.41047241443332538, 9.600000000000001421 ) ) ;
#308 = CARTESIAN_POINT ( 'NONE',  ( -39.10000000000007248, -21.10000000000013642, 10.86666666666667425 ) ) ;
#309 = LINE ( 'NONE', #2749, #2713 ) ;
#310 = CARTESIAN_POINT ( 'NONE',  ( 40.10000000000006537, 18.10000000000012221, 7.599999999999999645 ) ) ;
#311 = ORIENTED_EDGE ( 'NONE', *, *, #4073, .T. ) ;
#312 = AXIS2_PLACEMENT_3D ( 'NONE', #1504, #123, #512 ) ;
#313 = CARTESIAN_POINT ( 'NONE',  ( -12.16147778144830305, 21.03798138032168907, 23.59999999999997655 ) ) ;
#314 = CARTESIAN_POINT ( 'NONE',  ( -40.10000000000003695, 10.77689577749866245, 7.600000000000000533 ) ) ;
#315 = CARTESIAN_POINT ( 'NONE',  ( -43.84640685949592864, 20.19274964925074656, 13.59999999999999964 ) ) ;
#316 = EDGE_CURVE ( 'NONE', #748, #3157, #2885, .T. ) ;
#317 = ORIENTED_EDGE ( 'NONE', *, *, #3335, .T. ) ;
#318 = CARTESIAN_POINT ( 'NONE',  ( 48.10042434154807722, -2.293264059026939083, 13.60000000000000142 ) ) ;
#319 = CARTESIAN_POINT ( 'NONE',  ( -14.09999999999993570, 16.09999999999996945, 18.60000000000000142 ) ) ;
#320 = CARTESIAN_POINT ( 'NONE',  ( 42.04832582069881397, -6.615172804247515081, 26.66045524841080905 ) ) ;
#321 = ORIENTED_EDGE ( 'NONE', *, *, #3573, .T. ) ;
#322 = EDGE_CURVE ( 'NONE', #1609, #1211, #4508, .T. ) ;
#323 = CARTESIAN_POINT ( 'NONE',  ( 40.91430938133829187, 20.81794006955874110, 26.27804358441502686 ) ) ;
#324 = CARTESIAN_POINT ( 'NONE',  ( -13.93223886672373268, 16.09999999999995879, 27.42003145578717138 ) ) ;
#325 = CARTESIAN_POINT ( 'NONE',  ( -11.30432138465188530, -5.518409604010239278, 28.46374219451677234 ) ) ;
#326 = CARTESIAN_POINT ( 'NONE',  ( 38.60920145342427645, -2.945073012059532314, 28.59999999999999787 ) ) ;
#327 = CARTESIAN_POINT ( 'NONE',  ( -44.07039211818125324, 18.39402075846284035, 9.600000000000003197 ) ) ;
#328 = CARTESIAN_POINT ( 'NONE',  ( 40.23392174169825353, 19.88299799964961423, 28.31225206021165874 ) ) ;
#329 = CARTESIAN_POINT ( 'NONE',  ( 0.000000000000000000, -4.399999999999876010, 25.59999999999999787 ) ) ;
#330 = EDGE_CURVE ( 'NONE', #19, #3441, #3841, .T. ) ;
#331 = FACE_OUTER_BOUND ( 'NONE', #2872, .T. ) ;
#332 = CARTESIAN_POINT ( 'NONE',  ( 43.10000000000006537, 16.10000000000013287, 8.649999999999996803 ) ) ;
#333 = EDGE_LOOP ( 'NONE', ( #3058, #1719, #3880, #2034 ) ) ;
#334 = CARTESIAN_POINT ( 'NONE',  ( -13.73532697716228412, 20.46466813625342596, 23.60000000000000142 ) ) ;
#335 = CARTESIAN_POINT ( 'NONE',  ( -9.099999999999937472, -2.399999999999876010, 28.59999999999999787 ) ) ;
#336 = CARTESIAN_POINT ( 'NONE',  ( -42.81049812225977291, 20.94883644206302264, 13.60000000000000142 ) ) ;
#337 = AXIS2_PLACEMENT_3D ( 'NONE', #1793, #1452, #1004 ) ;
#338 = ORIENTED_EDGE ( 'NONE', *, *, #2384, .T. ) ;
#339 = CARTESIAN_POINT ( 'NONE',  ( 48.08249893086715332, -4.534445633800441300, 13.59999999999999787 ) ) ;
#340 = CARTESIAN_POINT ( 'NONE',  ( -14.09999999999993570, 9.933333333333354886, 18.60000000000000142 ) ) ;
#341 = CARTESIAN_POINT ( 'NONE',  ( -11.23512839759116488, 18.55148632867492964, 28.53781812637538451 ) ) ;
#342 = CARTESIAN_POINT ( 'NONE',  ( 42.30712630456919499, -4.781718336355464949, 27.95172059729478775 ) ) ;
#343 = ORIENTED_EDGE ( 'NONE', *, *, #401, .F. ) ;
#344 = FACE_OUTER_BOUND ( 'NONE', #3985, .T. ) ;
#345 = CARTESIAN_POINT ( 'NONE',  ( 42.32605132407270787, 19.32701014473212808, 27.42003145578745560 ) ) ;
#346 = CARTESIAN_POINT ( 'NONE',  ( -12.40818475173555591, 19.90330336360969810, 27.95172059729438629 ) ) ;
#347 = CARTESIAN_POINT ( 'NONE',  ( -12.79949081685205492, -4.487566969598532296, 28.34695819720954546 ) ) ;
#348 = CARTESIAN_POINT ( 'NONE',  ( -9.682659945215892350, -7.232238866724003401, 27.42003145578561885 ) ) ;
#349 = CARTESIAN_POINT ( 'NONE',  ( -40.79999999999996163, -11.19689577749904430, 7.600000000000000533 ) ) ;
#350 = CARTESIAN_POINT ( 'NONE',  ( 43.07054652695214969, -18.38973471204905863, 9.600000000000001421 ) ) ;
#351 = CARTESIAN_POINT ( 'NONE',  ( 43.06840992987321926, 18.44748514795304928, 9.600000000000001421 ) ) ;
#352 = CARTESIAN_POINT ( 'NONE',  ( 41.62627122951398206, 19.38774671764998203, 28.16519854648819532 ) ) ;
#353 = CARTESIAN_POINT ( 'NONE',  ( 38.10000000000007958, -7.024755591440577263, 27.95172059729315350 ) ) ;
#354 = ORIENTED_EDGE ( 'NONE', *, *, #739, .F. ) ;
#355 = CARTESIAN_POINT ( 'NONE',  ( -14.09999999999993570, 9.933333333333346005, 13.60000000000000142 ) ) ;
#356 = CARTESIAN_POINT ( 'NONE',  ( -9.099999999999933920, 16.09999999999996945, 28.59999999999999787 ) ) ;
#357 = CARTESIAN_POINT ( 'NONE',  ( -43.96164780065942779, 19.72889785856263956, 13.60000000000000497 ) ) ;
#358 = ORIENTED_EDGE ( 'NONE', *, *, #4337, .F. ) ;
#359 = CARTESIAN_POINT ( 'NONE',  ( -13.84012292039860448, 21.09999999999995879, 14.06686429683804107 ) ) ;
#360 = CARTESIAN_POINT ( 'NONE',  ( 38.84764720966744278, -12.40000000082214981, 13.60000000000000142 ) ) ;
#361 = CARTESIAN_POINT ( 'NONE',  ( -10.28720153272438154, 18.55697672336870951, 28.55633887815911720 ) ) ;
#362 = CARTESIAN_POINT ( 'NONE',  ( 40.66188182262244055, -6.856238981979097424, 27.42003145578627255 ) ) ;
#363 = ORIENTED_EDGE ( 'NONE', *, *, #3583, .F. ) ;
#364 = DIRECTION ( 'NONE',  ( 0.000000000000000000, 0.000000000000000000, 1.000000000000000000 ) ) ;
#365 = CARTESIAN_POINT ( 'NONE',  ( 41.32701106380011424, 20.32605113377408301, 27.42003145578714651 ) ) ;
#366 = CARTESIAN_POINT ( 'NONE',  ( -12.87596373482841194, 18.95826401809611284, 28.16519854648782584 ) ) ;
#367 = CARTESIAN_POINT ( 'NONE',  ( -12.92280331573944530, -2.843110302404487033, 28.43174276785759247 ) ) ;
#368 = CARTESIAN_POINT ( 'NONE',  ( -18.02723871807398126, 23.01467376633658901, 13.60000000000001208 ) ) ;
#369 = CARTESIAN_POINT ( 'NONE',  ( 41.54737320415781454, -20.98804278005454194, 9.600000000000001421 ) ) ;
#370 = CARTESIAN_POINT ( 'NONE',  ( 43.06938128774538654, 18.42161314647906067, 9.600000000000003197 ) ) ;
#371 = CARTESIAN_POINT ( 'NONE',  ( 42.13441447030501052, 18.03132239261551106, 28.22214248708697326 ) ) ;
#372 = DIRECTION ( 'NONE',  ( 0.000000000000000000, 0.000000000000000000, -1.000000000000000000 ) ) ;
#373 = CARTESIAN_POINT ( 'NONE',  ( -6.843303424132542639E-14, 19.59999999999999787, 7.599999999999999645 ) ) ;
#374 = VERTEX_POINT ( 'NONE', #1410 ) ;
#375 = DIRECTION ( 'NONE',  ( 3.491481338843133750E-15, -1.000000000000000000, 0.000000000000000000 ) ) ;
#376 = CARTESIAN_POINT ( 'NONE',  ( 43.10000000000006537, 0.000000000000000000, 9.600000000000001421 ) ) ;
#377 = CARTESIAN_POINT ( 'NONE',  ( -44.10000000000010090, 17.08448482983365579, 13.60000000000000675 ) ) ;
#378 = AXIS2_PLACEMENT_3D ( 'NONE', #542, #3051, #2386 ) ;
#379 = VERTEX_POINT ( 'NONE', #622 ) ;
#380 = CARTESIAN_POINT ( 'NONE',  ( -14.84740708577133006, 21.09999999999994813, 13.74848968258625170 ) ) ;
#381 = CARTESIAN_POINT ( 'NONE',  ( 47.41765109545291779, -8.551935119775139427, 13.59999999999999787 ) ) ;
#382 = CARTESIAN_POINT ( 'NONE',  ( -12.73435374231210560, 16.52368572582566841, 28.46374219451701748 ) ) ;
#383 = B_SPLINE_CURVE_WITH_KNOTS ( 'NONE', 3,
 ( #907, #3007, #1975, #603 ),
 .UNSPECIFIED., .F., .F.,
 ( 4, 4 ),
 ( 0.000000000000000000, 1.000000000000000000 ),
 .UNSPECIFIED. ) ;
#384 = CARTESIAN_POINT ( 'NONE',  ( 41.22438771774375965, -6.507853814313469876, 27.69395940719769555 ) ) ;
#385 = ORIENTED_EDGE ( 'NONE', *, *, #1228, .F. ) ;
#386 = CARTESIAN_POINT ( 'NONE',  ( 38.10000000000007958, -12.39999999999987601, 13.60000000000000142 ) ) ;
#387 = CARTESIAN_POINT ( 'NONE',  ( 42.96439640049428732, 16.10000000000013287, 27.23030725387525663 ) ) ;
#388 = CARTESIAN_POINT ( 'NONE',  ( -11.94912199866082680, 20.12891096872315799, 27.95172059729430813 ) ) ;
#389 = CARTESIAN_POINT ( 'NONE',  ( -9.531824690393564836, -3.010441536794974837, 28.59999999999999432 ) ) ;
#390 = CARTESIAN_POINT ( 'NONE',  ( -13.59590899138337861, 20.60661465333567222, 13.60000000000323617 ) ) ;
#391 = PLANE ( 'NONE',  #94 ) ;
#392 = CARTESIAN_POINT ( 'NONE',  ( 43.09011195108236336, 17.84967719382180107, 9.600000000000003197 ) ) ;
#393 = CARTESIAN_POINT ( 'NONE',  ( 39.16834777564800163, 20.36656438458194174, 28.22214248708608508 ) ) ;
#394 = CARTESIAN_POINT ( 'NONE',  ( -12.10481047152879519, -6.363310231587639088, 27.95172059729373260 ) ) ;
#395 = CARTESIAN_POINT ( 'NONE',  ( -11.09999999999993570, -3.649999999999875566, 10.59999999999999787 ) ) ;
#396 = B_SPLINE_CURVE_WITH_KNOTS ( 'NONE', 3,
 ( #1846, #3248, #2883, #2862, #4256, #2519, #1134, #3915, #4280, #764, #2176, #3571, #3881, #2, #3493, #1049, #4246, #3514, #726, #1099, #2463, #2508, #386 ),
 .UNSPECIFIED., .F., .F.,
 ( 4, 1, 1, 1, 1, 1, 2, 2, 1, 1, 1, 1, 1, 1, 2, 2, 4 ),
 ( 0.000000000000000000, 0.1250000000000682232, 0.1875000000001002809, 0.2187500000001163514, 0.2343750000001225409, 0.2421875000001274814, 0.2460937500001299238, 0.2500000000001323386, 0.3750000000002389200, 0.4375000000002922107, 0.4687500000003188005, 0.4843750000003320677, 0.4921875000003405609, 0.4960937500003448353, 0.4980468750003469447, 0.5000000000003490541, 1.000000000000000000 ),
 .UNSPECIFIED. ) ;
#397 = PLANE ( 'NONE',  #1712 ) ;
#398 = CARTESIAN_POINT ( 'NONE',  ( -13.64511142904518159, 20.37496274285047093, 25.13064410631869094 ) ) ;
#399 = CARTESIAN_POINT ( 'NONE',  ( 10.70000000000005791, -2.399999999999876010, 28.59999999999999787 ) ) ;
#400 = CARTESIAN_POINT ( 'NONE',  ( -44.06938128774558550, 18.42161314647726655, 13.60000000000000320 ) ) ;
#401 = EDGE_CURVE ( 'NONE', #4262, #203, #1754, .T. ) ;
#402 = EDGE_CURVE ( 'NONE', #1039, #3009, #2446, .T. ) ;
#403 = ORIENTED_EDGE ( 'NONE', *, *, #3801, .F. ) ;
#404 = ADVANCED_FACE ( 'NONE', ( #4530 ), #3131, .F. ) ;
#405 = CARTESIAN_POINT ( 'NONE',  ( 40.10000000000006537, -18.10000000000013642, 10.59999999999999964 ) ) ;
#406 = CARTESIAN_POINT ( 'NONE',  ( -10.94987104780114961, 18.71188910554484508, 28.53781812637537740 ) ) ;
#407 = CARTESIAN_POINT ( 'NONE',  ( 41.65138668053275239, -6.206070003539679192, 27.78280182435251078 ) ) ;
#408 = EDGE_CURVE ( 'NONE', #1765, #411, #2516, .T. ) ;
#409 =( BOUNDED_CURVE ( )  B_SPLINE_CURVE ( 2, ( #2978, #3388, #3714 ),
 .UNSPECIFIED., .F., .T. ) 
 B_SPLINE_CURVE_WITH_KNOTS ( ( 3, 3 ),
 ( 0.000000000000000000, 1.000000000000000000 ),
 .UNSPECIFIED. ) 
 CURVE ( )  GEOMETRIC_REPRESENTATION_ITEM ( )  RATIONAL_B_SPLINE_CURVE ( ( 1.000000000000000000, 4.000000000000000000, 1.000000000000000000 ) ) 
 REPRESENTATION_ITEM ( '' )  );
#410 = ADVANCED_FACE ( 'NONE', ( #3086 ), #2104, .F. ) ;
#411 = VERTEX_POINT ( 'NONE', #2790 ) ;
#412 = EDGE_CURVE ( 'NONE', #2507, #264, #3033, .T. ) ;
#413 = CARTESIAN_POINT ( 'NONE',  ( -11.67146421045234028, -12.36604442853218622, 13.60000000000000320 ) ) ;
#414 = CARTESIAN_POINT ( 'NONE',  ( 38.68265994521591011, 20.93223886672404888, 27.42003145578661716 ) ) ;
#415 = CARTESIAN_POINT ( 'NONE',  ( -13.66867854635619040, 16.09999999999996945, 28.03089793834172383 ) ) ;
#416 = CARTESIAN_POINT ( 'NONE',  ( -10.24503569886974930, -3.469877433906405351, 28.59803400948222674 ) ) ;
#417 = CARTESIAN_POINT ( 'NONE',  ( -9.718563275085896791, 21.09915260999428099, 13.59999999999771525 ) ) ;
#418 = CARTESIAN_POINT ( 'NONE',  ( 42.19274964925028115, -20.84640685949668182, 9.600000000000001421 ) ) ;
#419 = CARTESIAN_POINT ( 'NONE',  ( -43.99643778796645677, 19.48039098667550562, 9.600000000000001421 ) ) ;
#420 = CARTESIAN_POINT ( 'NONE',  ( 41.94068100570891744, 18.81040658164144119, 28.16519854648835874 ) ) ;
#421 = CARTESIAN_POINT ( 'NONE',  ( -12.65137124128306212, -6.206079946899365929, 27.78280182435213064 ) ) ;
#422 = CARTESIAN_POINT ( 'NONE',  ( -40.60000000000003695, 10.77689577749865890, 10.59999999999999964 ) ) ;
#423 = CARTESIAN_POINT ( 'NONE',  ( -42.81049812225348461, -20.94883644206311146, 9.600000000000001421 ) ) ;
#424 = CARTESIAN_POINT ( 'NONE',  ( 41.73435374231094386, 16.10000000000012577, 28.46374219451723064 ) ) ;
#425 = CARTESIAN_POINT ( 'NONE',  ( -12.73083692202116879, 20.96430552394431857, 24.36531221810774284 ) ) ;
#426 = CARTESIAN_POINT ( 'NONE',  ( -42.54258782409740292, -20.98866520347229780, 13.60000000000000320 ) ) ;
#427 = CARTESIAN_POINT ( 'NONE',  ( -17.61447628862401871, -9.910842435140837736, 13.59999999999999964 ) ) ;
#428 = ORIENTED_EDGE ( 'NONE', *, *, #3947, .F. ) ;
#429 = CARTESIAN_POINT ( 'NONE',  ( -9.099999999999933920, -2.399999999999875566, 28.59999999999999787 ) ) ;
#430 = CARTESIAN_POINT ( 'NONE',  ( -9.488102094294053046, 17.59226033803984279, 28.59803400948223384 ) ) ;
#431 = CARTESIAN_POINT ( 'NONE',  ( 38.65863709179173924, -7.148296851172651678, 27.69395940719684290 ) ) ;
#432 = ORIENTED_EDGE ( 'NONE', *, *, #4472, .F. ) ;
#433 = ADVANCED_FACE ( 'NONE', ( #4120 ), #143, .T. ) ;
#434 = LINE ( 'NONE', #4310, #1514 ) ;
#435 = CARTESIAN_POINT ( 'NONE',  ( 43.05648911875084650, 16.10000000000013287, 26.27804358441568766 ) ) ;
#436 = CARTESIAN_POINT ( 'NONE',  ( -13.57852547201038895, 17.22555123647616071, 28.03089793834168475 ) ) ;
#437 = CARTESIAN_POINT ( 'NONE',  ( 40.38329560835128262, -21.07077768596511547, 13.60000000000000320 ) ) ;
#438 = EDGE_CURVE ( 'NONE', #1999, #993, #1038, .T. ) ;
#439 = CARTESIAN_POINT ( 'NONE',  ( -11.32907641676190202, -4.093968467653219534, 28.55633887815909944 ) ) ;
#440 = CARTESIAN_POINT ( 'NONE',  ( -10.07521466551514422, 21.09717490100985771, 13.60000000000259313 ) ) ;
#441 = B_SPLINE_CURVE_WITH_KNOTS ( 'NONE', 3,
 ( #2767, #3474, #1032, #1734 ),
 .UNSPECIFIED., .F., .F.,
 ( 4, 4 ),
 ( 0.000000000000000000, 1.000000000000000000 ),
 .UNSPECIFIED. ) ;
#442 = CARTESIAN_POINT ( 'NONE',  ( 40.59927203774086024, -21.06222914285806525, 9.600000000000003197 ) ) ;
#443 = CARTESIAN_POINT ( 'NONE',  ( -44.01881759006064243, 19.27279173382087407, 9.599999999999999645 ) ) ;
#444 = CARTESIAN_POINT ( 'NONE',  ( -13.12891096870930774, -5.249121998657720667, 27.95172059729409497 ) ) ;
#445 = DIRECTION ( 'NONE',  ( 0.000000000000000000, -0.000000000000000000, -1.000000000000000000 ) ) ;
#446 = CARTESIAN_POINT ( 'NONE',  ( -14.09999999999993570, -2.399999999999876010, 23.59999999999999787 ) ) ;
#447 = CARTESIAN_POINT ( 'NONE',  ( -39.10000000000009379, 21.09999999999986642, 9.600000000000001421 ) ) ;
#448 = CARTESIAN_POINT ( 'NONE',  ( 40.04674136127858475, 18.66369219605570251, 28.53781812637539517 ) ) ;
#449 = CARTESIAN_POINT ( 'NONE',  ( -14.03806890130015184, 16.09999999999996945, 26.66045524841117143 ) ) ;
#450 = CARTESIAN_POINT ( 'NONE',  ( -43.97389364416356727, -19.65631831749126945, 13.59999999999999964 ) ) ;
#451 = CARTESIAN_POINT ( 'NONE',  ( -10.52315817654153562, -12.39689477104988313, 13.60000000000000142 ) ) ;
#452 = ORIENTED_EDGE ( 'NONE', *, *, #1598, .F. ) ;
#453 = DIRECTION ( 'NONE',  ( -0.000000000000000000, -0.000000000000000000, -1.000000000000000000 ) ) ;
#454 = CARTESIAN_POINT ( 'NONE',  ( -9.590515159543167911, 16.66225827610272603, 28.59999999999999787 ) ) ;
#455 = VECTOR ( 'NONE', #914, 1000.000000000000000 ) ;
#456 = CARTESIAN_POINT ( 'NONE',  ( 42.04148679787846987, -4.623169499538675176, 28.22214248708662154 ) ) ;
#457 =( BOUNDED_CURVE ( )  B_SPLINE_CURVE ( 2, ( #1192, #2600, #29 ),
 .UNSPECIFIED., .F., .T. ) 
 B_SPLINE_CURVE_WITH_KNOTS ( ( 3, 3 ),
 ( 0.000000000000000000, 1.000000000000000000 ),
 .UNSPECIFIED. ) 
 CURVE ( )  GEOMETRIC_REPRESENTATION_ITEM ( )  RATIONAL_B_SPLINE_CURVE ( ( 1.000000000000000000, 4.000000000000000888, 1.000000000000000000 ) ) 
 REPRESENTATION_ITEM ( '' )  );
#458 = ORIENTED_EDGE ( 'NONE', *, *, #1487, .F. ) ;
#459 = CARTESIAN_POINT ( 'NONE',  ( -16.63576609629794234, -10.93547767865036668, 13.59999999999999964 ) ) ;
#460 = CARTESIAN_POINT ( 'NONE',  ( 41.75038957986938470, 19.50408189183013974, 28.03089793834184462 ) ) ;
#461 = CARTESIAN_POINT ( 'NONE',  ( -12.92280331573942753, 16.54311028864448829, 28.43174276785759247 ) ) ;
#462 = CARTESIAN_POINT ( 'NONE',  ( 43.00743052736752503, -19.39755730795865318, 13.59999999999999964 ) ) ;
#463 = CARTESIAN_POINT ( 'NONE',  ( -13.63412805397428507, 20.56663694238168816, 13.59999999999550901 ) ) ;
#464 = CARTESIAN_POINT ( 'NONE',  ( 39.63114460380477766, 21.09802632126731581, 23.59999999999998366 ) ) ;
#465 = CARTESIAN_POINT ( 'NONE',  ( -42.39755730797772060, 21.00743052736634553, 9.600000000000003197 ) ) ;
#466 = CARTESIAN_POINT ( 'NONE',  ( -9.658637069845280365, -7.148296851172657007, 27.69395940719684290 ) ) ;
#467 = CARTESIAN_POINT ( 'NONE',  ( -9.099999999999937472, -12.39999999999987601, 13.60000000000000142 ) ) ;
#468 = ORIENTED_EDGE ( 'NONE', *, *, #4362, .T. ) ;
#469 = CARTESIAN_POINT ( 'NONE',  ( 40.55148617963989466, -4.535128756939334593, 28.53781812637537740 ) ) ;
#470 = CARTESIAN_POINT ( 'NONE',  ( 39.79396876793102678, 18.32907635402177959, 28.55633887815913141 ) ) ;
#471 = CARTESIAN_POINT ( 'NONE',  ( -13.46469559158563989, 20.73530929460654093, 24.36531221810777126 ) ) ;
#472 = CARTESIAN_POINT ( 'NONE',  ( -44.09627965690843610, -17.24942143392257066, 13.60000000000000142 ) ) ;
#473 = CARTESIAN_POINT ( 'NONE',  ( -14.02446615686893239, -5.535426690964275309, 13.60000000000370690 ) ) ;
#474 = ORIENTED_EDGE ( 'NONE', *, *, #4540, .T. ) ;
#475 = CARTESIAN_POINT ( 'NONE',  ( -7.367025624959012011E-14, 21.10000000000000142, 13.60000000000000142 ) ) ;
#476 = CARTESIAN_POINT ( 'NONE',  ( -9.099999999999933920, 16.09999999999996945, 28.59999999999999076 ) ) ;
#477 = CARTESIAN_POINT ( 'NONE',  ( 40.06843180652637670, -6.510893275546157710, 28.16519854648700516 ) ) ;
#478 = ORIENTED_EDGE ( 'NONE', *, *, #599, .F. ) ;
#479 = CARTESIAN_POINT ( 'NONE',  ( -19.07219162504251386, -4.725448087698097765, 13.60000000000000142 ) ) ;
#480 = CARTESIAN_POINT ( 'NONE',  ( 42.30712637532354847, 18.48171726340276777, 27.95172059729507907 ) ) ;
#481 = CARTESIAN_POINT ( 'NONE',  ( -9.580554703447706544, 20.28746191188589520, 28.31225206021140295 ) ) ;
#482 = CARTESIAN_POINT ( 'NONE',  ( 43.06938128774558550, -18.42161314647755788, 13.60000000000000497 ) ) ;
#483 = CARTESIAN_POINT ( 'NONE',  ( 40.77860448456925013, -7.356461244666629540, 24.36531221810768955 ) ) ;
#484 = VECTOR ( 'NONE', #2968, 1000.000000000000000 ) ;
#485 = CARTESIAN_POINT ( 'NONE',  ( -13.83846290563247194, 20.23563650672560499, 18.60000000000000853 ) ) ;
#486 = CARTESIAN_POINT ( 'NONE',  ( -18.98809037278275369, 19.82648634616995054, 13.59999999999999787 ) ) ;
#487 = CARTESIAN_POINT ( 'NONE',  ( 43.10000000000006537, 3.766666666666790508, 23.59999999999999432 ) ) ;
#488 = CARTESIAN_POINT ( 'NONE',  ( -13.84829685117219356, -2.958637091791634699, 27.69395940719827465 ) ) ;
#489 = CARTESIAN_POINT ( 'NONE',  ( -9.099999999999937472, -2.399999999999876010, 28.59999999999999787 ) ) ;
#490 = ORIENTED_EDGE ( 'NONE', *, *, #3925, .T. ) ;
#491 = B_SPLINE_CURVE_WITH_KNOTS ( 'NONE', 3,
 ( #2726, #2383, #1923, #1582 ),
 .UNSPECIFIED., .F., .F.,
 ( 4, 4 ),
 ( 0.000000000000000000, 1.000000000000000000 ),
 .UNSPECIFIED. ) ;
#492 = CARTESIAN_POINT ( 'NONE',  ( 39.63261624263572003, -2.399999999999880451, 28.59803400948222674 ) ) ;
#493 = CARTESIAN_POINT ( 'NONE',  ( 39.71073703523735787, 18.37231366824062562, 28.55633887815913496 ) ) ;
#494 = CARTESIAN_POINT ( 'NONE',  ( -14.01142105382919567, 17.48445904560653474, 26.27804358441508370 ) ) ;
#495 = CARTESIAN_POINT ( 'NONE',  ( 0.000000000000000000, -18.10000000000013642, 7.599999999999999645 ) ) ;
#496 = CARTESIAN_POINT ( 'NONE',  ( -11.71004394063926668, -7.359127596062480237, 13.60000000000062137 ) ) ;
#497 = VERTEX_POINT ( 'NONE', #3997 ) ;
#498 = CARTESIAN_POINT ( 'NONE',  ( -9.099999999999951683, 21.09999999999996945, 28.59999999999999787 ) ) ;
#499 = CARTESIAN_POINT ( 'NONE',  ( -9.290198159712874215, 17.63261624263651584, 28.59803400948222674 ) ) ;
#500 = CARTESIAN_POINT ( 'NONE',  ( 41.62627979346255103, -5.687733420095824499, 28.16519854648772281 ) ) ;
#501 = ORIENTED_EDGE ( 'NONE', *, *, #197, .T. ) ;
#502 = CARTESIAN_POINT ( 'NONE',  ( -15.32093649202127850, -11.67599977987602955, 13.60000000000000320 ) ) ;
#503 = CARTESIAN_POINT ( 'NONE',  ( 42.06331039383292847, 19.10480968877343955, 27.95172059729494052 ) ) ;
#504 = CARTESIAN_POINT ( 'NONE',  ( -10.91481671382826768, 19.88889849091448525, 28.34695819720958809 ) ) ;
#505 = CARTESIAN_POINT ( 'NONE',  ( 43.06840992987357453, -18.44748514795007921, 13.60000000000000142 ) ) ;
#506 = DIRECTION ( 'NONE',  ( -1.000000000000000000, -3.491481338843133750E-15, 0.000000000000000000 ) ) ;
#507 = LINE ( 'NONE', #3684, #815 ) ;
#508 = CARTESIAN_POINT ( 'NONE',  ( 39.08448482988500672, -21.10000000000013287, 9.600000000000004974 ) ) ;
#509 = CARTESIAN_POINT ( 'NONE',  ( -42.90107979776688296, 20.93063647161572760, 9.600000000000001421 ) ) ;
#510 = EDGE_CURVE ( 'NONE', #1322, #2217, #2648, .T. ) ;
#511 = CARTESIAN_POINT ( 'NONE',  ( -10.12767003804999533, -6.500413362812279772, 28.31225206021081675 ) ) ;
#512 = DIRECTION ( 'NONE',  ( -4.336808689942017736E-16, 1.000000000000000000, 0.000000000000000000 ) ) ;
#513 = CARTESIAN_POINT ( 'NONE',  ( -44.09011195108236336, -17.84967719373952733, 9.600000000000003197 ) ) ;
#514 = CARTESIAN_POINT ( 'NONE',  ( 40.84443802156919645, -3.957163316517755991, 28.53781812637537030 ) ) ;
#515 = CARTESIAN_POINT ( 'NONE',  ( 38.86483134880238310, 17.44251690014828071, 28.59803400948223384 ) ) ;
#516 = CARTESIAN_POINT ( 'NONE',  ( -12.36771002029139765, 20.61039117485130845, 26.66045524841086944 ) ) ;
#517 = CARTESIAN_POINT ( 'NONE',  ( -43.87725659433511538, -20.09948029764411359, 13.60000000000000320 ) ) ;
#518 = CARTESIAN_POINT ( 'NONE',  ( -13.73761349812030197, -6.726680365144216189, 13.60000000000061071 ) ) ;
#519 = VECTOR ( 'NONE', #1875, 1000.000000000000000 ) ;
#520 = ORIENTED_EDGE ( 'NONE', *, *, #1970, .T. ) ;
#521 = CARTESIAN_POINT ( 'NONE',  ( 40.10000000000001563, -3.649999999999877343, 25.59999999999999787 ) ) ;
#522 = CARTESIAN_POINT ( 'NONE',  ( -9.099999999999933920, 16.09999999999996945, 28.60000000000000497 ) ) ;
#523 = CARTESIAN_POINT ( 'NONE',  ( -11.04674136128167206, -4.963692196049995786, 28.53781812637534898 ) ) ;
#524 = CARTESIAN_POINT ( 'NONE',  ( 41.71320027222669324, -4.949722306639038116, 28.31225206021173335 ) ) ;
#525 = FACE_OUTER_BOUND ( 'NONE', #2756, .T. ) ;
#526 = EDGE_LOOP ( 'NONE', ( #3432, #2619, #3834, #458 ) ) ;
#527 = CARTESIAN_POINT ( 'NONE',  ( -19.07708622831555090, -4.560020821559959359, 13.59999999999999964 ) ) ;
#528 = CARTESIAN_POINT ( 'NONE',  ( 41.10481047152396172, 20.06331023159857452, 27.95172059729464920 ) ) ;
#529 = CARTESIAN_POINT ( 'NONE',  ( -11.75810848849830847, 19.86700759261719185, 28.22214248708614903 ) ) ;
#530 = CARTESIAN_POINT ( 'NONE',  ( 42.09948029764411359, -20.87725659433507985, 13.60000000000000142 ) ) ;
#531 = CARTESIAN_POINT ( 'NONE',  ( 38.86537376341069461, -7.399999999999876898, 23.59999999999999432 ) ) ;
#532 = AXIS2_PLACEMENT_3D ( 'NONE', #1891, #1946, #2584 ) ;
#533 = CARTESIAN_POINT ( 'NONE',  ( 6.633333333333376380, -7.399999999999876010, 23.59999999999999432 ) ) ;
#534 = CARTESIAN_POINT ( 'NONE',  ( -9.099999999999933920, -7.399999999999876010, 13.60000000000000142 ) ) ;
#535 = CARTESIAN_POINT ( 'NONE',  ( -11.09999999999993570, -3.649999999999875566, 27.72132034355963981 ) ) ;
#536 = CARTESIAN_POINT ( 'NONE',  ( -13.57852547222278083, -3.525551231506805383, 28.03089793834159238 ) ) ;
#537 = CARTESIAN_POINT ( 'NONE',  ( -14.03798138032166420, -5.461477781448242474, 23.59999999999998366 ) ) ;
#538 = CARTESIAN_POINT ( 'NONE',  ( -44.06979218642873519, -18.41047241443287419, 9.599999999999999645 ) ) ;
#539 = CARTESIAN_POINT ( 'NONE',  ( 39.94987104779499987, -5.011889105537226108, 28.53781812637537385 ) ) ;
#540 = CARTESIAN_POINT ( 'NONE',  ( -13.53735377075394197, 18.25301777118535895, 27.69395940719816451 ) ) ;
#541 = CARTESIAN_POINT ( 'NONE',  ( -41.41047241443216365, -21.06979218642888796, 13.60000000000000320 ) ) ;
#542 = CARTESIAN_POINT ( 'NONE',  ( -11.09999999999993570, 18.09999999999996234, 7.599999999999999645 ) ) ;
#543 = EDGE_LOOP ( 'NONE', ( #2686, #1135, #1835, #4156, #1620, #2346 ) ) ;
#544 = CARTESIAN_POINT ( 'NONE',  ( 43.10000000000006537, -6.491902208036585797, 14.54641016474858439 ) ) ;
#545 = DIRECTION ( 'NONE',  ( -1.000000000000000000, 0.000000000000000000, 0.000000000000000000 ) ) ;
#546 = ADVANCED_BREP_SHAPE_REPRESENTATION ( 'Second_Part', ( #4436, #902 ), #3837 ) ;
#547 = CARTESIAN_POINT ( 'NONE',  ( -11.37231373467196072, -4.010736629001296905, 28.55633887815908878 ) ) ;
#548 = CARTESIAN_POINT ( 'NONE',  ( 40.95826330420859307, -6.175963882887995027, 28.16519854648738885 ) ) ;
#549 = CARTESIAN_POINT ( 'NONE',  ( -11.80547002874549278, 21.09999999999995879, 15.89217459220343720 ) ) ;
#550 = ORIENTED_EDGE ( 'NONE', *, *, #4146, .T. ) ;
#551 = CARTESIAN_POINT ( 'NONE',  ( 42.96876705829597398, -6.001362912787635118, 18.59999999999872244 ) ) ;
#552 = CARTESIAN_POINT ( 'NONE',  ( 42.86802747807859504, -20.12889382622885392, 13.60000000000000320 ) ) ;
#553 = CYLINDRICAL_SURFACE ( 'NONE', #1768, 0.5000000000000004441 ) ;
#554 = ADVANCED_FACE ( 'NONE', ( #4363 ), #870, .T. ) ;
#555 = CARTESIAN_POINT ( 'NONE',  ( 40.10000000000006537, 0.000000000000000000, 7.599999999999999645 ) ) ;
#556 = CARTESIAN_POINT ( 'NONE',  ( -9.099999999999937472, -2.399999999999876010, 28.59999999999999787 ) ) ;
#557 = CARTESIAN_POINT ( 'NONE',  ( 41.62950919943032346, 17.79351676530079729, 28.43174276785774168 ) ) ;
#558 = CARTESIAN_POINT ( 'NONE',  ( -11.36628990191863409, -6.417120585695208490, 28.16519854648690213 ) ) ;
#559 = DIRECTION ( 'NONE',  ( 1.916821520416347353E-16, -1.000000000000000000, 0.000000000000000000 ) ) ;
#560 = CARTESIAN_POINT ( 'NONE',  ( 41.21840960399558185, -4.604321384652079630, 28.46374219451697840 ) ) ;
#561 = CARTESIAN_POINT ( 'NONE',  ( 38.10000000000006537, 16.10000000000013287, 28.59999999999999076 ) ) ;
#562 = CARTESIAN_POINT ( 'NONE',  ( -12.38472812874379692, 20.38858878046882950, 27.23030725387425122 ) ) ;
#563 = CARTESIAN_POINT ( 'NONE',  ( 43.10000000000006537, 0.000000000000000000, 13.60000000000000142 ) ) ;
#564 = CARTESIAN_POINT ( 'NONE',  ( -14.09999999999993747, -2.399999999999876010, 18.60000000000000497 ) ) ;
#565 = ORIENTED_EDGE ( 'NONE', *, *, #2663, .F. ) ;
#566 = CARTESIAN_POINT ( 'NONE',  ( 43.10000000000006537, -7.010978988583858929, 14.14286790167556163 ) ) ;
#567 = CARTESIAN_POINT ( 'NONE',  ( 43.05648911875084650, 16.10000000000013287, 26.27804358441568766 ) ) ;
#568 = CARTESIAN_POINT ( 'NONE',  ( -9.099999999999935696, -2.399999999999875566, 28.59999999999999787 ) ) ;
#569 = CARTESIAN_POINT ( 'NONE',  ( 38.58055470344780957, -6.587461911887424471, 28.31225206021070306 ) ) ;
#570 = ORIENTED_EDGE ( 'NONE', *, *, #3137, .T. ) ;
#571 = CARTESIAN_POINT ( 'NONE',  ( 42.23563650672623027, -7.138462905632130706, 18.60000000000129816 ) ) ;
#572 = DIRECTION ( 'NONE',  ( 1.000000000000000000, -0.000000000000000000, -0.000000000000000000 ) ) ;
#573 = CARTESIAN_POINT ( 'NONE',  ( -40.60000000000003695, 10.77689577749865890, -15.40511026734024824 ) ) ;
#574 = DIRECTION ( 'NONE',  ( 0.000000000000000000, 0.000000000000000000, -1.000000000000000000 ) ) ;
#575 = CARTESIAN_POINT ( 'NONE',  ( 43.09802632133035871, 17.63114459618010699, 23.59999999999999787 ) ) ;
#576 = CARTESIAN_POINT ( 'NONE',  ( 41.97376722184845477, 17.95460409862335993, 28.31225206021211704 ) ) ;
#577 = CARTESIAN_POINT ( 'NONE',  ( -10.16834777564853276, -6.666564384594811266, 28.22214248708511519 ) ) ;
#578 = CARTESIAN_POINT ( 'NONE',  ( -12.92034089914443129, -7.232210185735161723, 24.36531221810765402 ) ) ;
#579 = DIRECTION ( 'NONE',  ( 1.000000000000000000, 0.000000000000000000, 0.000000000000000000 ) ) ;
#580 = CARTESIAN_POINT ( 'NONE',  ( 38.10000000000007958, -2.399999999999878675, 28.59999999999999787 ) ) ;
#581 = CARTESIAN_POINT ( 'NONE',  ( -9.099999999999951683, 21.09999999999996945, 29.35000000000000142 ) ) ;
#582 = ORIENTED_EDGE ( 'NONE', *, *, #3671, .T. ) ;
#583 = CARTESIAN_POINT ( 'NONE',  ( 43.10000000000006537, -8.435054454234373722, 13.71163551355834365 ) ) ;
#584 = DIRECTION ( 'NONE',  ( -0.000000000000000000, -0.000000000000000000, -1.000000000000000000 ) ) ;
#585 = AXIS2_PLACEMENT_3D ( 'NONE', #2297, #1956, #289 ) ;
#586 = CARTESIAN_POINT ( 'NONE',  ( -9.866076742315229353, -2.496065907496937353, 28.59999999999999787 ) ) ;
#587 = CARTESIAN_POINT ( 'NONE',  ( 41.88889849018057987, -4.214816718418004982, 28.34695819721008547 ) ) ;
#588 = VERTEX_POINT ( 'NONE', #2998 ) ;
#589 = CARTESIAN_POINT ( 'NONE',  ( 42.07579555242258351, -7.202290165750756756, 18.59999999999871889 ) ) ;
#590 = CARTESIAN_POINT ( 'NONE',  ( 42.85322281401148103, -3.637816768842535353, 27.42003145578775403 ) ) ;
#591 = APPLICATION_CONTEXT ( 'automotive_design' ) ;
#592 = VECTOR ( 'NONE', #4198, 1000.000000000000000 ) ;
#593 = CARTESIAN_POINT ( 'NONE',  ( -18.13196673330522657, 21.09999999999994102, 13.60000000000001208 ) ) ;
#594 = CARTESIAN_POINT ( 'NONE',  ( 43.01142105398500348, 17.48445903902344867, 26.27804358441559529 ) ) ;
#595 = CARTESIAN_POINT ( 'NONE',  ( 40.99112189245495586, 19.42543483910236191, 28.34695819720992915 ) ) ;
#596 = CARTESIAN_POINT ( 'NONE',  ( -11.81040754813552596, -6.240680848748558773, 28.16519854648702648 ) ) ;
#597 = AXIS2_PLACEMENT_3D ( 'NONE', #349, #31, #3817 ) ;
#598 = CARTESIAN_POINT ( 'NONE',  ( -13.64509485180301773, -6.674988482024080128, 25.13064410631849910 ) ) ;
#599 = EDGE_CURVE ( 'NONE', #4042, #3786, #507, .T. ) ;
#600 = CARTESIAN_POINT ( 'NONE',  ( -11.84999999999993747, 18.09999999999996234, 25.59999999999999787 ) ) ;
#601 = CARTESIAN_POINT ( 'NONE',  ( -42.95265396141699910, 19.95265396141677883, 9.600000000000001421 ) ) ;
#602 = CARTESIAN_POINT ( 'NONE',  ( 38.10000000000006537, 16.10000000000013287, 28.60000000000000497 ) ) ;
#603 = CARTESIAN_POINT ( 'NONE',  ( -44.10000000000007248, 16.09999999999986287, 9.600000000000001421 ) ) ;
#604 = EDGE_CURVE ( 'NONE', #1765, #2049, #2602, .T. ) ;
#605 = EDGE_CURVE ( 'NONE', #3481, #1584, #1156, .T. ) ;
#606 = CARTESIAN_POINT ( 'NONE',  ( -14.09999999999993570, 16.09999999999996945, 29.35000000000000142 ) ) ;
#607 = VERTEX_POINT ( 'NONE', #4076 ) ;
#608 = PLANE ( 'NONE',  #3309 ) ;
#609 =( BOUNDED_SURFACE ( )  B_SPLINE_SURFACE ( 2, 3, ( 
 ( #672, #3823, #4380, #4070 ),
 ( #2774, #2750, #208, #3431 ),
 ( #1589, #1615, #4167, #332 ) ),
 .UNSPECIFIED., .F., .F., .F. ) 
 B_SPLINE_SURFACE_WITH_KNOTS ( ( 3, 3 ),
 ( 4, 4 ),
 ( 0.000000000000000000, 1.000000000000000000 ),
 ( -0.01894999999999999463, 0.001949999999999999043 ),
 .UNSPECIFIED. ) 
 GEOMETRIC_REPRESENTATION_ITEM ( )  RATIONAL_B_SPLINE_SURFACE ( (
 ( 1.000000000000000000, 1.000000000000000000, 1.000000000000000000, 1.000000000000000000),
 ( 4.000000000000000888, 4.000000000000000888, 4.000000000000000888, 4.000000000000000888),
 ( 1.000000000000000000, 1.000000000000000000, 1.000000000000000000, 1.000000000000000000) ) ) 
 REPRESENTATION_ITEM ( '' )  SURFACE ( )  );
#610 = CARTESIAN_POINT ( 'NONE',  ( 42.93223886672370782, 16.10000000000013287, 27.42003145578797785 ) ) ;
#611 = CARTESIAN_POINT ( 'NONE',  ( -40.87180854717330192, 21.08542865622425211, 13.59999999999999964 ) ) ;
#612 = CARTESIAN_POINT ( 'NONE',  ( 40.04628098943819481, -5.844460842617224650, 28.43174276785731180 ) ) ;
#613 = ORIENTED_EDGE ( 'NONE', *, *, #3670, .T. ) ;
#614 = CARTESIAN_POINT ( 'NONE',  ( 0.000000000000000000, 0.000000000000000000, 7.599999999999999645 ) ) ;
#615 = DIRECTION ( 'NONE',  ( 0.000000000000000000, 0.000000000000000000, 1.000000000000000000 ) ) ;
#616 = CARTESIAN_POINT ( 'NONE',  ( 42.98129802376907094, -3.741430147144468865, 26.66045524841166170 ) ) ;
#617 = EDGE_LOOP ( 'NONE', ( #2760, #4435, #3625, #3350 ) ) ;
#618 = CARTESIAN_POINT ( 'NONE',  ( -15.56167973260598991, 21.09999999999994813, 13.67147618956970589 ) ) ;
#619 = CARTESIAN_POINT ( 'NONE',  ( 41.09335025939623876, 20.98121807634293390, 25.13064410631874424 ) ) ;
#620 = CARTESIAN_POINT ( 'NONE',  ( -13.20041336302641355, -3.427670033572220554, 28.31225206021167651 ) ) ;
#621 = CARTESIAN_POINT ( 'NONE',  ( -13.81794017506834749, -5.214307773122413003, 26.27804358441478527 ) ) ;
#622 = CARTESIAN_POINT ( 'NONE',  ( 39.35000000000006537, 18.10000000000012221, 25.59999999999999787 ) ) ;
#623 = CARTESIAN_POINT ( 'NONE',  ( 38.77951477504583977, -2.726726736851246446, 28.59999999999999787 ) ) ;
#624 = CARTESIAN_POINT ( 'NONE',  ( 38.10000000000006537, 16.10000000000013287, 28.59999999999999787 ) ) ;
#625 = CARTESIAN_POINT ( 'NONE',  ( 38.10000000000007958, -7.338068901300187186, 26.66045524840984626 ) ) ;
#626 = CARTESIAN_POINT ( 'NONE',  ( -14.09999999999993570, 16.09999999999996945, 23.59999999999999076 ) ) ;
#627 = CARTESIAN_POINT ( 'NONE',  ( -11.18824425720615245, 21.09999999999996234, 16.50596594015395624 ) ) ;
#628 = EDGE_CURVE ( 'NONE', #4071, #1609, #4388, .T. ) ;
#629 = CARTESIAN_POINT ( 'NONE',  ( -41.35305287917758932, -18.35305287917765682, 0.5282114636548495001 ) ) ;
#630 = CARTESIAN_POINT ( 'NONE',  ( -44.10000000000007248, 16.09999999999986287, 12.33333333333332149 ) ) ;
#631 = CARTESIAN_POINT ( 'NONE',  ( -41.38973471204383259, 21.07054652695195429, 13.60000000000000497 ) ) ;
#632 = CARTESIAN_POINT ( 'NONE',  ( 39.91481671382772589, -6.188898490909259031, 28.34695819720912624 ) ) ;
#633 = ORIENTED_EDGE ( 'NONE', *, *, #628, .T. ) ;
#634 = PLANE ( 'NONE',  #811 ) ;
#635 = CARTESIAN_POINT ( 'NONE',  ( 38.83113500959751718, -7.398029322239121797, 25.13064410631815804 ) ) ;
#636 = CARTESIAN_POINT ( 'NONE',  ( 42.19930037193179828, 20.73246150252003162, 25.13064410631881174 ) ) ;
#637 = CARTESIAN_POINT ( 'NONE',  ( -13.38855043659554767, 19.16080677828396261, 27.42003145578697954 ) ) ;
#638 = CARTESIAN_POINT ( 'NONE',  ( 41.03204187590527141, 18.65105509830556940, 28.46374219451706367 ) ) ;
#639 = CARTESIAN_POINT ( 'NONE',  ( -10.94977140066115773, -5.670289858429702790, 28.46374219451674037 ) ) ;
#640 = CARTESIAN_POINT ( 'NONE',  ( -11.48968927053065947, -7.117989229963083808, 26.66045524841014114 ) ) ;
#641 = DIRECTION ( 'NONE',  ( 1.000000000000000000, -8.326672684688666480E-14, 0.000000000000000000 ) ) ;
#642 = CARTESIAN_POINT ( 'NONE',  ( 43.10000000000006537, -16.10000000000013642, 12.26666666666666750 ) ) ;
#643 = EDGE_CURVE ( 'NONE', #1748, #1982, #2881, .T. ) ;
#644 = CARTESIAN_POINT ( 'NONE',  ( -44.07837550577990982, 18.14704002020221907, 9.600000000000003197 ) ) ;
#645 = CARTESIAN_POINT ( 'NONE',  ( 38.10000000000007248, 11.93333333333346147, 28.59999999999999787 ) ) ;
#646 = CARTESIAN_POINT ( 'NONE',  ( -11.65865812051459649, 21.09999999999996589, 16.03689880345853069 ) ) ;
#647 = ORIENTED_EDGE ( 'NONE', *, *, #2571, .F. ) ;
#648 = B_SPLINE_CURVE_WITH_KNOTS ( 'NONE', 3,
 ( #905, #4444, #1649, #1301, #2316, #2359, #1341, #2701, #4102, #3759, #2747, #2448, #4532, #3200, #1083, #2813, #1778, #2425, #3133, #3476, #1412, #2859, #2492, #3111, #1389, #2792, #4186, #1034, #4231, #3888, #2836, #3153, #2058, #3843, #3176, #3547, #737, #689, #1715, #4209, #3820, #1800, #33, #668, #3450, #1055, #2151, #2106, #3500, #989, #52, #711, #2401, #1437, #351, #370, #307, #2127, #1756, #392, #9, #1459 ),
 .UNSPECIFIED., .F., .F.,
 ( 4, 1, 1, 1, 1, 1, 1, 1, 2, 2, 1, 1, 1, 1, 1, 1, 2, 2, 1, 1, 1, 1, 2, 2, 2, 1, 1, 1, 1, 2, 2, 1, 1, 1, 1, 1, 2, 2, 1, 1, 1, 1, 1, 1, 2, 2, 4 ),
 ( 0.000000000000000000, 0.1249999999999180655, 0.1874999999998782085, 0.2187499999998582800, 0.2343749999998483158, 0.2421874999998433198, 0.2460937499998408218, 0.2480468749998411271, 0.2490234374998413214, 0.2499999999998415157, 0.3124999999998329114, 0.3437499999998297473, 0.3593749999998294142, 0.3671874999998279154, 0.3710937499998285816, 0.3730468749998274713, 0.3740234374998284150, 0.3749999999998293032, 0.4062499999998490097, 0.4218749999998600564, 0.4296874999998656075, 0.4335937499998672728, 0.4355468749998681055, 0.4374999999998689382, 0.4999999999999078515, 0.5312499999999286127, 0.5468749999999390488, 0.5546874999999433786, 0.5585937499999463762, 0.5605468749999475975, 0.5624999999999487077, 0.5937499999999757971, 0.6093749999999895639, 0.6171874999999961142, 0.6210937499999987788, 0.6230468750000000000, 0.6240234375000006661, 0.6250000000000013323, 0.6875000000000394129, 0.7187500000000583977, 0.7343750000000679456, 0.7421875000000727196, 0.7460937500000750511, 0.7480468750000767164, 0.7490234375000770495, 0.7500000000000773825, 1.000000000000000000 ),
 .UNSPECIFIED. ) ;
#649 = CARTESIAN_POINT ( 'NONE',  ( -13.28624356834118814, 20.81995122073629290, 23.60000000000000853 ) ) ;
#650 = CARTESIAN_POINT ( 'NONE',  ( -44.10000000000007248, -21.10000000000013642, 10.86666666666668846 ) ) ;
#651 = CARTESIAN_POINT ( 'NONE',  ( 43.10000000000006537, -2.399999999999876010, 29.34999999999999432 ) ) ;
#652 = CARTESIAN_POINT ( 'NONE',  ( -39.10000000000008669, 21.09999999999986642, 13.60000000000000142 ) ) ;
#653 = B_SPLINE_CURVE_WITH_KNOTS ( 'NONE', 3,
 ( #3954, #2925, #487, #4317 ),
 .UNSPECIFIED., .F., .F.,
 ( 4, 4 ),
 ( 0.000000000000000000, 1.000000000000000000 ),
 .UNSPECIFIED. ) ;
#654 = ORIENTED_EDGE ( 'NONE', *, *, #1220, .F. ) ;
#655 = CARTESIAN_POINT ( 'NONE',  ( 42.23563650606173780, -7.138462904362986805, 13.60000000000259490 ) ) ;
#656 = CARTESIAN_POINT ( 'NONE',  ( -14.09999999999993570, 16.09999999999996945, 24.36531221810783876 ) ) ;
#657 = CARTESIAN_POINT ( 'NONE',  ( -12.03204167653206191, 18.65105557965273064, 28.46374219451694998 ) ) ;
#658 = CARTESIAN_POINT ( 'NONE',  ( 42.23355873624110757, -6.012542748145156324, 27.23030725387430806 ) ) ;
#659 = ORIENTED_EDGE ( 'NONE', *, *, #3589, .T. ) ;
#660 = EDGE_CURVE ( 'NONE', #1670, #1982, #3043, .T. ) ;
#661 = CARTESIAN_POINT ( 'NONE',  ( -13.24017767267965517, -12.23993889059482854, 13.60000000000000320 ) ) ;
#662 = CARTESIAN_POINT ( 'NONE',  ( 42.81995122073639237, 20.28624356834140485, 23.59999999999999076 ) ) ;
#663 = CARTESIAN_POINT ( 'NONE',  ( -11.37067515324322642, 20.69083631542425650, 27.23030725387415885 ) ) ;
#664 = CARTESIAN_POINT ( 'NONE',  ( -11.90769421795969230, -5.410413144093929816, 28.43174276785731536 ) ) ;
#665 = CARTESIAN_POINT ( 'NONE',  ( -11.71000790096502797, -6.910401270709609634, 27.23030725387354067 ) ) ;
#666 = CARTESIAN_POINT ( 'NONE',  ( -19.06366945305409999, 18.71658221439495051, 13.59999999999999076 ) ) ;
#667 = CARTESIAN_POINT ( 'NONE',  ( 38.10000000000007958, -2.399999999999878675, 28.59999999999999432 ) ) ;
#668 = CARTESIAN_POINT ( 'NONE',  ( 42.97576400432791388, 19.63667213872565398, 9.600000000000003197 ) ) ;
#669 = CARTESIAN_POINT ( 'NONE',  ( 42.21089327553911374, 18.06843180652662539, 28.16519854648854349 ) ) ;
#670 = CARTESIAN_POINT ( 'NONE',  ( -9.099999999999951683, 21.09999999999997300, 23.60000000000159304 ) ) ;
#671 = CARTESIAN_POINT ( 'NONE',  ( -19.09999999999993747, 16.09999999999996945, 13.60000000000000142 ) ) ;
#672 = CARTESIAN_POINT ( 'NONE',  ( 38.10000000000005116, 21.10000000000013287, 29.54999999999999361 ) ) ;
#673 = ORIENTED_EDGE ( 'NONE', *, *, #438, .T. ) ;
#674 = CARTESIAN_POINT ( 'NONE',  ( 40.10000000000000142, 1.400084016876096665E-13, 25.59999999999999787 ) ) ;
#675 = CARTESIAN_POINT ( 'NONE',  ( -44.10000000000007248, -16.10000000000013642, 12.33333333333333570 ) ) ;
#676 = CARTESIAN_POINT ( 'NONE',  ( -40.80000000000003979, 9.776895777498655349, -15.40511026734024824 ) ) ;
#677 = VECTOR ( 'NONE', #3369, 1000.000000000000000 ) ;
#678 = ORIENTED_EDGE ( 'NONE', *, *, #401, .T. ) ;
#679 = CARTESIAN_POINT ( 'NONE',  ( 43.10000000000006537, -16.10000000000013642, 13.60000000000000142 ) ) ;
#680 = CARTESIAN_POINT ( 'NONE',  ( -10.63261624263611260, 16.29019815803778215, 28.59803400948223384 ) ) ;
#681 = CARTESIAN_POINT ( 'NONE',  ( 41.97287531577524788, -6.802426023844861724, 26.27804358441477461 ) ) ;
#682 = ORIENTED_EDGE ( 'NONE', *, *, #2916, .F. ) ;
#683 = CARTESIAN_POINT ( 'NONE',  ( 38.10000000000007248, -21.10000000000013642, 9.400000000000000355 ) ) ;
#684 = CARTESIAN_POINT ( 'NONE',  ( 40.32750181484326646, 20.64131157190945132, 27.42003145578693335 ) ) ;
#685 = CARTESIAN_POINT ( 'NONE',  ( -12.38774671764753954, 19.62627122953500702, 28.16519854648775123 ) ) ;
#686 = CARTESIAN_POINT ( 'NONE',  ( -12.97376722185434517, -4.254604098623828712, 28.31225206021152729 ) ) ;
#687 = CARTESIAN_POINT ( 'NONE',  ( 40.38232393835182421, -18.38232393835189171, 0.6942158893906485995 ) ) ;
#688 = CARTESIAN_POINT ( 'NONE',  ( 42.99643778796293248, -19.48039098671227620, 9.599999999999997868 ) ) ;
#689 = CARTESIAN_POINT ( 'NONE',  ( 42.86802747807809766, 20.12889382622957868, 9.600000000000003197 ) ) ;
#690 = CARTESIAN_POINT ( 'NONE',  ( 40.06843181149937294, 20.21089327484724762, 28.16519854648777965 ) ) ;
#691 = LINE ( 'NONE', #1366, #1916 ) ;
#692 = CARTESIAN_POINT ( 'NONE',  ( 43.10000000000006537, 16.10000000000013287, 9.600000000000001421 ) ) ;
#693 = ORIENTED_EDGE ( 'NONE', *, *, #1291, .F. ) ;
#694 = CARTESIAN_POINT ( 'NONE',  ( -14.05646124428331767, 18.77860449218228922, 23.60000000000000853 ) ) ;
#695 = CARTESIAN_POINT ( 'NONE',  ( 22.36666666666673819, -12.39999999999987601, 13.60000000000000142 ) ) ;
#696 = CARTESIAN_POINT ( 'NONE',  ( -7.367025624959012011E-14, 21.10000000000000142, 10.59999999999999964 ) ) ;
#697 = CARTESIAN_POINT ( 'NONE',  ( -14.09999999999993570, -2.399999999999876010, 18.60000000000000142 ) ) ;
#698 = ORIENTED_EDGE ( 'NONE', *, *, #1225, .F. ) ;
#699 = CARTESIAN_POINT ( 'NONE',  ( -15.90918226484559739, 21.09999999999994813, 13.65037086662332300 ) ) ;
#700 = CARTESIAN_POINT ( 'NONE',  ( 46.18153062728322311, -10.40597769981923371, 13.60000000000000142 ) ) ;
#701 = CARTESIAN_POINT ( 'NONE',  ( -11.04674098053074260, 18.66369227542994125, 28.53781812637538451 ) ) ;
#702 = CARTESIAN_POINT ( 'NONE',  ( 41.90330305797464661, -5.708185490482517110, 27.95172059729441116 ) ) ;
#703 = ORIENTED_EDGE ( 'NONE', *, *, #3801, .T. ) ;
#704 = CARTESIAN_POINT ( 'NONE',  ( -44.10000000000007248, -16.10000000000013642, 12.26666666666666750 ) ) ;
#705 = CARTESIAN_POINT ( 'NONE',  ( 41.06284490912647556, 20.27244756168465756, 27.69395940719822846 ) ) ;
#706 = CARTESIAN_POINT ( 'NONE',  ( -10.24331283613683752, 20.63515225365676287, 27.95172059729418379 ) ) ;
#707 = CARTESIAN_POINT ( 'NONE',  ( -12.84157869692067244, -3.342806829561856929, 28.43174276785752497 ) ) ;
#708 = CARTESIAN_POINT ( 'NONE',  ( 20.60000000000006537, 3.600000000000121325, 28.59999999999999787 ) ) ;
#709 = DIRECTION ( 'NONE',  ( 0.000000000000000000, 0.000000000000000000, -1.000000000000000000 ) ) ;
#710 = CARTESIAN_POINT ( 'NONE',  ( 43.10000000000006537, -2.399999999999876010, 21.93333333333324475 ) ) ;
#711 = CARTESIAN_POINT ( 'NONE',  ( 43.05304772074943287, 18.79246757333756435, 9.599999999999999645 ) ) ;
#712 = CARTESIAN_POINT ( 'NONE',  ( 40.03132239749384524, 20.13441446960924708, 28.22214248708625917 ) ) ;
#713 = CARTESIAN_POINT ( 'NONE',  ( 38.10000000000007248, -5.081137034913067119, 28.55633887815904615 ) ) ;
#714 = FACE_OUTER_BOUND ( 'NONE', #2412, .T. ) ;
#715 = VERTEX_POINT ( 'NONE', #2694 ) ;
#716 = DIRECTION ( 'NONE',  ( 0.000000000000000000, 0.000000000000000000, 1.000000000000000000 ) ) ;
#717 = FACE_OUTER_BOUND ( 'NONE', #3357, .T. ) ;
#718 = CARTESIAN_POINT ( 'NONE',  ( -43.98804278005444246, 19.54737320415783941, 13.60000000000000320 ) ) ;
#719 = AXIS2_PLACEMENT_3D ( 'NONE', #3226, #3936, #1112 ) ;
#720 = VERTEX_POINT ( 'NONE', #167 ) ;
#721 = CARTESIAN_POINT ( 'NONE',  ( -13.03273165825200941, 21.09999999999994102, 14.69120188043289765 ) ) ;
#722 = CARTESIAN_POINT ( 'NONE',  ( 43.08360980520384231, -4.416600723516279636, 13.60000000000129283 ) ) ;
#723 = CARTESIAN_POINT ( 'NONE',  ( -9.998920702707090769, 19.65630394472928444, 28.46374219451688248 ) ) ;
#724 = CARTESIAN_POINT ( 'NONE',  ( 42.16433213485908738, -5.487472415572250739, 27.78280182435279499 ) ) ;
#725 = ORIENTED_EDGE ( 'NONE', *, *, #2109, .T. ) ;
#726 = CARTESIAN_POINT ( 'NONE',  ( 40.61977647822124027, -12.36550840930488171, 13.59999999999999964 ) ) ;
#727 = CARTESIAN_POINT ( 'NONE',  ( 38.74112797252551843, 21.03806890130039875, 26.66045524841071668 ) ) ;
#728 = CARTESIAN_POINT ( 'NONE',  ( -12.02766486392782674, 20.22946547107776993, 27.78280182435257117 ) ) ;
#729 = CARTESIAN_POINT ( 'NONE',  ( -10.79396876793359006, -4.629076354017271022, 28.55633887815908878 ) ) ;
#730 = CARTESIAN_POINT ( 'NONE',  ( -40.60000000000003695, 10.27689577749865890, 10.59999999999999964 ) ) ;
#731 = VECTOR ( 'NONE', #2530, 1000.000000000000000 ) ;
#732 = CARTESIAN_POINT ( 'NONE',  ( -10.33781676884177614, -7.153222813991327200, 27.42003145578575385 ) ) ;
#733 = CARTESIAN_POINT ( 'NONE',  ( -14.01389994786315008, 19.35206067629078674, 13.59999999999935127 ) ) ;
#734 = CARTESIAN_POINT ( 'NONE',  ( 41.63667213872084716, -20.97576400432870969, 9.600000000000001421 ) ) ;
#735 = B_SPLINE_CURVE_WITH_KNOTS ( 'NONE', 3,
 ( #692, #3203, #3870, #1015 ),
 .UNSPECIFIED., .F., .F.,
 ( 4, 4 ),
 ( 0.000000000000000000, 0.7368421052631579649 ),
 .UNSPECIFIED. ) ;
#736 = EDGE_CURVE ( 'NONE', #2917, #1907, #2967, .T. ) ;
#737 = CARTESIAN_POINT ( 'NONE',  ( 42.86170419352130523, 20.14833751234659687, 9.600000000000001421 ) ) ;
#738 = CARTESIAN_POINT ( 'NONE',  ( -12.06284490913041907, -6.572447561673037342, 27.69395940719736160 ) ) ;
#739 = EDGE_CURVE ( 'NONE', #3157, #3052, #2004, .T. ) ;
#740 = CARTESIAN_POINT ( 'NONE',  ( 39.60000000000006537, 3.600000000000123990, 28.59008767288885977 ) ) ;
#741 = CARTESIAN_POINT ( 'NONE',  ( -43.81364017787112175, -20.27774806692154641, 9.600000000000003197 ) ) ;
#742 = CARTESIAN_POINT ( 'NONE',  ( -13.73532697716842144, 20.46466813626220116, 24.36531221810777836 ) ) ;
#743 = EDGE_CURVE ( 'NONE', #3397, #1999, #1345, .T. ) ;
#744 = EDGE_CURVE ( 'NONE', #3720, #1398, #4016, .T. ) ;
#745 = CARTESIAN_POINT ( 'NONE',  ( 38.10000000000007248, -7.399999999999876010, 23.85000000000000142 ) ) ;
#746 = CARTESIAN_POINT ( 'NONE',  ( -42.53988389866321285, 20.98901496049331428, 13.60000000000000320 ) ) ;
#747 = AXIS2_PLACEMENT_3D ( 'NONE', #2965, #2429, #1240 ) ;
#748 = VERTEX_POINT ( 'NONE', #3725 ) ;
#749 = CARTESIAN_POINT ( 'NONE',  ( -13.25947744200414036, 21.09999999999995168, 14.48667446747735177 ) ) ;
#750 = CARTESIAN_POINT ( 'NONE',  ( 47.67222146963754881, -7.852190108908479793, 13.59999999999999787 ) ) ;
#751 = CARTESIAN_POINT ( 'NONE',  ( 41.94981277297771527, -5.993189457614309212, 27.69395940719799398 ) ) ;
#752 = ORIENTED_EDGE ( 'NONE', *, *, #3666, .F. ) ;
#753 = CARTESIAN_POINT ( 'NONE',  ( 43.10000000000006537, -2.399999999999876010, 18.59999999999973497 ) ) ;
#754 = CARTESIAN_POINT ( 'NONE',  ( 42.38855063839859838, 19.16080553375557471, 27.42003145578748047 ) ) ;
#755 = CARTESIAN_POINT ( 'NONE',  ( -13.00544659085752386, 19.05884582711838959, 28.03089793834153198 ) ) ;
#756 =( BOUNDED_SURFACE ( )  B_SPLINE_SURFACE ( 2, 3, ( 
 ( #4517, #3139, #2407, #4213 ),
 ( #2840, #1060, #355, #1691 ),
 ( #4537, #3872, #4236, #2387 ) ),
 .UNSPECIFIED., .F., .F., .T. ) 
 B_SPLINE_SURFACE_WITH_KNOTS ( ( 3, 3 ),
 ( 4, 4 ),
 ( 0.000000000000000000, 1.000000000000000000 ),
 ( -0.002399999999999876191, 0.01609999999999996850 ),
 .UNSPECIFIED. ) 
 GEOMETRIC_REPRESENTATION_ITEM ( )  RATIONAL_B_SPLINE_SURFACE ( (
 ( 1.000000000000000000, 1.000000000000000000, 1.000000000000000000, 1.000000000000000000),
 ( 4.000000000000000888, 4.000000000000000888, 4.000000000000000888, 4.000000000000000888),
 ( 1.000000000000000000, 1.000000000000000000, 1.000000000000000000, 1.000000000000000000) ) ) 
 REPRESENTATION_ITEM ( '' )  SURFACE ( )  );
#757 = CARTESIAN_POINT ( 'NONE',  ( -9.099999999999933920, -5.081137034913070671, 28.55633887815904615 ) ) ;
#758 = DIRECTION ( 'NONE',  ( -3.491481338843133750E-15, 1.000000000000000000, 0.000000000000000000 ) ) ;
#759 = CARTESIAN_POINT ( 'NONE',  ( -13.23355911224103565, -6.012541838766078506, 27.23030725387390305 ) ) ;
#760 = CARTESIAN_POINT ( 'NONE',  ( -12.99732606612536223, 20.90947459357966309, 13.59999999999935838 ) ) ;
#761 = CARTESIAN_POINT ( 'NONE',  ( 42.97389364416930846, -19.65631831746894420, 9.600000000000004974 ) ) ;
#762 = CARTESIAN_POINT ( 'NONE',  ( -43.94883644206878159, 19.81049812223619000, 9.600000000000001421 ) ) ;
#763 = CARTESIAN_POINT ( 'NONE',  ( -12.90330336359626173, -5.708184751730414952, 27.95172059729398129 ) ) ;
#764 = CARTESIAN_POINT ( 'NONE',  ( 41.87152585569928220, -12.28352820413124746, 13.60000000000000320 ) ) ;
#765 = CARTESIAN_POINT ( 'NONE',  ( -43.96164780065870303, -19.72889785856341760, 9.600000000000004974 ) ) ;
#766 = CARTESIAN_POINT ( 'NONE',  ( -13.85319779825262465, 19.83927130964511676, 25.13064410631868739 ) ) ;
#767 = CARTESIAN_POINT ( 'NONE',  ( -42.56481889561295162, -20.98574326795730727, 13.60000000000000497 ) ) ;
#768 = EDGE_CURVE ( 'NONE', #1211, #3441, #3453, .T. ) ;
#769 = CARTESIAN_POINT ( 'NONE',  ( -18.97408431222266145, -6.313473004331904725, 13.59999999999999787 ) ) ;
#770 = ORIENTED_EDGE ( 'NONE', *, *, #771, .F. ) ;
#771 = EDGE_CURVE ( 'NONE', #1670, #1564, #1560, .T. ) ;
#772 = CARTESIAN_POINT ( 'NONE',  ( -9.099999999999933920, 16.09999999999996945, 28.59999999999999787 ) ) ;
#773 = CARTESIAN_POINT ( 'NONE',  ( -40.10000000000006537, -7.686454296869565743E-15, 10.59999999999999964 ) ) ;
#774 = CARTESIAN_POINT ( 'NONE',  ( 41.80887422138012965, -6.370139533356430128, 27.42003145578672374 ) ) ;
#775 = VERTEX_POINT ( 'NONE', #3091 ) ;
#776 = CARTESIAN_POINT ( 'NONE',  ( -18.05596892353833027, -9.253534534311684823, 13.60000000000000142 ) ) ;
#777 = CARTESIAN_POINT ( 'NONE',  ( 38.10000000000003695, 20.93223886672404532, 27.42003145578661716 ) ) ;
#778 = CARTESIAN_POINT ( 'NONE',  ( -13.40580767388488681, 18.54795810018553937, 27.78280182435277368 ) ) ;
#779 = CARTESIAN_POINT ( 'NONE',  ( -9.099999999999937472, -5.464390761366217042, 28.53781812637529924 ) ) ;
#780 = CARTESIAN_POINT ( 'NONE',  ( -13.70552583296854188, 20.47613984652317498, 18.60000000000258424 ) ) ;
#781 = CARTESIAN_POINT ( 'NONE',  ( 42.53880138775976150, -20.66090659504442684, 9.600000000000003197 ) ) ;
#782 = DIRECTION ( 'NONE',  ( 1.000000000000000000, 0.000000000000000000, 0.000000000000000000 ) ) ;
#783 = CARTESIAN_POINT ( 'NONE',  ( -9.099999999999941025, -7.114273696670829317, 27.78280182435145917 ) ) ;
#784 = DIRECTION ( 'NONE',  ( -1.000000000000000000, 0.000000000000000000, 0.000000000000000000 ) ) ;
#785 = CARTESIAN_POINT ( 'NONE',  ( -41.38329560835364873, -21.07077768596512257, 9.600000000000001421 ) ) ;
#786 = CARTESIAN_POINT ( 'NONE',  ( 40.78113703491047914, 16.10000000000012577, 28.55633887815917404 ) ) ;
#787 = CARTESIAN_POINT ( 'NONE',  ( -12.62755626823035726, 20.64130635363745725, 26.27804358441491672 ) ) ;
#788 = CARTESIAN_POINT ( 'NONE',  ( -43.99246996001719623, -19.51270507533032017, 13.59999999999999787 ) ) ;
#789 = CARTESIAN_POINT ( 'NONE',  ( -13.01101048972662610, -12.27430629097622017, 13.59999999999999787 ) ) ;
#790 = ORIENTED_EDGE ( 'NONE', *, *, #1081, .F. ) ;
#791 = CARTESIAN_POINT ( 'NONE',  ( -40.10000000000006537, -18.10000000000013642, 10.59999999999999964 ) ) ;
#792 = CARTESIAN_POINT ( 'NONE',  ( -10.27832246379486669, 17.12847604427363635, 28.59803400948222318 ) ) ;
#793 = CARTESIAN_POINT ( 'NONE',  ( 39.33781676322370657, -7.153222814173394006, 27.42003145578585688 ) ) ;
#794 = ADVANCED_FACE ( 'NONE', ( #1368 ), #609, .T. ) ;
#795 = ORIENTED_EDGE ( 'NONE', *, *, #628, .F. ) ;
#796 = CARTESIAN_POINT ( 'NONE',  ( -18.86919946695770278, -6.991081321670983506, 13.60000000000000497 ) ) ;
#797 = CARTESIAN_POINT ( 'NONE',  ( 42.00389365024627608, 19.49875594872866102, 27.78280182435310408 ) ) ;
#798 = CARTESIAN_POINT ( 'NONE',  ( -10.95460409862342210, 19.97376722186170284, 28.31225206021148821 ) ) ;
#799 = CARTESIAN_POINT ( 'NONE',  ( 42.98712545639575922, -19.55436243565055676, 13.60000000000000320 ) ) ;
#800 = ADVANCED_FACE ( 'NONE', ( #1016 ), #2325, .F. ) ;
#801 = CARTESIAN_POINT ( 'NONE',  ( -11.98215051297781031, 26.06624690466735217, 13.60000000000000497 ) ) ;
#802 = CARTESIAN_POINT ( 'NONE',  ( -18.98524843521369831, 19.85470522729565701, 13.59999999999999964 ) ) ;
#803 = FILL_AREA_STYLE_COLOUR ( '', #3835 ) ;
#804 = CARTESIAN_POINT ( 'NONE',  ( -13.44696971889660730, -4.877926856049102255, 27.69395940719785898 ) ) ;
#805 = CARTESIAN_POINT ( 'NONE',  ( -11.77860449218228389, -7.356461244284119516, 24.36531221810759718 ) ) ;
#806 = CARTESIAN_POINT ( 'NONE',  ( -42.54086757463645796, -20.98888856329200081, 9.600000000000001421 ) ) ;
#807 = CARTESIAN_POINT ( 'NONE',  ( 38.46375484060011019, 19.16439076136522601, 28.53781812637535964 ) ) ;
#808 = CARTESIAN_POINT ( 'NONE',  ( -14.01139731293376300, 18.71704732964303020, 25.13064410631873358 ) ) ;
#809 = CARTESIAN_POINT ( 'NONE',  ( -44.10000000000007248, -16.10000000000013642, 13.60000000000000142 ) ) ;
#810 = CARTESIAN_POINT ( 'NONE',  ( -13.42645396248540202, -7.037749928973204838, 18.59999999999939035 ) ) ;
#811 = AXIS2_PLACEMENT_3D ( 'NONE', #2369, #1676, #4044 ) ;
#812 = EDGE_LOOP ( 'NONE', ( #249, #1118, #1346 ) ) ;
#813 = CARTESIAN_POINT ( 'NONE',  ( -40.59999999999996589, -12.19689577749904608, 10.59999999999999964 ) ) ;
#814 = CARTESIAN_POINT ( 'NONE',  ( -9.099999999999941025, 17.63261624263651584, 28.59803400948222674 ) ) ;
#815 = VECTOR ( 'NONE', #574, 1000.000000000000000 ) ;
#816 = CARTESIAN_POINT ( 'NONE',  ( 40.90287063199572515, -6.103057483550478501, 28.22214248708587547 ) ) ;
#817 = ORIENTED_EDGE ( 'NONE', *, *, #2069, .F. ) ;
#818 = CARTESIAN_POINT ( 'NONE',  ( -19.07506090160576662, -4.631344348377879783, 13.59999999999999787 ) ) ;
#819 = CARTESIAN_POINT ( 'NONE',  ( 40.44529842412944731, 20.24917488030159163, 28.03089793834157817 ) ) ;
#820 = CARTESIAN_POINT ( 'NONE',  ( -10.12767003357147466, 20.20041336301395418, 28.31225206021143492 ) ) ;
#821 = CARTESIAN_POINT ( 'NONE',  ( 42.48402385466747688, -20.71654195172923707, 13.60000000000000142 ) ) ;
#822 = CARTESIAN_POINT ( 'NONE',  ( 41.73083692201833372, -7.264305523933053621, 23.60000000000000853 ) ) ;
#823 = CARTESIAN_POINT ( 'NONE',  ( -14.09999999999993214, 16.82135399909435236, 18.60000000000387033 ) ) ;
#824 = CARTESIAN_POINT ( 'NONE',  ( -9.099999999999941025, -7.356489118750732636, 26.27804358441404986 ) ) ;
#825 = CARTESIAN_POINT ( 'NONE',  ( -42.72889785857367428, 20.96164780065627298, 9.600000000000001421 ) ) ;
#826 = CARTESIAN_POINT ( 'NONE',  ( -13.27244774868021615, -5.362843756462583045, 27.69395940719775595 ) ) ;
#827 = DIRECTION ( 'NONE',  ( 0.000000000000000000, 1.000000000000000000, 0.000000000000000000 ) ) ;
#828 = CARTESIAN_POINT ( 'NONE',  ( -41.39402075846374629, -21.07039211818133495, 9.600000000000001421 ) ) ;
#829 = CARTESIAN_POINT ( 'NONE',  ( 38.77192498866450165, -3.785630015671570536, 28.59803400948224450 ) ) ;
#830 = CARTESIAN_POINT ( 'NONE',  ( 41.16439076136348518, 16.10000000000012577, 28.53781812637545556 ) ) ;
#831 = CARTESIAN_POINT ( 'NONE',  ( -13.98121807633985547, 19.09335025939924435, 25.13064410631873358 ) ) ;
#832 = DIRECTION ( 'NONE',  ( 1.000000000000000000, 0.000000000000000000, 0.000000000000000000 ) ) ;
#833 = CARTESIAN_POINT ( 'NONE',  ( -14.09999999999993570, -2.399999999999876010, 13.60000000000000142 ) ) ;
#834 = ORIENTED_EDGE ( 'NONE', *, *, #3213, .F. ) ;
#835 = CARTESIAN_POINT ( 'NONE',  ( -9.866076742315234682, 16.09999999999996945, 28.59999999999999787 ) ) ;
#836 = CARTESIAN_POINT ( 'NONE',  ( 38.10000000000006537, -6.755761422473202771, 28.22214248708498019 ) ) ;
#837 = EDGE_LOOP ( 'NONE', ( #1421, #4190, #3147, #1188 ) ) ;
#838 = CARTESIAN_POINT ( 'NONE',  ( 39.35000000000006537, 18.10000000000013642, 27.72132034355963981 ) ) ;
#839 = CARTESIAN_POINT ( 'NONE',  ( 39.24331284120230379, 20.63515225345840065, 27.95172059729426195 ) ) ;
#840 = CARTESIAN_POINT ( 'NONE',  ( -12.88889849019342826, 17.91481671841796341, 28.34695819720978704 ) ) ;
#841 = CARTESIAN_POINT ( 'NONE',  ( 41.54086757463650059, -20.98888856329201147, 13.59999999999999964 ) ) ;
#842 = DIRECTION ( 'NONE',  ( 1.000000000000000000, 0.000000000000000000, 0.000000000000000000 ) ) ;
#843 = CARTESIAN_POINT ( 'NONE',  ( -9.099999999999937472, -2.399999999999876010, 28.59999999999999787 ) ) ;
#844 = CARTESIAN_POINT ( 'NONE',  ( 41.73083891477930507, 20.96430520155913513, 23.60000000000000142 ) ) ;
#845 = CARTESIAN_POINT ( 'NONE',  ( -43.99046056094405088, 19.52861721389781025, 9.600000000000001421 ) ) ;
#846 = CARTESIAN_POINT ( 'NONE',  ( -9.099999999999937472, -6.587461911887426247, 28.31225206021069241 ) ) ;
#847 = FACE_OUTER_BOUND ( 'NONE', #1017, .T. ) ;
#848 = DIRECTION ( 'NONE',  ( 0.000000000000000000, -0.000000000000000000, -1.000000000000000000 ) ) ;
#849 = CARTESIAN_POINT ( 'NONE',  ( 39.44251690014376521, -3.164831348802943367, 28.59803400948221608 ) ) ;
#850 = CARTESIAN_POINT ( 'NONE',  ( 39.28720153576567498, 18.55697672268695086, 28.55633887815912786 ) ) ;
#851 = CARTESIAN_POINT ( 'NONE',  ( -12.53897606062245984, 20.04782500386277633, 27.69395940719802240 ) ) ;
#852 = CARTESIAN_POINT ( 'NONE',  ( -42.90107979776189495, -20.93063647161830687, 13.60000000000000142 ) ) ;
#853 = CARTESIAN_POINT ( 'NONE',  ( -10.47395986553320668, -7.396411983075676488, 18.59999999999753584 ) ) ;
#854 = EDGE_LOOP ( 'NONE', ( #2751, #4381, #4217, #2592 ) ) ;
#855 = CARTESIAN_POINT ( 'NONE',  ( 6.633333333333394144, 21.09999999999996945, 28.59999999999999787 ) ) ;
#856 = CARTESIAN_POINT ( 'NONE',  ( -9.099999999999933920, 16.09999999999996945, 28.59999999999999787 ) ) ;
#857 = CARTESIAN_POINT ( 'NONE',  ( -12.09607851308972570, -3.164633873838500477, 28.53781812637537030 ) ) ;
#858 = CARTESIAN_POINT ( 'NONE',  ( 38.10000000000007958, -6.835212816817760384, 28.16519854648644738 ) ) ;
#859 = ORIENTED_EDGE ( 'NONE', *, *, #316, .T. ) ;
#860 = CARTESIAN_POINT ( 'NONE',  ( -17.38718064874606739, -10.18379868348843509, 13.60000000000000142 ) ) ;
#861 = CARTESIAN_POINT ( 'NONE',  ( 41.49875673063647952, 20.00389332685460886, 27.78280182435296197 ) ) ;
#862 = CARTESIAN_POINT ( 'NONE',  ( -11.78802939864533883, 19.65104767908864147, 28.31225206021156282 ) ) ;
#863 = CARTESIAN_POINT ( 'NONE',  ( 43.09802932223931293, -3.131134972148524653, 25.13064410631909240 ) ) ;
#864 = VECTOR ( 'NONE', #4189, 1000.000000000000000 ) ;
#865 = CARTESIAN_POINT ( 'NONE',  ( -9.099999999999951683, 21.09999999999996945, 21.93333333333456991 ) ) ;
#866 = CARTESIAN_POINT ( 'NONE',  ( -18.78295866747992093, 21.09999999999993392, 13.60000000000000142 ) ) ;
#867 = CARTESIAN_POINT ( 'NONE',  ( -11.78113703491128206, 16.09999999999996945, 28.55633887815913852 ) ) ;
#868 = CARTESIAN_POINT ( 'NONE',  ( -9.099999999999937472, -6.968678546357166326, 28.03089793834036314 ) ) ;
#869 = CARTESIAN_POINT ( 'NONE',  ( -13.96430552393311331, -6.030836922018128377, 23.59999999999999787 ) ) ;
#870 =( BOUNDED_SURFACE ( )  B_SPLINE_SURFACE ( 2, 3, ( 
 ( #2675, #4415, #533, #1642 ),
 ( #1219, #1573, #3655, #4437 ),
 ( #4023, #2973, #2281, #843 ) ),
 .UNSPECIFIED., .F., .F., .T. ) 
 B_SPLINE_SURFACE_WITH_KNOTS ( ( 3, 3 ),
 ( 4, 4 ),
 ( 0.000000000000000000, 1.000000000000000000 ),
 ( -0.03810000000000007825, 0.009099999999999934530 ),
 .UNSPECIFIED. ) 
 GEOMETRIC_REPRESENTATION_ITEM ( )  RATIONAL_B_SPLINE_SURFACE ( (
 ( 1.000000000000000000, 1.000000000000000000, 1.000000000000000000, 1.000000000000000000),
 ( 4.000000000000000888, 4.000000000000000888, 4.000000000000000888, 4.000000000000000888),
 ( 1.000000000000000000, 1.000000000000000000, 1.000000000000000000, 1.000000000000000000) ) ) 
 REPRESENTATION_ITEM ( '' )  SURFACE ( )  );
#871 = CARTESIAN_POINT ( 'NONE',  ( -14.09999999999993570, -7.399999999999876010, 23.84999999999998366 ) ) ;
#872 = EDGE_CURVE ( 'NONE', #4071, #2547, #1689, .T. ) ;
#873 = CARTESIAN_POINT ( 'NONE',  ( 39.94977070176883416, -5.670289904805318137, 28.46374219451680432 ) ) ;
#874 = CARTESIAN_POINT ( 'NONE',  ( 39.45872948119180990, 18.49155108682673543, 28.55633887815913496 ) ) ;
#875 = CARTESIAN_POINT ( 'NONE',  ( -13.89084800663316344, 17.36518000927032546, 27.23030725387448570 ) ) ;
#876 = DIRECTION ( 'NONE',  ( -3.639200510924877443E-15, 1.000000000000000000, -0.000000000000000000 ) ) ;
#877 = CARTESIAN_POINT ( 'NONE',  ( 43.10000000000006537, -2.399999999999876010, 23.60000000000000142 ) ) ;
#878 = AXIS2_PLACEMENT_3D ( 'NONE', #1396, #2777, #37 ) ;
#879 = ORIENTED_EDGE ( 'NONE', *, *, #3529, .F. ) ;
#880 = CARTESIAN_POINT ( 'NONE',  ( 43.10000000000006537, -4.612663006541509070, 16.38089674934328244 ) ) ;
#881 = AXIS2_PLACEMENT_3D ( 'NONE', #813, #1855, #2959 ) ;
#882 = ADVANCED_FACE ( 'NONE', ( #525 ), #1267, .T. ) ;
#883 = CARTESIAN_POINT ( 'NONE',  ( -39.10000000000009379, 21.09999999999986642, 13.80000000000000071 ) ) ;
#884 = CARTESIAN_POINT ( 'NONE',  ( -9.426726736851152921, -3.079514775046309882, 28.59999999999999787 ) ) ;
#885 = CARTESIAN_POINT ( 'NONE',  ( 42.21089327483108633, -4.368431811499516648, 28.16519854648831611 ) ) ;
#886 = CARTESIAN_POINT ( 'NONE',  ( -11.32282750594385057, 21.09999999999996234, 16.37095128733157878 ) ) ;
#887 = ORIENTED_EDGE ( 'NONE', *, *, #1451, .F. ) ;
#888 = FACE_BOUND ( 'NONE', #4519, .T. ) ;
#889 = CARTESIAN_POINT ( 'NONE',  ( 42.57852547223340167, 17.22555123150726786, 28.03089793834230292 ) ) ;
#890 = CARTESIAN_POINT ( 'NONE',  ( -11.03132239261561054, 20.13441447031875597, 28.22214248708608153 ) ) ;
#891 = CARTESIAN_POINT ( 'NONE',  ( 41.27279173386335742, -21.01881759005907213, 13.60000000000000142 ) ) ;
#892 = CARTESIAN_POINT ( 'NONE',  ( 41.16147778144845404, -7.337981380321604519, 23.60000000000000497 ) ) ;
#893 = VECTOR ( 'NONE', #3719, 1000.000000000000000 ) ;
#894 =( BOUNDED_SURFACE ( )  B_SPLINE_SURFACE ( 2, 3, ( 
 ( #3451, #2108, #308, #3483 ),
 ( #2819, #1372, #650, #4412 ),
 ( #2798, #675, #2090, #1741 ) ),
 .UNSPECIFIED., .F., .F., .F. ) 
 B_SPLINE_SURFACE_WITH_KNOTS ( ( 3, 3 ),
 ( 4, 4 ),
 ( 0.000000000000000000, 1.000000000000000000 ),
 ( -0.003200000000000001021, 0.001199999999999999244 ),
 .UNSPECIFIED. ) 
 GEOMETRIC_REPRESENTATION_ITEM ( )  RATIONAL_B_SPLINE_SURFACE ( (
 ( 1.000000000000000000, 1.000000000000000000, 1.000000000000000000, 1.000000000000000000),
 ( 4.000000000000000888, 4.000000000000000888, 4.000000000000000888, 4.000000000000000888),
 ( 1.000000000000000000, 1.000000000000000000, 1.000000000000000000, 1.000000000000000000) ) ) 
 REPRESENTATION_ITEM ( '' )  SURFACE ( )  );
#895 = CARTESIAN_POINT ( 'NONE',  ( -9.718563275086287589, 21.09915261021922461, 18.59999999999869402 ) ) ;
#896 = CARTESIAN_POINT ( 'NONE',  ( -9.099999999999937472, -6.222803315742166497, 28.43174276785706667 ) ) ;
#897 = AXIS2_PLACEMENT_3D ( 'NONE', #1666, #3066, #2468 ) ;
#898 = SURFACE_STYLE_USAGE ( .BOTH. , #2975 ) ;
#899 = CARTESIAN_POINT ( 'NONE',  ( 41.38630607631282032, 18.42151353023082905, 28.43174276785767773 ) ) ;
#900 = CARTESIAN_POINT ( 'NONE',  ( -13.66867854635620105, -2.399999999999876010, 28.03089793834171672 ) ) ;
#901 = CARTESIAN_POINT ( 'NONE',  ( -13.93221048960484687, -6.220339427883234684, 23.59999999999999432 ) ) ;
#902 = AXIS2_PLACEMENT_3D ( 'NONE', #1857, #3673, #109 ) ;
#903 = CARTESIAN_POINT ( 'NONE',  ( -43.98866520347225872, -19.54258782409732120, 9.600000000000004974 ) ) ;
#904 = CARTESIAN_POINT ( 'NONE',  ( 41.03204167651412604, -4.951055579645680105, 28.46374219451693932 ) ) ;
#905 = CARTESIAN_POINT ( 'NONE',  ( 38.10000000000005116, 21.10000000000013287, 9.600000000000001421 ) ) ;
#906 = CARTESIAN_POINT ( 'NONE',  ( -12.21614008724060696, 20.44906685902991228, 27.23030725387421214 ) ) ;
#907 = CARTESIAN_POINT ( 'NONE',  ( -44.10000000000007248, 16.09999999999986287, 13.60000000000000142 ) ) ;
#908 =( BOUNDED_CURVE ( )  B_SPLINE_CURVE ( 2, ( #1807, #1116, #3919 ),
 .UNSPECIFIED., .F., .T. ) 
 B_SPLINE_CURVE_WITH_KNOTS ( ( 3, 3 ),
 ( 0.000000000000000000, 1.000000000000000000 ),
 .UNSPECIFIED. ) 
 CURVE ( )  GEOMETRIC_REPRESENTATION_ITEM ( )  RATIONAL_B_SPLINE_CURVE ( ( 1.000000000000000000, 4.000000000000000888, 1.000000000000000000 ) ) 
 REPRESENTATION_ITEM ( '' )  );
#909 = ORIENTED_EDGE ( 'NONE', *, *, #3728, .F. ) ;
#910 = CARTESIAN_POINT ( 'NONE',  ( 43.10000000000006537, -7.702456480972650787, 13.84446367729711369 ) ) ;
#911 = FACE_OUTER_BOUND ( 'NONE', #837, .T. ) ;
#912 = CARTESIAN_POINT ( 'NONE',  ( 39.60000000000006537, -4.399999999999876010, 28.56611353383751606 ) ) ;
#913 = CARTESIAN_POINT ( 'NONE',  ( 41.54446079224426569, -4.346281749376175618, 28.43174276785761023 ) ) ;
#914 = DIRECTION ( 'NONE',  ( 1.000000000000000000, 0.000000000000000000, 0.000000000000000000 ) ) ;
#915 = ORIENTED_EDGE ( 'NONE', *, *, #736, .F. ) ;
#916 = ADVANCED_FACE ( 'NONE', ( #3688 ), #4056, .T. ) ;
#917 = CARTESIAN_POINT ( 'NONE',  ( 43.09915261021933475, -3.018563275086611153, 18.60000000000065157 ) ) ;
#918 = B_SPLINE_SURFACE_WITH_KNOTS ( 'NONE', 3, 3, ( 
 ( #3972, #1246, #2280, #1964, #3308, #4022, #3654, #4314, #1170, #165, #1216, #919, #822, #892, #2232, #3709, #531, #1619 ),
 ( #4074, #3360, #2329, #1571, #3994, #2945, #4414, #3381, #212, #3729, #2624, #3018, #1193, #2601, #483, #2308, #4361, #1984 ),
 ( #3336, #863, #2578, #1940, #190, #4387, #1594, #4338, #1886, #3286, #141, #2996, #1542, #2647, #4135, #3440, #635, #2020 ),
 ( #3103, #979, #1292, #1311, #2073, #2097, #1701, #275, #1659, #4501, #681, #2393, #3061, #3399, #2693, #3788, #959, #4113 ),
 ( #296, #4178, #616, #2371, #1356, #4523, #1678, #3771, #2438, #320, #2047, #1002, #1026, #3810, #4454, #4095, #2759, #1379 ),
 ( #1332, #231, #3832, #4155, #1641, #2416, #3416, #658, #940, #3464, #1727, #3126, #3080, #2737, #4477, #3042, #4434, #2784 ),
 ( #2349, #3750, #590, #2003, #251, #2715, #3582, #2895, #89, #774, #3237, #2141, #1426, #362, #1834, #793, #3924, #1495 ),
 ( #1122, #3166, #23, #2461, #2871, #3537, #4265, #1747, #751, #2827, #2185, #384, #4244, #1812, #1097, #1770, #431, #2531 ),
 ( #2506, #3945, #4290, #2847, #2163, #3900, #724, #3559, #3211, #407, #4545, #4221, #1144, #3490, #64, #1791, #1069, #1471 ),
 ( #2551, #2483, #2120, #1404, #342, #3879, #3190, #702, #3146, #2805, #43, #1449, #4200, #1047, #3855, #3511, #4408, #2300 ),
 ( #2989, #3624, #4331, #135, #2617, #3648, #4040, #2939, #4069, #2915, #1266, #3355, #4379, #1209, #184, #2641, #207, #1164 ),
 ( #1239, #1588, #2666, #885, #3701, #3260, #3676, #1958, #500, #1187, #2204, #548, #4015, #1614, #477, #2595, #1535, #858 ),
 ( #3013, #3988, #3603, #4308, #456, #1859, #112, #2273, #1513, #2570, #3966, #816, #2249, #1906, #2226, #1880, #3280, #836 ),
 ( #3302, #160, #1562, #2964, #4356, #524, #1931, #3327, #1308, #2755, #3097, #1674, #2324, #4130, #1998, #1328, #569, #3075 ),
 ( #975, #3396, #2708, #587, #3724, #1981, #3746, #4109, #1695, #3377, #4470, #228, #2733, #2366, #632, #4497, #3436, #2390 ),
 ( #1656, #2345, #2690, #2040, #913, #1351, #1636, #3412, #291, #3057, #4451, #248, #3037, #612, #4431, #4091, #3785, #956 ),
 ( #269, #1288, #937, #3767, #2017, #560, #4397, #904, #4030, #927, #3715, #4370, #3691, #873, #2264, #2290, #3345, #1229 ),
 ( #1550, #2315, #2336, #1948, #514, #1894, #199, #469, #2631, #3293, #3638, #1527, #539, #1200, #4347, #2241, #1604, #4422 ),
 ( #2608, #3004, #1256, #2655, #3662, #4059, #1972, #3368, #2930, #2953, #219, #1872, #1626, #1920, #150, #3026, #3272, #1279 ),
 ( #492, #4322, #2681, #4006, #849, #3317, #4082, #125, #174, #1579, #1178, #2587, #2979, #3980, #829, #3819, #988, #4510 ),
 ( #1318, #1667, #4144, #623, #1011, #4462, #1033, #4443, #2791, #326, #1363, #2746, #1714, #4163, #1736, #2700, #3778, #2028 ),
 ( #3426, #1300, #2400, #2010, #667, #240, #3449, #281, #4101, #2082, #3406, #2358, #3737, #3758, #1685, #1340, #3067, #580 ) ),
 .UNSPECIFIED., .F., .F., .F.,
 ( 4, 2, 2, 2, 2, 2, 2, 2, 2, 2, 4 ),
 ( 4, 2, 2, 2, 2, 2, 2, 2, 4 ),
 ( 0.000000000000000000, 0.2500000000000000000, 0.3750000000000000000, 0.4375000000000000000, 0.4687500000000000000, 0.5000000000000000000, 0.5312500000000000000, 0.5625000000000000000, 0.6250000000000000000, 0.7500000000000000000, 1.000000000000000000 ),
 ( 0.000000000000000000, 0.2500000000000000000, 0.3750000000000000000, 0.4375000000000000000, 0.5000000000000000000, 0.5625000000000000000, 0.6250000000000000000, 0.7500000000000000000, 1.000000000000000000 ),
 .UNSPECIFIED. ) ;
#919 = CARTESIAN_POINT ( 'NONE',  ( 41.92033942788342671, -7.232210489604789849, 23.60000000000001918 ) ) ;
#920 = CARTESIAN_POINT ( 'NONE',  ( 38.10000000000007958, -7.399999999999875122, 18.60000000000000142 ) ) ;
#921 = CARTESIAN_POINT ( 'NONE',  ( 42.37496274283320474, 20.64511142904797580, 25.13064410631881529 ) ) ;
#922 = CARTESIAN_POINT ( 'NONE',  ( 41.33867992915682521, 19.11993592404087750, 28.34695819721000731 ) ) ;
#923 = CARTESIAN_POINT ( 'NONE',  ( -13.63515225367162387, -3.543312836137529676, 27.95172059729451419 ) ) ;
#924 = CARTESIAN_POINT ( 'NONE',  ( -13.14165993198254334, -6.709467406347036089, 26.27804358441455435 ) ) ;
#925 =( BOUNDED_SURFACE ( )  B_SPLINE_SURFACE ( 2, 3, ( 
 ( #1259, #3390, #1668, #3371 ),
 ( #4123, #2011, #3740, #2702 ),
 ( #4062, #4400, #2339, #222 ) ),
 .UNSPECIFIED., .F., .F., .F. ) 
 B_SPLINE_SURFACE_WITH_KNOTS ( ( 3, 3 ),
 ( 4, 4 ),
 ( 0.000000000000000000, 1.000000000000000000 ),
 ( -0.01610000000000013157, 0.002399999999999876191 ),
 .UNSPECIFIED. ) 
 GEOMETRIC_REPRESENTATION_ITEM ( )  RATIONAL_B_SPLINE_SURFACE ( (
 ( 1.000000000000000000, 1.000000000000000000, 1.000000000000000000, 1.000000000000000000),
 ( 4.000000000000000888, 4.000000000000000888, 4.000000000000000888, 4.000000000000000888),
 ( 1.000000000000000000, 1.000000000000000000, 1.000000000000000000, 1.000000000000000000) ) ) 
 REPRESENTATION_ITEM ( '' )  SURFACE ( )  );
#926 = CARTESIAN_POINT ( 'NONE',  ( -9.099999999999933920, -7.399999999999876010, 12.84999999999999787 ) ) ;
#927 = CARTESIAN_POINT ( 'NONE',  ( 40.76317171967438213, -5.254964910275026213, 28.46374219451689314 ) ) ;
#928 = CARTESIAN_POINT ( 'NONE',  ( 38.10000000000006537, 16.10000000000013287, 28.59999999999999787 ) ) ;
#929 = CARTESIAN_POINT ( 'NONE',  ( -13.93223886672373268, 16.68265994521589590, 27.42003145578717138 ) ) ;
#930 = CARTESIAN_POINT ( 'NONE',  ( -40.80000000000003979, 10.27689577749865713, -15.40511026734024824 ) ) ;
#931 = LINE ( 'NONE', #3694, #65 ) ;
#932 = ORIENTED_EDGE ( 'NONE', *, *, #4146, .F. ) ;
#933 = CARTESIAN_POINT ( 'NONE',  ( 43.10000000000006537, -7.185715919333870438, 14.03942474793966255 ) ) ;
#934 =( BOUNDED_CURVE ( )  B_SPLINE_CURVE ( 2, ( #2361, #1283, #564 ),
 .UNSPECIFIED., .F., .F. ) 
 B_SPLINE_CURVE_WITH_KNOTS ( ( 3, 3 ),
 ( 0.000000000000000000, 1.000000000000000000 ),
 .UNSPECIFIED. ) 
 CURVE ( )  GEOMETRIC_REPRESENTATION_ITEM ( )  RATIONAL_B_SPLINE_CURVE ( ( 1.000000000000000000, 4.000000000000000888, 1.000000000000000000 ) ) 
 REPRESENTATION_ITEM ( '' )  );
#935 = CARTESIAN_POINT ( 'NONE',  ( -44.10000000000007248, 21.09999999999984510, 12.33333333333332149 ) ) ;
#936 = CARTESIAN_POINT ( 'NONE',  ( -9.779514775384607006, -2.726726736011919172, 28.59999999999999076 ) ) ;
#937 = CARTESIAN_POINT ( 'NONE',  ( 41.65630394452657015, -3.298920706572828543, 28.46374219451713472 ) ) ;
#938 = ORIENTED_EDGE ( 'NONE', *, *, #3325, .F. ) ;
#939 = CARTESIAN_POINT ( 'NONE',  ( 43.08360980613775837, -4.416600723528444128, 18.60000000000388809 ) ) ;
#940 = CARTESIAN_POINT ( 'NONE',  ( 42.13608935182837456, -6.173091107076538187, 27.23030725387425832 ) ) ;
#941 = CARTESIAN_POINT ( 'NONE',  ( -40.09999999999995879, -12.19689577749903542, -15.40511026734024824 ) ) ;
#942 = CARTESIAN_POINT ( 'NONE',  ( 41.16147979883895403, 21.03798124829144456, 24.36531221810779613 ) ) ;
#943 = CARTESIAN_POINT ( 'NONE',  ( 41.84157869692819531, 17.04280682956212800, 28.43174276785780563 ) ) ;
#944 = CARTESIAN_POINT ( 'NONE',  ( -13.04148686044090688, -4.623168552565871003, 28.22214248708605666 ) ) ;
#945 = CARTESIAN_POINT ( 'NONE',  ( -12.62755744121393775, -6.941306111060637107, 26.27804358441447974 ) ) ;
#946 = CARTESIAN_POINT ( 'NONE',  ( -44.06938128774557129, -18.42161314647829329, 9.600000000000003197 ) ) ;
#947 = DIRECTION ( 'NONE',  ( -0.000000000000000000, 1.000000000000000000, -0.000000000000000000 ) ) ;
#948 = CARTESIAN_POINT ( 'NONE',  ( 38.10000000000006537, 16.10000000000013287, 28.59999999999999787 ) ) ;
#949 = DIRECTION ( 'NONE',  ( 1.000000000000000000, 0.000000000000000000, 0.000000000000000000 ) ) ;
#950 = CARTESIAN_POINT ( 'NONE',  ( -14.09999999999993570, 16.09999999999996945, 18.35000000000001563 ) ) ;
#951 = ORIENTED_EDGE ( 'NONE', *, *, #3833, .T. ) ;
#952 = CARTESIAN_POINT ( 'NONE',  ( 43.10000000000006537, -4.782977796115083002, 16.21092676416095202 ) ) ;
#953 = CARTESIAN_POINT ( 'NONE',  ( -9.099999999999937472, -2.399999999999876010, 28.59999999999999787 ) ) ;
#954 = AXIS2_PLACEMENT_3D ( 'NONE', #1534, #1904, #1858 ) ;
#955 = CARTESIAN_POINT ( 'NONE',  ( -9.099999999999935696, -2.399999999999875566, 28.59999999999999787 ) ) ;
#956 = CARTESIAN_POINT ( 'NONE',  ( 38.10000000000005116, -6.222803315742160279, 28.43174276785705956 ) ) ;
#957 = ORIENTED_EDGE ( 'NONE', *, *, #1261, .F. ) ;
#958 = CARTESIAN_POINT ( 'NONE',  ( 42.78162464687802213, -6.648109840596664100, 18.60000000000193410 ) ) ;
#959 = CARTESIAN_POINT ( 'NONE',  ( 38.76658158629318507, -7.356489118750731748, 26.27804358441402854 ) ) ;
#960 = ORIENTED_EDGE ( 'NONE', *, *, #4480, .T. ) ;
#961 = AXIS2_PLACEMENT_3D ( 'NONE', #614, #3039, #2019 ) ;
#962 = CARTESIAN_POINT ( 'NONE',  ( -12.68750676756028106, 21.09999999999995879, 15.02198747978710891 ) ) ;
#963 = CARTESIAN_POINT ( 'NONE',  ( 38.76658155511353243, 21.05648911875096019, 26.27804358441474619 ) ) ;
#964 = CARTESIAN_POINT ( 'NONE',  ( -11.54614280011426253, -5.628536885117972233, 28.43174276785727628 ) ) ;
#965 = VECTOR ( 'NONE', #709, 1000.000000000000000 ) ;
#966 = CARTESIAN_POINT ( 'NONE',  ( -12.83927130963831331, -7.153197798244990580, 25.13064410631843870 ) ) ;
#967 = CARTESIAN_POINT ( 'NONE',  ( -19.10000000082220595, 16.84764720967609009, 13.59999999999999787 ) ) ;
#968 = CARTESIAN_POINT ( 'NONE',  ( 39.60000000000006537, 3.600000000000123990, 25.59999999999999787 ) ) ;
#969 = CARTESIAN_POINT ( 'NONE',  ( 38.10000000000006537, 16.10000000000013287, 28.59999999999999787 ) ) ;
#970 = LINE ( 'NONE', #2634, #2504 ) ;
#971 = CARTESIAN_POINT ( 'NONE',  ( -9.099999999999951683, 21.09999999999996945, 23.84999999999998721 ) ) ;
#972 = ORIENTED_EDGE ( 'NONE', *, *, #1697, .F. ) ;
#973 = CARTESIAN_POINT ( 'NONE',  ( 43.10000000000007248, -5.298342887967734782, 15.70083420268613494 ) ) ;
#974 = CARTESIAN_POINT ( 'NONE',  ( -42.60000000000005826, -19.60000000000013642, 7.599999999999999645 ) ) ;
#975 = CARTESIAN_POINT ( 'NONE',  ( 42.19773500320383874, -2.399999999999879563, 28.34695819721050469 ) ) ;
#976 = ORIENTED_EDGE ( 'NONE', *, *, #3865, .F. ) ;
#977 = CARTESIAN_POINT ( 'NONE',  ( 41.35206067631277449, -7.313899948144859664, 18.59999999999935838 ) ) ;
#978 =( LENGTH_UNIT ( ) NAMED_UNIT ( * ) SI_UNIT ( .MILLI., .METRE. ) );
#979 = CARTESIAN_POINT ( 'NONE',  ( 43.05648911875084650, -3.066581555113415014, 26.27804358441566990 ) ) ;
#980 = ORIENTED_EDGE ( 'NONE', *, *, #1369, .T. ) ;
#981 = EDGE_CURVE ( 'NONE', #2013, #113, #1154, .T. ) ;
#982 = B_SPLINE_CURVE_WITH_KNOTS ( 'NONE', 3,
 ( #1159, #1530, #2199, #4284 ),
 .UNSPECIFIED., .F., .F.,
 ( 4, 4 ),
 ( 0.3333333333333337034, 0.6666666666666665186 ),
 .UNSPECIFIED. ) ;
#983 = CARTESIAN_POINT ( 'NONE',  ( 43.03798138032178144, 19.16147778144849312, 23.59999999999998010 ) ) ;
#984 = CARTESIAN_POINT ( 'NONE',  ( 41.19142896423129940, 18.78885230107119853, 28.43174276785765642 ) ) ;
#985 = CARTESIAN_POINT ( 'NONE',  ( -12.32853700034340427, -4.846142245585667752, 28.43174276785737220 ) ) ;
#986 = CARTESIAN_POINT ( 'NONE',  ( -13.37496274284018583, -6.945111429038121287, 25.13064410631847068 ) ) ;
#987 = CARTESIAN_POINT ( 'NONE',  ( 39.60000000000006537, -2.399999999999879563, 28.59008767288884911 ) ) ;
#988 = CARTESIAN_POINT ( 'NONE',  ( 38.29019815971298613, -3.932616242637107185, 28.59803400948223739 ) ) ;
#989 = CARTESIAN_POINT ( 'NONE',  ( 43.00743052736574157, 19.39755730797266153, 9.600000000000004974 ) ) ;
#990 = FACE_OUTER_BOUND ( 'NONE', #3408, .T. ) ;
#991 = CARTESIAN_POINT ( 'NONE',  ( 38.10000000000006537, 16.10000000000013287, 28.59999999999999787 ) ) ;
#992 = CARTESIAN_POINT ( 'NONE',  ( -12.17343981670835440, 21.09999999999995879, 15.52834654722757968 ) ) ;
#993 = VERTEX_POINT ( 'NONE', #1198 ) ;
#994 = CARTESIAN_POINT ( 'NONE',  ( 43.10000000000007248, -8.738203021654371128, 13.68112679628413630 ) ) ;
#995 = DIRECTION ( 'NONE',  ( -0.000000000000000000, -0.000000000000000000, -1.000000000000000000 ) ) ;
#996 = B_SPLINE_CURVE_WITH_KNOTS ( 'NONE', 3,
 ( #3194, #3858, #2418, #4525, #45, #3540, #1772, #2850, #1406, #3148, #1429, #3561, #413, #1814, #3214, #70, #661, #1729, #1382, #2786, #1028, #2442, #4202, #1497, #2897, #3626, #137, #502, #3282, #1908, #3990, #459, #860, #3331, #776, #3948, #4333, #2188, #2533, #2553, #4292, #187, #2276, #796, #1538, #1516, #2918, #3305, #4018, #3968, #2941, #2228, #2206, #1147, #479, #818, #1591, #527, #2252, #114, #4358, #1882, #3605, #1565 ),
 .UNSPECIFIED., .F., .F.,
 ( 4, 1, 1, 1, 1, 1, 1, 1, 2, 2, 1, 1, 1, 1, 1, 1, 2, 2, 1, 1, 1, 1, 2, 2, 2, 1, 1, 1, 1, 2, 2, 1, 1, 1, 1, 1, 1, 2, 2, 1, 1, 1, 1, 1, 1, 1, 2, 2, 4 ),
 ( 0.000000000000000000, 0.06250000000003227973, 0.09375000000004858614, 0.1093750000000567463, 0.1171875000000608125, 0.1210937500000628525, 0.1230468750000636713, 0.1240234375000639072, 0.1245117187500640182, 0.1250000000000641154, 0.1875000000000734413, 0.2187500000000782152, 0.2343750000000804634, 0.2421875000000814071, 0.2460937500000820732, 0.2480468750000824063, 0.2490234375000823230, 0.2500000000000822120, 0.3125000000000754397, 0.3437500000000721090, 0.3593750000000704437, 0.3671875000000696110, 0.3710937500000693334, 0.3750000000000690004, 0.5000000000000592859, 0.5625000000000545120, 0.5937500000000522915, 0.6093750000000514033, 0.6171875000000510703, 0.6210937500000508482, 0.6250000000000506262, 0.6875000000000465183, 0.7187500000000445199, 0.7343750000000435207, 0.7421875000000430767, 0.7460937500000428546, 0.7480468750000427436, 0.7490234375000426326, 0.7500000000000426326, 0.8125000000000252021, 0.8437500000000163203, 0.8593750000000118794, 0.8671875000000096589, 0.8710937500000085487, 0.8730468750000078826, 0.8740234375000076605, 0.8745117187500074385, 0.8750000000000072164, 1.000000000000000000 ),
 .UNSPECIFIED. ) ;
#997 = DIRECTION ( 'NONE',  ( 0.000000000000000000, -1.000000000000000000, 0.000000000000000000 ) ) ;
#998 = CARTESIAN_POINT ( 'NONE',  ( -9.662258276102612342, -2.890515159543453283, 28.59999999999999787 ) ) ;
#999 = VERTEX_POINT ( 'NONE', #3978 ) ;
#1000 = CARTESIAN_POINT ( 'NONE',  ( 46.67090183457021624, -9.839950794868986605, 13.60000000000000142 ) ) ;
#1001 = CARTESIAN_POINT ( 'NONE',  ( -14.05648911875073459, 16.09999999999996945, 26.27804358441511567 ) ) ;
#1002 = CARTESIAN_POINT ( 'NONE',  ( 41.54266508095809485, -6.856272535978325422, 26.66045524841065628 ) ) ;
#1003 = ORIENTED_EDGE ( 'NONE', *, *, #4395, .T. ) ;
#1004 = DIRECTION ( 'NONE',  ( 1.000000000000000000, 0.000000000000000000, 0.000000000000000000 ) ) ;
#1005 = CARTESIAN_POINT ( 'NONE',  ( 42.28624495687245854, 20.81995064723120237, 24.36531221810781389 ) ) ;
#1006 = CARTESIAN_POINT ( 'NONE',  ( -9.099999999999955236, 20.96439640049436903, 27.23030725387405582 ) ) ;
#1007 = CARTESIAN_POINT ( 'NONE',  ( 40.42198450851311264, 19.16299019694126216, 28.46374219451700682 ) ) ;
#1008 = CARTESIAN_POINT ( 'NONE',  ( -10.04280683363360005, -6.141578696699878215, 28.43174276785713062 ) ) ;
#1009 = CARTESIAN_POINT ( 'NONE',  ( -14.05648911875073814, -2.399999999999875122, 26.27804358441512989 ) ) ;
#1010 = CARTESIAN_POINT ( 'NONE',  ( -18.76433480622680960, 21.30968706781411726, 13.60000000000001208 ) ) ;
#1011 = CARTESIAN_POINT ( 'NONE',  ( 38.75413128105152083, -2.770122588508646455, 28.59999999999999432 ) ) ;
#1012 = CARTESIAN_POINT ( 'NONE',  ( -44.07037261525416483, 18.39456583594479966, 9.600000000000001421 ) ) ;
#1013 = CARTESIAN_POINT ( 'NONE',  ( 40.32316949953727914, 20.04148679790163001, 28.22214248708632311 ) ) ;
#1014 = CARTESIAN_POINT ( 'NONE',  ( 38.10000000000007958, -7.399999999999876898, 24.36531221810755099 ) ) ;
#1015 = CARTESIAN_POINT ( 'NONE',  ( 43.10000000000006537, 16.10000000000013287, 23.59999999999999432 ) ) ;
#1016 = FACE_OUTER_BOUND ( 'NONE', #3277, .T. ) ;
#1017 = EDGE_LOOP ( 'NONE', ( #4352, #2674, #2275 ) ) ;
#1018 = CARTESIAN_POINT ( 'NONE',  ( -9.099999999999951683, 21.09999999999997300, 23.59999999999999787 ) ) ;
#1019 = FACE_OUTER_BOUND ( 'NONE', #1637, .T. ) ;
#1020 = CARTESIAN_POINT ( 'NONE',  ( -43.48402385466930298, 20.71654195172569501, 13.59999999999999964 ) ) ;
#1021 = EDGE_LOOP ( 'NONE', ( #4332, #1792, #1293, #2596, #1472, #3015, #1289, #951, #1352, #1761, #3418, #3560 ) ) ;
#1022 = ADVANCED_FACE ( 'NONE', ( #2606 ), #2950, .F. ) ;
#1023 = CARTESIAN_POINT ( 'NONE',  ( 43.10040903764053155, -2.297687380367135823, 13.60000000000000142 ) ) ;
#1024 = CARTESIAN_POINT ( 'NONE',  ( -13.96439640049426067, 16.09999999999996945, 27.23030725387452478 ) ) ;
#1025 = CARTESIAN_POINT ( 'NONE',  ( -10.71073662900213819, 18.37231373467866646, 28.55633887815910299 ) ) ;
#1026 = CARTESIAN_POINT ( 'NONE',  ( 41.36771002027961686, -6.910391174834292549, 26.66045524841058167 ) ) ;
#1027 = ORIENTED_EDGE ( 'NONE', *, *, #3806, .F. ) ;
#1028 = CARTESIAN_POINT ( 'NONE',  ( -13.35288200034257322, -12.22411337736470038, 13.60000000000000142 ) ) ;
#1029 = CARTESIAN_POINT ( 'NONE',  ( 42.13607778295909156, 19.87310907018383688, 27.23030725387467044 ) ) ;
#1030 = CARTESIAN_POINT ( 'NONE',  ( -12.62627979348418172, 19.38773342010647127, 28.16519854648777610 ) ) ;
#1031 = CARTESIAN_POINT ( 'NONE',  ( -10.10672276365879974, -6.412072521366406264, 28.34695819720881715 ) ) ;
#1032 = CARTESIAN_POINT ( 'NONE',  ( -14.09999999999993570, 9.933333333333354886, 23.59999999999999432 ) ) ;
#1033 = CARTESIAN_POINT ( 'NONE',  ( 38.69494253816466767, -2.851826778421925113, 28.60000000000000497 ) ) ;
#1034 = CARTESIAN_POINT ( 'NONE',  ( 42.08708972991118458, 20.88097685546622984, 9.599999999999999645 ) ) ;
#1035 = AXIS2_PLACEMENT_3D ( 'NONE', #280, #1684, #2399 ) ;
#1036 = CARTESIAN_POINT ( 'NONE',  ( 22.36666666666671333, 21.10000000000007603, 23.59999999999999432 ) ) ;
#1037 = FACE_OUTER_BOUND ( 'NONE', #1428, .T. ) ;
#1038 = B_SPLINE_CURVE_WITH_KNOTS ( 'NONE', 3,
 ( #3383, #1194, #865, #3730 ),
 .UNSPECIFIED., .F., .F.,
 ( 4, 4 ),
 ( 0.3333333333333689530, 0.6666666666667728780 ),
 .UNSPECIFIED. ) ;
#1039 = VERTEX_POINT ( 'NONE', #2928 ) ;
#1040 = CARTESIAN_POINT ( 'NONE',  ( 38.10000000000007958, -4.399999999999876010, 28.57970021595263788 ) ) ;
#1041 = CARTESIAN_POINT ( 'NONE',  ( 43.10000000000006537, -2.399999999999876010, 18.35000000000000142 ) ) ;
#1042 = CARTESIAN_POINT ( 'NONE',  ( -44.05304772075179187, 18.79246757331885220, 13.59999999999999787 ) ) ;
#1043 = VERTEX_POINT ( 'NONE', #1224 ) ;
#1044 = CARTESIAN_POINT ( 'NONE',  ( -15.75471797906041083, 21.09999999999994813, 13.65881169646580062 ) ) ;
#1045 = CARTESIAN_POINT ( 'NONE',  ( -19.09999999999993747, 3.766666666666737662, 13.60000000000000142 ) ) ;
#1046 = CARTESIAN_POINT ( 'NONE',  ( -12.21840960401416254, 18.30432138465637237, 28.46374219451696774 ) ) ;
#1047 = CARTESIAN_POINT ( 'NONE',  ( 40.48171726339883492, -6.607126375332106782, 27.95172059729378589 ) ) ;
#1048 = VERTEX_POINT ( 'NONE', #467 ) ;
#1049 = CARTESIAN_POINT ( 'NONE',  ( 40.66436465194071559, -12.36381335875067577, 13.60000000000000142 ) ) ;
#1050 = CARTESIAN_POINT ( 'NONE',  ( 41.69318945760750950, 19.94981277300451339, 27.69395940719837412 ) ) ;
#1051 = CARTESIAN_POINT ( 'NONE',  ( -11.16850837625686665, 20.40089366758871137, 27.95172059729425484 ) ) ;
#1052 = CARTESIAN_POINT ( 'NONE',  ( -11.18756782256493132, -6.099490760429929104, 28.34695819720904453 ) ) ;
#1053 = DIRECTION ( 'NONE',  ( 1.000000000000000000, 0.000000000000000000, 0.000000000000000000 ) ) ;
#1054 = CARTESIAN_POINT ( 'NONE',  ( 42.02763088764429966, -20.89929146666881365, 9.600000000000003197 ) ) ;
#1055 = CARTESIAN_POINT ( 'NONE',  ( 42.98574326795736766, 19.56481889561245779, 9.599999999999999645 ) ) ;
#1056 = CARTESIAN_POINT ( 'NONE',  ( 42.45576142246984830, 16.10000000000012577, 28.22214248708726103 ) ) ;
#1057 = CARTESIAN_POINT ( 'NONE',  ( 38.10000000000005116, 21.10000000000013287, 23.59999999999999432 ) ) ;
#1058 = CARTESIAN_POINT ( 'NONE',  ( 6.633333333333376380, -7.399999999999876010, 18.60000000000000142 ) ) ;
#1059 = ORIENTED_EDGE ( 'NONE', *, *, #3337, .T. ) ;
#1060 = CARTESIAN_POINT ( 'NONE',  ( -14.09999999997854125, 3.766666666666745211, 13.59999999997860698 ) ) ;
#1061 = CARTESIAN_POINT ( 'NONE',  ( -10.34999999999993570, 18.09999999999996589, 27.72132034355963981 ) ) ;
#1062 = CARTESIAN_POINT ( 'NONE',  ( 0.8000000000000593303, -2.399999999999876010, 28.59999999999999787 ) ) ;
#1063 = CARTESIAN_POINT ( 'NONE',  ( -14.00178186373608646, -5.759275341313058405, 18.59999999999876508 ) ) ;
#1064 =( BOUNDED_CURVE ( )  B_SPLINE_CURVE ( 2, ( #3135, #2794, #4513 ),
 .UNSPECIFIED., .F., .F. ) 
 B_SPLINE_CURVE_WITH_KNOTS ( ( 3, 3 ),
 ( 0.000000000000000000, 1.000000000000000000 ),
 .UNSPECIFIED. ) 
 CURVE ( )  GEOMETRIC_REPRESENTATION_ITEM ( )  RATIONAL_B_SPLINE_CURVE ( ( 1.000000000000000000, 4.000000000000000888, 1.000000000000000000 ) ) 
 REPRESENTATION_ITEM ( '' )  );
#1065 = VERTEX_POINT ( 'NONE', #2904 ) ;
#1066 = CARTESIAN_POINT ( 'NONE',  ( -13.81513182304169796, 21.09999999999994813, 14.08070759593116961 ) ) ;
#1067 = CARTESIAN_POINT ( 'NONE',  ( 42.07579555300784335, -7.202290169196733594, 13.59999999999872067 ) ) ;
#1068 = CARTESIAN_POINT ( 'NONE',  ( -11.66369219605320673, 18.04674136128593176, 28.53781812637538096 ) ) ;
#1069 = CARTESIAN_POINT ( 'NONE',  ( 38.65043742313591224, -7.114273696670825764, 27.78280182435148049 ) ) ;
#1070 = ORIENTED_EDGE ( 'NONE', *, *, #3573, .F. ) ;
#1071 = ADVANCED_FACE ( 'NONE', ( #4299 ), #3001, .T. ) ;
#1072 = CARTESIAN_POINT ( 'NONE',  ( 38.10000000000007248, -21.10000000000013642, 10.86666666666668313 ) ) ;
#1073 = EDGE_CURVE ( 'NONE', #2301, #3772, #3636, .T. ) ;
#1074 = CARTESIAN_POINT ( 'NONE',  ( 42.44906685900364351, 19.21614008724151290, 27.23030725387480189 ) ) ;
#1075 = CARTESIAN_POINT ( 'NONE',  ( -13.44519843283187122, 17.18813316338304631, 28.16519854648800703 ) ) ;
#1076 =( BOUNDED_SURFACE ( )  B_SPLINE_SURFACE ( 2, 3, ( 
 ( #4104, #3372, #971, #581 ),
 ( #1608, #3780, #1993, #1303 ),
 ( #3391, #950, #3761, #606 ) ),
 .UNSPECIFIED., .F., .F., .F. ) 
 B_SPLINE_SURFACE_WITH_KNOTS ( ( 3, 3 ),
 ( 4, 4 ),
 ( 0.000000000000000000, 1.000000000000000000 ),
 ( -0.01274999999999999745, 0.003749999999999998994 ),
 .UNSPECIFIED. ) 
 GEOMETRIC_REPRESENTATION_ITEM ( )  RATIONAL_B_SPLINE_SURFACE ( (
 ( 1.000000000000000000, 1.000000000000000000, 1.000000000000000000, 1.000000000000000000),
 ( 4.000000000000000888, 4.000000000000000888, 4.000000000000000888, 4.000000000000000888),
 ( 1.000000000000000000, 1.000000000000000000, 1.000000000000000000, 1.000000000000000000) ) ) 
 REPRESENTATION_ITEM ( '' )  SURFACE ( )  );
#1077 = CARTESIAN_POINT ( 'NONE',  ( -11.48632280716175202, -4.627174497742326587, 28.53781812637534898 ) ) ;
#1078 = CARTESIAN_POINT ( 'NONE',  ( -13.69083631541570512, -4.670675153243037059, 27.23030725387421214 ) ) ;
#1079 = EDGE_CURVE ( 'NONE', #4478, #607, #4319, .T. ) ;
#1080 = CARTESIAN_POINT ( 'NONE',  ( -14.06728830651947248, 18.52030516781218950, 18.59999999999869758 ) ) ;
#1081 = EDGE_CURVE ( 'NONE', #3157, #1813, #2238, .T. ) ;
#1082 = CARTESIAN_POINT ( 'NONE',  ( 42.94883644206331041, -19.81049812224757289, 9.600000000000001421 ) ) ;
#1083 = CARTESIAN_POINT ( 'NONE',  ( 41.27279173384179956, 21.01881759006074191, 9.600000000000001421 ) ) ;
#1084 = CARTESIAN_POINT ( 'NONE',  ( 41.50223893944647813, 19.05753239441810720, 28.31225206021190743 ) ) ;
#1085 = CARTESIAN_POINT ( 'NONE',  ( 43.10000000000007248, 21.10000000000015774, 23.59999999999999076 ) ) ;
#1086 = CARTESIAN_POINT ( 'NONE',  ( -9.099999999999933920, -7.399999999999875122, 23.59999999999999076 ) ) ;
#1087 = ORIENTED_EDGE ( 'NONE', *, *, #1217, .T. ) ;
#1088 = CARTESIAN_POINT ( 'NONE',  ( -11.77860448456931053, 21.05646124467190106, 24.36531221810773218 ) ) ;
#1089 = CARTESIAN_POINT ( 'NONE',  ( -9.099999999999933920, 3.766666666666738106, 28.59999999999999787 ) ) ;
#1090 = CARTESIAN_POINT ( 'NONE',  ( -14.09999999999993570, -3.087639341476259069, 18.59999999999876863 ) ) ;
#1091 = B_SPLINE_CURVE_WITH_KNOTS ( 'NONE', 3,
 ( #809, #2590, #472, #2565, #2934, #3598, #3940, #3255, #3296, #3960, #4325, #153, #105, #3667, #3918, #1115, #2865, #788, #1203, #3983, #1553, #3619, #450, #2221, #1181, #3275, #4260, #1508, #2611, #517, #129, #2909, #84, #2244, #3206, #3642, #1488, #1829, #2525, #4009, #4303, #852, #2267, #58, #1465, #767, #2180, #3576, #426, #3230, #2890, #1320, #242, #3320, #1650, #2684, #541, #3779, #1951, #3029, #4085, #4103 ),
 .UNSPECIFIED., .F., .F.,
 ( 4, 1, 1, 1, 1, 1, 1, 1, 2, 2, 1, 1, 1, 1, 1, 1, 2, 2, 1, 1, 1, 1, 2, 2, 2, 1, 1, 1, 1, 2, 2, 1, 1, 1, 1, 1, 2, 2, 1, 1, 1, 1, 1, 1, 2, 2, 4 ),
 ( 0.000000000000000000, 0.1249999999998641087, 0.1874999999997955802, 0.2187499999997613576, 0.2343749999997442324, 0.2421874999997364331, 0.2460937499997317701, 0.2480468749997302713, 0.2490234374997295497, 0.2499999999997288835, 0.3124999999997137290, 0.3437499999997062350, 0.3593749999997026268, 0.3671874999996999622, 0.3710937499996986300, 0.3730468749996972422, 0.3740234374996960209, 0.3749999999996947997, 0.4062499999996538325, 0.4218749999996335709, 0.4296874999996237454, 0.4335937499996188049, 0.4355468749996163624, 0.4374999999996139199, 0.4999999999995449196, 0.5312499999995112798, 0.5468749999994955147, 0.5546874999994864108, 0.5585937499994817479, 0.5605468749994805266, 0.5624999999994793054, 0.5937499999994698685, 0.6093749999994664268, 0.6171874999994647615, 0.6210937499994649835, 0.6230468749994650945, 0.6240234374994642064, 0.6249999999994632072, 0.6874999999995234923, 0.7187499999995535793, 0.7343749999995685673, 0.7421874999995770050, 0.7460937499995822231, 0.7480468749995857758, 0.7490234374995875521, 0.7499999999995892175, 1.000000000000000000 ),
 .UNSPECIFIED. ) ;
#1092 = AXIS2_PLACEMENT_3D ( 'NONE', #422, #1824, #784 ) ;
#1093 = VERTEX_POINT ( 'NONE', #489 ) ;
#1094 = CARTESIAN_POINT ( 'NONE',  ( -15.92649752855191458, 21.09999999999994813, 13.64944662575064527 ) ) ;
#1095 = CARTESIAN_POINT ( 'NONE',  ( 48.09709413163929526, -3.413978920356819824, 13.59999999999999787 ) ) ;
#1096 = CARTESIAN_POINT ( 'NONE',  ( -9.099999999999948130, 18.78113703491196418, 28.55633887815910299 ) ) ;
#1097 = CARTESIAN_POINT ( 'NONE',  ( 40.25301776566963241, -6.837353771421432747, 27.69395940719735805 ) ) ;
#1098 = ORIENTED_EDGE ( 'NONE', *, *, #2761, .F. ) ;
#1099 = CARTESIAN_POINT ( 'NONE',  ( 40.61471464495202355, -12.36569709029035735, 13.60000000000000142 ) ) ;
#1100 = CARTESIAN_POINT ( 'NONE',  ( 42.93223886672370782, 16.68265996907097204, 27.42003145578797785 ) ) ;
#1101 = CARTESIAN_POINT ( 'NONE',  ( -13.12891079668542105, 18.94912305849385348, 27.95172059729448222 ) ) ;
#1102 = CARTESIAN_POINT ( 'NONE',  ( -11.55697672336467363, -3.587201532724793029, 28.55633887815910654 ) ) ;
#1103 = VECTOR ( 'NONE', #572, 1000.000000000000000 ) ;
#1104 = CARTESIAN_POINT ( 'NONE',  ( -9.697907023887744060, -7.264396400494429251, 27.23030725387313211 ) ) ;
#1105 = CARTESIAN_POINT ( 'NONE',  ( -14.05336653358780552, 18.82591600510971830, 13.60000000000064979 ) ) ;
#1106 = EDGE_CURVE ( 'NONE', #1748, #2966, #4027, .T. ) ;
#1107 = VECTOR ( 'NONE', #1511, 1000.000000000000000 ) ;
#1108 = CARTESIAN_POINT ( 'NONE',  ( 41.54258782409723239, -20.98866520347232267, 9.599999999999999645 ) ) ;
#1109 = CARTESIAN_POINT ( 'NONE',  ( -42.63667213872972184, 20.97576400432626897, 9.600000000000001421 ) ) ;
#1110 = CARTESIAN_POINT ( 'NONE',  ( 39.18813316338274433, 20.44519843282879989, 28.16519854648760202 ) ) ;
#1111 = CARTESIAN_POINT ( 'NONE',  ( -13.93223886672373268, -2.982659969070831529, 27.42003145578716428 ) ) ;
#1112 = DIRECTION ( 'NONE',  ( -1.000000000000000000, 0.000000000000000000, 0.000000000000000000 ) ) ;
#1113 = CARTESIAN_POINT ( 'NONE',  ( -43.86802747807868741, -20.12889382622871182, 9.600000000000001421 ) ) ;
#1114 = CARTESIAN_POINT ( 'NONE',  ( -14.09802932223918859, 16.83113497214860033, 25.13064410631877621 ) ) ;
#1115 = CARTESIAN_POINT ( 'NONE',  ( -44.00416956306034422, -19.41380356360475190, 13.60000000000000497 ) ) ;
#1116 = CARTESIAN_POINT ( 'NONE',  ( -14.09999999999993570, -7.399999999999875122, 18.60000000000000142 ) ) ;
#1117 = AXIS2_PLACEMENT_3D ( 'NONE', #3314, #827, #1525 ) ;
#1118 = ORIENTED_EDGE ( 'NONE', *, *, #4476, .T. ) ;
#1119 = CARTESIAN_POINT ( 'NONE',  ( -14.09999999999993570, 16.09999999999996945, 28.59999999999999787 ) ) ;
#1120 = STYLED_ITEM ( 'NONE', ( #4521 ), #4436 ) ;
#1121 = CARTESIAN_POINT ( 'NONE',  ( -9.099999999999942801, 19.16439076136505548, 28.53781812637536675 ) ) ;
#1122 = CARTESIAN_POINT ( 'NONE',  ( 42.84829685117206566, -2.399999999999878675, 27.69395940719902072 ) ) ;
#1123 = ORIENTED_EDGE ( 'NONE', *, *, #402, .T. ) ;
#1124 = CARTESIAN_POINT ( 'NONE',  ( -6.319581223306072004E-14, 18.10000000000000142, 10.59999999999999964 ) ) ;
#1125 = CARTESIAN_POINT ( 'NONE',  ( 41.16080677827361001, 20.38855043659946986, 27.42003145578710743 ) ) ;
#1126 = CARTESIAN_POINT ( 'NONE',  ( -12.35757900036009005, 19.84631700246762875, 28.03089793834146448 ) ) ;
#1127 = CARTESIAN_POINT ( 'NONE',  ( 40.33773021339187892, -21.07237354602664681, 13.60000000000000497 ) ) ;
#1128 = CARTESIAN_POINT ( 'NONE',  ( -9.771924990399444511, -3.785630015139616944, 28.59803400948224095 ) ) ;
#1129 = ADVANCED_FACE ( 'NONE', ( #847 ), #1206, .T. ) ;
#1130 = CARTESIAN_POINT ( 'NONE',  ( -13.83846290436468607, 20.23563650606165609, 13.60000000000001208 ) ) ;
#1131 = CARTESIAN_POINT ( 'NONE',  ( 42.91392182096021912, -19.96631460140011427, 9.600000000000003197 ) ) ;
#1132 = CARTESIAN_POINT ( 'NONE',  ( -39.10000000000009379, 21.09999999999986642, 9.600000000000001421 ) ) ;
#1133 = CARTESIAN_POINT ( 'NONE',  ( -12.49875673064332737, -6.303893326843701850, 27.78280182435210577 ) ) ;
#1134 = CARTESIAN_POINT ( 'NONE',  ( 41.91518271912298843, -12.27896583797028462, 13.60000000000000142 ) ) ;
#1135 = ORIENTED_EDGE ( 'NONE', *, *, #272, .F. ) ;
#1136 = CARTESIAN_POINT ( 'NONE',  ( 38.19606590796823298, 16.86607674231561305, 28.59999999999999787 ) ) ;
#1137 = CARTESIAN_POINT ( 'NONE',  ( -9.099999999999953459, 21.09802932223921701, 25.13064410631859147 ) ) ;
#1138 = ADVANCED_FACE ( 'NONE', ( #227 ), #2365, .F. ) ;
#1139 = CARTESIAN_POINT ( 'NONE',  ( -9.099999999999933920, -7.399999999999875122, 18.60000000000000497 ) ) ;
#1140 = CARTESIAN_POINT ( 'NONE',  ( -16.02831456730385895, -11.31767541537728761, 13.60000000000000497 ) ) ;
#1141 = ORIENTED_EDGE ( 'NONE', *, *, #4362, .F. ) ;
#1142 = CARTESIAN_POINT ( 'NONE',  ( -14.09999999999993570, 9.933333333333353110, 23.59999999999999432 ) ) ;
#1143 = LINE ( 'NONE', #3647, #731 ) ;
#1144 = CARTESIAN_POINT ( 'NONE',  ( 41.02766486391713840, -6.529465471062738224, 27.78280182435225854 ) ) ;
#1145 = EDGE_CURVE ( 'NONE', #3009, #497, #3763, .T. ) ;
#1146 = ORIENTED_EDGE ( 'NONE', *, *, #1897, .F. ) ;
#1147 = CARTESIAN_POINT ( 'NONE',  ( -19.06587418865812467, -4.910246549983052766, 13.60000000000000320 ) ) ;
#1148 = CARTESIAN_POINT ( 'NONE',  ( 42.04782500383875998, 19.53897606062450620, 27.69395940719847005 ) ) ;
#1149 = CARTESIAN_POINT ( 'NONE',  ( -12.79949076043290823, 18.18756782256704696, 28.34695819720977994 ) ) ;
#1150 = CARTESIAN_POINT ( 'NONE',  ( -11.11660072352172257, 21.08360980520114936, 13.59999999999481801 ) ) ;
#1151 = CARTESIAN_POINT ( 'NONE',  ( -9.099999999999935696, -3.166076742315699022, 28.59999999999999787 ) ) ;
#1152 = CARTESIAN_POINT ( 'NONE',  ( -43.87811096940489364, 20.09664412391249044, 9.600000000000001421 ) ) ;
#1153 = CARTESIAN_POINT ( 'NONE',  ( -11.54795810018327629, -6.705807673878685371, 27.78280182435186774 ) ) ;
#1154 = LINE ( 'NONE', #4368, #2298 ) ;
#1155 = CARTESIAN_POINT ( 'NONE',  ( 0.000000000000000000, 0.000000000000000000, 10.59999999999999964 ) ) ;
#1156 = B_SPLINE_CURVE_WITH_KNOTS ( 'NONE', 3,
 ( #1294, #3338, #191, #1596 ),
 .UNSPECIFIED., .F., .F.,
 ( 4, 4 ),
 ( 0.2631578947368421462, 1.000000000000000000 ),
 .UNSPECIFIED. ) ;
#1157 = CARTESIAN_POINT ( 'NONE',  ( 38.48810209583086106, 17.59226033786001153, 28.59803400948224095 ) ) ;
#1158 = CARTESIAN_POINT ( 'NONE',  ( -13.61039093510374443, 19.36771150002638109, 26.66045524841101866 ) ) ;
#1159 = CARTESIAN_POINT ( 'NONE',  ( -14.09999999999993570, 16.09999999999996945, 23.59999999999999076 ) ) ;
#1160 = CARTESIAN_POINT ( 'NONE',  ( -14.09641051384354782, -3.775001414523941889, 13.60000000000000497 ) ) ;
#1161 = EDGE_LOOP ( 'NONE', ( #2532, #4492, #161, #3824 ) ) ;
#1162 = DIRECTION ( 'NONE',  ( 0.000000000000000000, 1.000000000000000000, 0.000000000000000000 ) ) ;
#1163 = CARTESIAN_POINT ( 'NONE',  ( -10.12847595634621278, 17.27832250060722075, 28.59803400948223739 ) ) ;
#1164 = CARTESIAN_POINT ( 'NONE',  ( 38.10000000000007958, -6.968678546357166326, 28.03089793834037025 ) ) ;
#1165 = ORIENTED_EDGE ( 'NONE', *, *, #4029, .F. ) ;
#1166 = DIRECTION ( 'NONE',  ( 0.000000000000000000, 0.000000000000000000, 1.000000000000000000 ) ) ;
#1167 = CARTESIAN_POINT ( 'NONE',  ( 42.81427369667009231, 16.65043742313594066, 27.78280182435365475 ) ) ;
#1168 = CARTESIAN_POINT ( 'NONE',  ( -12.92280331573942753, 16.09999999999997655, 28.43174276785759247 ) ) ;
#1169 = CARTESIAN_POINT ( 'NONE',  ( 43.06641683701774070, -18.49873699103096314, 13.60000000000000142 ) ) ;
#1170 = CARTESIAN_POINT ( 'NONE',  ( 42.73532697716244400, -6.764668136253342290, 23.60000000000000142 ) ) ;
#1171 = CARTESIAN_POINT ( 'NONE',  ( -14.09999999999993214, 16.09999999999996945, 13.59999999999999787 ) ) ;
#1172 = CARTESIAN_POINT ( 'NONE',  ( -19.01418453889792914, 19.53905886476020726, 13.60000000000000142 ) ) ;
#1173 = CYLINDRICAL_SURFACE ( 'NONE', #3908, 0.5000000000000004441 ) ;
#1174 = AXIS2_PLACEMENT_3D ( 'NONE', #2410, #4193, #3505 ) ;
#1175 = CARTESIAN_POINT ( 'NONE',  ( -13.93223886672373268, -2.399999999999875122, 27.42003145578716428 ) ) ;
#1176 = DIRECTION ( 'NONE',  ( -1.000000000000000000, -1.369518533665900312E-16, 0.000000000000000000 ) ) ;
#1177 = CARTESIAN_POINT ( 'NONE',  ( -42.51270507532149878, -20.99246996001756926, 9.600000000000001421 ) ) ;
#1178 = CARTESIAN_POINT ( 'NONE',  ( 39.12847595634332976, -3.578322500605271017, 28.59803400948224095 ) ) ;
#1179 = CARTESIAN_POINT ( 'NONE',  ( 39.94987156302754272, 18.71188902146818123, 28.53781812637540227 ) ) ;
#1180 = CARTESIAN_POINT ( 'NONE',  ( -14.05646124428690413, 18.77860449218241712, 24.36531221810781034 ) ) ;
#1181 = CARTESIAN_POINT ( 'NONE',  ( -43.91392182095269447, -19.96631460142942416, 13.60000000000000142 ) ) ;
#1182 = CARTESIAN_POINT ( 'NONE',  ( -14.00178186234576749, -5.759275341108375024, 13.59999999999814690 ) ) ;
#1183 = ORIENTED_EDGE ( 'NONE', *, *, #3583, .T. ) ;
#1184 = DIRECTION ( 'NONE',  ( 1.000000000000000000, 0.000000000000000000, 0.000000000000000000 ) ) ;
#1185 = CARTESIAN_POINT ( 'NONE',  ( -9.694942538164706747, 16.55182677842182315, 28.60000000000000497 ) ) ;
#1186 = AXIS2_PLACEMENT_3D ( 'NONE', #147, #2287, #4002 ) ;
#1187 = CARTESIAN_POINT ( 'NONE',  ( 41.38774671762911339, -5.926271229522642514, 28.16519854648758425 ) ) ;
#1188 = ORIENTED_EDGE ( 'NONE', *, *, #197, .F. ) ;
#1189 = DIRECTION ( 'NONE',  ( 0.000000000000000000, 1.000000000000000000, 0.000000000000000000 ) ) ;
#1190 = CARTESIAN_POINT ( 'NONE',  ( 41.90330336358660901, 19.40818475173758628, 27.95172059729486591 ) ) ;
#1191 = CARTESIAN_POINT ( 'NONE',  ( -13.13441446960650438, 18.03132239749425381, 28.22214248708636930 ) ) ;
#1192 = CARTESIAN_POINT ( 'NONE',  ( 38.10000000000007958, -12.39999999999987601, 13.60000000000000142 ) ) ;
#1193 = CARTESIAN_POINT ( 'NONE',  ( 41.73083692201470996, -7.264305523934777575, 24.36531221810773218 ) ) ;
#1194 = CARTESIAN_POINT ( 'NONE',  ( -9.099999999999951683, 21.09999999999996945, 20.26666666666755390 ) ) ;
#1195 = CARTESIAN_POINT ( 'NONE',  ( -9.099999999999941025, -7.024755591440582592, 27.95172059729313219 ) ) ;
#1196 = CARTESIAN_POINT ( 'NONE',  ( -43.12889382622932999, 20.86802747807802305, 9.600000000000003197 ) ) ;
#1197 = CARTESIAN_POINT ( 'NONE',  ( -13.72707045047626018, -3.576815190995163984, 27.78280182435276657 ) ) ;
#1198 = CARTESIAN_POINT ( 'NONE',  ( -9.099999999999951683, 21.09999999999997300, 23.60000000000159304 ) ) ;
#1199 = CARTESIAN_POINT ( 'NONE',  ( -41.63707660278976874, -21.06157421608132196, 9.600000000000001421 ) ) ;
#1200 = CARTESIAN_POINT ( 'NONE',  ( 39.65716279488587048, -5.144438056374609047, 28.53781812637536675 ) ) ;
#1201 = CARTESIAN_POINT ( 'NONE',  ( 39.12847604427063430, 17.27832246379574954, 28.59803400948223029 ) ) ;
#1202 = CARTESIAN_POINT ( 'NONE',  ( -12.80887422140106935, 20.07013953337144585, 27.42003145578688361 ) ) ;
#1203 = CARTESIAN_POINT ( 'NONE',  ( -43.99046056094357482, -19.52861721390716454, 13.60000000000000142 ) ) ;
#1204 = CARTESIAN_POINT ( 'NONE',  ( -14.74771557943789091, -11.94048614350140802, 13.59999999999998366 ) ) ;
#1205 = ORIENTED_EDGE ( 'NONE', *, *, #1081, .T. ) ;
#1206 = B_SPLINE_SURFACE_WITH_KNOTS ( 'NONE', 3, 3, ( 
 ( #3291, #2261, #172, #4345, #1577, #196, #4393, #2561, #3659, #2977, #1252, #901, #869, #537, #2216, #2653, #2314, #446 ),
 ( #3249, #3956, #100, #805, #3614, #238, #578, #2679, #3446, #2355, #1646, #1987, #3386, #3024, #3046, #1683, #3404, #4441 ),
 ( #3085, #4080, #4485, #3756, #1337, #1969, #966, #1298, #986, #598, #4459, #2026, #1316, #2698, #3793, #2744, #4140, #3366 ),
 ( #1624, #279, #4099, #3776, #4420, #1277, #945, #2334, #924, #2722, #4161, #2008, #257, #621, #3423, #2378, #2398, #1009 ),
 ( #1664, #3065, #3734, #640, #2054, #304, #4119, #1710, #3108, #4507, #1361, #2766, #3713, #3816, #4529, #2833, #1433, #3910 ),
 ( #1797, #1104, #1818, #1386, #665, #30, #3473, #3173, #1478, #49, #759, #2103, #4228, #3565, #1078, #3497, #2489, #3220 ),
 ( #3885, #348, #732, #2148, #3544, #3247, #2214, #3635, #1890, #1801, #98, #1482, #3290, #2949, #78, #1503, #1111, #1175 ),
 ( #2195, #466, #3613, #4278, #2582, #738, #2903, #3269, #3202, #2153, #3977, #3889, #826, #804, #1869, #2882, #488, #1547 ),
 ( #783, #4344, #1461, #122, #1153, #1845, #1524, #1133, #421, #3935, #2237, #4298, #2926, #146, #3593, #1197, #54, #2861 ),
 ( #2560, #3955, #3548, #1823, #3570, #4255, #394, #4318, #2517, #3914, #763, #2175, #444, #3225, #2540, #923, #216, #3064 ),
 ( #868, #2678, #2333, #1276, #3733, #4458, #4026, #2313, #4055, #4367, #2697, #4419, #3385, #2286, #195, #536, #3022, #900 ),
 ( #170, #1601, #4392, #3687, #558, #596, #3712, #4440, #1623, #3658, #2652, #2628, #3000, #1945, #2007, #3313, #4079, #3342 ),
 ( #1251, #1968, #577, #3365, #4098, #1986, #1223, #2605, #2354, #236, #1645, #3045, #1297, #944, #3403, #256, #4001, #1663 ),
 ( #846, #2260, #511, #1917, #1576, #2976, #2445, #4160, #3840, #4183, #1708, #5, #2721, #3472, #686, #620, #4118, #1409 ),
 ( #2810, #2789, #1031, #3445, #1052, #3517, #2102, #2765, #1775, #3422, #3496, #3130, #3815, #347, #303, #2397, #1360, #4205 ),
 ( #1753, #2466, #1008, #3172, #2025, #3775, #964, #4528, #664, #3863, #3792, #985, #1682, #2376, #2079, #707, #367, #2124 ),
 ( #2421, #3151, #1315, #278, #639, #325, #3084, #4484, #2053, #1336, #2742, #4138, #1732, #3107, #4506, #1385, #2511, #1930 ),
 ( #779, #2963, #2191, #1455, #183, #4014, #523, #4226, #1476, #1077, #1208, #1587, #1432, #2488, #2876, #857, #3588, #2272 ),
 ( #757, #1238, #3700, #3884, #4249, #159, #729, #2832, #2854, #3197, #2147, #439, #547, #3905, #1102, #1561, #4355, #3301 ),
 ( #1957, #2169, #4271, #1128, #1796, #2988, #1905, #3675, #3564, #416, #1817, #2616, #2536, #3326, #3219, #28, #3543, #4378 ),
 ( #2640, #73, #4039, #884, #2299, #389, #48, #3931, #3354, #4090, #998, #2732, #2039, #4407, #936, #2389, #586, #1265 ),
 ( #3745, #4450, #290, #1997, #3766, #268, #2707, #1673, #3095, #1350, #2665, #4108, #2344, #2754, #2411, #3395, #955, #568 ) ),
 .UNSPECIFIED., .F., .F., .F.,
 ( 4, 2, 2, 2, 2, 2, 2, 2, 2, 2, 4 ),
 ( 4, 2, 2, 2, 2, 2, 2, 2, 4 ),
 ( 0.000000000000000000, 0.2500000000000000000, 0.3750000000000000000, 0.4375000000000000000, 0.4687500000000000000, 0.5000000000000000000, 0.5312500000000000000, 0.5625000000000000000, 0.6250000000000000000, 0.7500000000000000000, 1.000000000000000000 ),
 ( 0.000000000000000000, 0.2500000000000000000, 0.3750000000000000000, 0.4375000000000000000, 0.5000000000000000000, 0.5625000000000000000, 0.6250000000000000000, 0.7500000000000000000, 1.000000000000000000 ),
 .UNSPECIFIED. ) ;
#1207 = CARTESIAN_POINT ( 'NONE',  ( -9.099999999999933920, 16.09999999999996945, 28.59999999999999787 ) ) ;
#1208 = CARTESIAN_POINT ( 'NONE',  ( -11.55148632866699288, -4.535128397588920279, 28.53781812637535609 ) ) ;
#1209 = CARTESIAN_POINT ( 'NONE',  ( 40.44529738266736274, -6.549174948991362655, 28.03089793834094223 ) ) ;
#1210 = CARTESIAN_POINT ( 'NONE',  ( -11.59365623281219015, 21.09999999999995524, 16.10092968813432179 ) ) ;
#1211 = VERTEX_POINT ( 'NONE', #974 ) ;
#1212 = PLANE ( 'NONE',  #3639 ) ;
#1213 = CARTESIAN_POINT ( 'NONE',  ( 42.16433230654133268, 19.18747158707649092, 27.78280182435317869 ) ) ;
#1214 = CARTESIAN_POINT ( 'NONE',  ( -12.64919568598967636, 19.18499855495647566, 28.22214248708625561 ) ) ;
#1215 = CARTESIAN_POINT ( 'NONE',  ( 41.96631460140308434, -20.91392182095987096, 13.59999999999999964 ) ) ;
#1216 = CARTESIAN_POINT ( 'NONE',  ( 42.28624356834131959, -7.119951220736211894, 23.60000000000001208 ) ) ;
#1217 = EDGE_CURVE ( 'NONE', #4262, #2828, #2172, .T. ) ;
#1218 = ADVANCED_FACE ( 'NONE', ( #247 ), #4469, .T. ) ;
#1219 = CARTESIAN_POINT ( 'NONE',  ( 38.10000000000007958, -7.399999999999876010, 28.59999999999999787 ) ) ;
#1220 = EDGE_CURVE ( 'NONE', #2642, #720, #1733, .T. ) ;
#1221 = CARTESIAN_POINT ( 'NONE',  ( -9.099999999999933920, -5.081137034913070671, 28.55633887815904615 ) ) ;
#1222 = DIRECTION ( 'NONE',  ( 3.639200510924877443E-15, -1.000000000000000000, 0.000000000000000000 ) ) ;
#1223 = CARTESIAN_POINT ( 'NONE',  ( -11.90287132291137873, -6.103057340215913840, 28.22214248708556639 ) ) ;
#1224 = CARTESIAN_POINT ( 'NONE',  ( -39.10000000000007248, -21.10000000000013642, 13.60000000000000142 ) ) ;
#1225 = EDGE_CURVE ( 'NONE', #2484, #1467, #908, .T. ) ;
#1226 = ADVANCED_FACE ( 'NONE', ( #2456 ), #1353, .T. ) ;
#1227 = CARTESIAN_POINT ( 'NONE',  ( -9.099999999999933920, -7.399999999999876010, 23.84999999999998010 ) ) ;
#1228 = EDGE_CURVE ( 'NONE', #2439, #3441, #4490, .T. ) ;
#1229 = CARTESIAN_POINT ( 'NONE',  ( 38.10000000000006537, -6.034353742314583435, 28.46374219451661247 ) ) ;
#1230 = CARTESIAN_POINT ( 'NONE',  ( 39.63261624263570582, 16.10000000000012577, 28.59803400948222674 ) ) ;
#1231 = CARTESIAN_POINT ( 'NONE',  ( -12.71254183877222488, 20.23355911225583981, 27.23030725387427964 ) ) ;
#1232 = CARTESIAN_POINT ( 'NONE',  ( -41.30000000000003979, 9.776895777498653572, 10.59999999999999964 ) ) ;
#1233 =( BOUNDED_CURVE ( )  B_SPLINE_CURVE ( 2, ( #2343, #1692, #953 ),
 .UNSPECIFIED., .F., .F. ) 
 B_SPLINE_CURVE_WITH_KNOTS ( ( 3, 3 ),
 ( 0.000000000000000000, 1.000000000000000000 ),
 .UNSPECIFIED. ) 
 CURVE ( )  GEOMETRIC_REPRESENTATION_ITEM ( )  RATIONAL_B_SPLINE_CURVE ( ( 1.000000000000000000, 4.000000000000000888, 1.000000000000000000 ) ) 
 REPRESENTATION_ITEM ( '' )  );
#1234 = CARTESIAN_POINT ( 'NONE',  ( -11.41306639156805325, -7.371177330027691710, 13.60000000000216147 ) ) ;
#1235 = VERTEX_POINT ( 'NONE', #2659 ) ;
#1236 = CARTESIAN_POINT ( 'NONE',  ( 43.10000000000006537, -8.352371649981629176, 13.72144497467932922 ) ) ;
#1237 = CARTESIAN_POINT ( 'NONE',  ( 43.03806890130024954, 16.10000000000013287, 26.66045524841187486 ) ) ;
#1238 = CARTESIAN_POINT ( 'NONE',  ( -9.421591321424259036, -5.081137034913070671, 28.55633887815904615 ) ) ;
#1239 = CARTESIAN_POINT ( 'NONE',  ( 42.53521281681508270, -2.399999999999879563, 28.16519854648885257 ) ) ;
#1240 = DIRECTION ( 'NONE',  ( -0.1736481776669307198, -3.328525639330541938E-17, 0.9848077530122080203 ) ) ;
#1241 = ORIENTED_EDGE ( 'NONE', *, *, #2035, .T. ) ;
#1242 = CARTESIAN_POINT ( 'NONE',  ( 42.99646271450217228, -5.809769239196250545, 18.60000000000065512 ) ) ;
#1243 = CARTESIAN_POINT ( 'NONE',  ( 40.90555782280826946, 20.07095771445349541, 28.03089793834167054 ) ) ;
#1244 = CARTESIAN_POINT ( 'NONE',  ( -12.42543483909897617, 18.99112189246989857, 28.34695819720970889 ) ) ;
#1245 = CARTESIAN_POINT ( 'NONE',  ( 42.07265072837216024, -20.88525032197514619, 13.60000000000000142 ) ) ;
#1246 = CARTESIAN_POINT ( 'NONE',  ( 43.10000000000006537, -3.165373722033156589, 23.59999999999999432 ) ) ;
#1247 = CARTESIAN_POINT ( 'NONE',  ( -41.35305287917760353, 18.35305287917738326, 0.5282114636548799202 ) ) ;
#1248 = UNCERTAINTY_MEASURE_WITH_UNIT (LENGTH_MEASURE( 1.000000000000000082E-05 ), #274, 'distance_accuracy_value', 'NONE');
#1249 = CARTESIAN_POINT ( 'NONE',  ( -12.16439076136434316, 16.09999999999996945, 28.53781812637539872 ) ) ;
#1250 = CARTESIAN_POINT ( 'NONE',  ( 40.78885282441532922, 19.19142874752121486, 28.43174276785760668 ) ) ;
#1251 = CARTESIAN_POINT ( 'NONE',  ( -9.099999999999937472, -6.755761422473204547, 28.22214248708496243 ) ) ;
#1252 = CARTESIAN_POINT ( 'NONE',  ( -13.81995122073626980, -6.586243568341132004, 23.59999999999999432 ) ) ;
#1253 = AXIS2_PLACEMENT_3D ( 'NONE', #2985, #1611, #1653 ) ;
#1254 = CARTESIAN_POINT ( 'NONE',  ( -14.09999999999993570, -2.399999999999876010, 12.84999999999999787 ) ) ;
#1255 = EDGE_CURVE ( 'NONE', #2430, #113, #243, .T. ) ;
#1256 = CARTESIAN_POINT ( 'NONE',  ( 40.71942097867564314, -3.071784347682754657, 28.55633887815914562 ) ) ;
#1257 = LINE ( 'NONE', #282, #677 ) ;
#1258 = CARTESIAN_POINT ( 'NONE',  ( -12.54266508097257926, 20.55627253599557847, 26.66045524841090852 ) ) ;
#1259 = CARTESIAN_POINT ( 'NONE',  ( 43.10000000000006537, 16.10000000000013287, 23.59999999999999432 ) ) ;
#1260 = DIRECTION ( 'NONE',  ( 0.000000000000000000, 0.000000000000000000, 1.000000000000000000 ) ) ;
#1261 = EDGE_CURVE ( 'NONE', #1537, #1445, #2727, .T. ) ;
#1262 = CIRCLE ( 'NONE', #1693, 0.7500000000000006661 ) ;
#1263 = CARTESIAN_POINT ( 'NONE',  ( 43.10000000000006537, -6.502029524744462385, 14.53737131478506051 ) ) ;
#1264 = CARTESIAN_POINT ( 'NONE',  ( 0.000000000000000000, -4.399999999999876010, 25.59999999999999787 ) ) ;
#1265 = CARTESIAN_POINT ( 'NONE',  ( -9.866076742315229353, -2.399999999999875566, 28.59999999999999787 ) ) ;
#1266 = CARTESIAN_POINT ( 'NONE',  ( 41.35757900034317913, -6.146317002453764999, 28.03089793834127619 ) ) ;
#1267 = PLANE ( 'NONE',  #532 ) ;
#1268 = ORIENTED_EDGE ( 'NONE', *, *, #2548, .T. ) ;
#1269 = CARTESIAN_POINT ( 'NONE',  ( -41.29999999999996163, -11.19689577749904430, 10.59999999999999964 ) ) ;
#1270 = CARTESIAN_POINT ( 'NONE',  ( 6.633333333333400361, -12.39999999999987601, 13.60000000000000142 ) ) ;
#1271 = CARTESIAN_POINT ( 'NONE',  ( 42.96164780065971200, -19.72889785856065359, 13.59999999999999964 ) ) ;
#1272 = CARTESIAN_POINT ( 'NONE',  ( -10.34999999999993570, -4.399999999999876010, 27.72132034355963981 ) ) ;
#1273 = CARTESIAN_POINT ( 'NONE',  ( -10.07521466550905309, 21.09717490054164557, 18.60000000000129816 ) ) ;
#1274 = CARTESIAN_POINT ( 'NONE',  ( 43.10000000000006537, 16.85842751642783810, 24.36531221810795955 ) ) ;
#1275 = CARTESIAN_POINT ( 'NONE',  ( 40.42151428085217191, 19.38630595421134828, 28.43174276785756760 ) ) ;
#1276 = CARTESIAN_POINT ( 'NONE',  ( -11.13681530953247645, -6.643311012514367064, 28.03089793834066512 ) ) ;
#1277 = CARTESIAN_POINT ( 'NONE',  ( -12.44941139990852541, -6.990781878806289207, 26.27804358441445132 ) ) ;
#1278 = CARTESIAN_POINT ( 'NONE',  ( -40.60000000000003695, 10.27689577749865890, 7.600000000000000533 ) ) ;
#1279 = CARTESIAN_POINT ( 'NONE',  ( 38.10000000000007248, -5.081137034913067119, 28.55633887815904615 ) ) ;
#1280 = CARTESIAN_POINT ( 'NONE',  ( 38.69494253873799749, 16.55182677761849064, 28.59999999999999787 ) ) ;
#1281 = CARTESIAN_POINT ( 'NONE',  ( -10.29259232211858155, 20.76290757927390018, 27.69395940719782345 ) ) ;
#1282 = DIRECTION ( 'NONE',  ( 1.916821520416347599E-16, -1.000000000000000000, 0.000000000000000000 ) ) ;
#1283 = CARTESIAN_POINT ( 'NONE',  ( -14.09999999999993570, -2.399999999999876010, 13.60000000000000142 ) ) ;
#1284 = ORIENTED_EDGE ( 'NONE', *, *, #3735, .T. ) ;
#1285 = CARTESIAN_POINT ( 'NONE',  ( 43.10000000000006537, -3.752947460804248792, 17.24498878356100917 ) ) ;
#1286 = CARTESIAN_POINT ( 'NONE',  ( 42.45576142246984830, 16.10000000000012577, 28.22214248708726103 ) ) ;
#1287 = CARTESIAN_POINT ( 'NONE',  ( -41.38329560835139631, 21.07077768596483125, 13.60000000000000320 ) ) ;
#1288 = CARTESIAN_POINT ( 'NONE',  ( 41.73435374231094386, -2.823685725825646919, 28.46374219451721643 ) ) ;
#1289 = ORIENTED_EDGE ( 'NONE', *, *, #2405, .T. ) ;
#1290 = CARTESIAN_POINT ( 'NONE',  ( 39.54454783080603164, -7.396150000562228044, 13.59999999999999076 ) ) ;
#1291 = EDGE_CURVE ( 'NONE', #1728, #374, #2703, .T. ) ;
#1292 = CARTESIAN_POINT ( 'NONE',  ( 43.01142105386038139, -3.784459045607625693, 26.27804358441549581 ) ) ;
#1293 = ORIENTED_EDGE ( 'NONE', *, *, #2285, .F. ) ;
#1294 = CARTESIAN_POINT ( 'NONE',  ( 38.10000000000005116, 21.10000000000013287, 23.59999999999999432 ) ) ;
#1295 = CARTESIAN_POINT ( 'NONE',  ( 42.64130635361048149, 19.62755626823167887, 26.27804358441532173 ) ) ;
#1296 = CARTESIAN_POINT ( 'NONE',  ( 38.54311028864445632, 19.92280331574060170, 28.43174276785740773 ) ) ;
#1297 = CARTESIAN_POINT ( 'NONE',  ( -12.86700759260409832, -5.058108488495988375, 28.22214248708594297 ) ) ;
#1298 = CARTESIAN_POINT ( 'NONE',  ( -13.19930037193790717, -7.032461502509561591, 25.13064410631845647 ) ) ;
#1299 = CARTESIAN_POINT ( 'NONE',  ( 40.10000000000006537, 18.10000000000012221, 25.59999999999999787 ) ) ;
#1300 = CARTESIAN_POINT ( 'NONE',  ( 38.10000000000007958, -2.399999999999878675, 28.59999999999999787 ) ) ;
#1301 = CARTESIAN_POINT ( 'NONE',  ( 39.87180854714409861, 21.08542865622453277, 9.600000000000003197 ) ) ;
#1302 = CARTESIAN_POINT ( 'NONE',  ( -40.10000000000006537, -7.686454296869565743E-15, 7.599999999999999645 ) ) ;
#1303 = CARTESIAN_POINT ( 'NONE',  ( -14.09999999999993570, 21.09999999999995168, 29.35000000000000142 ) ) ;
#1304 = ORIENTED_EDGE ( 'NONE', *, *, #1395, .F. ) ;
#1305 = CARTESIAN_POINT ( 'NONE',  ( 43.10000000000007248, -5.910581154677468696, 15.09774543593371732 ) ) ;
#1306 = DIRECTION ( 'NONE',  ( -0.000000000000000000, -0.000000000000000000, -1.000000000000000000 ) ) ;
#1307 = CARTESIAN_POINT ( 'NONE',  ( -40.10000000000006537, -7.686454296869565743E-15, 10.59999999999999964 ) ) ;
#1308 = CARTESIAN_POINT ( 'NONE',  ( 41.41363113544931451, -5.489612706235980077, 28.31225206021155927 ) ) ;
#1309 = EDGE_LOOP ( 'NONE', ( #3261, #1652, #186, #1405 ) ) ;
#1310 = DIRECTION ( 'NONE',  ( -0.000000000000000000, -0.000000000000000000, -1.000000000000000000 ) ) ;
#1311 = CARTESIAN_POINT ( 'NONE',  ( 42.87396129032468650, -4.854964265299692272, 26.27804358441527910 ) ) ;
#1312 = CARTESIAN_POINT ( 'NONE',  ( -13.56677569113844406, 21.09999999999994458, 14.23671250238002095 ) ) ;
#1313 = CARTESIAN_POINT ( 'NONE',  ( 42.98121820021718520, 19.09334836788283596, 25.13064410631893253 ) ) ;
#1314 = CARTESIAN_POINT ( 'NONE',  ( 38.10000000000003695, 20.19773500320677329, 28.34695819720948506 ) ) ;
#1315 = CARTESIAN_POINT ( 'NONE',  ( -9.998920706572162587, -5.956303944516390558, 28.46374219451666931 ) ) ;
#1316 = CARTESIAN_POINT ( 'NONE',  ( -13.89076477353378536, -5.953007962936871067, 25.13064410631855594 ) ) ;
#1317 = LINE ( 'NONE', #3405, #3322 ) ;
#1318 = CARTESIAN_POINT ( 'NONE',  ( 38.86607674231511567, -2.399999999999879119, 28.59999999999999787 ) ) ;
#1319 = CARTESIAN_POINT ( 'NONE',  ( 38.86607674231510146, 16.19606590749711472, 28.59999999999999787 ) ) ;
#1320 = CARTESIAN_POINT ( 'NONE',  ( -41.79246757331461737, -21.05304772075284347, 13.60000000000000320 ) ) ;
#1321 = DIRECTION ( 'NONE',  ( 1.000000000000000000, 0.000000000000000000, 0.000000000000000000 ) ) ;
#1322 = VERTEX_POINT ( 'NONE', #3008 ) ;
#1323 = CARTESIAN_POINT ( 'NONE',  ( 43.10000000000007248, -6.768344146082426072, 14.31057981135493939 ) ) ;
#1324 = CARTESIAN_POINT ( 'NONE',  ( 42.84829685117205855, 16.10000000000013287, 27.69395940719902427 ) ) ;
#1325 = AXIS2_PLACEMENT_3D ( 'NONE', #696, #2820, #2114 ) ;
#1326 = CARTESIAN_POINT ( 'NONE',  ( -40.24942143385443671, 21.09627965690822293, 13.60000000000000142 ) ) ;
#1327 = EDGE_CURVE ( 'NONE', #3600, #3751, #1820, .T. ) ;
#1328 = CARTESIAN_POINT ( 'NONE',  ( 39.12767003357197382, -6.500413363029558411, 28.31225206021086649 ) ) ;
#1329 = ORIENTED_EDGE ( 'NONE', *, *, #605, .F. ) ;
#1330 = CARTESIAN_POINT ( 'NONE',  ( 42.71516124974591122, -6.762558746371343688, 18.59999999999806874 ) ) ;
#1331 = CARTESIAN_POINT ( 'NONE',  ( -13.81427369667027882, 16.09999999999996945, 27.78280182435290868 ) ) ;
#1332 = CARTESIAN_POINT ( 'NONE',  ( 42.96439640049428732, -2.399999999999878231, 27.23030725387524598 ) ) ;
#1333 = ORIENTED_EDGE ( 'NONE', *, *, #4139, .F. ) ;
#1334 = CARTESIAN_POINT ( 'NONE',  ( 41.97287642281732900, 20.50242556637540048, 26.27804358441516541 ) ) ;
#1335 = CARTESIAN_POINT ( 'NONE',  ( 39.91481671841737722, 19.88889849019631484, 28.34695819720971599 ) ) ;
#1336 = CARTESIAN_POINT ( 'NONE',  ( -11.95496491027460095, -5.063171719685609418, 28.46374219451682208 ) ) ;
#1337 = CARTESIAN_POINT ( 'NONE',  ( -12.09335025939716246, -7.281218076333599853, 25.13064410631838896 ) ) ;
#1338 = CARTESIAN_POINT ( 'NONE',  ( 43.10000000000006537, -2.399999999999880451, 28.53435240412212437 ) ) ;
#1339 = VECTOR ( 'NONE', #1362, 1000.000000000000000 ) ;
#1340 = CARTESIAN_POINT ( 'NONE',  ( 38.10000000000007958, -2.399999999999878675, 28.59999999999999076 ) ) ;
#1341 = CARTESIAN_POINT ( 'NONE',  ( 40.33773021338746645, 21.07237354602666102, 9.600000000000001421 ) ) ;
#1342 = CARTESIAN_POINT ( 'NONE',  ( 38.10000000000007958, -4.399999999999876010, 28.57970021595263788 ) ) ;
#1343 = CARTESIAN_POINT ( 'NONE',  ( 0.000000000000000000, -18.10000000000013642, 10.59999999999999964 ) ) ;
#1344 = CARTESIAN_POINT ( 'NONE',  ( -12.18566852151155722, 21.09999999999995879, 15.51623308143315683 ) ) ;
#1345 = B_SPLINE_CURVE_WITH_KNOTS ( 'NONE', 3,
 ( #142, #593, #2946, #4340, #1966, #3419, #2117, #1094, #699, #1788, #1766, #3062, #1044, #618, #2802, #2023, #4240, #2716, #20, #276, #40, #380, #4197, #4455, #2823, #2502, #2458, #3508, #1446, #3852, #1423, #4218, #359, #1066, #2844, #3897, #1312, #3163, #1399, #749, #2160, #2480, #3556, #3876, #1679, #721, #2137, #3533, #3187, #3400, #253, #4116, #1660, #962, #3081, #3773, #2373, #4542, #4515, #4491, #1344, #4041, #992, #2667, #3702, #549, #2404, #1932, #3799, #3014, #646, #1210, #285, #886, #1959, #627, #2274, #3329, #3356, #2061, #2087, #3480 ),
 .UNSPECIFIED., .F., .F.,
 ( 4, 1, 1, 1, 1, 1, 1, 1, 2, 2, 1, 1, 1, 1, 2, 2, 1, 1, 1, 1, 2, 2, 1, 1, 1, 2, 2, 1, 1, 1, 1, 1, 2, 2, 1, 1, 1, 1, 1, 1, 2, 2, 1, 1, 1, 1, 1, 2, 2, 1, 1, 1, 1, 2, 2, 1, 1, 1, 1, 2, 2, 4 ),
 ( 0.000000000000000000, 0.1250000000000777156, 0.1875000000001165734, 0.2187500000001365574, 0.2343750000001471601, 0.2421875000001518230, 0.2460937500001541822, 0.2480468750001553202, 0.2490234375001558753, 0.2500000000001564304, 0.2812500000001646461, 0.2968750000001687539, 0.3046875000001707523, 0.3085937500001715295, 0.3105468750001716960, 0.3125000000001718625, 0.3437500000001724176, 0.3593750000001729727, 0.3671875000001731948, 0.3710937500001730838, 0.3730468750001728062, 0.3750000000001725287, 0.4062500000001728617, 0.4218750000001726952, 0.4296875000001728062, 0.4335937500001729727, 0.4375000000001731948, 0.4687500000001748601, 0.4843750000001756373, 0.4921875000001758593, 0.4960937500001761369, 0.4980468750001761369, 0.4990234375001762479, 0.5000000000001763034, 0.5312500000001704192, 0.5468750000001673106, 0.5546875000001660894, 0.5585937500001655343, 0.5605468750001654232, 0.5615234375001654232, 0.5620117187501653122, 0.5625000000001653122, 0.5937500000001456613, 0.6093750000001360023, 0.6171875000001314504, 0.6210937500001293410, 0.6230468750001282308, 0.6240234375001278977, 0.6250000000001274536, 0.6562500000001240119, 0.6718750000001223466, 0.6796875000001219025, 0.6835937500001216804, 0.6855468750001215694, 0.6875000000001214584, 0.7187500000001155742, 0.7343750000001122435, 0.7421875000001104672, 0.7460937500001093570, 0.7480468750001086908, 0.7500000000001080247, 1.000000000000000000 ),
 .UNSPECIFIED. ) ;
#1346 = ORIENTED_EDGE ( 'NONE', *, *, #3059, .F. ) ;
#1347 = CARTESIAN_POINT ( 'NONE',  ( -13.93221018573364134, 19.92034089914319495, 23.59999999999999076 ) ) ;
#1348 = CARTESIAN_POINT ( 'NONE',  ( 39.24942143385189297, -21.09627965690849649, 13.60000000000000320 ) ) ;
#1349 = CARTESIAN_POINT ( 'NONE',  ( 38.10000000000007248, -7.399999999999876010, 18.35000000000000142 ) ) ;
#1350 = CARTESIAN_POINT ( 'NONE',  ( -9.099999999999935696, -2.399999999999875566, 28.59999999999999787 ) ) ;
#1351 = CARTESIAN_POINT ( 'NONE',  ( 41.38630595418799629, -4.721514280855838130, 28.43174276785755339 ) ) ;
#1352 = ORIENTED_EDGE ( 'NONE', *, *, #3335, .F. ) ;
#1353 =( BOUNDED_SURFACE ( )  B_SPLINE_SURFACE ( 2, 3, ( 
 ( #697, #1090, #1786, #2067, #3207, #1420, #1063, #2478, #2135, #3531, #59, #3183, #1466, #2500, #1830, #810, #2957, #3321, #3668, #2222, #1489, #2591, #3599, #853, #3961, #3620 ),
 ( #833, #1924, #1160, #1876, #2268, #473, #1182, #2245, #130, #3644, #518, #178, #3231, #1531, #2910, #1583, #4374, #1509, #2935, #2546, #2612, #496, #1234, #4010, #3297, #85 ),
 ( #2181, #4326, #154, #2891, #3577, #2983, #769, #2635, #1899, #1555, #4304, #427, #4285, #4351, #3276, #1140, #3941, #1204, #3984, #789, #2200, #2566, #1853, #451, #3256, #106 ) ),
 .UNSPECIFIED., .F., .F., .F. ) 
 B_SPLINE_SURFACE_WITH_KNOTS ( ( 3, 3 ),
 ( 4, 2, 2, 2, 2, 2, 2, 2, 2, 2, 2, 2, 4 ),
 ( 0.000000000000000000, 1.000000000000000000 ),
 ( 0.000000000000000000, 0.002136221227213923671, 0.003204331840820885506, 0.004272442454427847341, 0.006408663681641771012, 0.007476774295248732848, 0.008544884908855694683, 0.009612995522462655651, 0.01068110613606961835, 0.01281732736328354202, 0.01388543797689050299, 0.01495354859049746570, 0.01708976981771138937 ),
 .UNSPECIFIED. ) 
 GEOMETRIC_REPRESENTATION_ITEM ( )  RATIONAL_B_SPLINE_SURFACE ( (
 ( 1.000000000000000000, 1.000000000000000000, 1.000000000000000000, 1.000000000000000000, 1.000000000000000000, 1.000000000000000000, 1.000000000000000000, 1.000000000000000000, 1.000000000000000000, 1.000000000000000000, 1.000000000000000000, 1.000000000000000000, 1.000000000000000000, 1.000000000000000000, 1.000000000000000000, 1.000000000000000000, 1.000000000000000000, 1.000000000000000000, 1.000000000000000000, 1.000000000000000000, 1.000000000000000000, 1.000000000000000000, 1.000000000000000000, 1.000000000000000000, 1.000000000000000000, 1.000000000000000000),
 ( 4.000000000000000888, 4.000000000000000888, 4.000000000000000888, 4.000000000000000888, 4.000000000000000888, 4.000000000000000888, 4.000000000000000888, 4.000000000000000888, 4.000000000000000888, 4.000000000000000888, 4.000000000000000888, 4.000000000000000888, 4.000000000000000888, 4.000000000000000888, 4.000000000000000888, 4.000000000000000888, 4.000000000000000888, 4.000000000000000888, 4.000000000000000888, 4.000000000000000888, 4.000000000000000888, 4.000000000000000888, 4.000000000000000888, 4.000000000000000888, 4.000000000000000888, 4.000000000000000888),
 ( 1.000000000000000000, 1.000000000000000000, 1.000000000000000000, 1.000000000000000000, 1.000000000000000000, 1.000000000000000000, 1.000000000000000000, 1.000000000000000000, 1.000000000000000000, 1.000000000000000000, 1.000000000000000000, 1.000000000000000000, 1.000000000000000000, 1.000000000000000000, 1.000000000000000000, 1.000000000000000000, 1.000000000000000000, 1.000000000000000000, 1.000000000000000000, 1.000000000000000000, 1.000000000000000000, 1.000000000000000000, 1.000000000000000000, 1.000000000000000000, 1.000000000000000000, 1.000000000000000000) ) ) 
 REPRESENTATION_ITEM ( '' )  SURFACE ( )  );
#1354 = CARTESIAN_POINT ( 'NONE',  ( -40.79999999999996163, -11.69689577749904430, 10.59999999999999964 ) ) ;
#1355 = CARTESIAN_POINT ( 'NONE',  ( -41.30000000000003979, 9.776895777498653572, 7.600000000000000533 ) ) ;
#1356 = CARTESIAN_POINT ( 'NONE',  ( 42.75187026077564667, -5.142300140374888251, 26.66045524841127801 ) ) ;
#1357 = CARTESIAN_POINT ( 'NONE',  ( 42.64509485179463866, 20.37498848203235724, 25.13064410631884371 ) ) ;
#1358 = CARTESIAN_POINT ( 'NONE',  ( -13.96439640049426067, 16.69790702388775827, 27.23030725387452478 ) ) ;
#1359 = CARTESIAN_POINT ( 'NONE',  ( 41.65630394474656839, 16.99892070270801270, 28.46374219451718446 ) ) ;
#1360 = CARTESIAN_POINT ( 'NONE',  ( -13.19773500320542148, -2.871310663770287874, 28.34695819720989363 ) ) ;
#1361 = CARTESIAN_POINT ( 'NONE',  ( -13.41032499405346101, -6.182212094769101718, 26.66045524841057457 ) ) ;
#1362 = DIRECTION ( 'NONE',  ( -0.000000000000000000, -0.000000000000000000, -1.000000000000000000 ) ) ;
#1363 = CARTESIAN_POINT ( 'NONE',  ( 38.59051515954316613, -2.962258276102883503, 28.59999999999999787 ) ) ;
#1364 = CARTESIAN_POINT ( 'NONE',  ( -44.07237354602658996, 18.33773021339120390, 9.600000000000003197 ) ) ;
#1365 = CARTESIAN_POINT ( 'NONE',  ( 40.95826401808445638, 19.87596373483212986, 28.16519854648801058 ) ) ;
#1366 = CARTESIAN_POINT ( 'NONE',  ( 20.60000000000006892, -4.399999999999878675, 49.21552812808830168 ) ) ;
#1367 = DIRECTION ( 'NONE',  ( 3.438437891990162650E-15, -0.9848077530122080203, 0.1736481776669307198 ) ) ;
#1368 = FACE_OUTER_BOUND ( 'NONE', #3578, .T. ) ;
#1369 = EDGE_CURVE ( 'NONE', #3645, #2417, #4339, .T. ) ;
#1370 = VERTEX_POINT ( 'NONE', #3030 ) ;
#1371 = CARTESIAN_POINT ( 'NONE',  ( -13.96430520155890598, 19.73083891477919849, 23.60000000000002274 ) ) ;
#1372 = CARTESIAN_POINT ( 'NONE',  ( -44.10000000000007248, -21.10000000000013642, 12.33333333333331794 ) ) ;
#1373 = CARTESIAN_POINT ( 'NONE',  ( 20.60000000000006892, -2.399999999999876010, 28.59999999999999787 ) ) ;
#1374 = CARTESIAN_POINT ( 'NONE',  ( -42.52861721390025451, 20.99046056094374535, 13.60000000000000320 ) ) ;
#1375 = ORIENTED_EDGE ( 'NONE', *, *, #2714, .F. ) ;
#1376 = CARTESIAN_POINT ( 'NONE',  ( 45.90941576793484558, -10.66559840588412200, 13.60000000000000320 ) ) ;
#1377 = CARTESIAN_POINT ( 'NONE',  ( -12.73435374231210560, 16.09999999999996945, 28.46374219451701748 ) ) ;
#1378 = CARTESIAN_POINT ( 'NONE',  ( -11.42198399850380497, 19.16299030298996087, 28.46374219451693577 ) ) ;
#1379 = CARTESIAN_POINT ( 'NONE',  ( 38.10000000000007958, -7.338068901300187186, 26.66045524840984626 ) ) ;
#1380 =( BOUNDED_CURVE ( )  B_SPLINE_CURVE ( 2, ( #987, #1338, #3777 ),
 .UNSPECIFIED., .F., .F. ) 
 B_SPLINE_CURVE_WITH_KNOTS ( ( 3, 3 ),
 ( 0.05052785728904780893, 1.000000000000000000 ),
 .UNSPECIFIED. ) 
 CURVE ( )  GEOMETRIC_REPRESENTATION_ITEM ( )  RATIONAL_B_SPLINE_CURVE ( ( 1.287848757559497237, 3.848416428133667022, 1.000000000000000000 ) ) 
 REPRESENTATION_ITEM ( '' )  );
#1381 = EDGE_LOOP ( 'NONE', ( #107, #2475, #673, #582, #298, #2182, #4131 ) ) ;
#1382 = CARTESIAN_POINT ( 'NONE',  ( -13.33150948590089335, -12.22720810618569942, 13.60000000000000142 ) ) ;
#1383 = CARTESIAN_POINT ( 'NONE',  ( 41.88221312599364410, 20.41032456783593574, 26.66045524841122472 ) ) ;
#1384 = CARTESIAN_POINT ( 'NONE',  ( -9.099999999999948130, 20.66867854635658475, 28.03089793834124777 ) ) ;
#1385 = CARTESIAN_POINT ( 'NONE',  ( -12.65630394473949849, -3.298920702707768715, 28.46374219451696064 ) ) ;
#1386 = CARTESIAN_POINT ( 'NONE',  ( -11.37067515917832239, -6.990836314779834915, 27.23030725387345541 ) ) ;
#1387 = DIRECTION ( 'NONE',  ( 1.000000000000000000, 0.000000000000000000, -0.000000000000000000 ) ) ;
#1388 = CARTESIAN_POINT ( 'NONE',  ( -40.10000000000003695, 10.77689577749866245, -15.40511026734024824 ) ) ;
#1389 = CARTESIAN_POINT ( 'NONE',  ( 41.96631460140408620, 20.91392182096065611, 9.600000000000001421 ) ) ;
#1390 = CARTESIAN_POINT ( 'NONE',  ( 41.05753300328895250, 19.50223868744182454, 28.31225206021181506 ) ) ;
#1391 = CARTESIAN_POINT ( 'NONE',  ( 38.10000000000007958, -7.114273696670825764, 27.78280182435148049 ) ) ;
#1392 = DIRECTION ( 'NONE',  ( 1.000000000000000000, 3.491481338843134539E-15, -0.000000000000000000 ) ) ;
#1393 = ORIENTED_EDGE ( 'NONE', *, *, #2384, .F. ) ;
#1394 = CARTESIAN_POINT ( 'NONE',  ( 43.10000000000006537, -9.159688019107877111, 13.65309291791312774 ) ) ;
#1395 = EDGE_CURVE ( 'NONE', #3856, #2484, #934, .T. ) ;
#1396 = CARTESIAN_POINT ( 'NONE',  ( -40.79999999999996163, -11.69689577749904430, -15.40511026734024824 ) ) ;
#1397 = CARTESIAN_POINT ( 'NONE',  ( -43.86802747807838188, 20.12889382622895695, 13.60000000000000320 ) ) ;
#1398 = VERTEX_POINT ( 'NONE', #2294 ) ;
#1399 = CARTESIAN_POINT ( 'NONE',  ( -13.30494520040935136, 21.09999999999995524, 14.44737789498129743 ) ) ;
#1400 = B_SPLINE_CURVE_WITH_KNOTS ( 'NONE', 3,
 ( #1512, #1494, #1833, #2894, #2550, #4038, #3055, #3722, #3073, #1286, #1996, #4107, #3394, #2664, #1324, #610, #1672, #1237, #567, #2731, #205, #1979 ),
 .UNSPECIFIED., .F., .F.,
 ( 4, 2, 2, 2, 2, 2, 2, 2, 2, 2, 4 ),
 ( 0.000000000000000000, 0.2500000000000000000, 0.3750000000000000000, 0.4375000000000000000, 0.4687500000000000000, 0.5000000000000000000, 0.5312500000000000000, 0.5625000000000000000, 0.6250000000000000000, 0.7500000000000000000, 1.000000000000000000 ),
 .UNSPECIFIED. ) ;
#1401 = CARTESIAN_POINT ( 'NONE',  ( -6.319581223306072004E-14, 18.10000000000000142, 7.599999999999999645 ) ) ;
#1402 = VECTOR ( 'NONE', #3050, 1000.000000000000000 ) ;
#1403 = CARTESIAN_POINT ( 'NONE',  ( -9.099999999999944578, 19.73435374231302930, 28.46374219451687537 ) ) ;
#1404 = CARTESIAN_POINT ( 'NONE',  ( 42.40089366688108186, -4.468508381505934324, 27.95172059729491920 ) ) ;
#1405 = ORIENTED_EDGE ( 'NONE', *, *, #293, .F. ) ;
#1406 = CARTESIAN_POINT ( 'NONE',  ( -11.21922471027147061, -12.37818812689275383, 13.60000000000000142 ) ) ;
#1407 = CARTESIAN_POINT ( 'NONE',  ( 42.31517280423881999, 20.04832582072339164, 26.66045524841130998 ) ) ;
#1408 = CARTESIAN_POINT ( 'NONE',  ( -13.72475559143967594, 16.63367196105999568, 27.95172059729466341 ) ) ;
#1409 = CARTESIAN_POINT ( 'NONE',  ( -13.28746191188499992, -2.399999999999876010, 28.31225206021178309 ) ) ;
#1410 = CARTESIAN_POINT ( 'NONE',  ( 20.60000000000006892, -4.399999999999878675, 25.59999999999999787 ) ) ;
#1411 = CARTESIAN_POINT ( 'NONE',  ( 42.87811096940450994, -20.09664412391359534, 9.600000000000001421 ) ) ;
#1412 = CARTESIAN_POINT ( 'NONE',  ( 41.53988389866307074, 20.98901496049364113, 9.600000000000001421 ) ) ;
#1413 = CARTESIAN_POINT ( 'NONE',  ( 41.64919595581448419, 19.18499790288944240, 28.22214248708668194 ) ) ;
#1414 = DIRECTION ( 'NONE',  ( -0.000000000000000000, 0.000000000000000000, 1.000000000000000000 ) ) ;
#1415 = CARTESIAN_POINT ( 'NONE',  ( 38.10000000000007958, -12.39999999999987601, 13.60000000000000142 ) ) ;
#1416 = VERTEX_POINT ( 'NONE', #626 ) ;
#1417 = CARTESIAN_POINT ( 'NONE',  ( 39.08876800759134795, -4.399999999999876010, 28.57524499166895993 ) ) ;
#1418 = CARTESIAN_POINT ( 'NONE',  ( -9.099999999999933920, 16.09999999999996945, 28.59999999999999787 ) ) ;
#1419 = CARTESIAN_POINT ( 'NONE',  ( -9.099999999999933920, 9.933333333333354886, 28.59999999999999787 ) ) ;
#1420 = CARTESIAN_POINT ( 'NONE',  ( -14.02446615731814106, -5.535426690993868526, 18.60000000000247056 ) ) ;
#1421 = ORIENTED_EDGE ( 'NONE', *, *, #4286, .T. ) ;
#1422 = EDGE_CURVE ( 'NONE', #715, #19, #1630, .T. ) ;
#1423 = CARTESIAN_POINT ( 'NONE',  ( -13.96830100734725910, 21.09999999999995524, 14.00072895492799852 ) ) ;
#1424 = CARTESIAN_POINT ( 'NONE',  ( 44.01629930470084417, -11.85009261390654345, 13.59999999999998366 ) ) ;
#1425 = CARTESIAN_POINT ( 'NONE',  ( -11.84443802158153325, 17.65716331651898585, 28.53781812637538806 ) ) ;
#1426 = CARTESIAN_POINT ( 'NONE',  ( 41.16080553374344930, -6.688550638408374382, 27.42003145578646439 ) ) ;
#1427 = EDGE_CURVE ( 'NONE', #1398, #2417, #931, .T. ) ;
#1428 = EDGE_LOOP ( 'NONE', ( #3193, #136, #3071, #3747, #1510, #976 ) ) ;
#1429 = CARTESIAN_POINT ( 'NONE',  ( -11.23002651586200251, -12.37790033462153971, 13.60000000000000497 ) ) ;
#1430 = CARTESIAN_POINT ( 'NONE',  ( 41.36771150001558084, 20.61039093510783360, 26.66045524841112879 ) ) ;
#1431 = CARTESIAN_POINT ( 'NONE',  ( -11.44529738267117125, 20.24917494900292425, 28.03089793834138277 ) ) ;
#1432 = CARTESIAN_POINT ( 'NONE',  ( -11.71188910553662055, -4.249871047799950396, 28.53781812637535253 ) ) ;
#1433 = CARTESIAN_POINT ( 'NONE',  ( -14.03806890130015361, -3.041128001348442744, 26.66045524841118564 ) ) ;
#1434 = B_SPLINE_CURVE_WITH_KNOTS ( 'NONE', 3,
 ( #230, #4494, #1348, #1752, #2556, #3217, #1127, #3930, #437, #1839, #3242, #2279, #1911, #3682, #891, #1618, #1568, #3993, #3608, #2971, #3334, #841, #4386, #2209, #1215, #1885, #1245, #2255, #4021, #530, #1939, #821, #4047, #2646, #2306, #3708, #4413, #552, #1962, #3359, #211, #3017, #1271, #3653, #4313, #3951, #799, #117, #3629, #462, #1864, #3265, #2577, #1169, #505, #482, #1519, #2921, #3971, #2231, #3285, #140 ),
 .UNSPECIFIED., .F., .F.,
 ( 4, 1, 1, 1, 1, 1, 1, 1, 2, 2, 1, 1, 1, 1, 1, 1, 2, 2, 1, 1, 1, 1, 2, 2, 2, 1, 1, 1, 1, 2, 2, 1, 1, 1, 1, 1, 2, 2, 1, 1, 1, 1, 1, 1, 2, 2, 4 ),
 ( 0.000000000000000000, 0.1250000000002460532, 0.1875000000003702316, 0.2187500000004323208, 0.2343750000004633516, 0.2421875000004788669, 0.2460937500004866108, 0.2480468750004888867, 0.2490234375004900802, 0.2500000000004912182, 0.3125000000005386247, 0.3437500000005612177, 0.3593750000005724310, 0.3671875000005780376, 0.3710937500005808132, 0.3730468750005822565, 0.3740234375005816458, 0.3750000000005809797, 0.4062500000005189738, 0.4218750000004889422, 0.4296875000004739542, 0.4335937500004662382, 0.4355468750004624079, 0.4375000000004586331, 0.5000000000003821388, 0.5312500000003433920, 0.5468750000003246292, 0.5546875000003157474, 0.5585937500003111955, 0.5605468750003090861, 0.5625000000003070877, 0.5937500000002675637, 0.6093750000002480238, 0.6171875000002388090, 0.6210937500002344791, 0.6230468750002319256, 0.6240234375002301492, 0.6250000000002283729, 0.6875000000001816325, 0.7187500000001576517, 0.7343750000001457723, 0.7421875000001397771, 0.7460937500001363354, 0.7480468750001346701, 0.7490234375001333378, 0.7500000000001320055, 1.000000000000000000 ),
 .UNSPECIFIED. ) ;
#1435 = CARTESIAN_POINT ( 'NONE',  ( -13.63412805375597614, 20.56663694220792848, 18.59999999999743281 ) ) ;
#1436 = CARTESIAN_POINT ( 'NONE',  ( 43.07131387799101674, -18.36820079464237310, 9.600000000000001421 ) ) ;
#1437 = CARTESIAN_POINT ( 'NONE',  ( 43.06641683701700174, 18.49873699103669722, 9.600000000000001421 ) ) ;
#1438 = CARTESIAN_POINT ( 'NONE',  ( 40.81040754813169258, 19.94068084875836533, 28.16519854648797860 ) ) ;
#1439 = CARTESIAN_POINT ( 'NONE',  ( -11.09999999999993570, -4.399999999999876010, 10.59999999999999787 ) ) ;
#1440 = CARTESIAN_POINT ( 'NONE',  ( 38.10000000000007958, -7.399999999999876010, 18.60000000000000142 ) ) ;
#1441 = ORIENTED_EDGE ( 'NONE', *, *, #3589, .F. ) ;
#1442 = CARTESIAN_POINT ( 'NONE',  ( 43.10000000000007248, -10.77890746452447956, 13.60000000000000853 ) ) ;
#1443 = CARTESIAN_POINT ( 'NONE',  ( -7.367025624959012011E-14, 21.10000000000000142, 9.600000000000001421 ) ) ;
#1444 = CARTESIAN_POINT ( 'NONE',  ( -43.31763701899721042, 20.81003976634318775, 13.60000000000000142 ) ) ;
#1445 = VERTEX_POINT ( 'NONE', #4086 ) ;
#1446 = CARTESIAN_POINT ( 'NONE',  ( -14.33518302996514393, 21.09999999999995879, 13.86092045499080427 ) ) ;
#1447 = CARTESIAN_POINT ( 'NONE',  ( 40.71658221438921998, -12.36366945305403853, 13.59999999999999076 ) ) ;
#1448 = CARTESIAN_POINT ( 'NONE',  ( -10.45866784581208897, 18.91662186831961279, 28.53781812637536675 ) ) ;
#1449 = CARTESIAN_POINT ( 'NONE',  ( 41.10480968875938146, -6.363310393842501078, 27.95172059729404168 ) ) ;
#1450 = ORIENTED_EDGE ( 'NONE', *, *, #981, .F. ) ;
#1451 = EDGE_CURVE ( 'NONE', #2775, #4536, #1952, .T. ) ;
#1452 = DIRECTION ( 'NONE',  ( -0.000000000000000000, 0.000000000000000000, 1.000000000000000000 ) ) ;
#1453 = CARTESIAN_POINT ( 'NONE',  ( 38.10000000000005116, 20.96439640049454667, 27.23030725387405582 ) ) ;
#1454 = CARTESIAN_POINT ( 'NONE',  ( -12.90607994690651417, 19.65137124129423185, 27.78280182435267776 ) ) ;
#1455 = CARTESIAN_POINT ( 'NONE',  ( -10.45866784928299609, -5.216621867608655094, 28.53781812637534543 ) ) ;
#1456 = PLANE ( 'NONE',  #3382 ) ;
#1457 = CARTESIAN_POINT ( 'NONE',  ( -12.50976923919868433, 20.99646271450184898, 18.60000000000130171 ) ) ;
#1458 = CARTESIAN_POINT ( 'NONE',  ( 42.27774806692330856, -20.81364017787060661, 9.600000000000003197 ) ) ;
#1459 = CARTESIAN_POINT ( 'NONE',  ( 43.10000000000006537, 16.10000000000013287, 9.600000000000001421 ) ) ;
#1460 = CARTESIAN_POINT ( 'NONE',  ( 38.59871262269973613, 20.45576142247193019, 28.22214248708596074 ) ) ;
#1461 = CARTESIAN_POINT ( 'NONE',  ( -10.27681519624865203, -7.027070450282016267, 27.78280182435158352 ) ) ;
#1462 = DIRECTION ( 'NONE',  ( 1.000000000000000000, 0.000000000000000000, 0.000000000000000000 ) ) ;
#1463 = CARTESIAN_POINT ( 'NONE',  ( -43.87219128650734490, -20.11584027700501309, 9.600000000000003197 ) ) ;
#1464 = CARTESIAN_POINT ( 'NONE',  ( -9.766581586293028749, 21.05648911875078966, 26.27804358441476040 ) ) ;
#1465 = CARTESIAN_POINT ( 'NONE',  ( -42.58902559124473441, -20.98247474094949894, 13.60000000000000142 ) ) ;
#1466 = CARTESIAN_POINT ( 'NONE',  ( -13.63799586708733003, -6.861982708336350711, 18.60000000000123777 ) ) ;
#1467 = VERTEX_POINT ( 'NONE', #3741 ) ;
#1468 = FACE_OUTER_BOUND ( 'NONE', #2164, .T. ) ;
#1469 = ADVANCED_FACE ( 'NONE', ( #1976 ), #1076, .T. ) ;
#1470 = CARTESIAN_POINT ( 'NONE',  ( -12.16439076136434316, 16.09999999999996945, 28.53781812637539872 ) ) ;
#1471 = CARTESIAN_POINT ( 'NONE',  ( 38.10000000000007958, -7.114273696670825764, 27.78280182435148049 ) ) ;
#1472 = ORIENTED_EDGE ( 'NONE', *, *, #128, .T. ) ;
#1473 = CARTESIAN_POINT ( 'NONE',  ( 43.10000000000006537, -21.10000000000013642, 13.80000000000000071 ) ) ;
#1474 = CARTESIAN_POINT ( 'NONE',  ( 42.23355911223053738, 19.71254183877434585, 27.23030725387472017 ) ) ;
#1475 = CARTESIAN_POINT ( 'NONE',  ( -13.49768311779359031, 18.22655049337470246, 27.78280182435279855 ) ) ;
#1476 = CARTESIAN_POINT ( 'NONE',  ( -11.32716742073847982, -4.786327364731523204, 28.53781812637534898 ) ) ;
#1477 = VECTOR ( 'NONE', #261, 1000.000000000000000 ) ;
#1478 = CARTESIAN_POINT ( 'NONE',  ( -12.87309110707781912, -6.436089351845446060, 27.23030725387380713 ) ) ;
#1479 = CARTESIAN_POINT ( 'NONE',  ( -13.46255874675657616, 20.71516125040832534, 13.59999999999806164 ) ) ;
#1480 = CARTESIAN_POINT ( 'NONE',  ( 43.06157421607564828, -18.63707660283586165, 9.600000000000001421 ) ) ;
#1481 = FACE_OUTER_BOUND ( 'NONE', #4169, .T. ) ;
#1482 = CARTESIAN_POINT ( 'NONE',  ( -13.32605132408358628, -5.627010144726342311, 27.42003145578657453 ) ) ;
#1483 = CARTESIAN_POINT ( 'NONE',  ( -11.09999999999993570, 18.09999999999996234, 25.59999999999999787 ) ) ;
#1484 = FACE_OUTER_BOUND ( 'NONE', #2341, .T. ) ;
#1485 = CARTESIAN_POINT ( 'NONE',  ( 40.49155111438551558, 17.45872906990267381, 28.55633887815913852 ) ) ;
#1486 = CARTESIAN_POINT ( 'NONE',  ( -14.05648911875073459, 16.09999999999996945, 26.27804358441511567 ) ) ;
#1487 = EDGE_CURVE ( 'NONE', #2984, #4498, #1826, .T. ) ;
#1488 = CARTESIAN_POINT ( 'NONE',  ( -43.14833751234628068, -20.86170419352131233, 13.59999999999999787 ) ) ;
#1489 = CARTESIAN_POINT ( 'NONE',  ( -12.23365056633021020, -7.324618107643461329, 18.59999999999938680 ) ) ;
#1490 = ORIENTED_EDGE ( 'NONE', *, *, #408, .T. ) ;
#1491 = CIRCLE ( 'NONE', #4272, 0.7500000000000006661 ) ;
#1492 = CARTESIAN_POINT ( 'NONE',  ( 6.633333333333387039, 21.10000000000002629, 23.59999999999999432 ) ) ;
#1493 = VECTOR ( 'NONE', #1222, 1000.000000000000000 ) ;
#1494 = CARTESIAN_POINT ( 'NONE',  ( 38.86607674231510146, 16.10000000000013287, 28.59999999999999787 ) ) ;
#1495 = CARTESIAN_POINT ( 'NONE',  ( 38.10000000000007958, -7.232238866724000736, 27.42003145578561885 ) ) ;
#1496 = ORIENTED_EDGE ( 'NONE', *, *, #3865, .T. ) ;
#1497 = CARTESIAN_POINT ( 'NONE',  ( -14.27741695525860166, -12.05314724918348013, 13.60000000000000142 ) ) ;
#1498 = CARTESIAN_POINT ( 'NONE',  ( 42.66867854635579960, 16.62510620770242653, 28.03089793834242016 ) ) ;
#1499 = CARTESIAN_POINT ( 'NONE',  ( -12.18962472010871423, 19.41362339828827288, 28.31225206021159124 ) ) ;
#1500 = CARTESIAN_POINT ( 'NONE',  ( -13.34810984059616601, 20.78162464687823530, 18.60000000000128040 ) ) ;
#1501 = CARTESIAN_POINT ( 'NONE',  ( 42.88525032197520659, -20.07265072837129694, 9.600000000000001421 ) ) ;
#1502 = CARTESIAN_POINT ( 'NONE',  ( -41.40303354164426963, 21.07006491942892268, 9.600000000000001421 ) ) ;
#1503 = CARTESIAN_POINT ( 'NONE',  ( -13.85322281417206014, -3.637816763223672201, 27.42003145578702217 ) ) ;
#1504 = CARTESIAN_POINT ( 'NONE',  ( 20.60000000000006537, 3.600000000000121325, 49.21552812808830168 ) ) ;
#1505 = CARTESIAN_POINT ( 'NONE',  ( -41.14704002023735541, -21.07837550577996311, 9.599999999999997868 ) ) ;
#1506 = CARTESIAN_POINT ( 'NONE',  ( 38.10000000000006537, 19.16439076136522601, 28.53781812637535964 ) ) ;
#1507 = CARTESIAN_POINT ( 'NONE',  ( -14.03806890130015184, 16.74112797252547225, 26.66045524841117143 ) ) ;
#1508 = CARTESIAN_POINT ( 'NONE',  ( -43.88097685546472349, -20.08708972991587416, 13.59999999999999964 ) ) ;
#1509 = CARTESIAN_POINT ( 'NONE',  ( -13.17033992910987017, -7.162249807335906659, 13.60000000000122000 ) ) ;
#1510 = ORIENTED_EDGE ( 'NONE', *, *, #3003, .T. ) ;
#1511 = DIRECTION ( 'NONE',  ( 1.000000000000000000, -0.000000000000000000, 0.000000000000000000 ) ) ;
#1512 = CARTESIAN_POINT ( 'NONE',  ( 38.10000000000006537, 16.10000000000013287, 28.59999999999999787 ) ) ;
#1513 = CARTESIAN_POINT ( 'NONE',  ( 41.55719390684408410, -5.623311281395170447, 28.22214248708618811 ) ) ;
#1514 = VECTOR ( 'NONE', #1189, 1000.000000000000000 ) ;
#1515 = ORIENTED_EDGE ( 'NONE', *, *, #604, .T. ) ;
#1516 = CARTESIAN_POINT ( 'NONE',  ( -18.90986133632428690, -6.747544310211239349, 13.59999999999999964 ) ) ;
#1517 = CARTESIAN_POINT ( 'NONE',  ( 41.65137124127527812, 19.90607994690961746, 27.78280182435299395 ) ) ;
#1518 = CARTESIAN_POINT ( 'NONE',  ( -11.59332866983742427, 19.63249165774888283, 28.34695819720963073 ) ) ;
#1519 = CARTESIAN_POINT ( 'NONE',  ( 43.06979218642876361, -18.41047241443245497, 13.60000000000000142 ) ) ;
#1520 = DIRECTION ( 'NONE',  ( -0.000000000000000000, -0.000000000000000000, -1.000000000000000000 ) ) ;
#1521 = CARTESIAN_POINT ( 'NONE',  ( -16.23738238258268041, 24.88570964850143241, 13.59999999999999076 ) ) ;
#1522 = CARTESIAN_POINT ( 'NONE',  ( 38.10000000000005116, 21.10000000000013287, 23.59999999999999432 ) ) ;
#1523 = CARTESIAN_POINT ( 'NONE',  ( -43.81003976634723784, 20.31763701899318875, 9.600000000000001421 ) ) ;
#1524 = CARTESIAN_POINT ( 'NONE',  ( -12.18747241557309735, -6.464332134877011526, 27.78280182435202406 ) ) ;
#1525 = DIRECTION ( 'NONE',  ( 0.000000000000000000, -0.000000000000000000, 1.000000000000000000 ) ) ;
#1526 = CARTESIAN_POINT ( 'NONE',  ( -42.41380356357309722, -21.00416956306146687, 9.600000000000004974 ) ) ;
#1527 = CARTESIAN_POINT ( 'NONE',  ( 40.04674098052320375, -4.963692275422156186, 28.53781812637537385 ) ) ;
#1528 = CARTESIAN_POINT ( 'NONE',  ( 38.47012258850845967, 16.75413128105190452, 28.59999999999999432 ) ) ;
#1529 = CARTESIAN_POINT ( 'NONE',  ( -12.44940981134180547, 20.69078213610038830, 26.27804358441487764 ) ) ;
#1530 = CARTESIAN_POINT ( 'NONE',  ( -14.09999999999993570, 16.09999999999996945, 21.93333333333333357 ) ) ;
#1531 = CARTESIAN_POINT ( 'NONE',  ( -13.56235722015772538, -6.937664104507632601, 13.59999999999783959 ) ) ;
#1532 = ORIENTED_EDGE ( 'NONE', *, *, #3387, .F. ) ;
#1533 = CARTESIAN_POINT ( 'NONE',  ( 39.35000000000001563, -4.399999999999876010, 10.59999999999999964 ) ) ;
#1534 = CARTESIAN_POINT ( 'NONE',  ( -11.09999999999993570, 18.09999999999996234, 25.59999999999999787 ) ) ;
#1535 = CARTESIAN_POINT ( 'NONE',  ( 38.60762653725078053, -6.835212816817760384, 28.16519854648644738 ) ) ;
#1536 = AXIS2_PLACEMENT_3D ( 'NONE', #3890, #3156, #4211 ) ;
#1537 = VERTEX_POINT ( 'NONE', #3070 ) ;
#1538 = CARTESIAN_POINT ( 'NONE',  ( -18.89686818653501632, -6.829257348405092465, 13.60000000000000320 ) ) ;
#1539 = CARTESIAN_POINT ( 'NONE',  ( 41.18747241556819461, 20.16433213488848253, 27.78280182435289447 ) ) ;
#1540 = CARTESIAN_POINT ( 'NONE',  ( -12.63249152078355309, 18.59332951236541476, 28.34695819720975152 ) ) ;
#1541 = CARTESIAN_POINT ( 'NONE',  ( -14.09999999999993570, 16.09999999999996945, 18.60000000000000142 ) ) ;
#1542 = CARTESIAN_POINT ( 'NONE',  ( 41.65300796293055186, -7.190764773532646537, 25.13064410631853818 ) ) ;
#1543 = CARTESIAN_POINT ( 'NONE',  ( 43.10000000000006537, -2.399999999999876010, 18.59999999999973497 ) ) ;
#1544 = CARTESIAN_POINT ( 'NONE',  ( -19.06702382222070824, 18.57849814909031849, 13.59999999999999964 ) ) ;
#1545 = CARTESIAN_POINT ( 'NONE',  ( -44.04485155126431550, 18.95942014058971026, 9.600000000000001421 ) ) ;
#1546 = CIRCLE ( 'NONE', #3818, 0.7500000000000006661 ) ;
#1547 = CARTESIAN_POINT ( 'NONE',  ( -13.84829685117219356, -2.399999999999875122, 27.69395940719827465 ) ) ;
#1548 = CARTESIAN_POINT ( 'NONE',  ( 0.000000000000000000, -4.399999999999876010, 10.59999999999999964 ) ) ;
#1549 = CARTESIAN_POINT ( 'NONE',  ( -43.48402385466667397, -20.71654195173050184, 9.600000000000001421 ) ) ;
#1550 = CARTESIAN_POINT ( 'NONE',  ( 41.16439076136348518, -2.399999999999879563, 28.53781812637544490 ) ) ;
#1551 = CARTESIAN_POINT ( 'NONE',  ( 40.55697672336137316, 17.28720153272446680, 28.55633887815914562 ) ) ;
#1552 = CARTESIAN_POINT ( 'NONE',  ( -13.96430520156545541, 19.73083891478390584, 24.36531221810781034 ) ) ;
#1553 = CARTESIAN_POINT ( 'NONE',  ( -43.98901496049343507, -19.53988389866526987, 13.60000000000000675 ) ) ;
#1554 =( BOUNDED_CURVE ( )  B_SPLINE_CURVE ( 2, ( #671, #2086, #3479 ),
 .UNSPECIFIED., .F., .T. ) 
 B_SPLINE_CURVE_WITH_KNOTS ( ( 3, 3 ),
 ( 0.000000000000000000, 1.000000000000000000 ),
 .UNSPECIFIED. ) 
 CURVE ( )  GEOMETRIC_REPRESENTATION_ITEM ( )  RATIONAL_B_SPLINE_CURVE ( ( 1.000000000000000000, 4.000000000000000888, 1.000000000000000000 ) ) 
 REPRESENTATION_ITEM ( '' )  );
#1555 = CARTESIAN_POINT ( 'NONE',  ( -18.19461201343757395, -9.016535206891074239, 13.59999999999999787 ) ) ;
#1556 = ORIENTED_EDGE ( 'NONE', *, *, #4336, .T. ) ;
#1557 = CARTESIAN_POINT ( 'NONE',  ( 0.000000000000000000, -21.10000000000013642, 13.60000000000000142 ) ) ;
#1558 = CARTESIAN_POINT ( 'NONE',  ( -10.44251690014733214, 16.86483134880319312, 28.59803400948223029 ) ) ;
#1559 = EDGE_CURVE ( 'NONE', #2430, #1813, #4465, .T. ) ;
#1560 = CIRCLE ( 'NONE', #166, 0.7500000000000006661 ) ;
#1561 = CARTESIAN_POINT ( 'NONE',  ( -11.71942097888969236, -3.071784344874643136, 28.55633887815911720 ) ) ;
#1562 = CARTESIAN_POINT ( 'NONE',  ( 42.20041336282530864, -3.427670038050759427, 28.31225206021217033 ) ) ;
#1563 = EDGE_CURVE ( 'NONE', #411, #2217, #3090, .T. ) ;
#1564 = VERTEX_POINT ( 'NONE', #4063 ) ;
#1565 = CARTESIAN_POINT ( 'NONE',  ( -19.09999999999993747, -2.399999999999876010, 13.60000000000000142 ) ) ;
#1566 = CARTESIAN_POINT ( 'NONE',  ( 42.63515225368248451, 17.24331283613799215, 27.95172059729534197 ) ) ;
#1567 = CARTESIAN_POINT ( 'NONE',  ( -12.97376722114322156, 17.95460410331039469, 28.31225206021168717 ) ) ;
#1568 = CARTESIAN_POINT ( 'NONE',  ( 41.48039098668891000, -20.99643778796601623, 13.59999999999999787 ) ) ;
#1569 = EDGE_CURVE ( 'NONE', #2839, #1065, #735, .T. ) ;
#1570 = EDGE_CURVE ( 'NONE', #4478, #2572, #1572, .T. ) ;
#1571 = CARTESIAN_POINT ( 'NONE',  ( 43.05646124427833854, -5.078604492182017260, 24.36531221810786363 ) ) ;
#1572 = B_SPLINE_CURVE_WITH_KNOTS ( 'NONE', 3,
 ( #2428, #2816, #645, #991 ),
 .UNSPECIFIED., .F., .F.,
 ( 4, 4 ),
 ( 0.000000000000000000, 1.000000000000000000 ),
 .UNSPECIFIED. ) ;
#1573 = CARTESIAN_POINT ( 'NONE',  ( 22.36666666666674530, -7.400000000081755402, 28.60000000010916921 ) ) ;
#1574 = CARTESIAN_POINT ( 'NONE',  ( -19.05694018902730491, 18.85078661008277834, 13.60000000000000142 ) ) ;
#1575 = CARTESIAN_POINT ( 'NONE',  ( -44.00416956306369798, 19.41380356354004277, 9.600000000000001421 ) ) ;
#1576 = CARTESIAN_POINT ( 'NONE',  ( -11.23392174169957869, -6.182997999642397602, 28.31225206021101926 ) ) ;
#1577 = CARTESIAN_POINT ( 'NONE',  ( -12.16147979883911034, -7.337981248283822922, 23.60000000000000142 ) ) ;
#1578 = CARTESIAN_POINT ( 'NONE',  ( 38.10000000000006537, -21.10000000000013642, 13.60000000000000142 ) ) ;
#1579 = CARTESIAN_POINT ( 'NONE',  ( 39.16987743390359356, -3.545035698870099949, 28.59803400948223029 ) ) ;
#1580 = CARTESIAN_POINT ( 'NONE',  ( 39.33873333239304060, 17.04320614114788057, 28.59803400948222318 ) ) ;
#1581 = CARTESIAN_POINT ( 'NONE',  ( -13.81427369667027882, 16.09999999999996945, 27.78280182435290868 ) ) ;
#1582 = CARTESIAN_POINT ( 'NONE',  ( 38.10000000000007958, -7.399999999999875122, 18.60000000000000142 ) ) ;
#1583 = CARTESIAN_POINT ( 'NONE',  ( -13.42645396224423848, -7.037749928624829288, 13.59999999999908304 ) ) ;
#1584 = VERTEX_POINT ( 'NONE', #4166 ) ;
#1585 = CARTESIAN_POINT ( 'NONE',  ( 43.10000000000006537, -8.024960152816429826, 13.76947477205737691 ) ) ;
#1586 = CARTESIAN_POINT ( 'NONE',  ( -10.36613719722398841, 16.99920977999564187, 28.59803400948223029 ) ) ;
#1587 = CARTESIAN_POINT ( 'NONE',  ( -11.66369227542164388, -4.346740980529177456, 28.53781812637535609 ) ) ;
#1588 = CARTESIAN_POINT ( 'NONE',  ( 42.53521281681508270, -2.907626519129234755, 28.16519854648885257 ) ) ;
#1589 = CARTESIAN_POINT ( 'NONE',  ( 43.10000000000006537, 16.10000000000013287, 29.54999999999999361 ) ) ;
#1590 = EDGE_LOOP ( 'NONE', ( #1809, #4235, #1, #3455 ) ) ;
#1591 = CARTESIAN_POINT ( 'NONE',  ( -19.07642317948015886, -4.583866351673334449, 13.59999999999999964 ) ) ;
#1592 = CARTESIAN_POINT ( 'NONE',  ( 42.84829685117205855, 16.10000000000013287, 27.69395940719902427 ) ) ;
#1593 = CARTESIAN_POINT ( 'NONE',  ( -12.71320027224881599, 18.64972230664433184, 28.31225206021165164 ) ) ;
#1594 = CARTESIAN_POINT ( 'NONE',  ( 42.85319779822899022, -6.139271309637262419, 25.13064410631871226 ) ) ;
#1595 = ADVANCED_FACE ( 'NONE', ( #331 ), #2838, .F. ) ;
#1596 = CARTESIAN_POINT ( 'NONE',  ( 38.10000000000005116, 21.10000000000013287, 9.600000000000001421 ) ) ;
#1597 = CARTESIAN_POINT ( 'NONE',  ( 40.41047241443277471, -21.06979218642877072, 9.599999999999999645 ) ) ;
#1598 = EDGE_CURVE ( 'NONE', #1235, #3851, #1554, .T. ) ;
#1599 = CARTESIAN_POINT ( 'NONE',  ( -9.099999999999933920, 16.09999999999996945, 28.59999999999999787 ) ) ;
#1600 = CARTESIAN_POINT ( 'NONE',  ( 39.10672276365826150, 20.11207252135380941, 28.34695819720958809 ) ) ;
#1601 = CARTESIAN_POINT ( 'NONE',  ( -9.607626519129254916, -6.835212816817760384, 28.16519854648644028 ) ) ;
#1602 = CARTESIAN_POINT ( 'NONE',  ( -40.10000000000006537, -7.686454296869565743E-15, 7.599999999999999645 ) ) ;
#1603 = CARTESIAN_POINT ( 'NONE',  ( -14.09999999999993570, -2.399999999999876010, 29.34999999999999787 ) ) ;
#1604 = CARTESIAN_POINT ( 'NONE',  ( 38.46375484969388481, -5.464390761366213489, 28.53781812637529924 ) ) ;
#1605 = CARTESIAN_POINT ( 'NONE',  ( 38.10000000000006537, 16.10000000000013287, 28.59999999999999787 ) ) ;
#1606 = CARTESIAN_POINT ( 'NONE',  ( -13.16824250514679129, 19.65040561067842617, 27.42003145578692269 ) ) ;
#1607 = DIRECTION ( 'NONE',  ( 0.000000000000000000, 0.000000000000000000, 1.000000000000000000 ) ) ;
#1608 = CARTESIAN_POINT ( 'NONE',  ( -14.09999999999993570, 21.09999999999995168, 12.84999999999999964 ) ) ;
#1609 = VERTEX_POINT ( 'NONE', #3115 ) ;
#1610 = AXIS2_PLACEMENT_3D ( 'NONE', #2476, #1784, #3181 ) ;
#1611 = DIRECTION ( 'NONE',  ( 0.000000000000000000, 0.000000000000000000, 1.000000000000000000 ) ) ;
#1612 = LINE ( 'NONE', #4449, #4043 ) ;
#1613 = CARTESIAN_POINT ( 'NONE',  ( -41.39402075846310680, 21.07039211818104008, 13.60000000000000142 ) ) ;
#1614 = CARTESIAN_POINT ( 'NONE',  ( 40.36628892344580777, -6.417120650293950845, 28.16519854648711885 ) ) ;
#1615 = CARTESIAN_POINT ( 'NONE',  ( 43.10000000000006537, 16.10000000000013287, 22.58333333333333570 ) ) ;
#1616 = EDGE_LOOP ( 'NONE', ( #3098, #4516, #817, #3615, #909 ) ) ;
#1617 = CARTESIAN_POINT ( 'NONE',  ( 38.82135399905190809, -7.400000000738661043, 13.59999999999483755 ) ) ;
#1618 = CARTESIAN_POINT ( 'NONE',  ( 41.41380356356491177, -21.00416956306280980, 13.59999999999999964 ) ) ;
#1619 = CARTESIAN_POINT ( 'NONE',  ( 38.10000000000007958, -7.399999999999876898, 23.59999999999999432 ) ) ;
#1620 = ORIENTED_EDGE ( 'NONE', *, *, #412, .F. ) ;
#1621 = CARTESIAN_POINT ( 'NONE',  ( 40.39770951319318470, -21.07025860286490726, 9.600000000000004974 ) ) ;
#1622 = CARTESIAN_POINT ( 'NONE',  ( 41.92280331573815744, 16.54311030240460312, 28.43174276785785892 ) ) ;
#1623 = CARTESIAN_POINT ( 'NONE',  ( -12.38773342009609557, -5.926279793478411051, 28.16519854648720056 ) ) ;
#1624 = CARTESIAN_POINT ( 'NONE',  ( -9.099999999999941025, -7.356489118750732636, 26.27804358441404986 ) ) ;
#1625 = CARTESIAN_POINT ( 'NONE',  ( -41.30000000000003979, 9.776895777498653572, -15.40511026734024824 ) ) ;
#1626 = CARTESIAN_POINT ( 'NONE',  ( 39.71073662899713952, -4.672313734672635555, 28.55633887815910299 ) ) ;
#1627 = CARTESIAN_POINT ( 'NONE',  ( -11.09999999999993570, 17.34999999999996234, 10.60000000000000142 ) ) ;
#1628 = CARTESIAN_POINT ( 'NONE',  ( -11.84229864234074014, 20.75187035917686629, 26.66045524841082681 ) ) ;
#1629 = CARTESIAN_POINT ( 'NONE',  ( -11.09999999999993570, -4.399999999999876010, 10.59999999999999787 ) ) ;
#1630 = LINE ( 'NONE', #2685, #2952 ) ;
#1631 = ORIENTED_EDGE ( 'NONE', *, *, #1927, .F. ) ;
#1632 = ADVANCED_FACE ( 'NONE', ( #3846 ), #2177, .T. ) ;
#1633 = CARTESIAN_POINT ( 'NONE',  ( 43.10000000000006537, -6.932147671869986816, 14.19404353412887865 ) ) ;
#1634 = PLANE ( 'NONE',  #585 ) ;
#1635 = CARTESIAN_POINT ( 'NONE',  ( 0.000000000000000000, -19.60000000000013642, 7.599999999999999645 ) ) ;
#1636 = CARTESIAN_POINT ( 'NONE',  ( 41.32853688510223122, -4.846142800114511040, 28.43174276785753563 ) ) ;
#1637 = EDGE_LOOP ( 'NONE', ( #1831, #2991, #2892, #403 ) ) ;
#1638 = CARTESIAN_POINT ( 'NONE',  ( 43.10000000000006537, -1.546112270910436015, 18.59999999999999787 ) ) ;
#1639 = VECTOR ( 'NONE', #4162, 1000.000000000000114 ) ;
#1640 = CARTESIAN_POINT ( 'NONE',  ( 22.36666666666673109, 16.10000000000007603, 28.59999999999999787 ) ) ;
#1641 = CARTESIAN_POINT ( 'NONE',  ( 42.61040127069383487, -5.010007900964375871, 27.23030725387464557 ) ) ;
#1642 = CARTESIAN_POINT ( 'NONE',  ( -9.099999999999937472, -7.399999999999876010, 23.59999999999999432 ) ) ;
#1643 = CARTESIAN_POINT ( 'NONE',  ( 39.63114460380442239, 21.09802632125749255, 24.36531221810773573 ) ) ;
#1644 = CARTESIAN_POINT ( 'NONE',  ( 41.42543508223176474, 18.99112130509168139, 28.34695819721004284 ) ) ;
#1645 = CARTESIAN_POINT ( 'NONE',  ( -12.64919595582380474, -5.484997902883269383, 28.22214248708581508 ) ) ;
#1646 = CARTESIAN_POINT ( 'NONE',  ( -13.81995122073864657, -6.586243568342256438, 24.36531221810770020 ) ) ;
#1647 = PLANE ( 'NONE',  #2669 ) ;
#1648 = CARTESIAN_POINT ( 'NONE',  ( -14.09999999999993570, 0.000000000000000000, 25.59999999999999787 ) ) ;
#1649 = CARTESIAN_POINT ( 'NONE',  ( 39.24942143381552029, 21.09627965690849649, 9.600000000000001421 ) ) ;
#1650 = CARTESIAN_POINT ( 'NONE',  ( -41.44748514794928695, -21.06840992987380901, 13.60000000000000320 ) ) ;
#1651 = DIRECTION ( 'NONE',  ( 1.000000000000000000, -0.000000000000000000, 0.000000000000000000 ) ) ;
#1652 = ORIENTED_EDGE ( 'NONE', *, *, #2740, .F. ) ;
#1653 = DIRECTION ( 'NONE',  ( 1.000000000000000000, 0.000000000000000000, 0.000000000000000000 ) ) ;
#1654 = CARTESIAN_POINT ( 'NONE',  ( -44.10000000000007248, 16.09999999999986287, 9.400000000000000355 ) ) ;
#1655 = CARTESIAN_POINT ( 'NONE',  ( 39.60000000000006537, -3.883361228340237226, 28.58260859158972167 ) ) ;
#1656 = CARTESIAN_POINT ( 'NONE',  ( 41.92280331573814323, -2.399999999999879563, 28.43174276785786603 ) ) ;
#1657 = VERTEX_POINT ( 'NONE', #3798 ) ;
#1658 = CARTESIAN_POINT ( 'NONE',  ( 43.06335781416353825, -5.083671935308151646, 18.59999999999870823 ) ) ;
#1659 = CARTESIAN_POINT ( 'NONE',  ( 42.40946740632974610, -6.441659931981131848, 26.27804358441489896 ) ) ;
#1660 = CARTESIAN_POINT ( 'NONE',  ( -12.69012679213079409, 21.09999999999996234, 15.01944088155229018 ) ) ;
#1661 = CARTESIAN_POINT ( 'NONE',  ( 41.65300983135223589, 20.89076447118363689, 25.13064410631877976 ) ) ;
#1662 = CARTESIAN_POINT ( 'NONE',  ( 38.10000000000003695, 19.92280331574060170, 28.43174276785740773 ) ) ;
#1663 = CARTESIAN_POINT ( 'NONE',  ( -13.45576142247091767, -2.399999999999876010, 28.22214248708649365 ) ) ;
#1664 = CARTESIAN_POINT ( 'NONE',  ( -9.099999999999935696, -7.338068901300184521, 26.66045524840983560 ) ) ;
#1665 = AXIS2_PLACEMENT_3D ( 'NONE', #4411, #2692, #4433 ) ;
#1666 = CARTESIAN_POINT ( 'NONE',  ( 40.10000000000001563, -4.399999999999876010, 27.72132034355963981 ) ) ;
#1667 = CARTESIAN_POINT ( 'NONE',  ( 38.86607674231511567, -2.496065907968141762, 28.59999999999999787 ) ) ;
#1668 = CARTESIAN_POINT ( 'NONE',  ( 43.10000000000006537, 3.766666666666789620, 23.59999999999999432 ) ) ;
#1669 = DIRECTION ( 'NONE',  ( 1.000000000000000000, 0.000000000000000000, 0.000000000000000000 ) ) ;
#1670 = VERTEX_POINT ( 'NONE', #1802 ) ;
#1671 = CARTESIAN_POINT ( 'NONE',  ( 43.10000000000007248, -6.367985304816650149, 14.65852308930105785 ) ) ;
#1672 = CARTESIAN_POINT ( 'NONE',  ( 42.96439640049428732, 16.10000000000013287, 27.23030725387525663 ) ) ;
#1673 = CARTESIAN_POINT ( 'NONE',  ( -9.099999999999935696, -2.399999999999875566, 28.60000000000000497 ) ) ;
#1674 = CARTESIAN_POINT ( 'NONE',  ( 40.78802939863386712, -5.951047679076517660, 28.31225206021135321 ) ) ;
#1675 = ORIENTED_EDGE ( 'NONE', *, *, #2916, .T. ) ;
#1676 = DIRECTION ( 'NONE',  ( -1.000000000000000000, 0.000000000000000000, -0.000000000000000000 ) ) ;
#1677 = SURFACE_STYLE_FILL_AREA ( #3612 ) ;
#1678 = CARTESIAN_POINT ( 'NONE',  ( 42.55627230991866838, -5.842666173633519477, 26.66045524841106484 ) ) ;
#1679 = CARTESIAN_POINT ( 'NONE',  ( -13.14782631434576210, 21.09999999999996589, 14.58550043300028243 ) ) ;
#1680 = CARTESIAN_POINT ( 'NONE',  ( 38.10000000000005116, 21.10000000000013287, 24.36531221810770376 ) ) ;
#1681 = CARTESIAN_POINT ( 'NONE',  ( 41.11992433581470863, 19.33868739221276201, 28.34695819720995047 ) ) ;
#1682 = CARTESIAN_POINT ( 'NONE',  ( -12.38630607632143743, -4.721513530228159894, 28.43174276785738641 ) ) ;
#1683 = CARTESIAN_POINT ( 'NONE',  ( -14.09802632132750055, -3.931144596179728889, 24.36531221810778547 ) ) ;
#1684 = DIRECTION ( 'NONE',  ( -0.9848077530122080203, 0.000000000000000000, 0.1736481776669307198 ) ) ;
#1685 = CARTESIAN_POINT ( 'NONE',  ( 38.10000000000007958, -2.399999999999878675, 28.59999999999999076 ) ) ;
#1686 = CARTESIAN_POINT ( 'NONE',  ( 38.10000000000006537, 16.10000000000013287, 28.60000000000000142 ) ) ;
#1687 = LINE ( 'NONE', #329, #3892 ) ;
#1688 = DIRECTION ( 'NONE',  ( -0.000000000000000000, -0.000000000000000000, -1.000000000000000000 ) ) ;
#1689 = LINE ( 'NONE', #4409, #3539 ) ;
#1690 = VERTEX_POINT ( 'NONE', #1415 ) ;
#1691 = CARTESIAN_POINT ( 'NONE',  ( -14.09999999999993570, 16.09999999999996945, 13.60000000000000142 ) ) ;
#1692 = CARTESIAN_POINT ( 'NONE',  ( -14.09999999999993570, -2.399999999999875566, 28.59999999999999787 ) ) ;
#1693 = AXIS2_PLACEMENT_3D ( 'NONE', #3845, #2815, #2059 ) ;
#1694 = DIRECTION ( 'NONE',  ( 1.000000000000000000, 1.916821520416347353E-16, -0.000000000000000000 ) ) ;
#1695 = CARTESIAN_POINT ( 'NONE',  ( 41.33868739218963384, -5.419924335822355665, 28.34695819720964494 ) ) ;
#1696 = ORIENTED_EDGE ( 'NONE', *, *, #2210, .F. ) ;
#1697 = EDGE_CURVE ( 'NONE', #4071, #715, #309, .T. ) ;
#1698 = CARTESIAN_POINT ( 'NONE',  ( 43.09915260999633801, -3.018563275086141307, 13.60000000000000142 ) ) ;
#1699 = EDGE_CURVE ( 'NONE', #1609, #2439, #4514, .T. ) ;
#1700 = DIRECTION ( 'NONE',  ( 1.000000000000000000, 0.000000000000000000, 0.000000000000000000 ) ) ;
#1701 = CARTESIAN_POINT ( 'NONE',  ( 42.64130611104151569, -5.927557441212738532, 26.27804358441501620 ) ) ;
#1702 =( BOUNDED_SURFACE ( )  B_SPLINE_SURFACE ( 2, 3, ( 
 ( #1988, #1227, #4442, #926 ),
 ( #198, #871, #4028, #3757 ),
 ( #1603, #3002, #4396, #1254 ) ),
 .UNSPECIFIED., .F., .F., .T. ) 
 B_SPLINE_SURFACE_WITH_KNOTS ( ( 3, 3 ),
 ( 4, 4 ),
 ( 0.000000000000000000, 1.000000000000000000 ),
 ( -0.003749999999999998994, 0.01274999999999999745 ),
 .UNSPECIFIED. ) 
 GEOMETRIC_REPRESENTATION_ITEM ( )  RATIONAL_B_SPLINE_SURFACE ( (
 ( 1.000000000000000000, 1.000000000000000000, 1.000000000000000000, 1.000000000000000000),
 ( 4.000000000000000888, 4.000000000000000888, 4.000000000000000888, 4.000000000000000888),
 ( 1.000000000000000000, 1.000000000000000000, 1.000000000000000000, 1.000000000000000000) ) ) 
 REPRESENTATION_ITEM ( '' )  SURFACE ( )  );
#1703 = ADVANCED_FACE ( 'NONE', ( #1037 ), #2474, .T. ) ;
#1704 = CARTESIAN_POINT ( 'NONE',  ( 42.73530929459293759, 20.46469559158716933, 24.36531221810783165 ) ) ;
#1705 = CARTESIAN_POINT ( 'NONE',  ( -9.658637091791611340, 20.84829685117239251, 27.69395940719778793 ) ) ;
#1706 = EDGE_CURVE ( 'NONE', #1370, #156, #118, .T. ) ;
#1707 = CARTESIAN_POINT ( 'NONE',  ( 41.16299030297133754, 18.42198399850503421, 28.46374219451708143 ) ) ;
#1708 = CARTESIAN_POINT ( 'NONE',  ( -12.50223893945542208, -5.357532394412301890, 28.31225206021129637 ) ) ;
#1709 = VECTOR ( 'NONE', #1176, 1000.000000000000000 ) ;
#1710 = CARTESIAN_POINT ( 'NONE',  ( -12.88221312600106749, -6.710324567823549913, 26.66045524841043601 ) ) ;
#1711 = DIRECTION ( 'NONE',  ( 1.000000000000000000, 0.000000000000000000, 0.000000000000000000 ) ) ;
#1712 = AXIS2_PLACEMENT_3D ( 'NONE', #1155, #4300, #2240 ) ;
#1713 = CIRCLE ( 'NONE', #2887, 0.7500000000000006661 ) ;
#1714 = CARTESIAN_POINT ( 'NONE',  ( 38.53182468957442808, -3.010441537330594386, 28.60000000000000142 ) ) ;
#1715 = CARTESIAN_POINT ( 'NONE',  ( 42.87219128650705358, 20.11584027700545363, 9.600000000000001421 ) ) ;
#1716 = LINE ( 'NONE', #3113, #3234 ) ;
#1717 = CARTESIAN_POINT ( 'NONE',  ( -9.099999999999937472, -12.39999999999987601, 13.60000000000000142 ) ) ;
#1718 = CARTESIAN_POINT ( 'NONE',  ( 0.000000000000000000, -19.60000000000013642, 7.599999999999999645 ) ) ;
#1719 = ORIENTED_EDGE ( 'NONE', *, *, #330, .F. ) ;
#1720 = CARTESIAN_POINT ( 'NONE',  ( -11.77860448456908493, 21.05646124466567670, 23.59999999999998721 ) ) ;
#1721 = CARTESIAN_POINT ( 'NONE',  ( 39.60000000000006537, 3.600000000000123990, 25.59999999999999787 ) ) ;
#1722 = CARTESIAN_POINT ( 'NONE',  ( -40.09999999999995879, -12.19689577749903187, 7.600000000000000533 ) ) ;
#1723 = CARTESIAN_POINT ( 'NONE',  ( -43.98712545639574500, 19.55436243565048215, 13.60000000000000142 ) ) ;
#1724 = ORIENTED_EDGE ( 'NONE', *, *, #4142, .F. ) ;
#1725 = CARTESIAN_POINT ( 'NONE',  ( 42.20871860652120233, -12.25130278280803253, 13.60000000000001208 ) ) ;
#1726 = CARTESIAN_POINT ( 'NONE',  ( -11.76317171968888253, 18.95496491028421815, 28.46374219451694287 ) ) ;
#1727 = CARTESIAN_POINT ( 'NONE',  ( 41.71254183875322497, -6.533559112239731625, 27.23030725387408424 ) ) ;
#1728 = VERTEX_POINT ( 'NONE', #2773 ) ;
#1729 = CARTESIAN_POINT ( 'NONE',  ( -13.30134793601025223, -12.23149982290568971, 13.60000000000000142 ) ) ;
#1730 = CARTESIAN_POINT ( 'NONE',  ( 43.05646124466576197, 18.77860448456929632, 23.59999999999999432 ) ) ;
#1731 = CARTESIAN_POINT ( 'NONE',  ( -13.61040127071662376, 18.71000790096743316, 27.23030725387439688 ) ) ;
#1732 = CARTESIAN_POINT ( 'NONE',  ( -12.21840971638643225, -4.604320694324911756, 28.46374219451685761 ) ) ;
#1733 = B_SPLINE_CURVE_WITH_KNOTS ( 'NONE', 3,
 ( #652, #4151, #1326, #611, #4496, #2016, #3804, #3784, #1287, #631, #1613, #3012, #4068, #2323, #3723, #1980, #3376, #2689, #1374, #3459, #746, #4539, #3485, #336, #2778, #1743, #38, #1764, #2800, #4194, #1444, #1020, #2842, #2115, #4238, #315, #3874, #1397, #3895, #3506, #2821, #2158, #357, #2526, #4173, #4518, #1723, #718, #17, #3554, #3142, #1042, #2433, #3120, #4216, #400, #4261, #2866, #2092, #3161, #377, #3827 ),
 .UNSPECIFIED., .F., .F.,
 ( 4, 1, 1, 1, 1, 1, 1, 1, 2, 2, 1, 1, 1, 1, 1, 1, 2, 2, 1, 1, 1, 1, 2, 2, 2, 1, 1, 1, 1, 2, 2, 1, 1, 1, 1, 1, 2, 2, 1, 1, 1, 1, 1, 1, 2, 2, 4 ),
 ( 0.000000000000000000, 0.1250000000000133227, 0.1875000000000199840, 0.2187500000000246192, 0.2343750000000255074, 0.2421875000000274503, 0.2460937500000284495, 0.2480468750000289768, 0.2490234375000291711, 0.2500000000000294209, 0.3124999999999364397, 0.3437499999998910871, 0.3593749999998671063, 0.3671874999998551159, 0.3710937499998491207, 0.3730468749998476774, 0.3740234374998483435, 0.3749999999998490097, 0.4062499999998313571, 0.4218749999998237521, 0.4296874999998198108, 0.4335937499998178124, 0.4355468749998155364, 0.4374999999998132605, 0.4999999999997629674, 0.5312499999997387645, 0.5468749999997266631, 0.5546874999997205569, 0.5585937499997178923, 0.5605468749997164490, 0.5624999999997150057, 0.5937499999996788125, 0.6093749999996607158, 0.6171874999996521671, 0.6210937499996480593, 0.6230468749996465050, 0.6240234374996452837, 0.6249999999996440625, 0.6874999999996765920, 0.7187499999996934674, 0.7343749999997019051, 0.7421874999997055689, 0.7460937499997079003, 0.7480468749997095657, 0.7490234374997103428, 0.7499999999997111200, 1.000000000000000000 ),
 .UNSPECIFIED. ) ;
#1734 = CARTESIAN_POINT ( 'NONE',  ( -14.09999999999993570, 16.09999999999996945, 23.59999999999999076 ) ) ;
#1735 = ADVANCED_FACE ( 'NONE', ( #714 ), #1760, .F. ) ;
#1736 = CARTESIAN_POINT ( 'NONE',  ( 38.42672673601180122, -3.079514775384981640, 28.59999999999999076 ) ) ;
#1737 = CARTESIAN_POINT ( 'NONE',  ( -44.06157421608427427, 18.63707660274668498, 9.600000000000003197 ) ) ;
#1738 = CARTESIAN_POINT ( 'NONE',  ( 40.64972230663532571, 19.71320027225250726, 28.31225206021172625 ) ) ;
#1739 = ORIENTED_EDGE ( 'NONE', *, *, #322, .F. ) ;
#1740 = CARTESIAN_POINT ( 'NONE',  ( 43.10000000000006537, -8.956241848914729076, 13.66546871164444354 ) ) ;
#1741 = CARTESIAN_POINT ( 'NONE',  ( -44.10000000000007248, -16.10000000000013642, 9.400000000000000355 ) ) ;
#1742 = CARTESIAN_POINT ( 'NONE',  ( 38.10000000000007248, -7.399999999999876010, 29.34999999999999432 ) ) ;
#1743 = CARTESIAN_POINT ( 'NONE',  ( -43.03820785104267799, 20.89504420574688126, 13.60000000000000142 ) ) ;
#1744 = ORIENTED_EDGE ( 'NONE', *, *, #771, .T. ) ;
#1745 = CARTESIAN_POINT ( 'NONE',  ( 42.47613984634696038, -7.005525832748399573, 13.60000000000064624 ) ) ;
#1746 = CARTESIAN_POINT ( 'NONE',  ( -10.48563001513943860, 16.77192499039954754, 28.59803400948222674 ) ) ;
#1747 = CARTESIAN_POINT ( 'NONE',  ( 42.04782467155124692, -5.838976864036682812, 27.69395940719805438 ) ) ;
#1748 = VERTEX_POINT ( 'NONE', #35 ) ;
#1749 = CARTESIAN_POINT ( 'NONE',  ( 43.10000000000006537, -16.10000000000013642, 9.400000000000000355 ) ) ;
#1750 = CARTESIAN_POINT ( 'NONE',  ( 42.85322281418428503, 17.33781676322422172, 27.42003145578786061 ) ) ;
#1751 = CARTESIAN_POINT ( 'NONE',  ( -12.71984315694800038, 19.24643746746671980, 28.16519854648779742 ) ) ;
#1752 = CARTESIAN_POINT ( 'NONE',  ( 39.87180854717136924, -21.08542865622453633, 13.60000000000000320 ) ) ;
#1753 = CARTESIAN_POINT ( 'NONE',  ( -9.099999999999937472, -6.222803315742166497, 28.43174276785706667 ) ) ;
#1754 = LINE ( 'NONE', #2027, #965 ) ;
#1755 = CARTESIAN_POINT ( 'NONE',  ( 42.99246996001630805, -19.51270507533136822, 9.600000000000001421 ) ) ;
#1756 = CARTESIAN_POINT ( 'NONE',  ( 43.07025860286483976, 18.39770951319311720, 9.600000000000001421 ) ) ;
#1757 = CARTESIAN_POINT ( 'NONE',  ( 42.53521281681508270, 16.60762653725083382, 28.16519854648886678 ) ) ;
#1758 = CARTESIAN_POINT ( 'NONE',  ( 38.10000000000007958, -7.264396400494429251, 27.23030725387313566 ) ) ;
#1759 = EDGE_CURVE ( 'NONE', #4042, #4478, #4341, .T. ) ;
#1760 = CYLINDRICAL_SURFACE ( 'NONE', #1536, 0.7500000000000006661 ) ;
#1761 = ORIENTED_EDGE ( 'NONE', *, *, #1897, .T. ) ;
#1762 = CARTESIAN_POINT ( 'NONE',  ( 39.60000000000006537, -4.399999999999876010, 28.56611353383751606 ) ) ;
#1763 = CARTESIAN_POINT ( 'NONE',  ( -40.09999999999995879, -12.19689577749903542, 10.59999999999999964 ) ) ;
#1764 = CARTESIAN_POINT ( 'NONE',  ( -43.08708972991211539, 20.88097685546586746, 13.60000000000000142 ) ) ;
#1765 = VERTEX_POINT ( 'NONE', #1781 ) ;
#1766 = CARTESIAN_POINT ( 'NONE',  ( -15.89690198319798320, 21.09999999999993747, 13.65103547461391820 ) ) ;
#1767 = CARTESIAN_POINT ( 'NONE',  ( 47.96338984013085849, -6.398588512977004150, 13.60000000000000497 ) ) ;
#1768 = AXIS2_PLACEMENT_3D ( 'NONE', #573, #2673, #4048 ) ;
#1769 = CARTESIAN_POINT ( 'NONE',  ( -9.543110302404436140, 19.92280331574044183, 28.43174276785741128 ) ) ;
#1770 = CARTESIAN_POINT ( 'NONE',  ( 39.29259232211926189, -7.062907579291142213, 27.69395940719706317 ) ) ;
#1771 = EDGE_LOOP ( 'NONE', ( #2780, #3378, #2350, #2406 ) ) ;
#1772 = CARTESIAN_POINT ( 'NONE',  ( -11.17347768862570234, -12.37937929537339521, 13.60000000000000497 ) ) ;
#1773 = CARTESIAN_POINT ( 'NONE',  ( 42.55623898197059418, 18.66188182262655459, 27.42003145578759060 ) ) ;
#1774 = CARTESIAN_POINT ( 'NONE',  ( -13.53521281681591582, 16.60762651912926913, 28.16519854648805321 ) ) ;
#1775 = CARTESIAN_POINT ( 'NONE',  ( -12.11992433582184248, -5.638687392205309123, 28.34695819720926835 ) ) ;
#1776 = CARTESIAN_POINT ( 'NONE',  ( -17.36559840588516934, 23.90941576793085588, 13.60000000000001208 ) ) ;
#1777 = CARTESIAN_POINT ( 'NONE',  ( 42.99046056094314849, -19.52861721390769745, 9.600000000000003197 ) ) ;
#1778 = CARTESIAN_POINT ( 'NONE',  ( 41.48039098668219538, 20.99643778796653493, 9.600000000000001421 ) ) ;
#1779 = AXIS2_PLACEMENT_3D ( 'NONE', #1307, #1694, #206 ) ;
#1780 = CARTESIAN_POINT ( 'NONE',  ( 26.43333333333339752, -4.399999999999876010, 28.57958971134006276 ) ) ;
#1781 = CARTESIAN_POINT ( 'NONE',  ( -41.29999999999996163, -11.19689577749904252, 7.600000000000000533 ) ) ;
#1782 = B_SPLINE_CURVE_WITH_KNOTS ( 'NONE', 3,
 ( #2118, #1045, #2413, #3807 ),
 .UNSPECIFIED., .F., .F.,
 ( 4, 4 ),
 ( 0.000000000000000000, 1.000000000000000000 ),
 .UNSPECIFIED. ) ;
#1783 = ORIENTED_EDGE ( 'NONE', *, *, #3471, .T. ) ;
#1784 = DIRECTION ( 'NONE',  ( 0.000000000000000000, 0.000000000000000000, -1.000000000000000000 ) ) ;
#1785 = LINE ( 'NONE', #376, #2650 ) ;
#1786 = CARTESIAN_POINT ( 'NONE',  ( -14.09641051250868493, -3.775001414488015961, 18.60000000000000497 ) ) ;
#1787 = ORIENTED_EDGE ( 'NONE', *, *, #2405, .F. ) ;
#1788 = CARTESIAN_POINT ( 'NONE',  ( -15.90180790076124318, 21.09999999999994458, 13.65076931829259621 ) ) ;
#1789 = CARTESIAN_POINT ( 'NONE',  ( 43.06335781391265982, -5.083671935285039467, 13.60000000000000497 ) ) ;
#1790 = CARTESIAN_POINT ( 'NONE',  ( -12.45220264122179898, 17.71057547664603504, 28.46374219451697485 ) ) ;
#1791 = CARTESIAN_POINT ( 'NONE',  ( 39.27681519099517260, -7.027070450477799213, 27.78280182435170076 ) ) ;
#1792 = ORIENTED_EDGE ( 'NONE', *, *, #4168, .T. ) ;
#1793 = CARTESIAN_POINT ( 'NONE',  ( 0.000000000000000000, 0.000000000000000000, 25.59999999999999787 ) ) ;
#1794 = CARTESIAN_POINT ( 'NONE',  ( 42.81798923054294193, 18.48968926413265734, 26.66045524841160130 ) ) ;
#1795 = CARTESIAN_POINT ( 'NONE',  ( -13.30712630458995349, 18.48171833635806394, 27.95172059729452130 ) ) ;
#1796 = CARTESIAN_POINT ( 'NONE',  ( -9.864831348802759692, -3.742516900147124126, 28.59803400948223384 ) ) ;
#1797 = CARTESIAN_POINT ( 'NONE',  ( -9.099999999999935696, -7.264396400494429251, 27.23030725387313211 ) ) ;
#1798 = CARTESIAN_POINT ( 'NONE',  ( -13.28033628363282403, 20.81432212399408499, 18.60000000000128750 ) ) ;
#1799 = CARTESIAN_POINT ( 'NONE',  ( 43.01881759004933770, -19.27279173393784717, 9.600000000000001421 ) ) ;
#1800 = CARTESIAN_POINT ( 'NONE',  ( 42.93063647161920926, 19.90107979775748603, 9.600000000000001421 ) ) ;
#1801 = CARTESIAN_POINT ( 'NONE',  ( -13.07013953335765954, -6.108874221394403392, 27.42003145578645373 ) ) ;
#1802 = CARTESIAN_POINT ( 'NONE',  ( 40.10000000000006537, 17.35000000000012577, 7.599999999999999645 ) ) ;
#1803 = VERTEX_POINT ( 'NONE', #395 ) ;
#1804 = EDGE_CURVE ( 'NONE', #3891, #4110, #69, .T. ) ;
#1805 = CARTESIAN_POINT ( 'NONE',  ( -13.93221018574028491, 19.92034089914897521, 24.36531221810777481 ) ) ;
#1806 = CARTESIAN_POINT ( 'NONE',  ( -10.34999999999993570, -4.399999999999876010, 25.59999999999999787 ) ) ;
#1807 = CARTESIAN_POINT ( 'NONE',  ( -14.09999999999993747, -2.399999999999876010, 18.60000000000000497 ) ) ;
#1808 = B_SPLINE_CURVE_WITH_KNOTS ( 'NONE', 3,
 ( #2194, #656, #2046, #1001, #3462, #1024, #1943, #4474, #1331, #2071, #2415, #2095, #3808, #3124, #4025, #3830, #1377, #1249, #867, #3101, #4176, #1599 ),
 .UNSPECIFIED., .F., .F.,
 ( 4, 2, 2, 2, 2, 2, 2, 2, 2, 2, 4 ),
 ( 0.000000000000000000, 0.2500000000000000000, 0.3750000000000000000, 0.4375000000000000000, 0.4687500000000000000, 0.5000000000000000000, 0.5312500000000000000, 0.5625000000000000000, 0.6250000000000000000, 0.7500000000000000000, 1.000000000000000000 ),
 .UNSPECIFIED. ) ;
#1809 = ORIENTED_EDGE ( 'NONE', *, *, #438, .F. ) ;
#1810 = PLANE ( 'NONE',  #2215 ) ;
#1811 = CARTESIAN_POINT ( 'NONE',  ( -9.864633873837938438, 19.09607851308170723, 28.53781812637536319 ) ) ;
#1812 = CARTESIAN_POINT ( 'NONE',  ( 40.57792685604641747, -6.746969718896089319, 27.69395940719745397 ) ) ;
#1813 = VERTEX_POINT ( 'NONE', #79 ) ;
#1814 = CARTESIAN_POINT ( 'NONE',  ( -12.26519108914825118, -12.33787463312400234, 13.60000000000000497 ) ) ;
#1815 = CARTESIAN_POINT ( 'NONE',  ( 39.36518000927011940, 20.89084800662881847, 27.23030725387418016 ) ) ;
#1816 = CARTESIAN_POINT ( 'NONE',  ( -11.13681530437435896, 20.34331101321667035, 28.03089793834135790 ) ) ;
#1817 = CARTESIAN_POINT ( 'NONE',  ( -10.27832250060488839, -3.428475956345882203, 28.59803400948223384 ) ) ;
#1818 = CARTESIAN_POINT ( 'NONE',  ( -10.36518000927065053, -7.190848006642839962, 27.23030725387326356 ) ) ;
#1819 = CARTESIAN_POINT ( 'NONE',  ( -16.53995079486742981, 24.67090183456488361, 13.59999999999999076 ) ) ;
#1820 =( BOUNDED_CURVE ( )  B_SPLINE_CURVE ( 2, ( #877, #284, #2012 ),
 .UNSPECIFIED., .F., .F. ) 
 B_SPLINE_CURVE_WITH_KNOTS ( ( 3, 3 ),
 ( 0.000000000000000000, 1.000000000000000000 ),
 .UNSPECIFIED. ) 
 CURVE ( )  GEOMETRIC_REPRESENTATION_ITEM ( )  RATIONAL_B_SPLINE_CURVE ( ( 1.000000000000000000, 4.000000000000000888, 1.000000000000000000 ) ) 
 REPRESENTATION_ITEM ( '' )  );
#1821 = CARTESIAN_POINT ( 'NONE',  ( 43.07077768596502665, -18.38329560836046639, 9.600000000000001421 ) ) ;
#1822 = CARTESIAN_POINT ( 'NONE',  ( -43.87725659433507985, 20.09948029764385780, 9.600000000000001421 ) ) ;
#1823 = CARTESIAN_POINT ( 'NONE',  ( -11.16850838150606684, -6.700893666891486689, 27.95172059729346969 ) ) ;
#1824 = DIRECTION ( 'NONE',  ( -0.000000000000000000, -0.000000000000000000, 1.000000000000000000 ) ) ;
#1825 = CARTESIAN_POINT ( 'NONE',  ( -40.24942143392786420, -21.09627965690850004, 9.600000000000003197 ) ) ;
#1826 = CIRCLE ( 'NONE', #4394, 0.5000000000000004441 ) ;
#1827 = CARTESIAN_POINT ( 'NONE',  ( 38.42672673685109430, 16.77951477504624123, 28.59999999999999787 ) ) ;
#1828 = CARTESIAN_POINT ( 'NONE',  ( -12.16147778144953762, 21.03798138033106113, 24.36531221810772507 ) ) ;
#1829 = CARTESIAN_POINT ( 'NONE',  ( -43.12889382622937262, -20.86802747807813674, 13.60000000000000142 ) ) ;
#1830 = CARTESIAN_POINT ( 'NONE',  ( -13.52111552348754842, -6.972249807315646919, 18.60000000000061959 ) ) ;
#1831 = ORIENTED_EDGE ( 'NONE', *, *, #3244, .T. ) ;
#1832 = CARTESIAN_POINT ( 'NONE',  ( -44.10000000000007248, -16.10000000000013642, 13.60000000000000142 ) ) ;
#1833 = CARTESIAN_POINT ( 'NONE',  ( 39.63261624263570582, 16.10000000000012577, 28.59803400948222674 ) ) ;
#1834 = CARTESIAN_POINT ( 'NONE',  ( 40.32750180907093807, -6.941311572553511056, 27.42003145578617307 ) ) ;
#1835 = ORIENTED_EDGE ( 'NONE', *, *, #4336, .F. ) ;
#1836 = FACE_OUTER_BOUND ( 'NONE', #4114, .T. ) ;
#1837 = CARTESIAN_POINT ( 'NONE',  ( 38.62510618830938824, 20.66867854635675883, 28.03089793834123356 ) ) ;
#1838 = CARTESIAN_POINT ( 'NONE',  ( -13.28746191188499104, 16.09999999999997655, 28.31225206021178309 ) ) ;
#1839 = CARTESIAN_POINT ( 'NONE',  ( 40.38973471204379706, -21.07054652695223140, 13.60000000000000320 ) ) ;
#1840 = VECTOR ( 'NONE', #995, 1000.000000000000000 ) ;
#1841 = CARTESIAN_POINT ( 'NONE',  ( -13.90229016575017695, 20.07579555242621794, 18.59999999999871889 ) ) ;
#1842 = CARTESIAN_POINT ( 'NONE',  ( 42.98901496049328586, -19.53988389866544395, 9.600000000000003197 ) ) ;
#1843 = ADVANCED_FACE ( 'NONE', ( #3594 ), #2541, .F. ) ;
#1844 = CARTESIAN_POINT ( 'NONE',  ( -41.49873699103876845, 21.06641683701712608, 9.600000000000001421 ) ) ;
#1845 = CARTESIAN_POINT ( 'NONE',  ( -12.02766598572842582, -6.529465289034692255, 27.78280182435198142 ) ) ;
#1846 = CARTESIAN_POINT ( 'NONE',  ( 43.10000000000006537, -12.08295866739850766, 13.60000000000000142 ) ) ;
#1847 = DIRECTION ( 'NONE',  ( 0.000000000000000000, -1.000000000000000000, 0.000000000000000000 ) ) ;
#1848 =( BOUNDED_SURFACE ( )  B_SPLINE_SURFACE ( 2, 3, ( 
 ( #267, #2388, #2639, #883 ),
 ( #3375, #3783, #935, #246 ),
 ( #1654, #4067, #630, #2038 ) ),
 .UNSPECIFIED., .F., .F., .F. ) 
 B_SPLINE_SURFACE_WITH_KNOTS ( ( 3, 3 ),
 ( 4, 4 ),
 ( 0.000000000000000000, 1.000000000000000000 ),
 ( -0.001199999999999999244, 0.003200000000000001021 ),
 .UNSPECIFIED. ) 
 GEOMETRIC_REPRESENTATION_ITEM ( )  RATIONAL_B_SPLINE_SURFACE ( (
 ( 1.000000000000000000, 1.000000000000000000, 1.000000000000000000, 1.000000000000000000),
 ( 4.000000000000000888, 4.000000000000000888, 4.000000000000000888, 4.000000000000000888),
 ( 1.000000000000000000, 1.000000000000000000, 1.000000000000000000, 1.000000000000000000) ) ) 
 REPRESENTATION_ITEM ( '' )  SURFACE ( )  );
#1849 = EDGE_LOOP ( 'NONE', ( #124, #432, #452, #4148 ) ) ;
#1850 = CARTESIAN_POINT ( 'NONE',  ( 39.95572144013399196, 18.22954006206887101, 28.55633887815913141 ) ) ;
#1851 = CARTESIAN_POINT ( 'NONE',  ( -12.92033942788689238, 20.93221048961617825, 24.36531221810777126 ) ) ;
#1852 = CARTESIAN_POINT ( 'NONE',  ( -9.099999999999933920, -7.399999999999876010, 20.26666666666666927 ) ) ;
#1853 = CARTESIAN_POINT ( 'NONE',  ( -11.58992638624820692, -12.36822972919092045, 13.60000000000000142 ) ) ;
#1854 = ORIENTED_EDGE ( 'NONE', *, *, #3363, .T. ) ;
#1855 = DIRECTION ( 'NONE',  ( -0.000000000000000000, -0.000000000000000000, 1.000000000000000000 ) ) ;
#1856 = VECTOR ( 'NONE', #1700, 1000.000000000000000 ) ;
#1857 = CARTESIAN_POINT ( 'NONE',  ( 0.000000000000000000, 0.000000000000000000, 0.000000000000000000 ) ) ;
#1858 = DIRECTION ( 'NONE',  ( 1.000000000000000000, 0.000000000000000000, 0.000000000000000000 ) ) ;
#1859 = CARTESIAN_POINT ( 'NONE',  ( 41.86700744063795554, -5.058109423880505773, 28.22214248708644035 ) ) ;
#1860 = ORIENTED_EDGE ( 'NONE', *, *, #1228, .T. ) ;
#1861 = CARTESIAN_POINT ( 'NONE',  ( 40.10000000000006537, -3.649999999999877343, 7.599999999999999645 ) ) ;
#1862 = CARTESIAN_POINT ( 'NONE',  ( 42.34331101320303503, 18.13681530437415290, 28.03089793834213950 ) ) ;
#1863 = CARTESIAN_POINT ( 'NONE',  ( -12.84157869669064134, 17.04280683363342419, 28.43174276785756405 ) ) ;
#1864 = CARTESIAN_POINT ( 'NONE',  ( 43.03146074138148691, -19.14736041317812010, 13.59999999999999964 ) ) ;
#1865 =( BOUNDED_CURVE ( )  B_SPLINE_CURVE ( 2, ( #2649, #534, #2999 ),
 .UNSPECIFIED., .F., .F. ) 
 B_SPLINE_CURVE_WITH_KNOTS ( ( 3, 3 ),
 ( 0.000000000000000000, 1.000000000000000000 ),
 .UNSPECIFIED. ) 
 CURVE ( )  GEOMETRIC_REPRESENTATION_ITEM ( )  RATIONAL_B_SPLINE_CURVE ( ( 1.000000000000000000, 4.000000000000000888, 1.000000000000000000 ) ) 
 REPRESENTATION_ITEM ( '' )  );
#1866 = CARTESIAN_POINT ( 'NONE',  ( -13.50976622121513238, 20.68109130942227836, 13.59999999999674536 ) ) ;
#1867 = CARTESIAN_POINT ( 'NONE',  ( -9.099999999999941025, -7.398029322239122685, 25.13064410631819001 ) ) ;
#1868 = CARTESIAN_POINT ( 'NONE',  ( -43.97389364417247037, 19.65631831746229707, 9.600000000000003197 ) ) ;
#1869 = CARTESIAN_POINT ( 'NONE',  ( -13.53735377142157859, -4.553017765669831185, 27.69395940719793714 ) ) ;
#1870 = CARTESIAN_POINT ( 'NONE',  ( 40.10000000000006537, 0.000000000000000000, 7.599999999999999645 ) ) ;
#1871 = VERTEX_POINT ( 'NONE', #99 ) ;
#1872 = CARTESIAN_POINT ( 'NONE',  ( 39.79396846764824147, -4.629076416762493373, 28.55633887815911720 ) ) ;
#1873 = CARTESIAN_POINT ( 'NONE',  ( 39.24503569886803689, 17.16987743390750509, 28.59803400948222674 ) ) ;
#1874 = CARTESIAN_POINT ( 'NONE',  ( -13.50242556637178204, 19.97287642283556508, 26.27804358441494159 ) ) ;
#1875 = DIRECTION ( 'NONE',  ( 1.000000000000000000, 0.000000000000000000, 0.000000000000000000 ) ) ;
#1876 = CARTESIAN_POINT ( 'NONE',  ( -14.07111531302773777, -4.714879101295715635, 13.60000000000000497 ) ) ;
#1877 = ORIENTED_EDGE ( 'NONE', *, *, #1927, .T. ) ;
#1878 = DIRECTION ( 'NONE',  ( 1.000000000000000000, 3.491481338843133750E-15, 0.000000000000000000 ) ) ;
#1879 = CARTESIAN_POINT ( 'NONE',  ( -9.099999999999933920, 16.09999999999996945, 28.59999999999999076 ) ) ;
#1880 = CARTESIAN_POINT ( 'NONE',  ( 39.16834777097131592, -6.666564384807673882, 28.22214248708518269 ) ) ;
#1881 = EDGE_LOOP ( 'NONE', ( #1165, #2613, #3781, #1933 ) ) ;
#1882 = CARTESIAN_POINT ( 'NONE',  ( -19.09257907332401416, -3.984916976409990763, 13.59999999999999964 ) ) ;
#1883 = CARTESIAN_POINT ( 'NONE',  ( 42.22946547105316029, 19.02766486392873091, 27.78280182435320711 ) ) ;
#1884 = CARTESIAN_POINT ( 'NONE',  ( -12.41363113546960406, 19.18961270624565074, 28.31225206021160545 ) ) ;
#1885 = CARTESIAN_POINT ( 'NONE',  ( 42.03820785103911817, -20.89504420574696653, 13.60000000000000497 ) ) ;
#1886 = CARTESIAN_POINT ( 'NONE',  ( 42.64511142902367880, -6.674962742838947527, 25.13064410631865542 ) ) ;
#1887 = CARTESIAN_POINT ( 'NONE',  ( -15.25193511977139948, 25.41765109545471901, 13.59999999999999787 ) ) ;
#1888 = CARTESIAN_POINT ( 'NONE',  ( -18.93786754345603285, 20.31715835566429718, 13.60000000000000320 ) ) ;
#1889 = CARTESIAN_POINT ( 'NONE',  ( -43.98959392881949526, 19.53538422206319680, 9.600000000000003197 ) ) ;
#1890 = CARTESIAN_POINT ( 'NONE',  ( -12.80885708952376767, -6.370150566867927466, 27.42003145578636492 ) ) ;
#1891 = CARTESIAN_POINT ( 'NONE',  ( 0.000000000000000000, -18.10000000000013642, 10.59999999999999964 ) ) ;
#1892 = CARTESIAN_POINT ( 'NONE',  ( -43.03820785103992108, -20.89504420574708021, 9.600000000000001421 ) ) ;
#1893 = EDGE_CURVE ( 'NONE', #244, #4291, #2130, .T. ) ;
#1894 = CARTESIAN_POINT ( 'NONE',  ( 40.71188902145109978, -4.249871563030174215, 28.53781812637537030 ) ) ;
#1895 = CARTESIAN_POINT ( 'NONE',  ( 39.65716331651665172, 18.84443802158394377, 28.53781812637539872 ) ) ;
#1896 = CARTESIAN_POINT ( 'NONE',  ( -14.09802932223918859, 16.09999999999996945, 25.13064410631877621 ) ) ;
#1897 = EDGE_CURVE ( 'NONE', #1657, #1690, #396, .T. ) ;
#1898 = CARTESIAN_POINT ( 'NONE',  ( -9.099999999999933920, -7.399999999999875122, 23.59999999999999076 ) ) ;
#1899 = CARTESIAN_POINT ( 'NONE',  ( -18.63938393216454514, -8.049457714652636042, 13.59999999999999787 ) ) ;
#1900 = EDGE_LOOP ( 'NONE', ( #3503, #3180, #3162, #1877 ) ) ;
#1901 = EDGE_CURVE ( 'NONE', #1982, #2507, #3836, .T. ) ;
#1902 = ADVANCED_FACE ( 'NONE', ( #3169 ), #3902, .F. ) ;
#1903 = CARTESIAN_POINT ( 'NONE',  ( 20.60000000000006892, -3.893605471189462541, 28.59319657044482810 ) ) ;
#1904 = DIRECTION ( 'NONE',  ( 0.000000000000000000, -0.000000000000000000, -1.000000000000000000 ) ) ;
#1905 = CARTESIAN_POINT ( 'NONE',  ( -10.04320623430582948, -3.638733312543392717, 28.59803400948223029 ) ) ;
#1906 = CARTESIAN_POINT ( 'NONE',  ( 40.32316855256274124, -6.341486860441863271, 28.22214248708561257 ) ) ;
#1907 = VERTEX_POINT ( 'NONE', #753 ) ;
#1908 = CARTESIAN_POINT ( 'NONE',  ( -15.37579997298907841, -11.65132727498343534, 13.60000000000000142 ) ) ;
#1909 = CARTESIAN_POINT ( 'NONE',  ( 42.40089366757486999, 18.16850837625663218, 27.95172059729516079 ) ) ;
#1910 = CARTESIAN_POINT ( 'NONE',  ( -10.10672275928106245, 20.11207252156989966, 28.34695819720952770 ) ) ;
#1911 = CARTESIAN_POINT ( 'NONE',  ( 40.63707660277908218, -21.06157421608307700, 13.60000000000000675 ) ) ;
#1912 = FACE_OUTER_BOUND ( 'NONE', #526, .T. ) ;
#1913 = CARTESIAN_POINT ( 'NONE',  ( 40.10000000000001563, -4.399999999999876010, 7.599999999999999645 ) ) ;
#1914 = CARTESIAN_POINT ( 'NONE',  ( -19.09999999999993747, 16.09999999999996945, 13.60000000000000142 ) ) ;
#1915 = CARTESIAN_POINT ( 'NONE',  ( -41.39770951319333392, 21.07025860286461594, 9.599999999999999645 ) ) ;
#1916 = VECTOR ( 'NONE', #372, 1000.000000000000000 ) ;
#1917 = CARTESIAN_POINT ( 'NONE',  ( -10.95460410331006607, -6.273767221141500094, 28.31225206021096596 ) ) ;
#1918 = DIRECTION ( 'NONE',  ( -1.000000000000000000, 0.000000000000000000, -0.000000000000000000 ) ) ;
#1919 = CARTESIAN_POINT ( 'NONE',  ( -44.05304772075147923, -18.79246757332827755, 9.600000000000003197 ) ) ;
#1920 = CARTESIAN_POINT ( 'NONE',  ( 39.45872906990049245, -4.791551114390993682, 28.55633887815909944 ) ) ;
#1921 = CARTESIAN_POINT ( 'NONE',  ( 38.99920977999377669, 17.36613719722495830, 28.59803400948223384 ) ) ;
#1922 = CARTESIAN_POINT ( 'NONE',  ( -11.66188182262658124, 20.55623898199237587, 27.42003145578676637 ) ) ;
#1923 = CARTESIAN_POINT ( 'NONE',  ( 22.36666666666673819, -7.399999999999876010, 18.60000000000000142 ) ) ;
#1924 = CARTESIAN_POINT ( 'NONE',  ( -14.10000000071095627, -3.087639341448910280, 13.59999999999877041 ) ) ;
#1925 = ORIENTED_EDGE ( 'NONE', *, *, #604, .F. ) ;
#1926 = CARTESIAN_POINT ( 'NONE',  ( 43.10000000000007248, -7.075519268908287529, 14.10354508900234549 ) ) ;
#1927 = EDGE_CURVE ( 'NONE', #3584, #2326, #2048, .T. ) ;
#1928 = CARTESIAN_POINT ( 'NONE',  ( -9.771924988664553169, 17.48563001567237407, 28.59803400948223739 ) ) ;
#1929 = VECTOR ( 'NONE', #4207, 1000.000000000000000 ) ;
#1930 = CARTESIAN_POINT ( 'NONE',  ( -12.73435374231211092, -2.399999999999875566, 28.46374219451701748 ) ) ;
#1931 = CARTESIAN_POINT ( 'NONE',  ( 41.65104754515287766, -5.088030043795255253, 28.31225206021169782 ) ) ;
#1932 = CARTESIAN_POINT ( 'NONE',  ( -11.69250326068569379, 21.09999999999995879, 16.00355265761681522 ) ) ;
#1933 = ORIENTED_EDGE ( 'NONE', *, *, #3254, .T. ) ;
#1934 = VECTOR ( 'NONE', #4005, 1000.000000000000000 ) ;
#1935 = VECTOR ( 'NONE', #615, 1000.000000000000000 ) ;
#1936 = CARTESIAN_POINT ( 'NONE',  ( -14.09999999999993570, -2.399999999999876010, 20.26666666666560346 ) ) ;
#1937 = CARTESIAN_POINT ( 'NONE',  ( 40.48171833635458228, 20.30712630459338186, 27.95172059729451419 ) ) ;
#1938 = CARTESIAN_POINT ( 'NONE',  ( -13.36656438458479279, 17.16834777564832137, 28.22214248708644746 ) ) ;
#1939 = CARTESIAN_POINT ( 'NONE',  ( 42.31763701899239294, -20.81003976634974606, 13.60000000000000142 ) ) ;
#1940 = CARTESIAN_POINT ( 'NONE',  ( 43.01139731292079915, -5.017047329642495335, 25.13064410631885792 ) ) ;
#1941 = DIRECTION ( 'NONE',  ( 0.000000000000000000, 0.000000000000000000, 1.000000000000000000 ) ) ;
#1942 = CARTESIAN_POINT ( 'NONE',  ( -19.09572327461603791, 17.34152534685236446, 13.60000000000000142 ) ) ;
#1943 = CARTESIAN_POINT ( 'NONE',  ( -13.93223886672373268, 16.09999999999995879, 27.42003145578717138 ) ) ;
#1944 = CARTESIAN_POINT ( 'NONE',  ( 41.88889849090096362, 17.91481671382828011, 28.34695819721025956 ) ) ;
#1945 = CARTESIAN_POINT ( 'NONE',  ( -13.11712065029334440, -4.666288923448812298, 28.16519854648759491 ) ) ;
#1946 = DIRECTION ( 'NONE',  ( 0.000000000000000000, 1.000000000000000000, 0.000000000000000000 ) ) ;
#1947 = DIRECTION ( 'NONE',  ( -3.639200510924877443E-15, 1.000000000000000000, 0.000000000000000000 ) ) ;
#1948 = CARTESIAN_POINT ( 'NONE',  ( 40.91662186760105158, -3.758667849283221507, 28.53781812637539161 ) ) ;
#1949 = CARTESIAN_POINT ( 'NONE',  ( 38.64507301205916434, 16.60920145342455356, 28.59999999999999787 ) ) ;
#1950 = CARTESIAN_POINT ( 'NONE',  ( -9.099999999999953459, 20.84829685117239606, 27.69395940719778793 ) ) ;
#1951 = CARTESIAN_POINT ( 'NONE',  ( -41.39770951319352577, -21.07025860286490371, 13.60000000000000320 ) ) ;
#1952 = LINE ( 'NONE', #3349, #3221 ) ;
#1953 = ADVANCED_FACE ( 'NONE', ( #344 ), #2021, .T. ) ;
#1954 = ORIENTED_EDGE ( 'NONE', *, *, #1570, .F. ) ;
#1955 = DIRECTION ( 'NONE',  ( 1.000000000000000000, 1.916821520416347353E-16, -0.000000000000000000 ) ) ;
#1956 = DIRECTION ( 'NONE',  ( 0.000000000000000000, -1.000000000000000000, 0.000000000000000000 ) ) ;
#1957 = CARTESIAN_POINT ( 'NONE',  ( -9.099999999999933920, -3.932616242637108073, 28.59803400948223029 ) ) ;
#1958 = CARTESIAN_POINT ( 'NONE',  ( 41.71984315692519374, -5.546437467457180581, 28.16519854648778676 ) ) ;
#1959 = CARTESIAN_POINT ( 'NONE',  ( -11.23444575491435060, 21.09999999999996234, 16.45958037248144379 ) ) ;
#1960 = ORIENTED_EDGE ( 'NONE', *, *, #2379, .T. ) ;
#1961 = PLANE ( 'NONE',  #961 ) ;
#1962 = CARTESIAN_POINT ( 'NONE',  ( 42.87219128650729516, -20.11584027700508415, 13.59999999999999964 ) ) ;
#1963 = EDGE_CURVE ( 'NONE', #1048, #3856, #996, .T. ) ;
#1964 = CARTESIAN_POINT ( 'NONE',  ( 43.05646124428348287, -5.078604492182203778, 23.60000000000000853 ) ) ;
#1965 = ORIENTED_EDGE ( 'NONE', *, *, #2377, .T. ) ;
#1966 = CARTESIAN_POINT ( 'NONE',  ( -16.18408920510409743, 21.09999999999994813, 13.63727440998875018 ) ) ;
#1967 = CARTESIAN_POINT ( 'NONE',  ( -19.07061978082847986, 18.47476482903043404, 13.60000000000000320 ) ) ;
#1968 = CARTESIAN_POINT ( 'NONE',  ( -9.598712622699736130, -6.755761422473204547, 28.22214248708496243 ) ) ;
#1969 = CARTESIAN_POINT ( 'NONE',  ( -12.65300983135562163, -7.190764471172677474, 25.13064410631842804 ) ) ;
#1970 = EDGE_CURVE ( 'NONE', #1564, #379, #2597, .T. ) ;
#1971 = CARTESIAN_POINT ( 'NONE',  ( -43.98574326795733214, -19.56481889561194620, 9.600000000000001421 ) ) ;
#1972 = CARTESIAN_POINT ( 'NONE',  ( 40.32907635400778901, -4.093968767933819919, 28.55633887815911720 ) ) ;
#1973 = CARTESIAN_POINT ( 'NONE',  ( 38.10000000000006537, -21.10000000000013642, 13.60000000000000142 ) ) ;
#1974 = CARTESIAN_POINT ( 'NONE',  ( -9.682659969070815720, 20.93223886672386769, 27.42003145578662426 ) ) ;
#1975 = CARTESIAN_POINT ( 'NONE',  ( -44.10000000000007248, 16.09999999999986287, 10.93333333333333535 ) ) ;
#1976 = FACE_OUTER_BOUND ( 'NONE', #1590, .T. ) ;
#1977 = ORIENTED_EDGE ( 'NONE', *, *, #4139, .T. ) ;
#1978 = CARTESIAN_POINT ( 'NONE',  ( 43.10000000000007248, -7.725666881285826015, 13.83829177708630631 ) ) ;
#1979 = CARTESIAN_POINT ( 'NONE',  ( 43.10000000000006537, 16.10000000000013287, 23.59999999999999432 ) ) ;
#1980 = CARTESIAN_POINT ( 'NONE',  ( -42.41380356355613657, 21.00416956306281335, 13.60000000000000320 ) ) ;
#1981 = CARTESIAN_POINT ( 'NONE',  ( 41.63249152076168969, -4.893329512360473643, 28.34695819720984744 ) ) ;
#1982 = VERTEX_POINT ( 'NONE', #1861 ) ;
#1983 = CARTESIAN_POINT ( 'NONE',  ( 42.56663694220970484, -6.934128053754595733, 18.60000000000000142 ) ) ;
#1984 = CARTESIAN_POINT ( 'NONE',  ( 38.10000000000007958, -7.399999999999876898, 24.36531221810755099 ) ) ;
#1985 = CARTESIAN_POINT ( 'NONE',  ( 42.73246204033208073, 20.19929907000357616, 25.13064410631886147 ) ) ;
#1986 = CARTESIAN_POINT ( 'NONE',  ( -11.75810942388056191, -6.167007440655572381, 28.22214248708552375 ) ) ;
#1987 = CARTESIAN_POINT ( 'NONE',  ( -13.93221048960731956, -6.220339427884081118, 24.36531221810771086 ) ) ;
#1988 = CARTESIAN_POINT ( 'NONE',  ( -9.099999999999933920, -7.399999999999876010, 29.34999999999999787 ) ) ;
#1989 = AXIS2_PLACEMENT_3D ( 'NONE', #3683, #2256, #842 ) ;
#1990 = CARTESIAN_POINT ( 'NONE',  ( 43.10000000000006537, -16.10000000000013642, 13.60000000000000142 ) ) ;
#1991 = DIRECTION ( 'NONE',  ( -0.000000000000000000, 0.000000000000000000, 1.000000000000000000 ) ) ;
#1992 = DIRECTION ( 'NONE',  ( 1.916821520416347599E-16, -1.000000000000000000, 0.000000000000000000 ) ) ;
#1993 = CARTESIAN_POINT ( 'NONE',  ( -14.09999999999993570, 21.09999999999995168, 23.84999999999999076 ) ) ;
#1994 = ORIENTED_EDGE ( 'NONE', *, *, #322, .T. ) ;
#1995 = CARTESIAN_POINT ( 'NONE',  ( 43.10000000000006537, -7.543874995231838021, 13.89129364011185608 ) ) ;
#1996 = CARTESIAN_POINT ( 'NONE',  ( 42.53521281681508270, 16.10000000000014353, 28.16519854648886678 ) ) ;
#1997 = CARTESIAN_POINT ( 'NONE',  ( -9.099999999999935696, -2.399999999999875122, 28.59999999999999787 ) ) ;
#1998 = CARTESIAN_POINT ( 'NONE',  ( 39.95460409862296558, -6.273767221855858445, 28.31225206021108676 ) ) ;
#1999 = VERTEX_POINT ( 'NONE', #3262 ) ;
#2000 = CARTESIAN_POINT ( 'NONE',  ( 42.60661465327930131, -6.895908991337157623, 18.59999999999999787 ) ) ;
#2001 = VECTOR ( 'NONE', #2629, 1000.000000000000000 ) ;
#2002 = CARTESIAN_POINT ( 'NONE',  ( -11.04628098944148640, 19.54446084262547956, 28.43174276785746457 ) ) ;
#2003 = CARTESIAN_POINT ( 'NONE',  ( 42.64131157189201815, -4.627501814842758243, 27.42003145578744139 ) ) ;
#2004 = LINE ( 'NONE', #941, #3168 ) ;
#2005 = CARTESIAN_POINT ( 'NONE',  ( 43.05648911875084650, 16.76658158629318152, 26.27804358441568766 ) ) ;
#2006 = CARTESIAN_POINT ( 'NONE',  ( 39.94977140065996934, 19.37028985843550544, 28.46374219451698195 ) ) ;
#2007 = CARTESIAN_POINT ( 'NONE',  ( -13.21089327554514092, -4.368431806527003580, 28.16519854648767662 ) ) ;
#2008 = CARTESIAN_POINT ( 'NONE',  ( -13.64130635362170096, -5.927556268225500524, 26.27804358441469645 ) ) ;
#2009 = FACE_OUTER_BOUND ( 'NONE', #543, .T. ) ;
#2010 = CARTESIAN_POINT ( 'NONE',  ( 38.10000000000009379, -2.399999999999878675, 28.59999999999999787 ) ) ;
#2011 = CARTESIAN_POINT ( 'NONE',  ( 43.10000000000006537, 9.933333333333459692, 28.59999999999999787 ) ) ;
#2012 = CARTESIAN_POINT ( 'NONE',  ( 38.10000000000007958, -7.399999999999876010, 23.59999999999999432 ) ) ;
#2013 = VERTEX_POINT ( 'NONE', #162 ) ;
#2014 = CARTESIAN_POINT ( 'NONE',  ( 43.10000000000007958, -5.964284807251035936, 15.04484143189079504 ) ) ;
#2015 = DIRECTION ( 'NONE',  ( 1.000000000000000000, 1.369518533665900312E-16, 0.000000000000000000 ) ) ;
#2016 = CARTESIAN_POINT ( 'NONE',  ( -41.27566523581437252, 21.07444201803174266, 13.59999999999999787 ) ) ;
#2017 = CARTESIAN_POINT ( 'NONE',  ( 41.37028985841667605, -4.249771400661371601, 28.46374219451701393 ) ) ;
#2018 = ORIENTED_EDGE ( 'NONE', *, *, #2710, .T. ) ;
#2019 = DIRECTION ( 'NONE',  ( 1.000000000000000000, 0.000000000000000000, 0.000000000000000000 ) ) ;
#2020 = CARTESIAN_POINT ( 'NONE',  ( 38.10000000000009379, -7.398029322239121797, 25.13064410631815804 ) ) ;
#2021 =( BOUNDED_SURFACE ( )  B_SPLINE_SURFACE ( 2, 3, ( 
 ( #683, #1072, #3468, #3812 ),
 ( #4180, #2076, #25, #1473 ),
 ( #1749, #2485, #2144, #4223 ) ),
 .UNSPECIFIED., .F., .F., .F. ) 
 B_SPLINE_SURFACE_WITH_KNOTS ( ( 3, 3 ),
 ( 4, 4 ),
 ( 0.000000000000000000, 1.000000000000000000 ),
 ( -0.001199999999999999244, 0.003200000000000001021 ),
 .UNSPECIFIED. ) 
 GEOMETRIC_REPRESENTATION_ITEM ( )  RATIONAL_B_SPLINE_SURFACE ( (
 ( 1.000000000000000000, 1.000000000000000000, 1.000000000000000000, 1.000000000000000000),
 ( 4.000000000000000888, 4.000000000000000888, 4.000000000000000888, 4.000000000000000888),
 ( 1.000000000000000000, 1.000000000000000000, 1.000000000000000000, 1.000000000000000000) ) ) 
 REPRESENTATION_ITEM ( '' )  SURFACE ( )  );
#2022 = ORIENTED_EDGE ( 'NONE', *, *, #1759, .F. ) ;
#2023 = CARTESIAN_POINT ( 'NONE',  ( -15.26337552854787383, 21.09999999999994458, 13.69792829514711308 ) ) ;
#2024 = CARTESIAN_POINT ( 'NONE',  ( 42.69078213607362215, 19.44940981134271851, 26.27804358441534305 ) ) ;
#2025 = CARTESIAN_POINT ( 'NONE',  ( -11.04628174937593243, -5.844460792258286297, 28.43174276785723009 ) ) ;
#2026 = CARTESIAN_POINT ( 'NONE',  ( -13.85319808326898361, -6.139269930130641484, 25.13064410631854528 ) ) ;
#2027 = CARTESIAN_POINT ( 'NONE',  ( 39.60000000000006537, -4.399999999999876010, 49.21552812808830168 ) ) ;
#2028 = CARTESIAN_POINT ( 'NONE',  ( 38.10000000000007958, -3.166076742315692805, 28.59999999999999787 ) ) ;
#2029 = PLANE ( 'NONE',  #4064 ) ;
#2030 = CARTESIAN_POINT ( 'NONE',  ( 38.10000000000005116, -6.222803315742160279, 28.43174276785705956 ) ) ;
#2031 = CARTESIAN_POINT ( 'NONE',  ( -40.60000000000003695, 10.77689577749865890, 7.600000000000000533 ) ) ;
#2032 = DIRECTION ( 'NONE',  ( -0.000000000000000000, 0.000000000000000000, 1.000000000000000000 ) ) ;
#2033 = EDGE_CURVE ( 'NONE', #1803, #4305, #434, .T. ) ;
#2034 = ORIENTED_EDGE ( 'NONE', *, *, #2714, .T. ) ;
#2035 = EDGE_CURVE ( 'NONE', #2547, #19, #3679, .T. ) ;
#2036 = EDGE_CURVE ( 'NONE', #2484, #156, #3434, .T. ) ;
#2037 = FACE_OUTER_BOUND ( 'NONE', #812, .T. ) ;
#2038 = CARTESIAN_POINT ( 'NONE',  ( -44.10000000000007248, 16.09999999999986287, 13.80000000000000071 ) ) ;
#2039 = CARTESIAN_POINT ( 'NONE',  ( -9.710441537330282813, -2.831824689574652165, 28.60000000000000142 ) ) ;
#2040 = CARTESIAN_POINT ( 'NONE',  ( 41.62950919870558408, -4.093516769594511828, 28.43174276785765286 ) ) ;
#2041 = ADVANCED_FACE ( 'NONE', ( #4268 ), #1212, .F. ) ;
#2042 = ORIENTED_EDGE ( 'NONE', *, *, #2239, .T. ) ;
#2043 = ADVANCED_FACE ( 'NONE', ( #1836 ), #91, .F. ) ;
#2044 = ADVANCED_FACE ( 'NONE', ( #3398 ), #4453, .F. ) ;
#2045 = CARTESIAN_POINT ( 'NONE',  ( 38.10000000000005116, 21.10000000000013287, 23.59999999999999432 ) ) ;
#2046 = CARTESIAN_POINT ( 'NONE',  ( -14.09802932223918859, 16.09999999999996945, 25.13064410631877621 ) ) ;
#2047 = CARTESIAN_POINT ( 'NONE',  ( 41.88221209475594264, -6.710324994052025538, 26.66045524841075220 ) ) ;
#2048 = B_SPLINE_CURVE_WITH_KNOTS ( 'NONE', 3,
 ( #2873, #2165, #704, #2829 ),
 .UNSPECIFIED., .F., .F.,
 ( 4, 4 ),
 ( 0.000000000000000000, 1.000000000000000000 ),
 .UNSPECIFIED. ) ;
#2049 = VERTEX_POINT ( 'NONE', #1269 ) ;
#2050 = CARTESIAN_POINT ( 'NONE',  ( 39.48445904560640685, 21.01142105382469083, 26.27804358441485988 ) ) ;
#2051 = CARTESIAN_POINT ( 'NONE',  ( -9.099999999999953459, 20.93223886672387124, 27.42003145578662426 ) ) ;
#2052 = CARTESIAN_POINT ( 'NONE',  ( 41.45220264193513771, 17.71057547255494313, 28.46374219451713827 ) ) ;
#2053 = CARTESIAN_POINT ( 'NONE',  ( -11.76316222957266078, -5.254971022015967996, 28.46374219451680077 ) ) ;
#2054 = CARTESIAN_POINT ( 'NONE',  ( -11.84230014037561141, -7.051870260791772260, 26.66045524841022996 ) ) ;
#2055 = VECTOR ( 'NONE', #1688, 1000.000000000000000 ) ;
#2056 = CARTESIAN_POINT ( 'NONE',  ( -18.95130278280809222, 20.20871860651976704, 13.60000000000001208 ) ) ;
#2057 = DIRECTION ( 'NONE',  ( -0.000000000000000000, 0.000000000000000000, -1.000000000000000000 ) ) ;
#2058 = CARTESIAN_POINT ( 'NONE',  ( 42.66090659504236982, 20.53880138776206721, 9.600000000000001421 ) ) ;
#2059 = DIRECTION ( 'NONE',  ( 1.000000000000000000, 0.000000000000000000, 0.000000000000000000 ) ) ;
#2060 = CARTESIAN_POINT ( 'NONE',  ( 0.000000000000000000, 0.000000000000000000, 28.59999999999999787 ) ) ;
#2061 = CARTESIAN_POINT ( 'NONE',  ( -10.45363565612406376, 21.09999999999997300, 17.24428284119117549 ) ) ;
#2062 = ORIENTED_EDGE ( 'NONE', *, *, #1487, .T. ) ;
#2063 = CARTESIAN_POINT ( 'NONE',  ( -12.92033942788329171, 20.93221048960486996, 23.60000000000000853 ) ) ;
#2064 = LINE ( 'NONE', #2672, #1103 ) ;
#2065 = LINE ( 'NONE', #3458, #4479 ) ;
#2066 = VECTOR ( 'NONE', #2360, 1000.000000000000227 ) ;
#2067 = CARTESIAN_POINT ( 'NONE',  ( -14.07111531369516833, -4.714879101313679044, 18.60000000000000497 ) ) ;
#2068 = ORIENTED_EDGE ( 'NONE', *, *, #3254, .F. ) ;
#2069 = EDGE_CURVE ( 'NONE', #2417, #3963, #4093, .T. ) ;
#2070 = CARTESIAN_POINT ( 'NONE',  ( 43.10000000000006537, -1.546112270910436015, 13.60000000000000142 ) ) ;
#2071 = CARTESIAN_POINT ( 'NONE',  ( -13.72475559143967594, 16.09999999999996945, 27.95172059729466341 ) ) ;
#2072 = CARTESIAN_POINT ( 'NONE',  ( -11.65105509830375574, 19.03204187592299590, 28.46374219451694287 ) ) ;
#2073 = CARTESIAN_POINT ( 'NONE',  ( 42.81794006953183640, -5.214309381338732230, 26.27804358441519028 ) ) ;
#2074 = ADVANCED_FACE ( 'NONE', ( #2392 ), #634, .T. ) ;
#2075 = EDGE_LOOP ( 'NONE', ( #3413, #2098, #2462, #4541 ) ) ;
#2076 = CARTESIAN_POINT ( 'NONE',  ( 43.10000000000006537, -21.10000000000013642, 10.86666666666668313 ) ) ;
#2077 = CARTESIAN_POINT ( 'NONE',  ( 40.55496426530038434, 20.87396129034269876, 26.27804358441498067 ) ) ;
#2078 = CARTESIAN_POINT ( 'NONE',  ( -12.94981277300139411, 19.69318945762668704, 27.69395940719804727 ) ) ;
#2079 = CARTESIAN_POINT ( 'NONE',  ( -12.62950919943579997, -4.093516765301297156, 28.43174276785745036 ) ) ;
#2080 = CARTESIAN_POINT ( 'NONE',  ( -18.99166635303003403, 19.83572970367389132, 13.60000000000000142 ) ) ;
#2081 = PRESENTATION_LAYER_ASSIGNMENT (  '', '', ( #1120 ) ) ;
#2082 = CARTESIAN_POINT ( 'NONE',  ( 38.10000000000007958, -2.399999999999878675, 28.59999999999999787 ) ) ;
#2083 = CARTESIAN_POINT ( 'NONE',  ( -44.07077768596506218, 18.38329560835096999, 9.600000000000001421 ) ) ;
#2084 = CARTESIAN_POINT ( 'NONE',  ( 42.36656438481391262, 17.16834777097189146, 28.22214248708715800 ) ) ;
#2085 = CARTESIAN_POINT ( 'NONE',  ( 6.633333333333379933, 21.10000000000002629, 23.59999999999999432 ) ) ;
#2086 = CARTESIAN_POINT ( 'NONE',  ( -14.09999999999993214, 16.09999999999996945, 13.59999999999999787 ) ) ;
#2087 = CARTESIAN_POINT ( 'NONE',  ( -9.773401555397175144, 21.09999999999996234, 17.92637211078307402 ) ) ;
#2088 = ORIENTED_EDGE ( 'NONE', *, *, #270, .F. ) ;
#2089 = CARTESIAN_POINT ( 'NONE',  ( 38.10000000000006537, 16.10000000000013287, 28.59999999999999787 ) ) ;
#2090 = CARTESIAN_POINT ( 'NONE',  ( -44.10000000000007248, -16.10000000000013642, 10.86666666666667425 ) ) ;
#2091 = CARTESIAN_POINT ( 'NONE',  ( 40.10000000000006537, -18.10000000000013642, 7.599999999999999645 ) ) ;
#2092 = CARTESIAN_POINT ( 'NONE',  ( -44.07025860286483976, 18.39770951319316339, 13.60000000000000142 ) ) ;
#2093 = ORIENTED_EDGE ( 'NONE', *, *, #3471, .F. ) ;
#2094 = CARTESIAN_POINT ( 'NONE',  ( 48.09912211731666787, -3.040415744758881100, 13.60000000000000142 ) ) ;
#2095 = CARTESIAN_POINT ( 'NONE',  ( -13.53521281681591582, 16.09999999999996945, 28.16519854648805321 ) ) ;
#2096 = CARTESIAN_POINT ( 'NONE',  ( -12.73435374231210560, 16.09999999999996945, 28.46374219451701748 ) ) ;
#2097 = CARTESIAN_POINT ( 'NONE',  ( 42.69078187878734099, -5.749411399907414122, 26.27804358441507659 ) ) ;
#2098 = ORIENTED_EDGE ( 'NONE', *, *, #101, .F. ) ;
#2099 = ADVANCED_FACE ( 'NONE', ( #888, #3379 ), #1961, .F. ) ;
#2100 = CARTESIAN_POINT ( 'NONE',  ( 41.80885708951565505, 20.07015056687886911, 27.42003145578726375 ) ) ;
#2101 = CARTESIAN_POINT ( 'NONE',  ( -11.22655048794673682, 20.49768311847570956, 27.78280182435251788 ) ) ;
#2102 = CARTESIAN_POINT ( 'NONE',  ( -11.72825105449667049, -5.871395757652512870, 28.34695819720917243 ) ) ;
#2103 = CARTESIAN_POINT ( 'NONE',  ( -13.38858878045341427, -5.684728128739173769, 27.23030725387398121 ) ) ;
#2104 = PLANE ( 'NONE',  #3973 ) ;
#2105 = DIRECTION ( 'NONE',  ( 1.000000000000000000, 0.000000000000000000, -0.000000000000000000 ) ) ;
#2106 = CARTESIAN_POINT ( 'NONE',  ( 42.98804278005442825, 19.54737320415830482, 9.600000000000003197 ) ) ;
#2107 = CARTESIAN_POINT ( 'NONE',  ( 42.44519843305912588, 17.18813315860822755, 28.16519854648873533 ) ) ;
#2108 = CARTESIAN_POINT ( 'NONE',  ( -39.10000000000007248, -21.10000000000013642, 12.33333333333333570 ) ) ;
#2109 = EDGE_CURVE ( 'NONE', #2572, #3481, #3425, .T. ) ;
#2110 = CARTESIAN_POINT ( 'NONE',  ( 22.36666666666676306, -7.399999999999876010, 18.60000000000000142 ) ) ;
#2111 = VERTEX_POINT ( 'NONE', #273 ) ;
#2112 = CARTESIAN_POINT ( 'NONE',  ( 43.10000000000008669, -9.181111090296433019, 13.65189948816862398 ) ) ;
#2113 = VECTOR ( 'NONE', #2133, 1000.000000000000114 ) ;
#2114 = DIRECTION ( 'NONE',  ( -1.000000000000000000, -3.491481338843133750E-15, 0.000000000000000000 ) ) ;
#2115 = CARTESIAN_POINT ( 'NONE',  ( -43.73941876031665998, 20.43244147772486841, 13.60000000000000142 ) ) ;
#2116 = ORIENTED_EDGE ( 'NONE', *, *, #2761, .T. ) ;
#2117 = CARTESIAN_POINT ( 'NONE',  ( -15.96156171266922108, 21.09999999999994458, 13.64762006276116324 ) ) ;
#2118 = CARTESIAN_POINT ( 'NONE',  ( -19.09999999999993747, -2.399999999999876010, 13.60000000000000142 ) ) ;
#2119 = CARTESIAN_POINT ( 'NONE',  ( -12.65630394450782781, 16.99892070657200449, 28.46374219451699616 ) ) ;
#2120 = CARTESIAN_POINT ( 'NONE',  ( 42.63515225348893978, -3.543312841203567043, 27.95172059729522829 ) ) ;
#2121 = VERTEX_POINT ( 'NONE', #3078 ) ;
#2122 = CARTESIAN_POINT ( 'NONE',  ( 42.61039117482426519, 19.36771002029231781, 26.66045524841143077 ) ) ;
#2123 = CARTESIAN_POINT ( 'NONE',  ( -13.66867854635619040, 16.62510618830938824, 28.03089793834172383 ) ) ;
#2124 = CARTESIAN_POINT ( 'NONE',  ( -12.92280331573944530, -2.399999999999875122, 28.43174276785759247 ) ) ;
#2125 = CARTESIAN_POINT ( 'NONE',  ( -19.09683023553771264, 17.59548118334893374, 13.59999999999999076 ) ) ;
#2126 = CARTESIAN_POINT ( 'NONE',  ( 40.49873699103352465, -21.06641683701737833, 9.600000000000001421 ) ) ;
#2127 = CARTESIAN_POINT ( 'NONE',  ( 43.07006491942911452, 18.40303354164414529, 9.600000000000004974 ) ) ;
#2128 = CARTESIAN_POINT ( 'NONE',  ( 41.41362339826839190, 19.18962472011112297, 28.31225206021188612 ) ) ;
#2129 = CARTESIAN_POINT ( 'NONE',  ( 38.10000000000009379, -7.356489118750731748, 26.27804358441402854 ) ) ;
#2130 = CIRCLE ( 'NONE', #3663, 0.7500000000000006661 ) ;
#2131 = CARTESIAN_POINT ( 'NONE',  ( 6.633333333333376380, -12.39999999999987601, 13.60000000000000142 ) ) ;
#2132 = ORIENTED_EDGE ( 'NONE', *, *, #4509, .T. ) ;
#2133 = DIRECTION ( 'NONE',  ( 0.1710878697460358200, 0.1710878697460358477, -0.9702875252478136980 ) ) ;
#2134 = CARTESIAN_POINT ( 'NONE',  ( -41.30000000000003979, 9.776895777498653572, 10.59999999999999964 ) ) ;
#2135 = CARTESIAN_POINT ( 'NONE',  ( -13.86206657881516158, -6.470602039376360359, 18.59999999999876508 ) ) ;
#2136 = ORIENTED_EDGE ( 'NONE', *, *, #3192, .T. ) ;
#2137 = CARTESIAN_POINT ( 'NONE',  ( -12.86939824813868682, 21.09999999999995524, 14.84637236737939148 ) ) ;
#2138 = CARTESIAN_POINT ( 'NONE',  ( 43.09717490100866399, -3.375214665517713541, 13.59999999999934950 ) ) ;
#2139 = AXIS2_PLACEMENT_3D ( 'NONE', #1264, #3160, #4215 ) ;
#2140 = CARTESIAN_POINT ( 'NONE',  ( -12.37028985843246609, 17.94977140066294297, 28.46374219451697840 ) ) ;
#2141 = CARTESIAN_POINT ( 'NONE',  ( 41.32701014471702194, -6.626051324082464333, 27.42003145578653900 ) ) ;
#2142 = EDGE_LOOP ( 'NONE', ( #3768, #3032, #2088, #86, #3604 ) ) ;
#2143 = B_SPLINE_CURVE_WITH_KNOTS ( 'NONE', 3,
 ( #4489, #1780, #3478, #1342 ),
 .UNSPECIFIED., .F., .F.,
 ( 4, 4 ),
 ( 0.000000000000000000, 1.000000000000000000 ),
 .UNSPECIFIED. ) ;
#2144 = CARTESIAN_POINT ( 'NONE',  ( 43.10000000000006537, -16.10000000000013642, 12.33333333333332149 ) ) ;
#2145 = CARTESIAN_POINT ( 'NONE',  ( 42.93223886672370782, 16.10000000000013287, 27.42003145578797785 ) ) ;
#2146 = CARTESIAN_POINT ( 'NONE',  ( -12.84631670579638829, 19.35757971744688177, 28.03089793834150356 ) ) ;
#2147 = CARTESIAN_POINT ( 'NONE',  ( -11.22954017970661234, -4.255721156734620259, 28.55633887815909944 ) ) ;
#2148 = CARTESIAN_POINT ( 'NONE',  ( -11.32750181484305507, -6.941311571902513577, 27.42003145578597056 ) ) ;
#2149 = CARTESIAN_POINT ( 'NONE',  ( -13.59590899133557329, 20.60661465328058384, 18.60000000000129106 ) ) ;
#2150 = CARTESIAN_POINT ( 'NONE',  ( 42.98959392881892683, -19.53538422206900549, 9.599999999999999645 ) ) ;
#2151 = CARTESIAN_POINT ( 'NONE',  ( 42.98712545639568816, 19.55436243565111099, 9.600000000000001421 ) ) ;
#2152 = VECTOR ( 'NONE', #4034, 1000.000000000000000 ) ;
#2153 = CARTESIAN_POINT ( 'NONE',  ( -12.94980255547923065, -5.993205322543529334, 27.69395940719761384 ) ) ;
#2154 = CARTESIAN_POINT ( 'NONE',  ( 38.68503034373723182, 3.600000000000123990, 28.60000000000000142 ) ) ;
#2155 = CARTESIAN_POINT ( 'NONE',  ( 41.95265396141699910, -19.95265396141706304, 9.600000000000001421 ) ) ;
#2156 = CARTESIAN_POINT ( 'NONE',  ( -13.81798922996792989, 18.48968927053086375, 26.66045524841106484 ) ) ;
#2157 = CARTESIAN_POINT ( 'NONE',  ( 43.10000000000006537, -7.399999999999876010, 23.85000000000000853 ) ) ;
#2158 = CARTESIAN_POINT ( 'NONE',  ( -43.93063647161986296, 19.90107979775224578, 13.60000000000000320 ) ) ;
#2159 = ORIENTED_EDGE ( 'NONE', *, *, #4481, .F. ) ;
#2160 = CARTESIAN_POINT ( 'NONE',  ( -13.23654756173542424, 21.09999999999995879, 14.50677121876779374 ) ) ;
#2161 = CARTESIAN_POINT ( 'NONE',  ( 48.10000000000006537, -1.919688137793695848, 13.60000000000000142 ) ) ;
#2162 = CARTESIAN_POINT ( 'NONE',  ( -11.30432069432647069, 19.21840971639694828, 28.46374219451692866 ) ) ;
#2163 = CARTESIAN_POINT ( 'NONE',  ( 42.40580767386355632, -4.847958100182783170, 27.78280182435302592 ) ) ;
#2164 = EDGE_LOOP ( 'NONE', ( #2734, #2497, #39, #3127 ) ) ;
#2165 = CARTESIAN_POINT ( 'NONE',  ( -44.10000000000007248, -16.10000000000013642, 10.93333333333333179 ) ) ;
#2166 = CARTESIAN_POINT ( 'NONE',  ( 42.55627253596831139, 19.54266508097391863, 26.66045524841142011 ) ) ;
#2167 = CARTESIAN_POINT ( 'NONE',  ( -9.650437423135786119, 20.81427369667051508, 27.78280182435240775 ) ) ;
#2168 = B_SPLINE_CURVE_WITH_KNOTS ( 'NONE', 3,
 ( #1040, #2453, #1417, #1762 ),
 .UNSPECIFIED., .F., .F.,
 ( 4, 4 ),
 ( 0.000000000000000000, 1.000000000000000000 ),
 .UNSPECIFIED. ) ;
#2169 = CARTESIAN_POINT ( 'NONE',  ( -9.290198158037766163, -3.932616242637108073, 28.59803400948223029 ) ) ;
#2170 = CARTESIAN_POINT ( 'NONE',  ( -13.73903216417029327, 20.42549664848466406, 13.60000000000001208 ) ) ;
#2171 = CARTESIAN_POINT ( 'NONE',  ( 43.07837550577990271, -18.14704002033237984, 9.600000000000003197 ) ) ;
#2172 = B_SPLINE_CURVE_WITH_KNOTS ( 'NONE', 3,
 ( #912, #1655, #3056, #4430 ),
 .UNSPECIFIED., .F., .F.,
 ( 4, 4 ),
 ( 0.000000000000000000, 1.000000000000000000 ),
 .UNSPECIFIED. ) ;
#2173 = CARTESIAN_POINT ( 'NONE',  ( -43.43244147772610830, 20.73941876031545561, 9.600000000000001421 ) ) ;
#2174 = CARTESIAN_POINT ( 'NONE',  ( 40.36628990191729116, 20.11712058570334349, 28.16519854648786492 ) ) ;
#2175 = CARTESIAN_POINT ( 'NONE',  ( -13.06331039384311232, -5.404809688768333231, 27.95172059729406300 ) ) ;
#2176 = CARTESIAN_POINT ( 'NONE',  ( 41.68693554138101121, -12.30245957142576074, 13.60000000000000320 ) ) ;
#2177 =( BOUNDED_SURFACE ( )  B_SPLINE_SURFACE ( 2, 3, ( 
 ( #3136, #4535, #2131, #1717 ),
 ( #2795, #3524, #2403, #12 ),
 ( #1440, #2110, #1058, #4234 ) ),
 .UNSPECIFIED., .F., .F., .T. ) 
 B_SPLINE_SURFACE_WITH_KNOTS ( ( 3, 3 ),
 ( 4, 4 ),
 ( 0.000000000000000000, 1.000000000000000000 ),
 ( -0.03810000000000007825, 0.009099999999999934530 ),
 .UNSPECIFIED. ) 
 GEOMETRIC_REPRESENTATION_ITEM ( )  RATIONAL_B_SPLINE_SURFACE ( (
 ( 1.000000000000000000, 1.000000000000000000, 1.000000000000000000, 1.000000000000000000),
 ( 4.000000000000000888, 4.000000000000000888, 4.000000000000000888, 4.000000000000000888),
 ( 1.000000000000000000, 1.000000000000000000, 1.000000000000000000, 1.000000000000000000) ) ) 
 REPRESENTATION_ITEM ( '' )  SURFACE ( )  );
#2178 = CARTESIAN_POINT ( 'NONE',  ( -40.87180854722837609, -21.08542865622453633, 9.600000000000004974 ) ) ;
#2179 = CARTESIAN_POINT ( 'NONE',  ( -13.19929907000174474, 20.73246204035372031, 25.13064410631869450 ) ) ;
#2180 = CARTESIAN_POINT ( 'NONE',  ( -42.55436243565136323, -20.98712545639569882, 13.60000000000000320 ) ) ;
#2181 = CARTESIAN_POINT ( 'NONE',  ( -19.09999999999993747, -2.399999999999876010, 13.60000000000000142 ) ) ;
#2182 = ORIENTED_EDGE ( 'NONE', *, *, #3096, .F. ) ;
#2183 = CARTESIAN_POINT ( 'NONE',  ( -9.099999999999933920, 16.09999999999996945, 28.59999999999999787 ) ) ;
#2184 = DIRECTION ( 'NONE',  ( 1.916821520416347599E-16, -1.000000000000000000, 0.000000000000000000 ) ) ;
#2185 = CARTESIAN_POINT ( 'NONE',  ( 41.53897606060446179, -6.347825003847713532, 27.69395940719781279 ) ) ;
#2186 = EDGE_LOOP ( 'NONE', ( #1123, #2093, #1925, #3373 ) ) ;
#2187 = ADVANCED_FACE ( 'NONE', ( #4473 ), #4364, .T. ) ;
#2188 = CARTESIAN_POINT ( 'NONE',  ( -18.30449099045128492, -8.776165862449813559, 13.60000000000000497 ) ) ;
#2189 = CARTESIAN_POINT ( 'NONE',  ( 42.07013953334796241, 19.80887422140356335, 27.42003145578733836 ) ) ;
#2190 = CARTESIAN_POINT ( 'NONE',  ( -9.099999999999951683, 20.81427369667051863, 27.78280182435240775 ) ) ;
#2191 = CARTESIAN_POINT ( 'NONE',  ( -9.864633877074194146, -5.396078512864440846, 28.53781812637533477 ) ) ;
#2192 = CARTESIAN_POINT ( 'NONE',  ( -11.78367193528121959, 21.06335781391515027, 13.59999999999741149 ) ) ;
#2193 = CARTESIAN_POINT ( 'NONE',  ( 42.14833751234557013, -20.86170419352217564, 9.600000000000004974 ) ) ;
#2194 = CARTESIAN_POINT ( 'NONE',  ( -14.09999999999993570, 16.09999999999996945, 23.59999999999999076 ) ) ;
#2195 = CARTESIAN_POINT ( 'NONE',  ( -9.099999999999939249, -7.148296851172657007, 27.69395940719684290 ) ) ;
#2196 = CARTESIAN_POINT ( 'NONE',  ( -42.53538422206605674, -20.98959392881936026, 9.599999999999999645 ) ) ;
#2197 = CARTESIAN_POINT ( 'NONE',  ( 40.37231373466681816, 17.71073662900282741, 28.55633887815913852 ) ) ;
#2198 = CARTESIAN_POINT ( 'NONE',  ( -14.08277503499503247, 17.59088086419450647, 25.13064410631876200 ) ) ;
#2199 = CARTESIAN_POINT ( 'NONE',  ( -14.09999999999993570, 16.09999999999996945, 20.26666666666666572 ) ) ;
#2200 = CARTESIAN_POINT ( 'NONE',  ( -12.65583219250180669, -12.30764091962118378, 13.60000000000000497 ) ) ;
#2201 = ORIENTED_EDGE ( 'NONE', *, *, #3191, .F. ) ;
#2202 = DIRECTION ( 'NONE',  ( 0.000000000000000000, -0.000000000000000000, 1.000000000000000000 ) ) ;
#2203 = CARTESIAN_POINT ( 'NONE',  ( -9.099999999999933920, 16.09999999999996945, 28.60000000000000142 ) ) ;
#2204 = CARTESIAN_POINT ( 'NONE',  ( 41.24643679370760196, -6.019843435724137493, 28.16519854648752030 ) ) ;
#2205 = ORIENTED_EDGE ( 'NONE', *, *, #3137, .F. ) ;
#2206 = CARTESIAN_POINT ( 'NONE',  ( -19.05092378285785770, -5.266207409131042461, 13.60000000000000142 ) ) ;
#2207 = CARTESIAN_POINT ( 'NONE',  ( 38.10000000000004405, 20.53521281681678445, 28.16519854648747057 ) ) ;
#2208 = CARTESIAN_POINT ( 'NONE',  ( -11.18756696959878383, 19.79949081686267931, 28.34695819720959520 ) ) ;
#2209 = CARTESIAN_POINT ( 'NONE',  ( 41.81049812225160878, -20.94883644206284856, 13.60000000000000142 ) ) ;
#2210 = EDGE_CURVE ( 'NONE', #775, #4305, #4543, .T. ) ;
#2211 = CARTESIAN_POINT ( 'NONE',  ( -8.246112270910542108, 26.09999999999997300, 13.60000000000000142 ) ) ;
#2212 = CARTESIAN_POINT ( 'NONE',  ( -18.98482429349473577, 19.85888180101032319, 13.60000000000000142 ) ) ;
#2213 = CARTESIAN_POINT ( 'NONE',  ( -41.59927203775059468, 21.06222914285783077, 9.600000000000004974 ) ) ;
#2214 = CARTESIAN_POINT ( 'NONE',  ( -12.32701106380519995, -6.626051133761834855, 27.42003145578621570 ) ) ;
#2215 = AXIS2_PLACEMENT_3D ( 'NONE', #132, #1162, #2202 ) ;
#2216 = CARTESIAN_POINT ( 'NONE',  ( -14.05646124466564650, -5.078604484569021693, 23.59999999999999076 ) ) ;
#2217 = VERTEX_POINT ( 'NONE', #1354 ) ;
#2218 = VECTOR ( 'NONE', #1941, 1000.000000000000000 ) ;
#2219 = CARTESIAN_POINT ( 'NONE',  ( 41.16439076136348518, 16.46375484969395586, 28.53781812637545556 ) ) ;
#2220 = CARTESIAN_POINT ( 'NONE',  ( -13.89076447118020496, 19.65300983136115676, 25.13064410631872292 ) ) ;
#2221 = CARTESIAN_POINT ( 'NONE',  ( -43.94883644205332729, -19.81049812228668827, 13.60000000000000320 ) ) ;
#2222 = CARTESIAN_POINT ( 'NONE',  ( -12.45772195427004547, -7.301939379858431778, 18.59999999999938325 ) ) ;
#2223 = ORIENTED_EDGE ( 'NONE', *, *, #1422, .F. ) ;
#2224 = CARTESIAN_POINT ( 'NONE',  ( 22.36666666666673464, 16.10000000000013287, 28.59999999999999787 ) ) ;
#2225 = CARTESIAN_POINT ( 'NONE',  ( -9.099999999999933920, 16.09999999999996945, 28.59999999999999432 ) ) ;
#2226 = CARTESIAN_POINT ( 'NONE',  ( 40.03132239261516645, -6.434414470312481704, 28.22214248708549178 ) ) ;
#2227 = VERTEX_POINT ( 'NONE', #679 ) ;
#2228 = CARTESIAN_POINT ( 'NONE',  ( -19.01176083913139792, -5.923584865739353056, 13.60000000000000497 ) ) ;
#2229 = CARTESIAN_POINT ( 'NONE',  ( 41.50406773624359857, 19.75039869646550983, 28.03089793834178067 ) ) ;
#2230 = CARTESIAN_POINT ( 'NONE',  ( -13.45576142247090878, 16.59871262269975389, 28.22214248708649365 ) ) ;
#2231 = CARTESIAN_POINT ( 'NONE',  ( 43.09011195108237047, -17.84967719373927153, 13.60000000000000142 ) ) ;
#2232 = CARTESIAN_POINT ( 'NONE',  ( 40.77860448456921461, -7.356461244665585930, 23.60000000000000853 ) ) ;
#2233 = CARTESIAN_POINT ( 'NONE',  ( -14.09614999910597000, 17.54454783074988100, 18.60000000000259135 ) ) ;
#2234 = EDGE_CURVE ( 'NONE', #3856, #1235, #1782, .T. ) ;
#2235 = CARTESIAN_POINT ( 'NONE',  ( -9.099999999999937472, -6.968678546357166326, 28.03089793834036314 ) ) ;
#2236 = CARTESIAN_POINT ( 'NONE',  ( -42.54258782409705475, 20.98866520347204201, 9.599999999999997868 ) ) ;
#2237 = CARTESIAN_POINT ( 'NONE',  ( -13.00389365025614374, -5.798755948721124653, 27.78280182435225854 ) ) ;
#2238 = LINE ( 'NONE', #1602, #2001 ) ;
#2239 = EDGE_CURVE ( 'NONE', #3645, #1564, #3164, .T. ) ;
#2240 = DIRECTION ( 'NONE',  ( 1.000000000000000000, 0.000000000000000000, 0.000000000000000000 ) ) ;
#2241 = CARTESIAN_POINT ( 'NONE',  ( 38.86463387383825818, -5.396078513092042783, 28.53781812637535609 ) ) ;
#2242 = CARTESIAN_POINT ( 'NONE',  ( 40.91662186831077719, 17.45866784581212627, 28.53781812637542004 ) ) ;
#2243 = CARTESIAN_POINT ( 'NONE',  ( -12.09334836788285195, 20.98121820023613182, 25.13064410631863765 ) ) ;
#2244 = CARTESIAN_POINT ( 'NONE',  ( -43.43244147772650621, -20.73941876031454612, 13.60000000000000142 ) ) ;
#2245 = CARTESIAN_POINT ( 'NONE',  ( -13.92324478376124297, -6.292793638774599962, 13.60000000000369980 ) ) ;
#2246 = ORIENTED_EDGE ( 'NONE', *, *, #1970, .F. ) ;
#2247 = CARTESIAN_POINT ( 'NONE',  ( 38.10000000000004405, 21.10000000000013287, 23.59999999999999432 ) ) ;
#2248 = CARTESIAN_POINT ( 'NONE',  ( -9.842213422794777955, 16.29197865834702341, 28.59999999999999787 ) ) ;
#2249 = CARTESIAN_POINT ( 'NONE',  ( 40.75810848848851009, -6.167007592604582200, 28.22214248708580087 ) ) ;
#2250 = ORIENTED_EDGE ( 'NONE', *, *, #872, .T. ) ;
#2251 = B_SPLINE_CURVE_WITH_KNOTS ( 'NONE', 3,
 ( #2262, #2288, #2630, #1578 ),
 .UNSPECIFIED., .F., .F.,
 ( 4, 4 ),
 ( 0.000000000000000000, 1.000000000000000000 ),
 .UNSPECIFIED. ) ;
#2252 = CARTESIAN_POINT ( 'NONE',  ( -19.07736651565176444, -4.549778480419696791, 13.59999999999999787 ) ) ;
#2253 = CARTESIAN_POINT ( 'NONE',  ( 41.40818549047656205, 19.90330305800193500, 27.95172059729472025 ) ) ;
#2254 = CARTESIAN_POINT ( 'NONE',  ( -12.11993592403838349, 19.33867992917660317, 28.34695819720968046 ) ) ;
#2255 = CARTESIAN_POINT ( 'NONE',  ( 42.08708972991098562, -20.88097685546608773, 13.59999999999999609 ) ) ;
#2256 = DIRECTION ( 'NONE',  ( 0.000000000000000000, -0.000000000000000000, -1.000000000000000000 ) ) ;
#2257 = CARTESIAN_POINT ( 'NONE',  ( -41.29999999999996163, -11.19689577749904430, -15.40511026734024824 ) ) ;
#2258 = CARTESIAN_POINT ( 'NONE',  ( 41.92034089914329797, 20.93221018573386161, 23.59999999999999076 ) ) ;
#2259 = CARTESIAN_POINT ( 'NONE',  ( -43.88525032197647846, 20.07265072836837660, 9.600000000000001421 ) ) ;
#2260 = CARTESIAN_POINT ( 'NONE',  ( -9.580554687216134013, -6.587461911887426247, 28.31225206021069241 ) ) ;
#2261 = CARTESIAN_POINT ( 'NONE',  ( -9.865373722033215387, -7.399999999999875122, 23.59999999999999432 ) ) ;
#2262 = CARTESIAN_POINT ( 'NONE',  ( 38.10000000000007248, -21.10000000000013642, 9.600000000000001421 ) ) ;
#2263 = ADVANCED_FACE ( 'NONE', ( #2757 ), #1810, .F. ) ;
#2264 = CARTESIAN_POINT ( 'NONE',  ( 39.71057547255451681, -5.752202641941843275, 28.46374219451678655 ) ) ;
#2265 = CARTESIAN_POINT ( 'NONE',  ( 40.71188910553037488, 17.94987104780191345, 28.53781812637540583 ) ) ;
#2266 = CARTESIAN_POINT ( 'NONE',  ( -12.32701014473082779, 20.32605132409872795, 27.42003145578685519 ) ) ;
#2267 = CARTESIAN_POINT ( 'NONE',  ( -42.72889785856992262, -20.96164780065827671, 13.60000000000000142 ) ) ;
#2268 = CARTESIAN_POINT ( 'NONE',  ( -14.05903567252620689, -5.011964348938261260, 13.59999999999629594 ) ) ;
#2269 = ORIENTED_EDGE ( 'NONE', *, *, #3427, .F. ) ;
#2270 = LINE ( 'NONE', #1557, #1107 ) ;
#2271 = CARTESIAN_POINT ( 'NONE',  ( -9.099999999999933920, 16.09999999999996945, 28.59999999999999787 ) ) ;
#2272 = CARTESIAN_POINT ( 'NONE',  ( -12.16439076136434849, -2.399999999999875566, 28.53781812637539872 ) ) ;
#2273 = CARTESIAN_POINT ( 'NONE',  ( 41.64919568596727117, -5.484998554947297045, 28.22214248708625561 ) ) ;
#2274 = CARTESIAN_POINT ( 'NONE',  ( -11.16801276771832896, 21.09999999999995879, 16.52628926024879519 ) ) ;
#2275 = ORIENTED_EDGE ( 'NONE', *, *, #2857, .F. ) ;
#2276 = CARTESIAN_POINT ( 'NONE',  ( -18.80713234780812471, -7.308320855715512820, 13.60000000000000320 ) ) ;
#2277 = CARTESIAN_POINT ( 'NONE',  ( 40.54795810018203639, 20.40580767388832939, 27.78280182435277368 ) ) ;
#2278 = CARTESIAN_POINT ( 'NONE',  ( -12.57139575765708628, 18.72825105450310801, 28.34695819720973731 ) ) ;
#2279 = CARTESIAN_POINT ( 'NONE',  ( 40.39456583594450478, -21.07037261525423233, 13.59999999999999787 ) ) ;
#2280 = CARTESIAN_POINT ( 'NONE',  ( 43.09802632126727673, -3.931144603804578530, 23.60000000000000853 ) ) ;
#2281 = CARTESIAN_POINT ( 'NONE',  ( 6.633333333333376380, -2.399999999999876010, 28.59999999999999787 ) ) ;
#2282 = CARTESIAN_POINT ( 'NONE',  ( -9.099999999999933920, -7.399999999999875122, 23.59999999999999076 ) ) ;
#2283 = CARTESIAN_POINT ( 'NONE',  ( 0.000000000000000000, 18.10000000000012221, 25.59999999999999787 ) ) ;
#2284 = CIRCLE ( 'NONE', #954, 0.7500000000000006661 ) ;
#2285 = EDGE_CURVE ( 'NONE', #2642, #3397, #3601, .T. ) ;
#2286 = CARTESIAN_POINT ( 'NONE',  ( -13.24917494899143477, -4.745297382670108810, 28.03089793834132593 ) ) ;
#2287 = DIRECTION ( 'NONE',  ( 1.000000000000000000, 0.000000000000000000, -0.000000000000000000 ) ) ;
#2288 = CARTESIAN_POINT ( 'NONE',  ( 38.10000000000007248, -21.10000000000013642, 10.93333333333333535 ) ) ;
#2289 = CIRCLE ( 'NONE', #881, 0.5000000000000004441 ) ;
#2290 = CARTESIAN_POINT ( 'NONE',  ( 38.99892070270748690, -5.956303944742541212, 28.46374219451670839 ) ) ;
#2291 = CARTESIAN_POINT ( 'NONE',  ( 38.10000000000006537, 16.10000000000013287, 28.60000000000000497 ) ) ;
#2292 = CARTESIAN_POINT ( 'NONE',  ( -12.87310907018131978, 20.13607778298300133, 27.23030725387427964 ) ) ;
#2293 = CARTESIAN_POINT ( 'NONE',  ( 38.10000000000005116, 21.10000000000013287, 23.59999999999999432 ) ) ;
#2294 = CARTESIAN_POINT ( 'NONE',  ( -40.10000000000006537, 18.10000000000012221, 7.599999999999999645 ) ) ;
#2295 = ORIENTED_EDGE ( 'NONE', *, *, #2718, .T. ) ;
#2296 = CARTESIAN_POINT ( 'NONE',  ( 43.10000000000007958, -8.451787737584634641, 13.70974128892148336 ) ) ;
#2297 = CARTESIAN_POINT ( 'NONE',  ( -40.60000000000003695, 10.27689577749865890, -15.40511026734024824 ) ) ;
#2298 = VECTOR ( 'NONE', #3270, 1000.000000000000000 ) ;
#2299 = CARTESIAN_POINT ( 'NONE',  ( -9.470122588508523620, -3.054131281051971403, 28.59999999999999432 ) ) ;
#2300 = CARTESIAN_POINT ( 'NONE',  ( 38.10000000000007958, -7.024755591440577263, 27.95172059729315350 ) ) ;
#2301 = VERTEX_POINT ( 'NONE', #1533 ) ;
#2302 = CLOSED_SHELL ( 'NONE', ( #2878, #3031, #2043, #2041, #2099, #1218, #1703, #4242, #1071, #2997, #2514, #2263, #4035, #1022, #67, #410, #3909, #2441, #882, #4141, #2908, #1902, #2074, #2779, #916, #3995, #2855, #3184, #179, #2524, #3077, #4403, #404, #1595, #800, #1138, #2307, #1469, #218, #3114, #794, #1953, #2851, #3697, #554, #1129, #3998, #2424, #3218, #2717, #4171, #2385, #2187, #1632, #1226, #2620, #433, #1735, #265, #2044, #1843 ) ) ;
#2303 = VECTOR ( 'NONE', #947, 1000.000000000000000 ) ;
#2304 = CARTESIAN_POINT ( 'NONE',  ( 41.55694680895772564, 19.80652752745312384, 27.95172059729475933 ) ) ;
#2305 = CARTESIAN_POINT ( 'NONE',  ( -13.04148679789808440, 18.32316949954081409, 28.22214248708635509 ) ) ;
#2306 = CARTESIAN_POINT ( 'NONE',  ( 42.81364017787062437, -20.27774806692235998, 13.60000000000000142 ) ) ;
#2307 = ADVANCED_FACE ( 'NONE', ( #2937, #2568 ), #3233, .F. ) ;
#2308 = CARTESIAN_POINT ( 'NONE',  ( 39.63114459617993646, -7.398026321328076804, 24.36531221810763626 ) ) ;
#2309 = CARTESIAN_POINT ( 'NONE',  ( -11.78367193530348267, 21.06335781416386865, 18.59999999999741505 ) ) ;
#2310 = CARTESIAN_POINT ( 'NONE',  ( -9.099999999999937472, -6.587461911887426247, 28.31225206021069241 ) ) ;
#2311 = CARTESIAN_POINT ( 'NONE',  ( 22.36666666666673819, -7.399999999999876010, 23.59999999999999432 ) ) ;
#2312 = CARTESIAN_POINT ( 'NONE',  ( 41.54446084260826666, 18.04628098944175463, 28.43174276785770616 ) ) ;
#2313 = CARTESIAN_POINT ( 'NONE',  ( -12.35757971743736938, -6.146316705789536705, 28.03089793834096710 ) ) ;
#2314 = CARTESIAN_POINT ( 'NONE',  ( -14.09999999999993570, -3.165373763410463503, 23.59999999999999787 ) ) ;
#2315 = CARTESIAN_POINT ( 'NONE',  ( 41.16439076136348518, -2.763754840600096241, 28.53781812637544490 ) ) ;
#2316 = CARTESIAN_POINT ( 'NONE',  ( 40.14704002018822848, 21.07837550577997376, 9.600000000000003197 ) ) ;
#2317 = CARTESIAN_POINT ( 'NONE',  ( -13.13608935185341053, 19.87309110708977045, 27.23030725387430451 ) ) ;
#2318 = FACE_OUTER_BOUND ( 'NONE', #4125, .T. ) ;
#2319 = CARTESIAN_POINT ( 'NONE',  ( 41.60000000000006537, 0.000000000000000000, 7.599999999999999645 ) ) ;
#2320 = ORIENTED_EDGE ( 'NONE', *, *, #412, .T. ) ;
#2321 = PLANE ( 'NONE',  #3454 ) ;
#2322 = CYLINDRICAL_SURFACE ( 'NONE', #81, 0.7500000000000006661 ) ;
#2323 = CARTESIAN_POINT ( 'NONE',  ( -41.95942014062629255, 21.04485155126256402, 13.59999999999999964 ) ) ;
#2324 = CARTESIAN_POINT ( 'NONE',  ( 40.64972143323358011, -6.013200414186757214, 28.31225206021128926 ) ) ;
#2325 = PLANE ( 'NONE',  #747 ) ;
#2326 = VERTEX_POINT ( 'NONE', #1832 ) ;
#2327 = CARTESIAN_POINT ( 'NONE',  ( 38.10000000000007248, -7.399999999999876010, 13.60000000000000142 ) ) ;
#2328 = VECTOR ( 'NONE', #3727, 1000.000000000000000 ) ;
#2329 = CARTESIAN_POINT ( 'NONE',  ( 43.09802632127755828, -3.931144603804950677, 24.36531221810791692 ) ) ;
#2330 = DIRECTION ( 'NONE',  ( 0.000000000000000000, 0.000000000000000000, 1.000000000000000000 ) ) ;
#2331 = CARTESIAN_POINT ( 'NONE',  ( 38.10000000000005116, 21.05648911875095664, 26.27804358441474619 ) ) ;
#2332 = CARTESIAN_POINT ( 'NONE',  ( 39.79351676959399242, 19.62950919871981270, 28.43174276785752852 ) ) ;
#2333 = CARTESIAN_POINT ( 'NONE',  ( -10.22555123647642539, -6.878525472019688003, 28.03089793834048038 ) ) ;
#2334 = CARTESIAN_POINT ( 'NONE',  ( -12.97287642282466180, -6.802425566363081266, 26.27804358441452948 ) ) ;
#2335 = CARTESIAN_POINT ( 'NONE',  ( -43.98712545639568106, -19.55436243565081966, 9.600000000000001421 ) ) ;
#2336 = CARTESIAN_POINT ( 'NONE',  ( 41.09607851287252345, -3.164633877074714441, 28.53781812637540583 ) ) ;
#2337 = CARTESIAN_POINT ( 'NONE',  ( 40.10000000000001563, -4.399999999999876010, 10.59999999999999787 ) ) ;
#2338 = CARTESIAN_POINT ( 'NONE',  ( -10.36518000347762758, 20.89084800679929188, 27.23030725387409490 ) ) ;
#2339 = CARTESIAN_POINT ( 'NONE',  ( 38.10000000000007248, 3.766666666666789620, 28.59999999999999787 ) ) ;
#2340 = DIRECTION ( 'NONE',  ( -0.000000000000000000, -0.000000000000000000, -1.000000000000000000 ) ) ;
#2341 = EDGE_LOOP ( 'NONE', ( #2295, #3392, #4375, #3811, #321, #4410, #1556, #2372, #2817, #1098, #3677, #3460, #2822, #1783, #2501, #1284, #4321, #2068 ) ) ;
#2342 = CARTESIAN_POINT ( 'NONE',  ( 43.10000000000006537, -7.750399965808746572, 13.83185906315599034 ) ) ;
#2343 = CARTESIAN_POINT ( 'NONE',  ( -14.09999999999993570, -2.399999999999876010, 23.59999999999681108 ) ) ;
#2344 = CARTESIAN_POINT ( 'NONE',  ( -9.099999999999935696, -2.399999999999875566, 28.60000000000000142 ) ) ;
#2345 = CARTESIAN_POINT ( 'NONE',  ( 41.92280331573814323, -2.843110288644460582, 28.43174276785786603 ) ) ;
#2346 = ORIENTED_EDGE ( 'NONE', *, *, #1901, .F. ) ;
#2347 = CARTESIAN_POINT ( 'NONE',  ( -11.09999999999993570, 18.09999999999996234, 27.72132034355963981 ) ) ;
#2348 = CARTESIAN_POINT ( 'NONE',  ( -11.54614224558781999, 19.32853700035476763, 28.43174276785749299 ) ) ;
#2349 = CARTESIAN_POINT ( 'NONE',  ( 42.93223886672370071, -2.399999999999878675, 27.42003145578796364 ) ) ;
#2350 = ORIENTED_EDGE ( 'NONE', *, *, #2718, .F. ) ;
#2351 = DIRECTION ( 'NONE',  ( 0.1710878697460358755, -0.1710878697460352926, -0.9702875252478138091 ) ) ;
#2352 = CARTESIAN_POINT ( 'NONE',  ( 42.81794017505886529, 18.91430777312400835, 26.27804358441541055 ) ) ;
#2353 = CARTESIAN_POINT ( 'NONE',  ( 38.99892070657171672, 19.65630394450584362, 28.46374219451692866 ) ) ;
#2354 = CARTESIAN_POINT ( 'NONE',  ( -12.32331128139520438, -5.857193906859980537, 28.22214248708569784 ) ) ;
#2355 = CARTESIAN_POINT ( 'NONE',  ( -13.73530929459846739, -6.764695591581542544, 24.36531221810769310 ) ) ;
#2356 = LINE ( 'NONE', #1278, #1934 ) ;
#2357 = VECTOR ( 'NONE', #1282, 1000.000000000000000 ) ;
#2358 = CARTESIAN_POINT ( 'NONE',  ( 38.10000000000007958, -2.399999999999878675, 28.59999999999999787 ) ) ;
#2359 = CARTESIAN_POINT ( 'NONE',  ( 40.27566523580522784, 21.07444201803203399, 9.600000000000001421 ) ) ;
#2360 = DIRECTION ( 'NONE',  ( -0.1710878697460357922, -0.1710878697460364306, -0.9702875252478136980 ) ) ;
#2361 = CARTESIAN_POINT ( 'NONE',  ( -19.09999999999993747, -2.399999999999876010, 13.60000000000000142 ) ) ;
#2362 = ORIENTED_EDGE ( 'NONE', *, *, #2109, .F. ) ;
#2363 = CARTESIAN_POINT ( 'NONE',  ( 43.10000000000006537, -5.556130916181508006, 15.44690563819165696 ) ) ;
#2364 = FACE_OUTER_BOUND ( 'NONE', #2660, .T. ) ;
#2365 = PLANE ( 'NONE',  #4126 ) ;
#2366 = CARTESIAN_POINT ( 'NONE',  ( 40.18756696959514585, -6.099490816853793795, 28.34695819720921506 ) ) ;
#2367 = VECTOR ( 'NONE', #453, 1000.000000000000000 ) ;
#2368 = EDGE_LOOP ( 'NONE', ( #1696, #3507, #2434, #3532 ) ) ;
#2369 = CARTESIAN_POINT ( 'NONE',  ( 39.60000000000006537, 3.600000000000123990, 49.21552812808830168 ) ) ;
#2370 = AXIS2_PLACEMENT_3D ( 'NONE', #4184, #3498, #1053 ) ;
#2371 = CARTESIAN_POINT ( 'NONE',  ( 42.81798922995234591, -4.789689270530280041, 26.66045524841139169 ) ) ;
#2372 = ORIENTED_EDGE ( 'NONE', *, *, #981, .T. ) ;
#2373 = CARTESIAN_POINT ( 'NONE',  ( -12.36582406066230710, 21.09999999999996945, 15.33796802406414628 ) ) ;
#2374 = CARTESIAN_POINT ( 'NONE',  ( 42.28624495687488150, 20.81995064722286060, 23.59999999999999076 ) ) ;
#2375 = CARTESIAN_POINT ( 'NONE',  ( 40.18756782256347293, 19.79949076043651601, 28.34695819720976218 ) ) ;
#2376 = CARTESIAN_POINT ( 'NONE',  ( -12.54446084261582861, -4.346280989441209996, 28.43174276785741483 ) ) ;
#2377 = EDGE_CURVE ( 'NONE', #113, #2966, #62, .T. ) ;
#2378 = CARTESIAN_POINT ( 'NONE',  ( -14.01142105397208226, -3.784459039022793903, 26.27804358441499843 ) ) ;
#2379 = EDGE_CURVE ( 'NONE', #2917, #3751, #2992, .T. ) ;
#2380 = CARTESIAN_POINT ( 'NONE',  ( -17.82487824510187124, 23.32727593175417624, 13.60000000000001208 ) ) ;
#2381 = LINE ( 'NONE', #2423, #3467 ) ;
#2382 = CARTESIAN_POINT ( 'NONE',  ( 38.10000000000006537, 16.10000000000013287, 28.59999999999999076 ) ) ;
#2383 = CARTESIAN_POINT ( 'NONE',  ( 6.633333333333400361, -7.399999999999876010, 18.60000000000000142 ) ) ;
#2384 = EDGE_CURVE ( 'NONE', #2111, #4222, #2662, .T. ) ;
#2385 = ADVANCED_FACE ( 'NONE', ( #3964 ), #3579, .T. ) ;
#2386 = DIRECTION ( 'NONE',  ( 1.000000000000000000, 0.000000000000000000, 0.000000000000000000 ) ) ;
#2387 = CARTESIAN_POINT ( 'NONE',  ( -14.09999999999993570, 16.09999999999996945, 18.60000000000000142 ) ) ;
#2388 = CARTESIAN_POINT ( 'NONE',  ( -39.10000000000009379, 21.09999999999986642, 10.86666666666668313 ) ) ;
#2389 = CARTESIAN_POINT ( 'NONE',  ( -9.842213422912584164, -2.591978657640207739, 28.59999999999999076 ) ) ;
#2390 = CARTESIAN_POINT ( 'NONE',  ( 38.10000000000005116, -6.497735003208680027, 28.34695819720870347 ) ) ;
#2391 = EDGE_LOOP ( 'NONE', ( #2801, #2269, #932, #3525 ) ) ;
#2392 = FACE_OUTER_BOUND ( 'NONE', #3257, .T. ) ;
#2393 = CARTESIAN_POINT ( 'NONE',  ( 41.62755626821602561, -6.941306353620336544, 26.27804358441469645 ) ) ;
#2394 = ORIENTED_EDGE ( 'NONE', *, *, #3528, .F. ) ;
#2395 = CARTESIAN_POINT ( 'NONE',  ( 42.46466813625072234, 20.73532697717035944, 24.36531221810781744 ) ) ;
#2396 = CARTESIAN_POINT ( 'NONE',  ( 41.57139588685180343, 18.72825043213718743, 28.34695819721010324 ) ) ;
#2397 = CARTESIAN_POINT ( 'NONE',  ( -13.11207252158172132, -3.406722759281847424, 28.34695819720977994 ) ) ;
#2398 = CARTESIAN_POINT ( 'NONE',  ( -14.05648911875073814, -3.066581586293009476, 26.27804358441512989 ) ) ;
#2399 = DIRECTION ( 'NONE',  ( 0.1736481776669307198, 0.000000000000000000, 0.9848077530122080203 ) ) ;
#2400 = CARTESIAN_POINT ( 'NONE',  ( 38.10000000000009379, -2.399999999999878675, 28.59999999999999787 ) ) ;
#2401 = CARTESIAN_POINT ( 'NONE',  ( 43.06222914285740444, 18.59927203774670801, 9.599999999999999645 ) ) ;
#2402 = CARTESIAN_POINT ( 'NONE',  ( 39.60000000000006537, 1.600000000000123546, 28.59008767288885267 ) ) ;
#2403 = CARTESIAN_POINT ( 'NONE',  ( 6.633333333333400361, -7.399999999999876010, 13.60000000000000142 ) ) ;
#2404 = CARTESIAN_POINT ( 'NONE',  ( -11.73016544567441599, 21.09999999999995879, 15.96643331247973485 ) ) ;
#2405 = EDGE_CURVE ( 'NONE', #1043, #4174, #2270, .T. ) ;
#2406 = ORIENTED_EDGE ( 'NONE', *, *, #744, .T. ) ;
#2407 = CARTESIAN_POINT ( 'NONE',  ( -19.09999999999993747, 9.933333333333346005, 13.60000000000000142 ) ) ;
#2408 = LINE ( 'NONE', #1061, #1840 ) ;
#2409 = EDGE_CURVE ( 'NONE', #3052, #1322, #2289, .T. ) ;
#2410 = CARTESIAN_POINT ( 'NONE',  ( -11.09999999999993570, -4.399999999999876010, 27.72132034355963981 ) ) ;
#2411 = CARTESIAN_POINT ( 'NONE',  ( -9.099999999999935696, -2.399999999999876010, 28.59999999999999076 ) ) ;
#2412 = EDGE_LOOP ( 'NONE', ( #887, #428, #490, #1070 ) ) ;
#2413 = CARTESIAN_POINT ( 'NONE',  ( -19.09999999999993747, 9.933333333333354886, 13.60000000000000142 ) ) ;
#2414 = B_SPLINE_CURVE_WITH_KNOTS ( 'NONE', 3,
 ( #319, #340, #4500, #3079 ),
 .UNSPECIFIED., .F., .F.,
 ( 4, 4 ),
 ( 0.000000000000000000, 1.000000000000000000 ),
 .UNSPECIFIED. ) ;
#2415 = CARTESIAN_POINT ( 'NONE',  ( -13.66867854635619040, 16.09999999999996945, 28.03089793834172383 ) ) ;
#2416 = CARTESIAN_POINT ( 'NONE',  ( 42.44906664745723646, -5.516141392024657364, 27.23030725387448570 ) ) ;
#2417 = VERTEX_POINT ( 'NONE', #4353 ) ;
#2418 = CARTESIAN_POINT ( 'NONE',  ( -10.12932317770877333, -12.39722309373218678, 13.60000000000000497 ) ) ;
#2419 = CARTESIAN_POINT ( 'NONE',  ( 43.10000000000006537, 16.10000000000013287, 24.36531221810795955 ) ) ;
#2420 = CARTESIAN_POINT ( 'NONE',  ( -11.32750180907121518, 20.64131157256223759, 27.42003145578674506 ) ) ;
#2421 = CARTESIAN_POINT ( 'NONE',  ( -9.099999999999937472, -6.034353742314588764, 28.46374219451660892 ) ) ;
#2422 = CARTESIAN_POINT ( 'NONE',  ( -11.09999999999993570, 18.09999999999996234, 10.59999999999999787 ) ) ;
#2423 = CARTESIAN_POINT ( 'NONE',  ( -40.79999999999996163, -11.69689577749904430, 7.600000000000000533 ) ) ;
#2424 = ADVANCED_FACE ( 'NONE', ( #1468 ), #288, .T. ) ;
#2425 = CARTESIAN_POINT ( 'NONE',  ( 41.51270507531577181, 20.99246996001823362, 9.600000000000003197 ) ) ;
#2426 = CARTESIAN_POINT ( 'NONE',  ( 42.04148686043236438, 18.32316855256668475, 28.22214248708689510 ) ) ;
#2427 = CARTESIAN_POINT ( 'NONE',  ( 38.10000000000007958, -7.148296851172651678, 27.69395940719684290 ) ) ;
#2428 = CARTESIAN_POINT ( 'NONE',  ( 38.10000000000007248, 3.600000000000123990, 28.59999999999999787 ) ) ;
#2429 = DIRECTION ( 'NONE',  ( 0.9848077530122080203, 1.887700694446667185E-16, 0.1736481776669307198 ) ) ;
#2430 = VERTEX_POINT ( 'NONE', #791 ) ;
#2431 = LINE ( 'NONE', #674, #4404 ) ;
#2432 = LINE ( 'NONE', #1443, #3678 ) ;
#2433 = CARTESIAN_POINT ( 'NONE',  ( -44.06222914285879000, 18.59927203773568039, 13.59999999999999609 ) ) ;
#2434 = ORIENTED_EDGE ( 'NONE', *, *, #4540, .F. ) ;
#2435 = CARTESIAN_POINT ( 'NONE',  ( 41.35206067629155058, -7.313899947862278594, 13.59999999999902975 ) ) ;
#2436 = CARTESIAN_POINT ( 'NONE',  ( -39.10000000000007248, -21.10000000000013642, 9.600000000000001421 ) ) ;
#2437 = CARTESIAN_POINT ( 'NONE',  ( -9.421591328402815435, 18.78113703491196418, 28.55633887815910299 ) ) ;
#2438 = CARTESIAN_POINT ( 'NONE',  ( 42.31518592740628293, -6.348305444368667061, 26.66045524841091208 ) ) ;
#2439 = VERTEX_POINT ( 'NONE', #3580 ) ;
#2440 = VECTOR ( 'NONE', #2990, 1000.000000000000000 ) ;
#2441 = ADVANCED_FACE ( 'NONE', ( #3943 ), #2321, .T. ) ;
#2442 = CARTESIAN_POINT ( 'NONE',  ( -13.35548101595313497, -12.22373518329580833, 13.60000000000000320 ) ) ;
#2443 = CARTESIAN_POINT ( 'NONE',  ( 40.84230014037438394, 20.75187026080281782, 26.66045524841103642 ) ) ;
#2444 = CARTESIAN_POINT ( 'NONE',  ( -11.54795696449191844, 20.40580774871984815, 27.78280182435252854 ) ) ;
#2445 = CARTESIAN_POINT ( 'NONE',  ( -11.78803004379522434, -5.951047545169909192, 28.31225206021112939 ) ) ;
#2446 = LINE ( 'NONE', #3424, #1929 ) ;
#2447 = CARTESIAN_POINT ( 'NONE',  ( 42.98888856329194397, -19.54086757463667112, 9.600000000000001421 ) ) ;
#2448 = CARTESIAN_POINT ( 'NONE',  ( 40.39456583594477479, 21.07037261525423588, 9.600000000000003197 ) ) ;
#2449 = CARTESIAN_POINT ( 'NONE',  ( 41.71320041417668989, 18.64972143324397535, 28.31225206021198915 ) ) ;
#2450 = CARTESIAN_POINT ( 'NONE',  ( 38.10000000000007248, -4.598880096219245317, 28.57384641178454388 ) ) ;
#2451 = DIRECTION ( 'NONE',  ( -0.000000000000000000, 0.000000000000000000, 1.000000000000000000 ) ) ;
#2452 = EDGE_LOOP ( 'NONE', ( #3555, #3138, #1675, #213, #957, #224, #3143, #468 ) ) ;
#2453 = CARTESIAN_POINT ( 'NONE',  ( 38.58876800783528438, -4.399999999999876010, 28.57981072057814842 ) ) ;
#2454 = DIRECTION ( 'NONE',  ( -0.000000000000000000, 0.000000000000000000, 1.000000000000000000 ) ) ;
#2455 = DIRECTION ( 'NONE',  ( -1.000000000000000000, -1.369518533665900312E-16, 0.000000000000000000 ) ) ;
#2456 = FACE_OUTER_BOUND ( 'NONE', #2796, .T. ) ;
#2457 = ORIENTED_EDGE ( 'NONE', *, *, #4509, .F. ) ;
#2458 = CARTESIAN_POINT ( 'NONE',  ( -14.47297226593619612, 21.09999999999996234, 13.82617123294575912 ) ) ;
#2459 = CARTESIAN_POINT ( 'NONE',  ( 42.87812371297918190, -6.404962989093855086, 13.59999999999675957 ) ) ;
#2460 = CARTESIAN_POINT ( 'NONE',  ( -11.55697672268528642, 17.28720153576606222, 28.55633887815912075 ) ) ;
#2461 = CARTESIAN_POINT ( 'NONE',  ( 42.53735377073955704, -4.553017771184921791, 27.69395940719853400 ) ) ;
#2462 = ORIENTED_EDGE ( 'NONE', *, *, #743, .F. ) ;
#2463 = CARTESIAN_POINT ( 'NONE',  ( 39.99807503365487804, -12.38859539742031046, 13.60000000000000320 ) ) ;
#2464 = CARTESIAN_POINT ( 'NONE',  ( 39.44143014714318696, 20.98129802373308195, 26.66045524841083747 ) ) ;
#2465 = CARTESIAN_POINT ( 'NONE',  ( -13.72475559143967594, 16.09999999999996945, 27.95172059729466341 ) ) ;
#2466 = CARTESIAN_POINT ( 'NONE',  ( -9.543110288644477635, -6.222803315742166497, 28.43174276785706667 ) ) ;
#2467 = LINE ( 'NONE', #708, #4115 ) ;
#2468 = DIRECTION ( 'NONE',  ( -1.000000000000000000, 0.000000000000000000, 0.000000000000000000 ) ) ;
#2469 = CARTESIAN_POINT ( 'NONE',  ( 41.90107979774666092, -20.93063647162097141, 9.600000000000001421 ) ) ;
#2470 = CARTESIAN_POINT ( 'NONE',  ( -44.10000000000007248, 16.09999999999986287, 9.600000000000001421 ) ) ;
#2471 = CARTESIAN_POINT ( 'NONE',  ( 38.58055468721612868, 20.28746191188606218, 28.31225206021140295 ) ) ;
#2472 = DIRECTION ( 'NONE',  ( 1.000000000000000000, 0.000000000000000000, 0.000000000000000000 ) ) ;
#2473 = VECTOR ( 'NONE', #1166, 1000.000000000000000 ) ;
#2474 = PLANE ( 'NONE',  #2495 ) ;
#2475 = ORIENTED_EDGE ( 'NONE', *, *, #743, .T. ) ;
#2476 = CARTESIAN_POINT ( 'NONE',  ( -40.79999999999996163, -11.19689577749904430, 10.59999999999999964 ) ) ;
#2477 = CARTESIAN_POINT ( 'NONE',  ( -10.34999999999993570, -4.399999999999876010, 10.60000000000000142 ) ) ;
#2478 = CARTESIAN_POINT ( 'NONE',  ( -13.92324478098061569, -6.292793638365240305, 18.60000000000246700 ) ) ;
#2479 = EDGE_LOOP ( 'NONE', ( #363, #292, #938, #474 ) ) ;
#2480 = CARTESIAN_POINT ( 'NONE',  ( -13.22667846996324315, 21.09999999999996234, 14.51548021182992976 ) ) ;
#2481 = CARTESIAN_POINT ( 'NONE',  ( 42.42549664848475288, -7.039032164171037387, 13.59999999999868336 ) ) ;
#2482 = CARTESIAN_POINT ( 'NONE',  ( -11.17233532002256169, 18.03465291681087734, 28.55633887815911720 ) ) ;
#2483 = CARTESIAN_POINT ( 'NONE',  ( 42.72475559143931889, -2.933671961059961752, 27.95172059729543790 ) ) ;
#2484 = VERTEX_POINT ( 'NONE', #4428 ) ;
#2485 = CARTESIAN_POINT ( 'NONE',  ( 43.10000000000006537, -16.10000000000013642, 10.86666666666668313 ) ) ;
#2486 = CARTESIAN_POINT ( 'NONE',  ( 41.54266617362941361, 20.55627230995107624, 26.66045524841116432 ) ) ;
#2487 = CARTESIAN_POINT ( 'NONE',  ( -12.24643679372402971, 19.71984343573710419, 28.16519854648774057 ) ) ;
#2488 = CARTESIAN_POINT ( 'NONE',  ( -11.84443805637367575, -3.957162794888064550, 28.53781812637534898 ) ) ;
#2489 = CARTESIAN_POINT ( 'NONE',  ( -13.96439640049426245, -2.997907049005940738, 27.23030725387453899 ) ) ;
#2490 = CARTESIAN_POINT ( 'NONE',  ( -14.09999999999993214, 16.09999999999996945, 18.59999999999999787 ) ) ;
#2491 = CARTESIAN_POINT ( 'NONE',  ( -11.09999999999993570, 0.000000000000000000, 25.59999999999999787 ) ) ;
#2492 = CARTESIAN_POINT ( 'NONE',  ( 41.65631831747197822, 20.97389364416967794, 9.600000000000006750 ) ) ;
#2493 = CARTESIAN_POINT ( 'NONE',  ( 41.71984343571486420, 19.24643679372610805, 28.16519854648824861 ) ) ;
#2494 = CARTESIAN_POINT ( 'NONE',  ( 38.10000000000006537, -5.464390761366213489, 28.53781812637529924 ) ) ;
#2495 = AXIS2_PLACEMENT_3D ( 'NONE', #2060, #2451, #3502 ) ;
#2496 = CARTESIAN_POINT ( 'NONE',  ( -14.09999999999993570, -2.399999999999876010, 23.59999999999681108 ) ) ;
#2497 = ORIENTED_EDGE ( 'NONE', *, *, #3053, .F. ) ;
#2498 = CARTESIAN_POINT ( 'NONE',  ( -13.40946740635533274, 20.14165993199476290, 26.27804358441494514 ) ) ;
#2499 = FACE_OUTER_BOUND ( 'NONE', #2479, .T. ) ;
#2500 = CARTESIAN_POINT ( 'NONE',  ( -13.56235722023091483, -6.937664104580316682, 18.59999999999876508 ) ) ;
#2501 = ORIENTED_EDGE ( 'NONE', *, *, #1145, .T. ) ;
#2502 = CARTESIAN_POINT ( 'NONE',  ( -14.48594054675815102, 21.09999999999995168, 13.82297405864422402 ) ) ;
#2503 = CARTESIAN_POINT ( 'NONE',  ( 41.83572970367595900, -12.29166635302932242, 13.60000000000000497 ) ) ;
#2504 = VECTOR ( 'NONE', #3069, 1000.000000000000000 ) ;
#2505 = CARTESIAN_POINT ( 'NONE',  ( -12.16299019693811623, 18.42198450852248115, 28.46374219451695708 ) ) ;
#2506 = CARTESIAN_POINT ( 'NONE',  ( 42.81427369667009941, -2.399999999999879119, 27.78280182435364765 ) ) ;
#2507 = VERTEX_POINT ( 'NONE', #521 ) ;
#2508 = CARTESIAN_POINT ( 'NONE',  ( 39.16063661064404755, -12.40000000116638113, 13.60000000000000320 ) ) ;
#2509 = CARTESIAN_POINT ( 'NONE',  ( 42.64131157254762172, 18.32750180907088833, 27.42003145578767231 ) ) ;
#2510 = CARTESIAN_POINT ( 'NONE',  ( -12.75039869646247759, 19.50406773626177781, 28.03089793834149646 ) ) ;
#2511 = CARTESIAN_POINT ( 'NONE',  ( -12.73435374231211092, -2.823685738382773813, 28.46374219451701748 ) ) ;
#2512 = CARTESIAN_POINT ( 'NONE',  ( -13.98818812790835509, 19.56998191267240372, 13.60000000000130171 ) ) ;
#2513 = CARTESIAN_POINT ( 'NONE',  ( 41.39755730796498767, -21.00743052736656935, 9.600000000000003197 ) ) ;
#2514 = ADVANCED_FACE ( 'NONE', ( #2730 ), #608, .F. ) ;
#2515 = CARTESIAN_POINT ( 'NONE',  ( -41.42161314647957937, 21.06938128774528352, 9.600000000000001421 ) ) ;
#2516 = CIRCLE ( 'NONE', #597, 0.5000000000000004441 ) ;
#2517 = CARTESIAN_POINT ( 'NONE',  ( -12.55694680896534088, -6.106527527443350145, 27.95172059729384628 ) ) ;
#2518 = EDGE_CURVE ( 'NONE', #2121, #3584, #2638, .T. ) ;
#2519 = CARTESIAN_POINT ( 'NONE',  ( 41.96415848944207028, -12.27368803256701746, 13.59999999999999964 ) ) ;
#2520 = AXIS2_PLACEMENT_3D ( 'NONE', #2422, #305, #1711 ) ;
#2521 = CARTESIAN_POINT ( 'NONE',  ( -43.89929146666761284, -20.02763088764807264, 9.600000000000006750 ) ) ;
#2522 =( GEOMETRIC_REPRESENTATION_CONTEXT ( 3 ) GLOBAL_UNCERTAINTY_ASSIGNED_CONTEXT ( ( #193 ) ) GLOBAL_UNIT_ASSIGNED_CONTEXT ( ( #978, #3340, #4366 ) ) REPRESENTATION_CONTEXT ( 'NONE', 'WORKASPACE' ) );
#2523 = CARTESIAN_POINT ( 'NONE',  ( -13.55627230994706167, 19.54266617364284642, 26.66045524841099734 ) ) ;
#2524 = ADVANCED_FACE ( 'NONE', ( #225 ), #204, .F. ) ;
#2525 = CARTESIAN_POINT ( 'NONE',  ( -43.11584027700531152, -20.87219128650708910, 13.60000000000000142 ) ) ;
#2526 = CARTESIAN_POINT ( 'NONE',  ( -43.97576400432819099, 19.63667213872320261, 13.60000000000000320 ) ) ;
#2527 = EDGE_CURVE ( 'NONE', #1907, #1657, #3643, .T. ) ;
#2528 = ORIENTED_EDGE ( 'NONE', *, *, #76, .F. ) ;
#2529 = CARTESIAN_POINT ( 'NONE',  ( -9.099999999999933920, 9.933333333333353110, 28.59999999999999787 ) ) ;
#2530 = DIRECTION ( 'NONE',  ( 1.000000000000000000, 3.491481338843133750E-15, 0.000000000000000000 ) ) ;
#2531 = CARTESIAN_POINT ( 'NONE',  ( 38.10000000000007958, -7.148296851172651678, 27.69395940719684290 ) ) ;
#2532 = ORIENTED_EDGE ( 'NONE', *, *, #3186, .T. ) ;
#2533 = CARTESIAN_POINT ( 'NONE',  ( -18.32382501293497157, -8.735286589503465038, 13.60000000000000497 ) ) ;
#2534 = CARTESIAN_POINT ( 'NONE',  ( 42.41032499404267497, 19.88221209477772078, 26.66045524841134906 ) ) ;
#2535 = CARTESIAN_POINT ( 'NONE',  ( -10.22555123150611323, 20.57852547220822359, 28.03089793834129395 ) ) ;
#2536 = CARTESIAN_POINT ( 'NONE',  ( -10.36613721817487210, -3.299209654218707932, 28.59803400948221963 ) ) ;
#2537 = CARTESIAN_POINT ( 'NONE',  ( -14.01389994814497797, 19.35206067631192894, 18.59999999999935483 ) ) ;
#2538 = CARTESIAN_POINT ( 'NONE',  ( 43.10000000000006537, -2.399999999999875566, 20.26666666666649164 ) ) ;
#2539 = CARTESIAN_POINT ( 'NONE',  ( -43.71654195172472868, 20.48402385467025866, 9.600000000000001421 ) ) ;
#2540 = CARTESIAN_POINT ( 'NONE',  ( -13.40089366758083855, -4.468508376256899339, 27.95172059729430103 ) ) ;
#2541 = CYLINDRICAL_SURFACE ( 'NONE', #719, 0.7500000000000006661 ) ;
#2542 = ORIENTED_EDGE ( 'NONE', *, *, #3666, .T. ) ;
#2543 = CARTESIAN_POINT ( 'NONE',  ( 38.55182677842164907, 16.69494253816501228, 28.60000000000000497 ) ) ;
#2544 = CARTESIAN_POINT ( 'NONE',  ( -14.03798124828931115, 19.16147979884089736, 24.36531221810782100 ) ) ;
#2545 = LINE ( 'NONE', #495, #519 ) ;
#2546 = CARTESIAN_POINT ( 'NONE',  ( -12.45772195407463201, -7.301939378529446856, 13.59999999999907594 ) ) ;
#2547 = VERTEX_POINT ( 'NONE', #3825 ) ;
#2548 = EDGE_CURVE ( 'NONE', #2896, #2507, #2431, .T. ) ;
#2549 = CARTESIAN_POINT ( 'NONE',  ( -14.09999999999993570, 16.09999999999996945, 23.59999999999999432 ) ) ;
#2550 = CARTESIAN_POINT ( 'NONE',  ( 41.16439076136348518, 16.10000000000012577, 28.53781812637545556 ) ) ;
#2551 = CARTESIAN_POINT ( 'NONE',  ( 42.72475559143931889, -2.399999999999879119, 27.95172059729543790 ) ) ;
#2552 = ORIENTED_EDGE ( 'NONE', *, *, #1697, .T. ) ;
#2553 = CARTESIAN_POINT ( 'NONE',  ( -18.33426996164852696, -8.712868897036951665, 13.59999999999999964 ) ) ;
#2554 = CARTESIAN_POINT ( 'NONE',  ( 41.84631700244491981, 19.35757900036210799, 28.03089793834189436 ) ) ;
#2555 = CARTESIAN_POINT ( 'NONE',  ( -11.99112130508953378, 19.42543508225269733, 28.34695819720966981 ) ) ;
#2556 = CARTESIAN_POINT ( 'NONE',  ( 40.14704002020411622, -21.07837550577995955, 13.60000000000000142 ) ) ;
#2557 = CARTESIAN_POINT ( 'NONE',  ( -14.55219010891249276, 25.67222146963547758, 13.59999999999999787 ) ) ;
#2558 = CARTESIAN_POINT ( 'NONE',  ( -19.07514152822320241, 18.33112916051123875, 13.60000000000000142 ) ) ;
#2559 = CARTESIAN_POINT ( 'NONE',  ( -43.19274964925141802, 20.84640685949529271, 9.599999999999999645 ) ) ;
#2560 = CARTESIAN_POINT ( 'NONE',  ( -9.099999999999941025, -7.024755591440582592, 27.95172059729313219 ) ) ;
#2561 = CARTESIAN_POINT ( 'NONE',  ( -13.28624495687474294, -7.119950647222578866, 23.59999999999999076 ) ) ;
#2562 = CARTESIAN_POINT ( 'NONE',  ( -39.10000000000007248, -21.10000000000013642, 9.600000000000001421 ) ) ;
#2563 = CARTESIAN_POINT ( 'NONE',  ( 39.63261624263570582, 16.29019815971304652, 28.59803400948222674 ) ) ;
#2564 = CARTESIAN_POINT ( 'NONE',  ( -13.41032456783229243, 19.88221312601206137, 26.66045524841096892 ) ) ;
#2565 = CARTESIAN_POINT ( 'NONE',  ( -44.08542865622446527, -17.87180854722440770, 13.60000000000000142 ) ) ;
#2566 = CARTESIAN_POINT ( 'NONE',  ( -11.94550832070212287, -12.35445643760323620, 13.60000000000000497 ) ) ;
#2567 = ORIENTED_EDGE ( 'NONE', *, *, #2239, .F. ) ;
#2568 = FACE_BOUND ( 'NONE', #3901, .T. ) ;
#2569 = CARTESIAN_POINT ( 'NONE',  ( -9.754131281051579450, 16.47012258850858046, 28.59999999999999432 ) ) ;
#2570 = CARTESIAN_POINT ( 'NONE',  ( 41.32332414991735448, -5.857185619214148709, 28.22214248708605666 ) ) ;
#2571 = EDGE_CURVE ( 'NONE', #2217, #2049, #2825, .T. ) ;
#2572 = VERTEX_POINT ( 'NONE', #2089 ) ;
#2573 = VECTOR ( 'NONE', #4121, 1000.000000000000000 ) ;
#2574 = CARTESIAN_POINT ( 'NONE',  ( -14.09999999999993570, -2.399999999999876010, 23.59999999999681108 ) ) ;
#2575 = CARTESIAN_POINT ( 'NONE',  ( 40.16850838150613612, 20.40089366689749895, 27.95172059729443248 ) ) ;
#2576 = CARTESIAN_POINT ( 'NONE',  ( -12.62950919871722633, 17.79351676959450046, 28.43174276785753563 ) ) ;
#2577 = CARTESIAN_POINT ( 'NONE',  ( 43.06222914285878289, -18.59927203773600013, 13.60000000000000142 ) ) ;
#2578 = CARTESIAN_POINT ( 'NONE',  ( 43.08277503502132788, -3.890880864195396693, 25.13064410631898227 ) ) ;
#2579 = CARTESIAN_POINT ( 'NONE',  ( -8.619032709452994823, 21.09999999999997300, 13.60000000000000142 ) ) ;
#2580 = CARTESIAN_POINT ( 'NONE',  ( -18.99966471604806983, 19.70572594795045518, 13.59999999999999787 ) ) ;
#2581 = CARTESIAN_POINT ( 'NONE',  ( -40.84967719375759287, 21.09011195108217862, 9.600000000000003197 ) ) ;
#2582 = CARTESIAN_POINT ( 'NONE',  ( -11.57792802298641810, -6.746969642035637982, 27.69395940719725147 ) ) ;
#2583 = VECTOR ( 'NONE', #1878, 1000.000000000000000 ) ;
#2584 = DIRECTION ( 'NONE',  ( 0.000000000000000000, -0.000000000000000000, 1.000000000000000000 ) ) ;
#2585 = CARTESIAN_POINT ( 'NONE',  ( -42.52861721390262062, -20.99046056094380575, 9.599999999999997868 ) ) ;
#2586 = VECTOR ( 'NONE', #3864, 1000.000000000000000 ) ;
#2587 = CARTESIAN_POINT ( 'NONE',  ( 39.04320614114525512, -3.638733332395409636, 28.59803400948224095 ) ) ;
#2588 = CARTESIAN_POINT ( 'NONE',  ( 40.55148632866105629, 18.23512839759261439, 28.53781812637540938 ) ) ;
#2589 = CARTESIAN_POINT ( 'NONE',  ( -9.858427516427687110, 21.09999999999996945, 24.36531221810770731 ) ) ;
#2590 = CARTESIAN_POINT ( 'NONE',  ( -44.10000000000007958, -16.59264819289731818, 13.59999999999999609 ) ) ;
#2591 = CARTESIAN_POINT ( 'NONE',  ( -11.71004394060899756, -7.359127595603030869, 18.60000000000062315 ) ) ;
#2592 = ORIENTED_EDGE ( 'NONE', *, *, #3328, .T. ) ;
#2593 = CARTESIAN_POINT ( 'NONE',  ( 22.36666666666669911, 21.10000000000007603, 23.59999999999999432 ) ) ;
#2594 = CARTESIAN_POINT ( 'NONE',  ( -9.099999999999933920, 16.09999999999996945, 28.59999999999999787 ) ) ;
#2595 = CARTESIAN_POINT ( 'NONE',  ( 39.18813315860768398, -6.745198433052040698, 28.16519854648667476 ) ) ;
#2596 = ORIENTED_EDGE ( 'NONE', *, *, #1220, .T. ) ;
#2597 = LINE ( 'NONE', #838, #2473 ) ;
#2598 = CARTESIAN_POINT ( 'NONE',  ( 38.10000000000004405, 20.72475559144021062, 27.95172059729413050 ) ) ;
#2599 = CARTESIAN_POINT ( 'NONE',  ( -10.18813315860709601, 20.44519843303571704, 28.16519854648753807 ) ) ;
#2600 = CARTESIAN_POINT ( 'NONE',  ( 38.10000000000007958, -7.399999999999876010, 13.60000000000000142 ) ) ;
#2601 = CARTESIAN_POINT ( 'NONE',  ( 41.16147778144722480, -7.337981380323123304, 24.36531221810770376 ) ) ;
#2602 = LINE ( 'NONE', #2257, #2218 ) ;
#2603 = CARTESIAN_POINT ( 'NONE',  ( -18.99201367540719687, 19.78663668144662324, 13.59999999999999964 ) ) ;
#2604 = CARTESIAN_POINT ( 'NONE',  ( -43.88097685546683380, 20.08708972990868347, 9.600000000000001421 ) ) ;
#2605 = CARTESIAN_POINT ( 'NONE',  ( -12.18499855494735229, -5.949195685984044246, 28.22214248708564810 ) ) ;
#2606 = FACE_OUTER_BOUND ( 'NONE', #3466, .T. ) ;
#2607 = CARTESIAN_POINT ( 'NONE',  ( -43.73941876031896214, -20.43244147772120911, 9.600000000000001421 ) ) ;
#2608 = CARTESIAN_POINT ( 'NONE',  ( 40.78113703491049336, -2.399999999999880451, 28.55633887815918470 ) ) ;
#2609 = CARTESIAN_POINT ( 'NONE',  ( 39.27832250060306762, 17.12847595634682918, 28.59803400948222318 ) ) ;
#2610 = CARTESIAN_POINT ( 'NONE',  ( -12.16080553375466700, 20.38855063842439819, 27.42003145578681256 ) ) ;
#2611 = CARTESIAN_POINT ( 'NONE',  ( -43.87811096940384203, -20.09664412391632737, 13.60000000000000675 ) ) ;
#2612 = CARTESIAN_POINT ( 'NONE',  ( -12.23365056629993752, -7.324618107184011073, 13.59999999999938680 ) ) ;
#2613 = ORIENTED_EDGE ( 'NONE', *, *, #3337, .F. ) ;
#2614 = CARTESIAN_POINT ( 'NONE',  ( -14.09999999999993570, -2.399999999999875566, 28.59999999999999787 ) ) ;
#2615 = CARTESIAN_POINT ( 'NONE',  ( -9.710441536794609974, 16.53182469039363767, 28.59999999999999432 ) ) ;
#2616 = CARTESIAN_POINT ( 'NONE',  ( -10.33873333239495906, -3.343206141147230692, 28.59803400948223384 ) ) ;
#2617 = CARTESIAN_POINT ( 'NONE',  ( 42.24917488027781332, -4.745298424130355741, 28.03089793834182331 ) ) ;
#2618 = DIRECTION ( 'NONE',  ( 1.916821520416347353E-16, -1.000000000000000000, 0.000000000000000000 ) ) ;
#2619 = ORIENTED_EDGE ( 'NONE', *, *, #1804, .F. ) ;
#2620 = ADVANCED_FACE ( 'NONE', ( #2818 ), #756, .T. ) ;
#2621 = CARTESIAN_POINT ( 'NONE',  ( -14.09999999999993747, -2.399999999999876010, 18.60000000000000497 ) ) ;
#2622 = CARTESIAN_POINT ( 'NONE',  ( 42.40580774869901148, 18.54795696449193443, 27.78280182435330303 ) ) ;
#2623 = CARTESIAN_POINT ( 'NONE',  ( -12.32332414993547509, 19.55718561922605403, 28.22214248708622009 ) ) ;
#2624 = CARTESIAN_POINT ( 'NONE',  ( 42.28624356833511655, -7.119951220737777753, 24.36531221810776415 ) ) ;
#2625 = CARTESIAN_POINT ( 'NONE',  ( -8.997687380367150212, 21.10040903741742468, 18.60000000000128750 ) ) ;
#2626 = CARTESIAN_POINT ( 'NONE',  ( -19.04009515087001603, 19.18634223358787594, 13.60000000000000142 ) ) ;
#2627 = CARTESIAN_POINT ( 'NONE',  ( -40.60000000000003695, 10.27689577749865890, 7.600000000000000533 ) ) ;
#2628 = CARTESIAN_POINT ( 'NONE',  ( -12.87596388288794458, -5.258263304217570600, 28.16519854648742793 ) ) ;
#2629 = DIRECTION ( 'NONE',  ( 1.916821520416347599E-16, -1.000000000000000000, 0.000000000000000000 ) ) ;
#2630 = CARTESIAN_POINT ( 'NONE',  ( 38.10000000000007248, -21.10000000000013642, 12.26666666666666750 ) ) ;
#2631 = CARTESIAN_POINT ( 'NONE',  ( 40.48632736472124805, -4.627167420738691916, 28.53781812637536675 ) ) ;
#2632 = CARTESIAN_POINT ( 'NONE',  ( 38.29197865834699854, 16.84221342279514388, 28.59999999999999787 ) ) ;
#2633 = CARTESIAN_POINT ( 'NONE',  ( -11.48968926413301972, 20.81798923055815465, 26.66045524841081971 ) ) ;
#2634 = CARTESIAN_POINT ( 'NONE',  ( -40.59999999999996589, -11.69689577749904430, -15.40511026734024824 ) ) ;
#2635 = CARTESIAN_POINT ( 'NONE',  ( -18.81871241389667659, -7.368945704266537611, 13.59999999999999787 ) ) ;
#2636 = ORIENTED_EDGE ( 'NONE', *, *, #1759, .T. ) ;
#2637 = B_SPLINE_CURVE_WITH_KNOTS ( 'NONE', 3,
 ( #2835, #3546, #4296, #3245, #2171, #3842, #75, #1436, #1821, #350, #3567, #3199, #1480, #4230, #1799, #3175, #688, #1755, #1777, #2150, #1842, #2447, #761, #1082, #1131, #3152, #1501, #8, #1411, #2812, #3933, #4208, #781, #3912, #1458, #418, #2193, #96, #2858, #3887, #1054, #2469, #3223, #734, #2879, #3866, #32, #369, #1108, #2513, #4276, #3591, #442, #2126, #2901, #3519, #1597, #168, #1621, #4389, #508, #3656 ),
 .UNSPECIFIED., .F., .F.,
 ( 4, 1, 1, 1, 1, 1, 1, 1, 2, 2, 1, 1, 1, 1, 1, 1, 2, 2, 1, 1, 1, 1, 2, 2, 2, 1, 1, 1, 1, 2, 2, 1, 1, 1, 1, 1, 2, 2, 1, 1, 1, 1, 1, 1, 2, 2, 4 ),
 ( 0.000000000000000000, 0.1250000000001600664, 0.1875000000002406686, 0.2187500000002809697, 0.2343750000003011202, 0.2421875000003104739, 0.2460937500003151368, 0.2480468750003166356, 0.2490234375003181067, 0.2500000000003195777, 0.3125000000004062861, 0.3437500000004501954, 0.3593750000004728995, 0.3671875000004843903, 0.3710937500004906631, 0.3730468750004945488, 0.3740234375004963252, 0.3750000000004981016, 0.4062500000005642153, 0.4218750000005970224, 0.4296875000006136758, 0.4335937500006220024, 0.4355468750006254997, 0.4375000000006289969, 0.5000000000007601697, 0.5312500000008256729, 0.5468750000008585355, 0.5546875000008741896, 0.5585937500008821832, 0.5605468750008851808, 0.5625000000008882894, 0.5937500000009033885, 0.6093750000009122703, 0.6171875000009177104, 0.6210937500009203749, 0.6230468750009225953, 0.6240234375009237056, 0.6250000000009249268, 0.6875000000008805179, 0.7187500000008594236, 0.7343750000008498757, 0.7421875000008461010, 0.7460937500008451018, 0.7480468750008446577, 0.7490234375008434364, 0.7500000000008422152, 1.000000000000000000 ),
 .UNSPECIFIED. ) ;
#2638 = LINE ( 'NONE', #3352, #4049 ) ;
#2639 = CARTESIAN_POINT ( 'NONE',  ( -39.10000000000009379, 21.09999999999986642, 12.33333333333332149 ) ) ;
#2640 = CARTESIAN_POINT ( 'NONE',  ( -9.099999999999935696, -3.166076742315699022, 28.59999999999999787 ) ) ;
#2641 = CARTESIAN_POINT ( 'NONE',  ( 39.22555123150675627, -6.878525472224669812, 28.03089793834057275 ) ) ;
#2642 = VERTEX_POINT ( 'NONE', #3482 ) ;
#2643 = CARTESIAN_POINT ( 'NONE',  ( 43.10000000000006537, -1.919032709453474483, 18.59999999999999787 ) ) ;
#2644 = CARTESIAN_POINT ( 'NONE',  ( 41.35757971743075956, 19.84631670579971185, 28.03089793834175580 ) ) ;
#2645 = CARTESIAN_POINT ( 'NONE',  ( -12.33868739220964983, 19.11992433583149520, 28.34695819720970889 ) ) ;
#2646 = CARTESIAN_POINT ( 'NONE',  ( 42.73941876031830844, -20.43244147772230690, 13.59999999999999964 ) ) ;
#2647 = CARTESIAN_POINT ( 'NONE',  ( 41.09334836787930811, -7.281218200224270909, 25.13064410631846712 ) ) ;
#2648 = LINE ( 'NONE', #3710, #2736 ) ;
#2649 = CARTESIAN_POINT ( 'NONE',  ( -9.099999999999937472, -12.39999999999987601, 13.60000000000000142 ) ) ;
#2650 = VECTOR ( 'NONE', #997, 1000.000000000000000 ) ;
#2651 = CARTESIAN_POINT ( 'NONE',  ( 41.32853700033477651, 18.54614224558913449, 28.43174276785768484 ) ) ;
#2652 = CARTESIAN_POINT ( 'NONE',  ( -12.71984343572426646, -5.546436793719640157, 28.16519854648733556 ) ) ;
#2653 = CARTESIAN_POINT ( 'NONE',  ( -14.09802632133022193, -3.931144596179831474, 23.59999999999999432 ) ) ;
#2654 = CARTESIAN_POINT ( 'NONE',  ( 39.35000000000001563, -4.399999999999876010, 25.59999999999999787 ) ) ;
#2655 = CARTESIAN_POINT ( 'NONE',  ( 40.55697672267842080, -3.587201535766106897, 28.55633887815912786 ) ) ;
#2656 = CARTESIAN_POINT ( 'NONE',  ( 38.10000000000006537, 16.10000000000013287, 28.59999999999999432 ) ) ;
#2657 = CARTESIAN_POINT ( 'NONE',  ( -13.55623889908020097, 18.66188308255699013, 27.42003145578702217 ) ) ;
#2658 = LINE ( 'NONE', #563, #1477 ) ;
#2659 = CARTESIAN_POINT ( 'NONE',  ( -19.09999999999993747, 16.09999999999996945, 13.60000000000000142 ) ) ;
#2660 = EDGE_LOOP ( 'NONE', ( #2848, #565, #4466, #4432, #4065, #4328, #2542, #2018, #678 ) ) ;
#2661 = CARTESIAN_POINT ( 'NONE',  ( 43.10000000000006537, -6.505533742834186839, 14.53424714429665343 ) ) ;
#2662 = B_SPLINE_CURVE_WITH_KNOTS ( 'NONE', 3,
 ( #3646, #3209, #1903, #3278 ),
 .UNSPECIFIED., .F., .F.,
 ( 4, 4 ),
 ( 0.000000000000000000, 1.000000000000000000 ),
 .UNSPECIFIED. ) ;
#2663 = EDGE_CURVE ( 'NONE', #2301, #264, #3782, .T. ) ;
#2664 = CARTESIAN_POINT ( 'NONE',  ( 42.81427369667009231, 16.10000000000013287, 27.78280182435365475 ) ) ;
#2665 = CARTESIAN_POINT ( 'NONE',  ( -9.099999999999935696, -2.399999999999875566, 28.59999999999999787 ) ) ;
#2666 = CARTESIAN_POINT ( 'NONE',  ( 42.44519843285671357, -3.488133163384048441, 28.16519854648864296 ) ) ;
#2667 = CARTESIAN_POINT ( 'NONE',  ( -12.08489009577547435, 21.09999999999995524, 15.61607034543226291 ) ) ;
#2668 = ORIENTED_EDGE ( 'NONE', *, *, #3661, .T. ) ;
#2669 = AXIS2_PLACEMENT_3D ( 'NONE', #1625, #4421, #1947 ) ;
#2670 = MECHANICAL_DESIGN_GEOMETRIC_PRESENTATION_REPRESENTATION (  '', ( #1120 ), #2522 ) ;
#2671 = CARTESIAN_POINT ( 'NONE',  ( 38.10000000000006537, 16.10000000000013287, 28.59999999999999787 ) ) ;
#2672 = CARTESIAN_POINT ( 'NONE',  ( -40.60000000000003695, 10.27689577749865890, 10.59999999999999964 ) ) ;
#2673 = DIRECTION ( 'NONE',  ( 0.000000000000000000, 0.000000000000000000, 1.000000000000000000 ) ) ;
#2674 = ORIENTED_EDGE ( 'NONE', *, *, #4147, .T. ) ;
#2675 = CARTESIAN_POINT ( 'NONE',  ( 38.10000000000007958, -7.399999999999876010, 23.59999999999999432 ) ) ;
#2676 = CARTESIAN_POINT ( 'NONE',  ( 42.46466813625351477, 20.73532697716249018, 23.59999999999999076 ) ) ;
#2677 = CARTESIAN_POINT ( 'NONE',  ( 38.10000000000006537, 19.73435374231319983, 28.46374219451686827 ) ) ;
#2678 = CARTESIAN_POINT ( 'NONE',  ( -9.625106188309379363, -6.968678546357166326, 28.03089793834036314 ) ) ;
#2679 = CARTESIAN_POINT ( 'NONE',  ( -13.28624495687645535, -7.119950647224106532, 24.36531221810766823 ) ) ;
#2680 = CARTESIAN_POINT ( 'NONE',  ( -44.06641683701761991, -18.49873699103379110, 9.600000000000001421 ) ) ;
#2681 = CARTESIAN_POINT ( 'NONE',  ( 39.59226033786415400, -2.788102095831185068, 28.59803400948221963 ) ) ;
#2682 = CARTESIAN_POINT ( 'NONE',  ( 38.86607674231510146, 16.10000000000013287, 28.59999999999999787 ) ) ;
#2683 = CARTESIAN_POINT ( 'NONE',  ( -13.32605113377021766, 19.32701106381294665, 27.42003145578695111 ) ) ;
#2684 = CARTESIAN_POINT ( 'NONE',  ( -41.42161314647712089, -21.06938128774574182, 13.60000000000000142 ) ) ;
#2685 = CARTESIAN_POINT ( 'NONE',  ( 41.95265396141699910, 0.000000000000000000, 9.600000000000001421 ) ) ;
#2686 = ORIENTED_EDGE ( 'NONE', *, *, #643, .F. ) ;
#2687 = CARTESIAN_POINT ( 'NONE',  ( 43.10000000000006537, -5.942803364071711059, 15.06600305162856301 ) ) ;
#2688 = PLANE ( 'NONE',  #299 ) ;
#2689 = CARTESIAN_POINT ( 'NONE',  ( -42.51270507531683052, 20.99246996001774335, 13.60000000000000142 ) ) ;
#2690 = CARTESIAN_POINT ( 'NONE',  ( 41.84157869671066265, -3.342806833634313524, 28.43174276785775589 ) ) ;
#2691 = ORIENTED_EDGE ( 'NONE', *, *, #1569, .T. ) ;
#2692 = DIRECTION ( 'NONE',  ( 1.000000000000000000, 0.000000000000000000, -0.000000000000000000 ) ) ;
#2693 = CARTESIAN_POINT ( 'NONE',  ( 40.55496425863013599, -7.173961290883698716, 26.27804358441444776 ) ) ;
#2694 = CARTESIAN_POINT ( 'NONE',  ( 41.95265396141699910, 19.95265396141707370, 9.600000000000001421 ) ) ;
#2695 = CARTESIAN_POINT ( 'NONE',  ( 42.14165993197418203, 20.40946740635862255, 26.27804358441518673 ) ) ;
#2696 = CARTESIAN_POINT ( 'NONE',  ( 41.11040649701025274, 18.90770453926999650, 28.43174276785763865 ) ) ;
#2697 = CARTESIAN_POINT ( 'NONE',  ( -12.84631700245443575, -5.657579000355090315, 28.03089793834111987 ) ) ;
#2698 = CARTESIAN_POINT ( 'NONE',  ( -13.98121820022512729, -5.393348367881398708, 25.13064410631858081 ) ) ;
#2699 = CARTESIAN_POINT ( 'NONE',  ( -43.98247474094959131, -19.58902559124274845, 9.600000000000003197 ) ) ;
#2700 = CARTESIAN_POINT ( 'NONE',  ( 38.29197865764022168, -3.142213422913020082, 28.59999999999999076 ) ) ;
#2701 = CARTESIAN_POINT ( 'NONE',  ( 40.36820079462204802, 21.07131387799110556, 9.600000000000001421 ) ) ;
#2702 = CARTESIAN_POINT ( 'NONE',  ( 43.10000000000006537, -2.399999999999880451, 28.59999999999999787 ) ) ;
#2703 = LINE ( 'NONE', #4426, #2152 ) ;
#2704 = ORIENTED_EDGE ( 'NONE', *, *, #1559, .T. ) ;
#2705 = DIRECTION ( 'NONE',  ( 1.916821520416347353E-16, -1.000000000000000000, 0.000000000000000000 ) ) ;
#2706 = CARTESIAN_POINT ( 'NONE',  ( 40.09999999999994458, 17.35000000000012577, 25.59999999999999787 ) ) ;
#2707 = CARTESIAN_POINT ( 'NONE',  ( -9.099999999999935696, -2.399999999999875566, 28.60000000000000497 ) ) ;
#2708 = CARTESIAN_POINT ( 'NONE',  ( 42.11207252137776891, -3.406722763659592257, 28.34695819721033061 ) ) ;
#2709 = ORIENTED_EDGE ( 'NONE', *, *, #76, .T. ) ;
#2710 = EDGE_CURVE ( 'NONE', #3076, #4262, #2168, .T. ) ;
#2711 = CARTESIAN_POINT ( 'NONE',  ( 38.82135399908472095, -7.399999999999876010, 18.59999999999483933 ) ) ;
#2712 = CARTESIAN_POINT ( 'NONE',  ( -12.54446079226119792, 18.04628174937784024, 28.43174276785753918 ) ) ;
#2713 = VECTOR ( 'NONE', #1392, 1000.000000000000000 ) ;
#2714 = EDGE_CURVE ( 'NONE', #2547, #1211, #3848, .T. ) ;
#2715 = CARTESIAN_POINT ( 'NONE',  ( 42.38855043656881350, -5.460806778276714013, 27.42003145578711454 ) ) ;
#2716 = CARTESIAN_POINT ( 'NONE',  ( -15.19735700747820673, 21.09999999999994813, 13.70476986548373688 ) ) ;
#2717 = ADVANCED_FACE ( 'NONE', ( #2037 ), #4036, .T. ) ;
#2718 = EDGE_CURVE ( 'NONE', #3720, #3963, #1143, .T. ) ;
#2719 = CARTESIAN_POINT ( 'NONE',  ( 43.01139731336824212, 18.71704732229570212, 25.13064410631897161 ) ) ;
#2720 = CARTESIAN_POINT ( 'NONE',  ( 42.28746191188385950, 16.58055470344786642, 28.31225206021231955 ) ) ;
#2721 = CARTESIAN_POINT ( 'NONE',  ( -12.71320041418612767, -4.949721433240831914, 28.31225206021138519 ) ) ;
#2722 = CARTESIAN_POINT ( 'NONE',  ( -13.40945331604046942, -6.441681809915828616, 26.27804358441461119 ) ) ;
#2723 = CARTESIAN_POINT ( 'NONE',  ( -42.60000000000006537, -8.165659676973653765E-15, 7.599999999999999645 ) ) ;
#2724 = PLANE ( 'NONE',  #4273 ) ;
#2725 = CARTESIAN_POINT ( 'NONE',  ( 38.10000000000006537, 16.10000000000013287, 28.60000000000000142 ) ) ;
#2726 = CARTESIAN_POINT ( 'NONE',  ( -9.099999999999933920, -7.399999999999875122, 18.60000000000000497 ) ) ;
#2727 = LINE ( 'NONE', #4124, #237 ) ;
#2728 = VECTOR ( 'NONE', #716, 1000.000000000000000 ) ;
#2729 = ORIENTED_EDGE ( 'NONE', *, *, #4053, .F. ) ;
#2730 = FACE_OUTER_BOUND ( 'NONE', #1900, .T. ) ;
#2731 = CARTESIAN_POINT ( 'NONE',  ( 43.09802932223931293, 16.10000000000013287, 25.13064410631909951 ) ) ;
#2732 = CARTESIAN_POINT ( 'NONE',  ( -9.694942538738114735, -2.851826777618490905, 28.59999999999999787 ) ) ;
#2733 = CARTESIAN_POINT ( 'NONE',  ( 40.59332866982813215, -5.932491657737688051, 28.34695819720936072 ) ) ;
#2734 = ORIENTED_EDGE ( 'NONE', *, *, #2857, .T. ) ;
#2735 = DIRECTION ( 'NONE',  ( -1.000000000000000000, 0.000000000000000000, 0.000000000000000000 ) ) ;
#2736 = VECTOR ( 'NONE', #233, 1000.000000000000000 ) ;
#2737 = CARTESIAN_POINT ( 'NONE',  ( 40.71000658002725459, -6.910401357578945358, 27.23030725387373607 ) ) ;
#2738 = EDGE_LOOP ( 'NONE', ( #2457, #3491, #2042, #520 ) ) ;
#2739 = CARTESIAN_POINT ( 'NONE',  ( 38.83113497214868914, 21.09802932223938754, 25.13064410631857726 ) ) ;
#2740 = EDGE_CURVE ( 'NONE', #775, #244, #2284, .T. ) ;
#2741 = CARTESIAN_POINT ( 'NONE',  ( 41.63249165772698746, 18.59332866983855226, 28.34695819721011389 ) ) ;
#2742 = CARTESIAN_POINT ( 'NONE',  ( -12.03204187591285113, -4.951055098300876089, 28.46374219451683985 ) ) ;
#2743 = B_SPLINE_CURVE_WITH_KNOTS ( 'NONE', 3,
 ( #3380, #695, #1270, #3140 ),
 .UNSPECIFIED., .F., .F.,
 ( 4, 4 ),
 ( 0.000000000000000000, 1.000000000000000000 ),
 .UNSPECIFIED. ) ;
#2744 = CARTESIAN_POINT ( 'NONE',  ( -14.08277503509031447, -3.890880856869781912, 25.13064410631870516 ) ) ;
#2745 = CARTESIAN_POINT ( 'NONE',  ( -19.09999999999993392, 16.09999999999996589, 13.59999999999999787 ) ) ;
#2746 = CARTESIAN_POINT ( 'NONE',  ( 38.55182677761825261, -2.994942538738414761, 28.59999999999999787 ) ) ;
#2747 = CARTESIAN_POINT ( 'NONE',  ( 40.39402075846275864, 21.07039211818134561, 9.600000000000003197 ) ) ;
#2748 = CARTESIAN_POINT ( 'NONE',  ( 38.10000000000009379, -7.398029322239121797, 25.13064410631815804 ) ) ;
#2749 = CARTESIAN_POINT ( 'NONE',  ( -6.966431896668176087E-14, 19.95265396141692804, 9.600000000000001421 ) ) ;
#2750 = CARTESIAN_POINT ( 'NONE',  ( 43.10000000000006537, 21.10000000000015419, 22.58333333333333570 ) ) ;
#2751 = ORIENTED_EDGE ( 'NONE', *, *, #660, .T. ) ;
#2752 = CARTESIAN_POINT ( 'NONE',  ( -13.81995064722263322, 20.28624495687477136, 23.59999999999999076 ) ) ;
#2753 = CARTESIAN_POINT ( 'NONE',  ( 43.10000000000006537, -7.399999999999876010, 18.34999999999999432 ) ) ;
#2754 = CARTESIAN_POINT ( 'NONE',  ( -9.099999999999935696, -2.399999999999875566, 28.60000000000000142 ) ) ;
#2755 = CARTESIAN_POINT ( 'NONE',  ( 41.18962472009141607, -5.713623398277034582, 28.31225206021147045 ) ) ;
#2756 = EDGE_LOOP ( 'NONE', ( #2201, #3649, #2806, #1965 ) ) ;
#2757 = FACE_OUTER_BOUND ( 'NONE', #4287, .T. ) ;
#2758 = LINE ( 'NONE', #535, #1935 ) ;
#2759 = CARTESIAN_POINT ( 'NONE',  ( 38.74112800134858503, -7.338068901300187186, 26.66045524840984626 ) ) ;
#2760 = ORIENTED_EDGE ( 'NONE', *, *, #2036, .F. ) ;
#2761 = EDGE_CURVE ( 'NONE', #3052, #2430, #182, .T. ) ;
#2762 = CARTESIAN_POINT ( 'NONE',  ( 43.09802932223931293, 16.83113500959749942, 25.13064410631909951 ) ) ;
#2763 = CARTESIAN_POINT ( 'NONE',  ( -12.88221209477554652, 20.41032499406874123, 26.66045524841093695 ) ) ;
#2764 = CARTESIAN_POINT ( 'NONE',  ( 40.65105557964007943, 19.03204167653492007, 28.46374219451702814 ) ) ;
#2765 = CARTESIAN_POINT ( 'NONE',  ( -11.99112189246127258, -5.725434839094426742, 28.34695819720923282 ) ) ;
#2766 = CARTESIAN_POINT ( 'NONE',  ( -13.55627253597967297, -5.842665080967715419, 26.66045524841064918 ) ) ;
#2767 = CARTESIAN_POINT ( 'NONE',  ( -14.09999999999993570, -2.399999999999876010, 23.59999999999681108 ) ) ;
#2768 = FACE_OUTER_BOUND ( 'NONE', #2368, .T. ) ;
#2769 = CARTESIAN_POINT ( 'NONE',  ( -44.07131387799105227, 18.36820079462383148, 9.600000000000001421 ) ) ;
#2770 = CARTESIAN_POINT ( 'NONE',  ( 41.86700759259428395, 18.75810848849935297, 28.22214248708678852 ) ) ;
#2771 = CARTESIAN_POINT ( 'NONE',  ( 38.10000000000006537, -6.587461911887424471, 28.31225206021070306 ) ) ;
#2772 = EDGE_CURVE ( 'NONE', #2572, #1065, #1400, .T. ) ;
#2773 = CARTESIAN_POINT ( 'NONE',  ( 20.60000000000006537, 3.600000000000121325, 25.59999999999999787 ) ) ;
#2774 = CARTESIAN_POINT ( 'NONE',  ( 43.10000000000006537, 21.10000000000015419, 29.54999999999999361 ) ) ;
#2775 = VERTEX_POINT ( 'NONE', #3035 ) ;
#2776 = CARTESIAN_POINT ( 'NONE',  ( -10.63114459617989205, 21.09802632133024858, 23.59999999999998721 ) ) ;
#2777 = DIRECTION ( 'NONE',  ( 0.000000000000000000, 1.000000000000000000, 0.000000000000000000 ) ) ;
#2778 = CARTESIAN_POINT ( 'NONE',  ( -42.96631460140920922, 20.91392182095993846, 13.60000000000000142 ) ) ;
#2779 = ADVANCED_FACE ( 'NONE', ( #4429 ), #2688, .T. ) ;
#2780 = ORIENTED_EDGE ( 'NONE', *, *, #1427, .T. ) ;
#2781 = CARTESIAN_POINT ( 'NONE',  ( 47.25866404504311902, -8.895160883677329267, 13.60000000000000320 ) ) ;
#2782 = CARTESIAN_POINT ( 'NONE',  ( -39.10000000000008669, -21.10000000000013642, 12.26666666666666750 ) ) ;
#2783 = CARTESIAN_POINT ( 'NONE',  ( -11.22954006206694011, 17.95572144014212057, 28.55633887815911365 ) ) ;
#2784 = CARTESIAN_POINT ( 'NONE',  ( 38.10000000000007958, -7.264396400494429251, 27.23030725387313566 ) ) ;
#2785 = ORIENTED_EDGE ( 'NONE', *, *, #2527, .T. ) ;
#2786 = CARTESIAN_POINT ( 'NONE',  ( -13.34434509690232673, -12.22535333126097257, 13.60000000000000320 ) ) ;
#2787 = CARTESIAN_POINT ( 'NONE',  ( 42.98129802391039789, 17.44143014085575416, 26.66045524841176473 ) ) ;
#2788 = CARTESIAN_POINT ( 'NONE',  ( -13.53521281681591582, 16.09999999999996945, 28.16519854648805321 ) ) ;
#2789 = CARTESIAN_POINT ( 'NONE',  ( -9.571310648162050683, -6.497735003208686244, 28.34695819720871057 ) ) ;
#2790 = CARTESIAN_POINT ( 'NONE',  ( -40.79999999999996163, -11.69689577749904430, 7.600000000000000533 ) ) ;
#2791 = CARTESIAN_POINT ( 'NONE',  ( 38.64507301138183948, -2.909201454160827094, 28.59999999999999787 ) ) ;
#2792 = CARTESIAN_POINT ( 'NONE',  ( 42.03820785103968660, 20.89504420574742838, 9.600000000000001421 ) ) ;
#2793 = CARTESIAN_POINT ( 'NONE',  ( 41.18961270622879312, 19.41363113547262387, 28.31225206021183993 ) ) ;
#2794 = CARTESIAN_POINT ( 'NONE',  ( -14.09999999999993570, 21.09999999999995168, 23.59999999999999432 ) ) ;
#2795 = CARTESIAN_POINT ( 'NONE',  ( 38.10000000000007958, -7.399999999999876010, 13.60000000000000142 ) ) ;
#2796 = EDGE_LOOP ( 'NONE', ( #550, #698, #1304, #3805 ) ) ;
#2797 = CARTESIAN_POINT ( 'NONE',  ( 43.10000000000007248, -9.071049695157633153, 13.65824539747472954 ) ) ;
#2798 = CARTESIAN_POINT ( 'NONE',  ( -44.10000000000007248, -16.10000000000013642, 13.80000000000000071 ) ) ;
#2799 = DIRECTION ( 'NONE',  ( 1.000000000000000000, 3.491481338843133750E-15, 0.000000000000000000 ) ) ;
#2800 = CARTESIAN_POINT ( 'NONE',  ( -43.09664412391435917, 20.87811096940428968, 13.60000000000000497 ) ) ;
#2801 = ORIENTED_EDGE ( 'NONE', *, *, #3859, .T. ) ;
#2802 = CARTESIAN_POINT ( 'NONE',  ( -15.35904714635418244, 21.09999999999994813, 13.68870242732172926 ) ) ;
#2803 = CARTESIAN_POINT ( 'NONE',  ( 43.30968706781168009, -12.06433480622674814, 13.60000000000001208 ) ) ;
#2804 = CARTESIAN_POINT ( 'NONE',  ( -11.32717449774488472, 18.48632280716927667, 28.53781812637538096 ) ) ;
#2805 = CARTESIAN_POINT ( 'NONE',  ( 41.55696139353671015, -6.106518134552467281, 27.95172059729422998 ) ) ;
#2806 = ORIENTED_EDGE ( 'NONE', *, *, #1255, .T. ) ;
#2807 = CARTESIAN_POINT ( 'NONE',  ( 40.10000000000006537, -3.649999999999877343, 27.72132034355963981 ) ) ;
#2808 = CARTESIAN_POINT ( 'NONE',  ( 41.71254274813914265, 20.23355873627109958, 27.23030725387458517 ) ) ;
#2809 = CARTESIAN_POINT ( 'NONE',  ( -12.18747158707521550, 20.16433230656614484, 27.78280182435261736 ) ) ;
#2810 = CARTESIAN_POINT ( 'NONE',  ( -9.099999999999937472, -6.497735003208686244, 28.34695819720871057 ) ) ;
#2811 = LINE ( 'NONE', #3447, #1339 ) ;
#2812 = CARTESIAN_POINT ( 'NONE',  ( 42.87725659433493064, -20.09948029764433031, 9.599999999999999645 ) ) ;
#2813 = CARTESIAN_POINT ( 'NONE',  ( 41.41380356355232806, 21.00416956306379745, 9.600000000000001421 ) ) ;
#2814 = CARTESIAN_POINT ( 'NONE',  ( 41.80305748354027884, 18.90287063200914375, 28.22214248708676010 ) ) ;
#2815 = DIRECTION ( 'NONE',  ( 0.000000000000000000, -0.000000000000000000, -1.000000000000000000 ) ) ;
#2816 = CARTESIAN_POINT ( 'NONE',  ( 38.10000000000007248, 7.766666666666790952, 28.59999999999999787 ) ) ;
#2817 = ORIENTED_EDGE ( 'NONE', *, *, #1255, .F. ) ;
#2818 = FACE_OUTER_BOUND ( 'NONE', #1849, .T. ) ;
#2819 = CARTESIAN_POINT ( 'NONE',  ( -44.10000000000007248, -21.10000000000013642, 13.80000000000000071 ) ) ;
#2820 = DIRECTION ( 'NONE',  ( -3.491481338843133750E-15, 1.000000000000000000, 0.000000000000000000 ) ) ;
#2821 = CARTESIAN_POINT ( 'NONE',  ( -43.89929146666814574, 20.02763088764741539, 13.60000000000000320 ) ) ;
#2822 = ORIENTED_EDGE ( 'NONE', *, *, #2571, .T. ) ;
#2823 = CARTESIAN_POINT ( 'NONE',  ( -14.50548556483088802, 21.09999999999994813, 13.81821124060658867 ) ) ;
#2824 = CARTESIAN_POINT ( 'NONE',  ( 45.32727593175044944, -11.12487824510275658, 13.60000000000000320 ) ) ;
#2825 = CIRCLE ( 'NONE', #1610, 0.5000000000000004441 ) ;
#2826 = CARTESIAN_POINT ( 'NONE',  ( -10.65716279488824192, 18.84443805638070302, 28.53781812637537740 ) ) ;
#2827 = CARTESIAN_POINT ( 'NONE',  ( 41.69320532252964995, -6.249802555478159327, 27.69395940719786964 ) ) ;
#2828 = VERTEX_POINT ( 'NONE', #3744 ) ;
#2829 = CARTESIAN_POINT ( 'NONE',  ( -44.10000000000007248, -16.10000000000013642, 13.60000000000000142 ) ) ;
#2830 = CARTESIAN_POINT ( 'NONE',  ( 42.89084800682863374, 17.36518000347887636, 27.23030725387514650 ) ) ;
#2831 = CARTESIAN_POINT ( 'NONE',  ( -12.80652752745005252, 19.55694680897619264, 27.95172059729442182 ) ) ;
#2832 = CARTESIAN_POINT ( 'NONE',  ( -10.95572144013744875, -4.529540062064567607, 28.55633887815908878 ) ) ;
#2833 = CARTESIAN_POINT ( 'NONE',  ( -13.98129802389737719, -3.741430140855127373, 26.66045524841105063 ) ) ;
#2834 = CARTESIAN_POINT ( 'NONE',  ( -8.993264059029220547, 26.10042434154991398, 13.59999999999998366 ) ) ;
#2835 = CARTESIAN_POINT ( 'NONE',  ( 43.10000000000006537, -16.10000000000013642, 9.600000000000001421 ) ) ;
#2836 = CARTESIAN_POINT ( 'NONE',  ( 42.31763701899295427, 20.81003976634728403, 9.600000000000003197 ) ) ;
#2837 = CARTESIAN_POINT ( 'NONE',  ( 41.24643746745089601, 19.71984315695137724, 28.16519854648808519 ) ) ;
#2838 = PLANE ( 'NONE',  #3513 ) ;
#2839 = VERTEX_POINT ( 'NONE', #3011 ) ;
#2840 = CARTESIAN_POINT ( 'NONE',  ( -14.09999999999993570, -2.399999999999876010, 13.60000000000000142 ) ) ;
#2841 = FACE_OUTER_BOUND ( 'NONE', #4075, .T. ) ;
#2842 = CARTESIAN_POINT ( 'NONE',  ( -43.66090659504348537, 20.53880138776039743, 13.60000000000000142 ) ) ;
#2843 = ORIENTED_EDGE ( 'NONE', *, *, #3003, .F. ) ;
#2844 = CARTESIAN_POINT ( 'NONE',  ( -13.80127803322127100, 21.09999999999994458, 14.08857594997785689 ) ) ;
#2845 = CARTESIAN_POINT ( 'NONE',  ( 45.01467376633602413, -11.32723871807456995, 13.59999999999998366 ) ) ;
#2846 = CARTESIAN_POINT ( 'NONE',  ( -11.71942097866382149, 16.77178434768221393, 28.55633887815912431 ) ) ;
#2847 = CARTESIAN_POINT ( 'NONE',  ( 42.49768311777937413, -4.526550493374284834, 27.78280182435314671 ) ) ;
#2848 = ORIENTED_EDGE ( 'NONE', *, *, #4395, .F. ) ;
#2849 = EDGE_CURVE ( 'NONE', #66, #2642, #3862, .T. ) ;
#2850 = CARTESIAN_POINT ( 'NONE',  ( -11.20404407029325000, -12.37858834684727682, 13.59999999999999964 ) ) ;
#2851 = ADVANCED_FACE ( 'NONE', ( #4468 ), #1848, .T. ) ;
#2852 = CARTESIAN_POINT ( 'NONE',  ( 42.61040135757038172, 18.71000658003142192, 27.23030725387489070 ) ) ;
#2853 = CARTESIAN_POINT ( 'NONE',  ( -12.49875594872662710, 20.00389365026996913, 27.78280182435264578 ) ) ;
#2854 = CARTESIAN_POINT ( 'NONE',  ( -11.03465291680566018, -4.472335320020299321, 28.55633887815909233 ) ) ;
#2855 = ADVANCED_FACE ( 'NONE', ( #911 ), #1634, .T. ) ;
#2856 = CARTESIAN_POINT ( 'NONE',  ( -14.06728830579130829, 18.52030516779064939, 13.59999999999869225 ) ) ;
#2857 = EDGE_CURVE ( 'NONE', #156, #1093, #1233, .T. ) ;
#2858 = CARTESIAN_POINT ( 'NONE',  ( 42.11584027700506283, -20.87219128650735911, 9.599999999999999645 ) ) ;
#2859 = CARTESIAN_POINT ( 'NONE',  ( 41.54086757463645796, 20.98888856329199371, 9.599999999999999645 ) ) ;
#2860 = CARTESIAN_POINT ( 'NONE',  ( 40.90287132290663408, 19.80305734022537578, 28.22214248708646522 ) ) ;
#2861 = CARTESIAN_POINT ( 'NONE',  ( -13.81427369667028238, -2.399999999999875566, 27.78280182435290158 ) ) ;
#2862 = CARTESIAN_POINT ( 'NONE',  ( 42.25224359250248796, -12.23904420979187258, 13.59999999999999964 ) ) ;
#2863 = CARTESIAN_POINT ( 'NONE',  ( -43.87483915154479774, -20.10733879021304205, 9.600000000000001421 ) ) ;
#2864 = CARTESIAN_POINT ( 'NONE',  ( -14.05648911875073459, 16.76658155511347204, 26.27804358441511567 ) ) ;
#2865 = CARTESIAN_POINT ( 'NONE',  ( -43.99643778796465909, -19.48039098671030800, 13.60000000000000142 ) ) ;
#2866 = CARTESIAN_POINT ( 'NONE',  ( -44.07006491942917137, 18.40303354164343475, 13.60000000000000497 ) ) ;
#2867 = ORIENTED_EDGE ( 'NONE', *, *, #3191, .T. ) ;
#2868 = CARTESIAN_POINT ( 'NONE',  ( -14.09999999999993570, 9.933333333333353110, 28.59999999999999787 ) ) ;
#2869 = AXIS2_PLACEMENT_3D ( 'NONE', #4192, #2454, #3849 ) ;
#2870 = CARTESIAN_POINT ( 'NONE',  ( -11.95497102201982642, 18.76316222958086399, 28.46374219451694287 ) ) ;
#2871 = CARTESIAN_POINT ( 'NONE',  ( 42.44696964202040590, -4.877928022985891232, 27.69395940719839544 ) ) ;
#2872 = EDGE_LOOP ( 'NONE', ( #3896, #795, #2552, #4179 ) ) ;
#2873 = CARTESIAN_POINT ( 'NONE',  ( -44.10000000000007248, -16.10000000000013642, 9.600000000000001421 ) ) ;
#2874 = CARTESIAN_POINT ( 'NONE',  ( 42.69083631540943458, 18.37067515324288536, 27.23030725387497952 ) ) ;
#2875 = CARTESIAN_POINT ( 'NONE',  ( -12.65138668055264404, 19.90607000355378275, 27.78280182435265289 ) ) ;
#2876 = CARTESIAN_POINT ( 'NONE',  ( -11.91662186831472958, -3.758667845812488917, 28.53781812637535609 ) ) ;
#2877 = CARTESIAN_POINT ( 'NONE',  ( -12.50976923920981676, 20.99646271462620817, 13.60000000000129994 ) ) ;
#2878 = ADVANCED_FACE ( 'NONE', ( #3699 ), #2322, .F. ) ;
#2879 = CARTESIAN_POINT ( 'NONE',  ( 41.58902559124113907, -20.98247474095013132, 9.600000000000001421 ) ) ;
#2880 = CARTESIAN_POINT ( 'NONE',  ( -43.10733879021249493, 20.87483915154468050, 9.600000000000001421 ) ) ;
#2881 = CIRCLE ( 'NONE', #3100, 0.7500000000000006661 ) ;
#2882 = CARTESIAN_POINT ( 'NONE',  ( -13.76290757928966890, -3.592592322119261272, 27.69395940719813964 ) ) ;
#2883 = CARTESIAN_POINT ( 'NONE',  ( 42.62097167963855782, -12.18491380514351441, 13.60000000000000320 ) ) ;
#2884 = EDGE_CURVE ( 'NONE', #244, #3963, #1612, .T. ) ;
#2885 = CIRCLE ( 'NONE', #3465, 0.5000000000000004441 ) ;
#2886 = CARTESIAN_POINT ( 'NONE',  ( -41.36820079462892608, -21.07131387799111266, 9.600000000000003197 ) ) ;
#2887 = AXIS2_PLACEMENT_3D ( 'NONE', #2337, #1991, #241 ) ;
#2888 = CARTESIAN_POINT ( 'NONE',  ( 39.16987571905107046, 17.24503680301578612, 28.59803400948222674 ) ) ;
#2889 = CARTESIAN_POINT ( 'NONE',  ( -9.831135009597353758, 21.09802932223921701, 25.13064410631859147 ) ) ;
#2890 = CARTESIAN_POINT ( 'NONE',  ( -42.14736041317200943, -21.03146074138285826, 13.60000000000000142 ) ) ;
#2891 = CARTESIAN_POINT ( 'NONE',  ( -19.06815758572041020, -4.892048528767560356, 13.60000000000000497 ) ) ;
#2892 = ORIENTED_EDGE ( 'NONE', *, *, #402, .F. ) ;
#2893 = CARTESIAN_POINT ( 'NONE',  ( 22.36666666666670622, 21.10000000000013287, 28.60000000010916921 ) ) ;
#2894 = CARTESIAN_POINT ( 'NONE',  ( 40.78113703491047914, 16.10000000000012577, 28.55633887815917404 ) ) ;
#2895 = CARTESIAN_POINT ( 'NONE',  ( 42.16824250512085115, -5.950405610666812173, 27.42003145578692269 ) ) ;
#2896 = VERTEX_POINT ( 'NONE', #2706 ) ;
#2897 = CARTESIAN_POINT ( 'NONE',  ( -14.85392603962792180, -11.86559373057269262, 13.60000000000000497 ) ) ;
#2898 = CARTESIAN_POINT ( 'NONE',  ( 42.72475559143931179, 16.10000000000013287, 27.95172059729544500 ) ) ;
#2899 = CARTESIAN_POINT ( 'NONE',  ( -11.64972143324293796, 19.71320041419864921, 28.31225206021153440 ) ) ;
#2900 = CARTESIAN_POINT ( 'NONE',  ( -12.99732606575844684, 20.90947459174656942, 18.59999999999935838 ) ) ;
#2901 = CARTESIAN_POINT ( 'NONE',  ( 40.44748514795136884, -21.06840992987343597, 9.600000000000001421 ) ) ;
#2902 = DIRECTION ( 'NONE',  ( 1.000000000000000000, -0.000000000000000000, 0.000000000000000000 ) ) ;
#2903 = CARTESIAN_POINT ( 'NONE',  ( -12.22438856903450599, -6.507853637949579273, 27.69395940719739357 ) ) ;
#2904 = CARTESIAN_POINT ( 'NONE',  ( 43.10000000000006537, 16.10000000000013287, 23.59999999999999432 ) ) ;
#2905 = CARTESIAN_POINT ( 'NONE',  ( -41.27566523583153923, -21.07444201803201622, 9.600000000000001421 ) ) ;
#2906 = CARTESIAN_POINT ( 'NONE',  ( 40.78113703491047914, 16.42159132840297886, 28.55633887815917404 ) ) ;
#2907 = CARTESIAN_POINT ( 'NONE',  ( -10.63114459617944085, 21.09802632131779276, 24.36531221810771441 ) ) ;
#2908 = ADVANCED_FACE ( 'NONE', ( #2364 ), #4406, .T. ) ;
#2909 = CARTESIAN_POINT ( 'NONE',  ( -43.71654195172430235, -20.48402385467192488, 13.60000000000000142 ) ) ;
#2910 = CARTESIAN_POINT ( 'NONE',  ( -13.52111552372870840, -6.972249807664024246, 13.60000000000092157 ) ) ;
#2911 = ORIENTED_EDGE ( 'NONE', *, *, #599, .T. ) ;
#2912 = CARTESIAN_POINT ( 'NONE',  ( -14.09999999999993570, -2.399999999999875566, 23.59999999999999432 ) ) ;
#2913 = PRODUCT_CONTEXT ( 'NONE', #4206, 'mechanical' ) ;
#2914 = CARTESIAN_POINT ( 'NONE',  ( -9.999209654218784493, 17.36613721817730394, 28.59803400948221608 ) ) ;
#2915 = CARTESIAN_POINT ( 'NONE',  ( 41.50408189180878082, -6.050389579877652579, 28.03089793834132948 ) ) ;
#2916 = EDGE_CURVE ( 'NONE', #2839, #588, #1785, .T. ) ;
#2917 = VERTEX_POINT ( 'NONE', #3119 ) ;
#2918 = CARTESIAN_POINT ( 'NONE',  ( -18.91614760871909340, -6.706487528224087669, 13.60000000000000320 ) ) ;
#2919 = CARTESIAN_POINT ( 'NONE',  ( 41.90607000353138289, 19.65138668055506699, 27.78280182435306500 ) ) ;
#2920 = CARTESIAN_POINT ( 'NONE',  ( -11.36628892344958430, 20.11712065030459939, 28.16519854648764110 ) ) ;
#2921 = CARTESIAN_POINT ( 'NONE',  ( 43.07006491942917137, -18.40303354164370830, 13.60000000000000497 ) ) ;
#2922 = FACE_OUTER_BOUND ( 'NONE', #2142, .T. ) ;
#2923 = CARTESIAN_POINT ( 'NONE',  ( -12.70136291242070925, 20.96876705646278438, 13.60000000000064269 ) ) ;
#2924 = CARTESIAN_POINT ( 'NONE',  ( -9.099999999999941025, -7.114273696670829317, 27.78280182435145917 ) ) ;
#2925 = CARTESIAN_POINT ( 'NONE',  ( 43.10000000000006537, 9.933333333333461468, 23.59999999999999432 ) ) ;
#2926 = CARTESIAN_POINT ( 'NONE',  ( -13.22946547106353066, -5.327664863924466587, 27.78280182435236867 ) ) ;
#2927 =( BOUNDED_SURFACE ( )  B_SPLINE_SURFACE ( 2, 3, ( 
 ( #4237, #1349, #745, #1742 ),
 ( #3850, #2753, #2157, #4172 ),
 ( #3552, #1041, #4150, #651 ) ),
 .UNSPECIFIED., .F., .F., .F. ) 
 B_SPLINE_SURFACE_WITH_KNOTS ( ( 3, 3 ),
 ( 4, 4 ),
 ( 0.000000000000000000, 1.000000000000000000 ),
 ( 0.002250000000000001131, 0.01874999999999999584 ),
 .UNSPECIFIED. ) 
 GEOMETRIC_REPRESENTATION_ITEM ( )  RATIONAL_B_SPLINE_SURFACE ( (
 ( 1.000000000000000000, 1.000000000000000000, 1.000000000000000000, 1.000000000000000000),
 ( 4.000000000000000888, 4.000000000000000888, 4.000000000000000888, 4.000000000000000888),
 ( 1.000000000000000000, 1.000000000000000000, 1.000000000000000000, 1.000000000000000000) ) ) 
 REPRESENTATION_ITEM ( '' )  SURFACE ( )  );
#2928 = CARTESIAN_POINT ( 'NONE',  ( -41.30000000000003979, 9.776895777498653572, 7.600000000000000533 ) ) ;
#2929 = CARTESIAN_POINT ( 'NONE',  ( -41.38973471204509735, -21.07054652695222785, 9.599999999999999645 ) ) ;
#2930 = CARTESIAN_POINT ( 'NONE',  ( 40.17233532001178276, -4.334652916805966427, 28.55633887815911365 ) ) ;
#2931 = VECTOR ( 'NONE', #1260, 1000.000000000000000 ) ;
#2932 = CARTESIAN_POINT ( 'NONE',  ( 40.84443805636821168, 17.65716279488846396, 28.53781812637540938 ) ) ;
#2933 = CARTESIAN_POINT ( 'NONE',  ( -11.91430777312405631, 20.81794017508142858, 26.27804358441484922 ) ) ;
#2934 = CARTESIAN_POINT ( 'NONE',  ( -44.07837550577990982, -18.14704002023509588, 13.60000000000000320 ) ) ;
#2935 = CARTESIAN_POINT ( 'NONE',  ( -12.98996815864247267, -7.223801830993765272, 13.60000000000183995 ) ) ;
#2936 = VERTEX_POINT ( 'NONE', #356 ) ;
#2937 = FACE_OUTER_BOUND ( 'NONE', #2452, .T. ) ;
#2938 = CARTESIAN_POINT ( 'NONE',  ( -9.551826777618233066, 16.69494253873824263, 28.59999999999999787 ) ) ;
#2939 = CARTESIAN_POINT ( 'NONE',  ( 41.84631670577288531, -5.657579717436666655, 28.03089793834150001 ) ) ;
#2940 = ORIENTED_EDGE ( 'NONE', *, *, #1569, .F. ) ;
#2941 = CARTESIAN_POINT ( 'NONE',  ( -18.96231466086424788, -6.393546808510462753, 13.59999999999999787 ) ) ;
#2942 = CARTESIAN_POINT ( 'NONE',  ( 42.24917494898287629, 18.44529738267123520, 28.03089793834207200 ) ) ;
#2943 = CARTESIAN_POINT ( 'NONE',  ( -9.607626537250659737, 20.53521281681661037, 28.16519854648748478 ) ) ;
#2944 = CARTESIAN_POINT ( 'NONE',  ( -19.09999999999993747, -2.399999999999876010, 13.60000000000000142 ) ) ;
#2945 = CARTESIAN_POINT ( 'NONE',  ( 42.96430520154991228, -6.030838914779531379, 24.36531221810781744 ) ) ;
#2946 = CARTESIAN_POINT ( 'NONE',  ( -17.28235439308946653, 21.09999999999994102, 13.60641280171850731 ) ) ;
#2947 = CARTESIAN_POINT ( 'NONE',  ( -19.10000000058282765, 16.62999196471154306, 13.60000000000000497 ) ) ;
#2948 = CARTESIAN_POINT ( 'NONE',  ( -43.98888856329184449, 19.54086757463655033, 9.599999999999999645 ) ) ;
#2949 = CARTESIAN_POINT ( 'NONE',  ( -13.55623898197979393, -4.961881822625135996, 27.42003145578672019 ) ) ;
#2950 = PLANE ( 'NONE',  #1117 ) ;
#2951 = CARTESIAN_POINT ( 'NONE',  ( -43.66090659504480698, -20.53880138775843278, 9.600000000000004974 ) ) ;
#2952 = VECTOR ( 'NONE', #4446, 1000.000000000000000 ) ;
#2953 = CARTESIAN_POINT ( 'NONE',  ( 40.03465849235060858, -4.472331729455586213, 28.55633887815911365 ) ) ;
#2954 = CARTESIAN_POINT ( 'NONE',  ( 40.32716742073376537, 18.48632736473663130, 28.53781812637539872 ) ) ;
#2955 = CARTESIAN_POINT ( 'NONE',  ( -11.55496425863036869, 20.87396129089296082, 26.27804358441484922 ) ) ;
#2956 = CARTESIAN_POINT ( 'NONE',  ( -9.099999999999933920, -7.399999999999876010, 21.93333333333333002 ) ) ;
#2957 = CARTESIAN_POINT ( 'NONE',  ( -13.37297674791683200, -7.068960233685925409, 18.59999999999936904 ) ) ;
#2958 = VERTEX_POINT ( 'NONE', #1806 ) ;
#2959 = DIRECTION ( 'NONE',  ( -1.000000000000000000, 0.000000000000000000, 0.000000000000000000 ) ) ;
#2960 = APPLICATION_PROTOCOL_DEFINITION ( 'draft international standard', 'automotive_design', 1998, #591 ) ;
#2961 = CARTESIAN_POINT ( 'NONE',  ( -10.04320614114739563, 17.33873333239740333, 28.59803400948223739 ) ) ;
#2962 = B_SPLINE_CURVE_WITH_KNOTS ( 'NONE', 3,
 ( #3155, #4534, #2402, #3821 ),
 .UNSPECIFIED., .F., .F.,
 ( 4, 4 ),
 ( 0.000000000000000000, 1.000000000000000000 ),
 .UNSPECIFIED. ) ;
#2963 = CARTESIAN_POINT ( 'NONE',  ( -9.463754840600110185, -5.464390761366217042, 28.53781812637529924 ) ) ;
#2964 = CARTESIAN_POINT ( 'NONE',  ( 41.97376722113043002, -4.254604103310302143, 28.31225206021195007 ) ) ;
#2965 = CARTESIAN_POINT ( 'NONE',  ( -42.60000000000006537, -8.165659676973653765E-15, 7.599999999999999645 ) ) ;
#2966 = VERTEX_POINT ( 'NONE', #2091 ) ;
#2967 =( BOUNDED_CURVE ( )  B_SPLINE_CURVE ( 2, ( #920, #4096, #1543 ),
 .UNSPECIFIED., .F., .F. ) 
 B_SPLINE_CURVE_WITH_KNOTS ( ( 3, 3 ),
 ( 0.000000000000000000, 1.000000000000000000 ),
 .UNSPECIFIED. ) 
 CURVE ( )  GEOMETRIC_REPRESENTATION_ITEM ( )  RATIONAL_B_SPLINE_CURVE ( ( 1.000000000000000000, 4.000000000000000888, 1.000000000000000000 ) ) 
 REPRESENTATION_ITEM ( '' )  );
#2968 = DIRECTION ( 'NONE',  ( 1.000000000000000000, 0.000000000000000000, 0.000000000000000000 ) ) ;
#2969 = CARTESIAN_POINT ( 'NONE',  ( 39.22555123647590136, 20.57852547200686288, 28.03089793834135435 ) ) ;
#2970 = CARTESIAN_POINT ( 'NONE',  ( -12.86700744066112989, 18.75810942388612546, 28.22214248708631601 ) ) ;
#2971 = CARTESIAN_POINT ( 'NONE',  ( 41.53538422206541014, -20.98959392881946684, 13.60000000000000142 ) ) ;
#2972 = CARTESIAN_POINT ( 'NONE',  ( -11.84999999999993747, 18.09999999999995879, 10.59999999999999787 ) ) ;
#2973 = CARTESIAN_POINT ( 'NONE',  ( 22.36666666666676306, -2.399999999999876010, 28.59999999999999787 ) ) ;
#2974 = CARTESIAN_POINT ( 'NONE',  ( -9.099999999999939249, -7.232238866724003401, 27.42003145578561885 ) ) ;
#2975 = SURFACE_SIDE_STYLE ('',( #1677 ) ) ;
#2976 = CARTESIAN_POINT ( 'NONE',  ( -11.64972230663900099, -6.013200272243700795, 28.31225206021110452 ) ) ;
#2977 = CARTESIAN_POINT ( 'NONE',  ( -13.73530929459621319, -6.764695591580290213, 23.59999999999999432 ) ) ;
#2978 = CARTESIAN_POINT ( 'NONE',  ( -9.100000021260813199, 21.10003571004894596, 18.60000000000053433 ) ) ;
#2979 = CARTESIAN_POINT ( 'NONE',  ( 38.99920965421703301, -3.666137218175361756, 28.59803400948223029 ) ) ;
#2980 = CARTESIAN_POINT ( 'NONE',  ( 38.10000000000007248, 17.63261624263668992, 28.59803400948223029 ) ) ;
#2981 = CARTESIAN_POINT ( 'NONE',  ( -13.69083631478440033, 18.37067515917852134, 27.23030725387441819 ) ) ;
#2982 = CARTESIAN_POINT ( 'NONE',  ( 41.60000000000006537, -19.60000000000013642, 7.599999999999999645 ) ) ;
#2983 = CARTESIAN_POINT ( 'NONE',  ( -19.00741989729856485, -5.958467100888364953, 13.60000000000000142 ) ) ;
#2984 = VERTEX_POINT ( 'NONE', #314 ) ;
#2985 = CARTESIAN_POINT ( 'NONE',  ( -40.79999999999996163, -11.19689577749904430, -15.40511026734024824 ) ) ;
#2986 =( NAMED_UNIT ( * ) SI_UNIT ( $, .STERADIAN. ) SOLID_ANGLE_UNIT ( ) );
#2987 = CARTESIAN_POINT ( 'NONE',  ( -9.099999999999937472, 16.86607674231543896, 28.59999999999999787 ) ) ;
#2988 = CARTESIAN_POINT ( 'NONE',  ( -9.999209779994602698, -3.666137197223498401, 28.59803400948223384 ) ) ;
#2989 = CARTESIAN_POINT ( 'NONE',  ( 42.66867854635579960, -2.399999999999879563, 28.03089793834240595 ) ) ;
#2990 = DIRECTION ( 'NONE',  ( -0.000000000000000000, -0.000000000000000000, -1.000000000000000000 ) ) ;
#2991 = ORIENTED_EDGE ( 'NONE', *, *, #1145, .F. ) ;
#2992 = B_SPLINE_CURVE_WITH_KNOTS ( 'NONE', 3,
 ( #4263, #3921, #87, #3986 ),
 .UNSPECIFIED., .F., .F.,
 ( 4, 4 ),
 ( 0.3333333333333335369, 0.6666666666666664076 ),
 .UNSPECIFIED. ) ;
#2993 = CARTESIAN_POINT ( 'NONE',  ( 42.87812371426919356, -6.404962989563187215, 18.59999999999806164 ) ) ;
#2994 = CARTESIAN_POINT ( 'NONE',  ( 41.02766598572451073, 20.22946528904609309, 27.78280182435286960 ) ) ;
#2995 = CARTESIAN_POINT ( 'NONE',  ( -13.19773500320540371, 16.09999999999997655, 28.34695819720989363 ) ) ;
#2996 = CARTESIAN_POINT ( 'NONE',  ( 41.83926993012277507, -7.153198083267781726, 25.13064410631855949 ) ) ;
#2997 = ADVANCED_FACE ( 'NONE', ( #4495 ), #4538, .T. ) ;
#2998 = CARTESIAN_POINT ( 'NONE',  ( 43.10000000000006537, -16.10000000000013642, 9.600000000000001421 ) ) ;
#2999 = CARTESIAN_POINT ( 'NONE',  ( -9.099999999999933920, -7.399999999999875122, 18.60000000000000497 ) ) ;
#3000 = CARTESIAN_POINT ( 'NONE',  ( -12.94068100571881530, -5.110406581637879420, 28.16519854648747412 ) ) ;
#3001 = PLANE ( 'NONE',  #1186 ) ;
#3002 = CARTESIAN_POINT ( 'NONE',  ( -14.09999999999993570, -2.399999999999876010, 23.84999999999998010 ) ) ;
#3003 = EDGE_CURVE ( 'NONE', #1093, #2111, #4461, .T. ) ;
#3004 = CARTESIAN_POINT ( 'NONE',  ( 40.78113703491049336, -2.721591321424250420, 28.55633887815918470 ) ) ;
#3005 = CARTESIAN_POINT ( 'NONE',  ( 38.10000000000006537, 16.10000000000013287, 28.59999999999999787 ) ) ;
#3006 = CARTESIAN_POINT ( 'NONE',  ( -9.741128001348451804, 21.03806890130021401, 26.66045524841071668 ) ) ;
#3007 = CARTESIAN_POINT ( 'NONE',  ( -44.10000000000007248, 16.09999999999986287, 12.26666666666666750 ) ) ;
#3008 = CARTESIAN_POINT ( 'NONE',  ( -40.59999999999996589, -11.69689577749904430, 10.59999999999999964 ) ) ;
#3009 = VERTEX_POINT ( 'NONE', #2134 ) ;
#3010 = CARTESIAN_POINT ( 'NONE',  ( 43.10000000000007248, -6.476669318891875804, 14.56003241732529396 ) ) ;
#3011 = CARTESIAN_POINT ( 'NONE',  ( 43.10000000000006537, 16.10000000000013287, 9.600000000000001421 ) ) ;
#3012 = CARTESIAN_POINT ( 'NONE',  ( -41.39456583594468952, 21.07037261525395522, 13.60000000000000142 ) ) ;
#3013 = CARTESIAN_POINT ( 'NONE',  ( 42.45576142246986961, -2.399999999999879563, 28.22214248708726103 ) ) ;
#3014 = CARTESIAN_POINT ( 'NONE',  ( -11.66559769548650749, 21.09999999999996589, 16.03006242188097374 ) ) ;
#3015 = ORIENTED_EDGE ( 'NONE', *, *, #3213, .T. ) ;
#3016 = CARTESIAN_POINT ( 'NONE',  ( 40.52030516778427227, -7.367288305791248604, 13.59999999999999076 ) ) ;
#3017 = CARTESIAN_POINT ( 'NONE',  ( 42.93063647162025376, -19.90107979774950309, 13.60000000000000497 ) ) ;
#3018 = CARTESIAN_POINT ( 'NONE',  ( 41.92033942787891476, -7.232210489606498705, 24.36531221810774994 ) ) ;
#3019 = CARTESIAN_POINT ( 'NONE',  ( -8.619032709453286145, 21.09999999999997300, 18.60000000000000142 ) ) ;
#3020 = CARTESIAN_POINT ( 'NONE',  ( -9.099999999999933920, -7.399999999999875122, 24.36531221810753678 ) ) ;
#3021 = CARTESIAN_POINT ( 'NONE',  ( 41.92280331573815744, 16.10000000000013642, 28.43174276785785892 ) ) ;
#3022 = CARTESIAN_POINT ( 'NONE',  ( -13.66867854635620105, -2.925106207702290018, 28.03089793834171672 ) ) ;
#3023 = B_SPLINE_CURVE_WITH_KNOTS ( 'NONE', 3,
 ( #670, #2085, #1036, #3797 ),
 .UNSPECIFIED., .F., .F.,
 ( 4, 4 ),
 ( 0.000000000000000000, 1.000000000000000000 ),
 .UNSPECIFIED. ) ;
#3024 = CARTESIAN_POINT ( 'NONE',  ( -14.03798138032371234, -5.461477781448525803, 24.36531221810772152 ) ) ;
#3025 = CARTESIAN_POINT ( 'NONE',  ( -44.10000000000007248, -16.10000000000013642, 9.600000000000001421 ) ) ;
#3026 = CARTESIAN_POINT ( 'NONE',  ( 38.77178434487445458, -5.019420978891824703, 28.55633887815909233 ) ) ;
#3027 = CARTESIAN_POINT ( 'NONE',  ( 39.60000000000006537, -4.399999999999876010, 28.56611353383751606 ) ) ;
#3028 = CARTESIAN_POINT ( 'NONE',  ( -13.23355873626754864, 19.71254274815703411, 27.23030725387431517 ) ) ;
#3029 = CARTESIAN_POINT ( 'NONE',  ( -40.84967719370062156, -21.09011195108245573, 13.60000000000000497 ) ) ;
#3030 = CARTESIAN_POINT ( 'NONE',  ( -9.099999999999933920, -7.399999999999875122, 23.59999999999999076 ) ) ;
#3031 = ADVANCED_FACE ( 'NONE', ( #2499 ), #3141, .F. ) ;
#3032 = ORIENTED_EDGE ( 'NONE', *, *, #1327, .F. ) ;
#3033 = CIRCLE ( 'NONE', #2370, 0.7500000000000006661 ) ;
#3034 = CARTESIAN_POINT ( 'NONE',  ( 43.10000000000006537, -7.342809858114549115, 13.96340468743564500 ) ) ;
#3035 = CARTESIAN_POINT ( 'NONE',  ( -11.84999999999993747, -4.399999999999876010, 25.59999999999999787 ) ) ;
#3036 = CARTESIAN_POINT ( 'NONE',  ( -40.80000000000003979, 9.776895777498655349, 10.59999999999999964 ) ) ;
#3037 = CARTESIAN_POINT ( 'NONE',  ( 40.42151353022136107, -5.686306076322368064, 28.43174276785736865 ) ) ;
#3038 = ORIENTED_EDGE ( 'NONE', *, *, #2772, .F. ) ;
#3039 = DIRECTION ( 'NONE',  ( -0.000000000000000000, 0.000000000000000000, 1.000000000000000000 ) ) ;
#3040 = CARTESIAN_POINT ( 'NONE',  ( 6.633333333333397697, 16.10000000000002274, 28.59999999999999787 ) ) ;
#3041 = CARTESIAN_POINT ( 'NONE',  ( -12.19142874751815775, 18.78885282442890770, 28.43174276785751076 ) ) ;
#3042 = CARTESIAN_POINT ( 'NONE',  ( 39.36518000347837187, -7.190848006817369686, 27.23030725387336304 ) ) ;
#3043 = LINE ( 'NONE', #555, #3609 ) ;
#3044 = CARTESIAN_POINT ( 'NONE',  ( 38.85842747586693235, 21.10000000000013642, 24.36531221810770376 ) ) ;
#3045 = CARTESIAN_POINT ( 'NONE',  ( -12.80305748355012696, -5.202870632004807483, 28.22214248708589679 ) ) ;
#3046 = CARTESIAN_POINT ( 'NONE',  ( -14.05646124466700719, -5.078604484569067878, 24.36531221810774284 ) ) ;
#3047 = FACE_OUTER_BOUND ( 'NONE', #2186, .T. ) ;
#3048 = CARTESIAN_POINT ( 'NONE',  ( 39.60000000000006537, 3.600000000000123990, 28.59008767288885977 ) ) ;
#3049 = CARTESIAN_POINT ( 'NONE',  ( 38.84221342291245804, 16.29197865764032827, 28.59999999999999076 ) ) ;
#3050 = DIRECTION ( 'NONE',  ( -0.000000000000000000, -0.000000000000000000, -1.000000000000000000 ) ) ;
#3051 = DIRECTION ( 'NONE',  ( -0.000000000000000000, 0.000000000000000000, 1.000000000000000000 ) ) ;
#3052 = VERTEX_POINT ( 'NONE', #1763 ) ;
#3053 = EDGE_CURVE ( 'NONE', #2936, #1093, #3417, .T. ) ;
#3054 = CARTESIAN_POINT ( 'NONE',  ( -44.10000000000007248, -8.261500752994470738E-15, 10.59999999999999964 ) ) ;
#3055 = CARTESIAN_POINT ( 'NONE',  ( 41.92280331573815744, 16.10000000000013642, 28.43174276785785892 ) ) ;
#3056 = CARTESIAN_POINT ( 'NONE',  ( 39.60000000000006537, -3.216694561673710595, 28.59085612046582270 ) ) ;
#3057 = CARTESIAN_POINT ( 'NONE',  ( 40.90770453925219385, -5.410406497018438898, 28.43174276785743615 ) ) ;
#3058 = ORIENTED_EDGE ( 'NONE', *, *, #768, .T. ) ;
#3059 = EDGE_CURVE ( 'NONE', #993, #2936, #252, .T. ) ;
#3060 = CARTESIAN_POINT ( 'NONE',  ( 40.82591600510918539, -7.353366533588553189, 13.60000000000097664 ) ) ;
#3061 = CARTESIAN_POINT ( 'NONE',  ( 41.44940981133015612, -6.990782136083506515, 26.27804358441465737 ) ) ;
#3062 = CARTESIAN_POINT ( 'NONE',  ( -15.89630197757147734, 21.09999999999994102, 13.65106774866302075 ) ) ;
#3063 = CARTESIAN_POINT ( 'NONE',  ( 42.89076477352443106, 19.65300796294111763, 25.13064410631890055 ) ) ;
#3064 = CARTESIAN_POINT ( 'NONE',  ( -13.72475559143967949, -2.399999999999875566, 27.95172059729465630 ) ) ;
#3065 = CARTESIAN_POINT ( 'NONE',  ( -9.741127972525454481, -7.338068901300184521, 26.66045524840983560 ) ) ;
#3066 = DIRECTION ( 'NONE',  ( -0.000000000000000000, -0.000000000000000000, -1.000000000000000000 ) ) ;
#3067 = CARTESIAN_POINT ( 'NONE',  ( 38.10000000000007958, -2.399999999999878675, 28.59999999999999787 ) ) ;
#3068 = CARTESIAN_POINT ( 'NONE',  ( 38.71044153733016202, 16.53182468957465900, 28.60000000000000142 ) ) ;
#3069 = DIRECTION ( 'NONE',  ( 0.000000000000000000, 0.000000000000000000, 1.000000000000000000 ) ) ;
#3070 = CARTESIAN_POINT ( 'NONE',  ( -39.10000000000007248, -21.10000000000013642, 9.600000000000001421 ) ) ;
#3071 = ORIENTED_EDGE ( 'NONE', *, *, #3806, .T. ) ;
#3072 = CARTESIAN_POINT ( 'NONE',  ( 43.10000000000007248, -5.973906440337259482, 15.03536302557981230 ) ) ;
#3073 = CARTESIAN_POINT ( 'NONE',  ( 42.28746191188385950, 16.10000000000012577, 28.31225206021231955 ) ) ;
#3074 = DIRECTION ( 'NONE',  ( -1.000000000000000000, 0.000000000000000000, 0.000000000000000000 ) ) ;
#3075 = CARTESIAN_POINT ( 'NONE',  ( 38.10000000000006537, -6.587461911887424471, 28.31225206021070306 ) ) ;
#3076 = VERTEX_POINT ( 'NONE', #3873 ) ;
#3077 = ADVANCED_FACE ( 'NONE', ( #717 ), #3182, .T. ) ;
#3078 = CARTESIAN_POINT ( 'NONE',  ( -44.10000000000007248, 16.09999999999986287, 9.600000000000001421 ) ) ;
#3079 = CARTESIAN_POINT ( 'NONE',  ( -14.09999999999993747, -2.399999999999876010, 18.60000000000000497 ) ) ;
#3080 = CARTESIAN_POINT ( 'NONE',  ( 41.21614008722917788, -6.749066859013515440, 27.23030725387390660 ) ) ;
#3081 = CARTESIAN_POINT ( 'NONE',  ( -12.63467452317568451, 21.09999999999995524, 15.07334586117275954 ) ) ;
#3082 = CARTESIAN_POINT ( 'NONE',  ( 42.81995122073276860, 20.28624356834724907, 24.36531221810783521 ) ) ;
#3083 = CARTESIAN_POINT ( 'NONE',  ( 42.11207252158979486, 17.10672275928213537, 28.34695819721040166 ) ) ;
#3084 = CARTESIAN_POINT ( 'NONE',  ( -11.42198450851702596, -5.462990196934032205, 28.46374219451677590 ) ) ;
#3085 = CARTESIAN_POINT ( 'NONE',  ( -9.099999999999941025, -7.398029322239122685, 25.13064410631819001 ) ) ;
#3086 = FACE_OUTER_BOUND ( 'NONE', #854, .T. ) ;
#3087 = VECTOR ( 'NONE', #876, 1000.000000000000000 ) ;
#3088 = CARTESIAN_POINT ( 'NONE',  ( 43.10000000000006537, -16.10000000000013642, 9.600000000000001421 ) ) ;
#3089 = CARTESIAN_POINT ( 'NONE',  ( -10.34999999999993570, 18.09999999999996234, 7.599999999999999645 ) ) ;
#3090 = LINE ( 'NONE', #4401, #2931 ) ;
#3091 = CARTESIAN_POINT ( 'NONE',  ( -11.09999999999993570, 17.34999999999996234, 25.59999999999999787 ) ) ;
#3092 = ORIENTED_EDGE ( 'NONE', *, *, #3833, .F. ) ;
#3093 = CARTESIAN_POINT ( 'NONE',  ( -14.09999999999993570, 16.86537372203323670, 23.59999999999999432 ) ) ;
#3094 = CARTESIAN_POINT ( 'NONE',  ( -39.10000000000009379, 21.09999999999986642, 9.600000000000001421 ) ) ;
#3095 = CARTESIAN_POINT ( 'NONE',  ( -9.099999999999935696, -2.399999999999875566, 28.59999999999999787 ) ) ;
#3096 = EDGE_CURVE ( 'NONE', #66, #1584, #2432, .T. ) ;
#3097 = CARTESIAN_POINT ( 'NONE',  ( 41.05753239440060298, -5.802238939455704347, 28.31225206021143492 ) ) ;
#3098 = ORIENTED_EDGE ( 'NONE', *, *, #1893, .F. ) ;
#3099 = CARTESIAN_POINT ( 'NONE',  ( 38.10000000000007248, -12.39999999999987601, 13.60000000000000142 ) ) ;
#3100 = AXIS2_PLACEMENT_3D ( 'NONE', #1913, #4050, #214 ) ;
#3101 = CARTESIAN_POINT ( 'NONE',  ( -10.63261624263611260, 16.09999999999996945, 28.59803400948223384 ) ) ;
#3102 = CARTESIAN_POINT ( 'NONE',  ( -11.78885230106925874, 19.19142896425033840, 28.43174276785750010 ) ) ;
#3103 = CARTESIAN_POINT ( 'NONE',  ( 43.05648911875084650, -2.399999999999876454, 26.27804358441566990 ) ) ;
#3104 = CARTESIAN_POINT ( 'NONE',  ( 43.08277503510122841, 17.59088085687042025, 25.13064410631904266 ) ) ;
#3105 = CARTESIAN_POINT ( 'NONE',  ( -13.07015056687567345, 19.80885708953551116, 27.42003145578691203 ) ) ;
#3106 = CARTESIAN_POINT ( 'NONE',  ( 40.95496491026745645, 18.76317171969098752, 28.46374219451705656 ) ) ;
#3107 = CARTESIAN_POINT ( 'NONE',  ( -12.37028990480406598, -4.249770701771627301, 28.46374219451688248 ) ) ;
#3108 = CARTESIAN_POINT ( 'NONE',  ( -13.04830544437006701, -6.615185927423784307, 26.66045524841047509 ) ) ;
#3109 = DIRECTION ( 'NONE',  ( 0.000000000000000000, -0.000000000000000000, -1.000000000000000000 ) ) ;
#3110 = DIRECTION ( 'NONE',  ( 1.000000000000000000, -0.000000000000000000, 0.000000000000000000 ) ) ;
#3111 = CARTESIAN_POINT ( 'NONE',  ( 41.81049812225295170, 20.94883644206387174, 9.599999999999999645 ) ) ;
#3112 = CARTESIAN_POINT ( 'NONE',  ( 41.55718561920528487, 19.32332414993794956, 28.22214248708664641 ) ) ;
#3113 = CARTESIAN_POINT ( 'NONE',  ( -11.09999999999993570, 0.000000000000000000, 25.59999999999999787 ) ) ;
#3114 = ADVANCED_FACE ( 'NONE', ( #2841 ), #2927, .T. ) ;
#3115 = CARTESIAN_POINT ( 'NONE',  ( -42.60000000000007248, 19.59999999999984865, 7.599999999999999645 ) ) ;
#3116 = DIRECTION ( 'NONE',  ( 1.000000000000000000, 0.000000000000000000, 0.000000000000000000 ) ) ;
#3117 = ORIENTED_EDGE ( 'NONE', *, *, #1261, .T. ) ;
#3118 = CARTESIAN_POINT ( 'NONE',  ( 43.10000000000006537, -9.187275961667387136, 13.65155982369174481 ) ) ;
#3119 = CARTESIAN_POINT ( 'NONE',  ( 38.10000000000007958, -7.399999999999875122, 18.60000000000000142 ) ) ;
#3120 = CARTESIAN_POINT ( 'NONE',  ( -44.06641683701774070, 18.49873699103065050, 13.60000000000000142 ) ) ;
#3121 = ORIENTED_EDGE ( 'NONE', *, *, #1422, .T. ) ;
#3122 = CARTESIAN_POINT ( 'NONE',  ( 42.99646271462761149, -5.809769239207807523, 13.60000000000000497 ) ) ;
#3123 = B_SPLINE_CURVE_WITH_KNOTS ( 'NONE', 3,
 ( #1914, #2947, #1942, #4024, #2558, #1967, #3267, #1544, #4342, #120, #3633, #3362, #1574, #2626, #1172, #2580, #2603, #486, #3953, #802, #2212, #1888, #3975, #866 ),
 .UNSPECIFIED., .F., .F.,
 ( 4, 1, 1, 1, 1, 1, 1, 1, 2, 2, 1, 1, 1, 1, 1, 2, 2, 4 ),
 ( 0.000000000000000000, 0.2500000000000819900, 0.3750000000001230127, 0.4375000000001434408, 0.4687500000001523226, 0.4843750000001568190, 0.4921875000001589839, 0.4960937500001586509, 0.4980468750001584843, 0.5000000000001583178, 0.6250000000001181277, 0.6875000000000980327, 0.7187500000000879297, 0.7343750000000829337, 0.7421875000000803801, 0.7460937500000781597, 0.7500000000000758282, 1.000000000000000000 ),
 .UNSPECIFIED. ) ;
#3124 = CARTESIAN_POINT ( 'NONE',  ( -13.28746191188499104, 16.09999999999997655, 28.31225206021178309 ) ) ;
#3125 = CARTESIAN_POINT ( 'NONE',  ( -11.78113703491128206, 16.09999999999996945, 28.55633887815913852 ) ) ;
#3126 = CARTESIAN_POINT ( 'NONE',  ( 41.38472812872974771, -6.688588780452202620, 27.23030725387398121 ) ) ;
#3127 = ORIENTED_EDGE ( 'NONE', *, *, #297, .F. ) ;
#3128 = CARTESIAN_POINT ( 'NONE',  ( 40.48968927053090994, 20.81798922997053580, 26.66045524841098668 ) ) ;
#3129 = CARTESIAN_POINT ( 'NONE',  ( -13.24917488029819346, 18.44529842413288989, 28.03089793834159593 ) ) ;
#3130 = CARTESIAN_POINT ( 'NONE',  ( -12.57139588686131582, -5.028250432133464898, 28.34695819720942467 ) ) ;
#3131 = PLANE ( 'NONE',  #1035 ) ;
#3132 = LINE ( 'NONE', #3475, #6 ) ;
#3133 = CARTESIAN_POINT ( 'NONE',  ( 41.52861721389972871, 20.99046056094414681, 9.600000000000001421 ) ) ;
#3134 = CARTESIAN_POINT ( 'NONE',  ( 40.78803004379064845, 19.65104754517880892, 28.31225206021176533 ) ) ;
#3135 = CARTESIAN_POINT ( 'NONE',  ( -14.09999999999993570, 16.09999999999996945, 23.59999999999999076 ) ) ;
#3136 = CARTESIAN_POINT ( 'NONE',  ( 38.10000000000007958, -12.39999999999987601, 13.60000000000000142 ) ) ;
#3137 = EDGE_CURVE ( 'NONE', #3786, #1728, #2065, .T. ) ;
#3138 = ORIENTED_EDGE ( 'NONE', *, *, #4337, .T. ) ;
#3139 = CARTESIAN_POINT ( 'NONE',  ( -19.09999999999993747, 3.766666666666745211, 13.60000000000000142 ) ) ;
#3140 = CARTESIAN_POINT ( 'NONE',  ( -9.099999999999937472, -12.39999999999987601, 13.60000000000000142 ) ) ;
#3141 = CYLINDRICAL_SURFACE ( 'NONE', #1174, 0.7500000000000006661 ) ;
#3142 = CARTESIAN_POINT ( 'NONE',  ( -44.03146074138147270, 19.14736041317773996, 13.59999999999999787 ) ) ;
#3143 = ORIENTED_EDGE ( 'NONE', *, *, #2518, .F. ) ;
#3144 = CARTESIAN_POINT ( 'NONE',  ( 42.81432212528421388, -6.580336284102073385, 13.60000000000322018 ) ) ;
#3145 = CARTESIAN_POINT ( 'NONE',  ( -11.37231366823847090, 17.71073703524229614, 28.55633887815912431 ) ) ;
#3146 = CARTESIAN_POINT ( 'NONE',  ( 41.80652752742737732, -5.856946808964560880, 27.95172059729436143 ) ) ;
#3147 = ORIENTED_EDGE ( 'NONE', *, *, #3244, .F. ) ;
#3148 = CARTESIAN_POINT ( 'NONE',  ( -11.22570872365023043, -12.37801558712120809, 13.59999999999999964 ) ) ;
#3149 = CARTESIAN_POINT ( 'NONE',  ( 40.25301777118531987, 20.53735377075645374, 27.69395940719807214 ) ) ;
#3150 = CARTESIAN_POINT ( 'NONE',  ( -13.16433213488475396, 19.18747241558045857, 27.78280182435271328 ) ) ;
#3151 = CARTESIAN_POINT ( 'NONE',  ( -9.523685725825663084, -6.034353742314588764, 28.46374219451660892 ) ) ;
#3152 = CARTESIAN_POINT ( 'NONE',  ( 42.89504420574714771, -20.03820785103739510, 9.600000000000004974 ) ) ;
#3153 = CARTESIAN_POINT ( 'NONE',  ( 42.48402385467159803, 20.71654195172322233, 9.600000000000001421 ) ) ;
#3154 = CARTESIAN_POINT ( 'NONE',  ( 42.53521281681508270, 16.10000000000014353, 28.16519854648886678 ) ) ;
#3155 = CARTESIAN_POINT ( 'NONE',  ( 39.60000000000006537, -2.399999999999879563, 28.59008767288885267 ) ) ;
#3156 = DIRECTION ( 'NONE',  ( -0.000000000000000000, -0.000000000000000000, -1.000000000000000000 ) ) ;
#3157 = VERTEX_POINT ( 'NONE', #1722 ) ;
#3158 = CIRCLE ( 'NONE', #3304, 0.7500000000000006661 ) ;
#3159 = CARTESIAN_POINT ( 'NONE',  ( 43.10000000000006537, -9.129900726432268243, 13.65478517242740253 ) ) ;
#3160 = DIRECTION ( 'NONE',  ( 0.000000000000000000, 1.000000000000000000, 0.000000000000000000 ) ) ;
#3161 = CARTESIAN_POINT ( 'NONE',  ( -44.09011195108238468, 17.84967719373925732, 13.60000000000000497 ) ) ;
#3162 = ORIENTED_EDGE ( 'NONE', *, *, #2518, .T. ) ;
#3163 = CARTESIAN_POINT ( 'NONE',  ( -13.39431270869090440, 21.09999999999995879, 14.37237247032848941 ) ) ;
#3164 = LINE ( 'NONE', #1401, #3536 ) ;
#3165 = CARTESIAN_POINT ( 'NONE',  ( -12.16439076136434316, 16.46375484060011729, 28.53781812637539872 ) ) ;
#3166 = CARTESIAN_POINT ( 'NONE',  ( 42.84829685117206566, -2.958637069845251322, 27.69395940719902072 ) ) ;
#3167 = EDGE_LOOP ( 'NONE', ( #4357, #2246, #770, #3920 ) ) ;
#3168 = VECTOR ( 'NONE', #2330, 1000.000000000000000 ) ;
#3169 = FACE_OUTER_BOUND ( 'NONE', #4017, .T. ) ;
#3170 = CARTESIAN_POINT ( 'NONE',  ( 38.10000000000003695, 20.84829685117257014, 27.69395940719778082 ) ) ;
#3171 = CARTESIAN_POINT ( 'NONE',  ( -11.90555679409453660, 20.07095788146808957, 28.03089793834142185 ) ) ;
#3172 = CARTESIAN_POINT ( 'NONE',  ( -10.79351676959418604, -5.929509198716155005, 28.43174276785720167 ) ) ;
#3173 = CARTESIAN_POINT ( 'NONE',  ( -12.71254274814638308, -6.533558736259191591, 27.23030725387376094 ) ) ;
#3174 = CARTESIAN_POINT ( 'NONE',  ( -17.10597769982092231, 24.18153062728827507, 13.59999999999999076 ) ) ;
#3175 = CARTESIAN_POINT ( 'NONE',  ( 43.00416956305711125, -19.41380356360839343, 9.599999999999999645 ) ) ;
#3176 = CARTESIAN_POINT ( 'NONE',  ( 42.81364017786793852, 20.27774806692631415, 9.599999999999999645 ) ) ;
#3177 = B_SPLINE_CURVE_WITH_KNOTS ( 'NONE', 3,
 ( #202, #4165, #2450, #713, #2494, #4188, #2030, #3178, #2771, #34, #3501, #3429, #353, #1391, #2427, #11, #1758, #625, #2129, #2748, #1014, #4233 ),
 .UNSPECIFIED., .F., .F.,
 ( 4, 2, 2, 2, 2, 2, 2, 2, 2, 2, 4 ),
 ( 0.000000000000000000, 0.04148483463965799145, 0.2012373621997149975, 0.2811136259797434866, 0.3210517578697577590, 0.3609898897597719758, 0.4009280216497862481, 0.4408661535398005205, 0.5207424173198289541, 0.6804949448798860434, 1.000000000000000000 ),
 .UNSPECIFIED. ) ;
#3178 = CARTESIAN_POINT ( 'NONE',  ( 38.10000000000005116, -6.497735003208680027, 28.34695819720870347 ) ) ;
#3179 = CARTESIAN_POINT ( 'NONE',  ( 39.18503034373723892, 3.600000000000123990, 28.59669589096295539 ) ) ;
#3180 = ORIENTED_EDGE ( 'NONE', *, *, #3235, .T. ) ;
#3181 = DIRECTION ( 'NONE',  ( -1.000000000000000000, 0.000000000000000000, 0.000000000000000000 ) ) ;
#3182 = PLANE ( 'NONE',  #878 ) ;
#3183 = CARTESIAN_POINT ( 'NONE',  ( -13.67206547413390005, -6.821352548586629538, 18.59999999999938325 ) ) ;
#3184 = ADVANCED_FACE ( 'NONE', ( #1019 ), #3826, .F. ) ;
#3185 = EDGE_LOOP ( 'NONE', ( #36, #1441, #2362 ) ) ;
#3186 = EDGE_CURVE ( 'NONE', #1416, #3851, #982, .T. ) ;
#3187 = CARTESIAN_POINT ( 'NONE',  ( -12.73418605434364181, 21.09999999999996234, 14.97668554016795106 ) ) ;
#3188 = CARTESIAN_POINT ( 'NONE',  ( 43.10000000000006537, -1.919032709453123209, 13.60000000000000142 ) ) ;
#3189 = CARTESIAN_POINT ( 'NONE',  ( -11.71188902146562150, 17.94987156303353970, 28.53781812637538806 ) ) ;
#3190 = CARTESIAN_POINT ( 'NONE',  ( 42.06331023156995741, -5.404810471528118221, 27.95172059729454261 ) ) ;
#3191 = EDGE_CURVE ( 'NONE', #1813, #2966, #2545, .T. ) ;
#3192 = EDGE_CURVE ( 'NONE', #1370, #1467, #3996, .T. ) ;
#3193 = ORIENTED_EDGE ( 'NONE', *, *, #1079, .F. ) ;
#3194 = CARTESIAN_POINT ( 'NONE',  ( -9.099999999999937472, -12.39999999999987601, 13.60000000000000142 ) ) ;
#3195 = CARTESIAN_POINT ( 'NONE',  ( 40.66188308255338768, 20.55623889908373769, 27.42003145578700085 ) ) ;
#3196 = CARTESIAN_POINT ( 'NONE',  ( -13.63515225346202797, 17.24331284120254182, 27.95172059729462077 ) ) ;
#3197 = CARTESIAN_POINT ( 'NONE',  ( -11.17233172945518938, -4.334658492357890580, 28.55633887815909233 ) ) ;
#3198 = CARTESIAN_POINT ( 'NONE',  ( -13.10496298956324424, 20.87812371426909763, 18.59999999999870823 ) ) ;
#3199 = CARTESIAN_POINT ( 'NONE',  ( 43.07037261525427141, -18.39456583594370187, 9.599999999999999645 ) ) ;
#3200 = CARTESIAN_POINT ( 'NONE',  ( 40.95942014061754577, 21.04485155126441498, 9.599999999999999645 ) ) ;
#3201 = CARTESIAN_POINT ( 'NONE',  ( 42.11712065028477525, 18.36628892344973352, 28.16519854648847243 ) ) ;
#3202 = CARTESIAN_POINT ( 'NONE',  ( -12.69318945761536810, -6.249812772994069121, 27.69395940719752858 ) ) ;
#3203 = CARTESIAN_POINT ( 'NONE',  ( 43.10000000000006537, 16.10000000000013287, 14.26666666666666750 ) ) ;
#3204 = CARTESIAN_POINT ( 'NONE',  ( -43.86170419352230709, -20.14833751234510117, 9.600000000000001421 ) ) ;
#3205 = CARTESIAN_POINT ( 'NONE',  ( -13.87396129034012127, 18.55496426530027776, 26.27804358441502686 ) ) ;
#3206 = CARTESIAN_POINT ( 'NONE',  ( -43.27774806692548282, -20.81364017786782483, 13.59999999999999787 ) ) ;
#3207 = CARTESIAN_POINT ( 'NONE',  ( -14.05903567207700000, -5.011964348908667155, 18.59999999999753229 ) ) ;
#3208 = ORIENTED_EDGE ( 'NONE', *, *, #4504, .T. ) ;
#3209 = CARTESIAN_POINT ( 'NONE',  ( 20.60000000000006892, -3.226938804373357339, 28.59999999999999787 ) ) ;
#3210 = CARTESIAN_POINT ( 'NONE',  ( -11.03465849235979412, 18.17233172946131248, 28.55633887815911720 ) ) ;
#3211 = CARTESIAN_POINT ( 'NONE',  ( 41.90607994688315330, -5.951371241282071622, 27.78280182435262802 ) ) ;
#3212 = ORIENTED_EDGE ( 'NONE', *, *, #736, .T. ) ;
#3213 = EDGE_CURVE ( 'NONE', #2326, #1043, #1091, .T. ) ;
#3214 = CARTESIAN_POINT ( 'NONE',  ( -12.84943551331545919, -12.28653105570589510, 13.60000000000000142 ) ) ;
#3215 = CARTESIAN_POINT ( 'NONE',  ( 41.87309110706957682, 20.13608935185664350, 27.23030725387460649 ) ) ;
#3216 = CARTESIAN_POINT ( 'NONE',  ( -12.10480968877214991, 20.06331039385711179, 27.95172059729435787 ) ) ;
#3217 = CARTESIAN_POINT ( 'NONE',  ( 40.27566523581376856, -21.07444201803202333, 13.60000000000000320 ) ) ;
#3218 = ADVANCED_FACE ( 'NONE', ( #2318 ), #925, .T. ) ;
#3219 = CARTESIAN_POINT ( 'NONE',  ( -10.48563001567084463, -3.071924988664858969, 28.59803400948223029 ) ) ;
#3220 = CARTESIAN_POINT ( 'NONE',  ( -13.96439640049426245, -2.399999999999874234, 27.23030725387453899 ) ) ;
#3221 = VECTOR ( 'NONE', #2340, 1000.000000000000000 ) ;
#3222 = CARTESIAN_POINT ( 'NONE',  ( -10.11397892035005341, 26.09709413163854208, 13.60000000000000142 ) ) ;
#3223 = CARTESIAN_POINT ( 'NONE',  ( 41.72889785855851841, -20.96164780066028044, 9.600000000000003197 ) ) ;
#3224 = LINE ( 'NONE', #169, #3251 ) ;
#3225 = CARTESIAN_POINT ( 'NONE',  ( -13.30712637533225440, -4.781717263401609408, 27.95172059729420511 ) ) ;
#3226 = CARTESIAN_POINT ( 'NONE',  ( 40.10000000000006537, 18.10000000000012221, 27.72132034355963981 ) ) ;
#3227 = CARTESIAN_POINT ( 'NONE',  ( -42.65631831747227665, -20.97389364416922675, 9.600000000000003197 ) ) ;
#3228 = CARTESIAN_POINT ( 'NONE',  ( 38.53182469039347779, 16.71044153679492084, 28.59999999999999432 ) ) ;
#3229 = CARTESIAN_POINT ( 'NONE',  ( -13.04832582072081415, 20.31517280426344030, 26.66045524841093339 ) ) ;
#3230 = CARTESIAN_POINT ( 'NONE',  ( -42.39755730795513955, -21.00743052736834571, 13.60000000000000320 ) ) ;
#3231 = CARTESIAN_POINT ( 'NONE',  ( -13.63799586716051948, -6.861982708409034792, 13.60000000000216147 ) ) ;
#3232 = ORIENTED_EDGE ( 'NONE', *, *, #3235, .F. ) ;
#3233 = PLANE ( 'NONE',  #232 ) ;
#3234 = VECTOR ( 'NONE', #3869, 1000.000000000000000 ) ;
#3235 = EDGE_CURVE ( 'NONE', #720, #2121, #383, .T. ) ;
#3236 = CARTESIAN_POINT ( 'NONE',  ( -9.196065907496928205, 16.86607674231543896, 28.59999999999999787 ) ) ;
#3237 = CARTESIAN_POINT ( 'NONE',  ( 41.65040474324969466, -6.468242863808560728, 27.42003145578666334 ) ) ;
#3238 = EDGE_LOOP ( 'NONE', ( #478, #2636, #3942, #3989, #2205 ) ) ;
#3239 = CARTESIAN_POINT ( 'NONE',  ( -14.09999999999993570, -2.399999999999876010, 21.93333333333120905 ) ) ;
#3240 = CARTESIAN_POINT ( 'NONE',  ( 42.49768311846165858, 18.22655048794645793, 27.78280182435337764 ) ) ;
#3241 = CARTESIAN_POINT ( 'NONE',  ( -11.32316855256648225, 20.04148686045204286, 28.22214248708610285 ) ) ;
#3242 = CARTESIAN_POINT ( 'NONE',  ( 40.39402075846308549, -21.07039211818132785, 13.60000000000000320 ) ) ;
#3243 = CARTESIAN_POINT ( 'NONE',  ( -13.10496298909392365, 20.87812371297713554, 13.59999999999805986 ) ) ;
#3244 = EDGE_CURVE ( 'NONE', #1871, #497, #3693, .T. ) ;
#3245 = CARTESIAN_POINT ( 'NONE',  ( 43.08542865622445817, -17.87180854739118274, 9.600000000000004974 ) ) ;
#3246 = CARTESIAN_POINT ( 'NONE',  ( -42.56481889561356979, 20.98574326795675304, 9.600000000000003197 ) ) ;
#3247 = CARTESIAN_POINT ( 'NONE',  ( -12.16080677827765300, -6.688550436587289205, 27.42003145578618373 ) ) ;
#3248 = CARTESIAN_POINT ( 'NONE',  ( 42.91441723146944298, -12.12685137364354837, 13.60000000000000675 ) ) ;
#3249 = CARTESIAN_POINT ( 'NONE',  ( -9.099999999999933920, -7.399999999999875122, 24.36531221810753678 ) ) ;
#3250 = CARTESIAN_POINT ( 'NONE',  ( -39.59264819290031312, -21.10000000000013642, 9.600000000000003197 ) ) ;
#3251 = VECTOR ( 'NONE', #2902, 1000.000000000000000 ) ;
#3252 = CARTESIAN_POINT ( 'NONE',  ( 40.32907641675674171, 17.79396846765522255, 28.55633887815913141 ) ) ;
#3253 = CARTESIAN_POINT ( 'NONE',  ( -13.73246150251696029, 20.19930037194709271, 25.13064410631868029 ) ) ;
#3254 = EDGE_CURVE ( 'NONE', #3720, #4110, #3407, .T. ) ;
#3255 = CARTESIAN_POINT ( 'NONE',  ( -44.07131387799105227, -18.36820079462869870, 13.59999999999999964 ) ) ;
#3256 = CARTESIAN_POINT ( 'NONE',  ( -9.811581657458255279, -12.40000000078310194, 13.60000000000000142 ) ) ;
#3257 = EDGE_LOOP ( 'NONE', ( #343, #1087, #613, #2911, #2729 ) ) ;
#3258 = DIRECTION ( 'NONE',  ( -0.000000000000000000, 0.000000000000000000, 1.000000000000000000 ) ) ;
#3259 = CARTESIAN_POINT ( 'NONE',  ( -9.426726736011744379, 16.77951477538477221, 28.59999999999999076 ) ) ;
#3260 = CARTESIAN_POINT ( 'NONE',  ( 41.94068084873103430, -5.110407548135283307, 28.16519854648798926 ) ) ;
#3261 = ORIENTED_EDGE ( 'NONE', *, *, #2884, .F. ) ;
#3262 = CARTESIAN_POINT ( 'NONE',  ( -9.100000021260813199, 21.10003571004894596, 18.60000000000053433 ) ) ;
#3263 = CARTESIAN_POINT ( 'NONE',  ( 42.44696971888767223, 18.57792685605041783, 27.69395940719866900 ) ) ;
#3264 = CARTESIAN_POINT ( 'NONE',  ( -11.06843180652675329, 20.21089327555282722, 28.16519854648761623 ) ) ;
#3265 = CARTESIAN_POINT ( 'NONE',  ( 43.05304772075179898, -18.79246757331920037, 13.60000000000000320 ) ) ;
#3266 = CARTESIAN_POINT ( 'NONE',  ( -13.34810984021155278, 20.78162464621538064, 13.60000000000192699 ) ) ;
#3267 = CARTESIAN_POINT ( 'NONE',  ( -19.06824196538156357, 18.54430070253031460, 13.60000000000000497 ) ) ;
#3268 = CARTESIAN_POINT ( 'NONE',  ( -43.98901496049357718, 19.53988389866235664, 9.600000000000003197 ) ) ;
#3269 = CARTESIAN_POINT ( 'NONE',  ( -12.53897686403769995, -6.347824671568554677, 27.69395940719747884 ) ) ;
#3270 = DIRECTION ( 'NONE',  ( 0.000000000000000000, -1.000000000000000000, 0.000000000000000000 ) ) ;
#3271 = CARTESIAN_POINT ( 'NONE',  ( -41.95942014066497450, -21.04485155125911433, 9.600000000000001421 ) ) ;
#3272 = CARTESIAN_POINT ( 'NONE',  ( 38.42159132840291136, -5.081137034913067119, 28.55633887815904615 ) ) ;
#3273 = CARTESIAN_POINT ( 'NONE',  ( 39.44251690902672891, 16.86483122144612423, 28.59803400948222318 ) ) ;
#3274 = CARTESIAN_POINT ( 'NONE',  ( -13.14168180992298574, 20.40945331605481172, 26.27804358441493093 ) ) ;
#3275 = CARTESIAN_POINT ( 'NONE',  ( -43.89504420574277077, -20.03820785105449076, 13.60000000000000320 ) ) ;
#3276 = CARTESIAN_POINT ( 'NONE',  ( -16.60931060533412307, -10.91566100881696144, 13.60000000000000497 ) ) ;
#3277 = EDGE_LOOP ( 'NONE', ( #1994, #1375, #3538, #633 ) ) ;
#3278 = CARTESIAN_POINT ( 'NONE',  ( 20.60000000000006892, -4.399999999999878675, 28.57958971134653225 ) ) ;
#3279 = CARTESIAN_POINT ( 'NONE',  ( -9.779514775045901942, 16.42672673685120088, 28.59999999999999787 ) ) ;
#3280 = CARTESIAN_POINT ( 'NONE',  ( 38.59871264018802606, -6.755761422473202771, 28.22214248708498019 ) ) ;
#3281 = EDGE_LOOP ( 'NONE', ( #4309, #1027, #725, #209 ) ) ;
#3282 = CARTESIAN_POINT ( 'NONE',  ( -15.35877070275499356, -11.65904935531686171, 13.59999999999999964 ) ) ;
#3283 = CARTESIAN_POINT ( 'NONE',  ( 40.13681530953252263, 20.34331101252022833, 28.03089793834150711 ) ) ;
#3284 = CARTESIAN_POINT ( 'NONE',  ( -9.099999999999941025, 20.28746191188589520, 28.31225206021140295 ) ) ;
#3285 = CARTESIAN_POINT ( 'NONE',  ( 43.10000000000007248, -17.08448482983366645, 13.59999999999999609 ) ) ;
#3286 = CARTESIAN_POINT ( 'NONE',  ( 42.37498848201189361, -6.945094851801741243, 25.13064410631861278 ) ) ;
#3287 = CARTESIAN_POINT ( 'NONE',  ( -13.73903216353639678, 20.42549664815268784, 18.60000000000000853 ) ) ;
#3288 = CARTESIAN_POINT ( 'NONE',  ( 40.77860449218240291, 21.05646124428352195, 23.59999999999998366 ) ) ;
#3289 = CARTESIAN_POINT ( 'NONE',  ( -43.89504420574952803, 20.03820785103223656, 9.600000000000003197 ) ) ;
#3290 = CARTESIAN_POINT ( 'NONE',  ( -13.38855063840941817, -5.460805533750980878, 27.42003145578660650 ) ) ;
#3291 = CARTESIAN_POINT ( 'NONE',  ( -9.099999999999933920, -7.399999999999875122, 23.59999999999999432 ) ) ;
#3292 = CARTESIAN_POINT ( 'NONE',  ( -43.09664412391389021, -20.87811096940455968, 9.599999999999997868 ) ) ;
#3293 = CARTESIAN_POINT ( 'NONE',  ( 40.32717449773355156, -4.786322807162058268, 28.53781812637536675 ) ) ;
#3294 = CARTESIAN_POINT ( 'NONE',  ( 40.03465291680176819, 18.17233532002433805, 28.55633887815913141 ) ) ;
#3295 = CARTESIAN_POINT ( 'NONE',  ( -13.64130611106961766, 19.62755744122200596, 26.27804358441495580 ) ) ;
#3296 = CARTESIAN_POINT ( 'NONE',  ( -44.07077768596506218, -18.38329560835357057, 13.60000000000000320 ) ) ;
#3297 = CARTESIAN_POINT ( 'NONE',  ( -9.787169388979650719, -7.400000000709183290, 13.60000000000123066 ) ) ;
#3298 = EDGE_LOOP ( 'NONE', ( #1496, #338, #2668, #693, #4087 ) ) ;
#3299 = CARTESIAN_POINT ( 'NONE',  ( 6.633333333333394144, 16.09999999999996945, 28.59999999999999787 ) ) ;
#3300 = CARTESIAN_POINT ( 'NONE',  ( -9.662258275458331269, 16.59051516030534756, 28.60000000000000497 ) ) ;
#3301 = CARTESIAN_POINT ( 'NONE',  ( -11.78113703491128916, -2.399999999999876454, 28.55633887815913141 ) ) ;
#3302 = CARTESIAN_POINT ( 'NONE',  ( 42.28746191188388082, -2.399999999999879563, 28.31225206021231955 ) ) ;
#3303 = ORIENTED_EDGE ( 'NONE', *, *, #2849, .F. ) ;
#3304 = AXIS2_PLACEMENT_3D ( 'NONE', #1629, #4425, #949 ) ;
#3305 = CARTESIAN_POINT ( 'NONE',  ( -18.91879666063833199, -6.688848851038830645, 13.59999999999999964 ) ) ;
#3306 = CARTESIAN_POINT ( 'NONE',  ( 42.72475559143931179, 16.63367198109126477, 27.95172059729544500 ) ) ;
#3307 = CARTESIAN_POINT ( 'NONE',  ( -13.20041336280250732, 17.12767003804979993, 28.31225206021174046 ) ) ;
#3308 = CARTESIAN_POINT ( 'NONE',  ( 43.03798124828401939, -5.461479798839054212, 23.59999999999999432 ) ) ;
#3309 = AXIS2_PLACEMENT_3D ( 'NONE', #3054, #4106, #3672 ) ;
#3310 = DIRECTION ( 'NONE',  ( 0.000000000000000000, -1.000000000000000000, 0.000000000000000000 ) ) ;
#3311 = CARTESIAN_POINT ( 'NONE',  ( -9.099999999999935696, -7.264396400494429251, 27.23030725387313211 ) ) ;
#3312 = CARTESIAN_POINT ( 'NONE',  ( -43.99246996001816967, 19.51270507531220488, 9.600000000000001421 ) ) ;
#3313 = CARTESIAN_POINT ( 'NONE',  ( -13.44519843304937723, -3.488133158607824580, 28.16519854648790044 ) ) ;
#3314 = CARTESIAN_POINT ( 'NONE',  ( 0.000000000000000000, -7.399999999999876010, 25.59999999999999787 ) ) ;
#3315 = CARTESIAN_POINT ( 'NONE',  ( 39.60000000000006537, -4.399999999999876010, 25.59999999999999787 ) ) ;
#3316 = VECTOR ( 'NONE', #2351, 1000.000000000000227 ) ;
#3317 = CARTESIAN_POINT ( 'NONE',  ( 39.36613719721982108, -3.299209779994820568, 28.59803400948221963 ) ) ;
#3318 = CARTESIAN_POINT ( 'NONE',  ( 39.04320623430483295, 17.33873331254488193, 28.59803400948223029 ) ) ;
#3319 = CARTESIAN_POINT ( 'NONE',  ( -12.22438771775707345, 20.20785381432902028, 27.69395940719799398 ) ) ;
#3320 = CARTESIAN_POINT ( 'NONE',  ( -41.49873699102946034, -21.06641683701811019, 13.60000000000000142 ) ) ;
#3321 = CARTESIAN_POINT ( 'NONE',  ( -13.17033993010776172, -7.162249809500141673, 18.60000000000123066 ) ) ;
#3322 = VECTOR ( 'NONE', #559, 1000.000000000000000 ) ;
#3323 = CARTESIAN_POINT ( 'NONE',  ( 43.10000000000006537, -7.044105885851256410, 14.12245531051550174 ) ) ;
#3324 = CARTESIAN_POINT ( 'NONE',  ( -9.099999999999933920, 16.09999999999996945, 28.60000000000000142 ) ) ;
#3325 = EDGE_CURVE ( 'NONE', #1803, #4536, #3158, .T. ) ;
#3326 = CARTESIAN_POINT ( 'NONE',  ( -10.44251690902841645, -3.164831221446056997, 28.59803400948221963 ) ) ;
#3327 = CARTESIAN_POINT ( 'NONE',  ( 41.50223868741714739, -5.357533003295282370, 28.31225206021160545 ) ) ;
#3328 = EDGE_CURVE ( 'NONE', #2896, #1670, #3718, .T. ) ;
#3329 = CARTESIAN_POINT ( 'NONE',  ( -11.15442936414580899, 21.09999999999996945, 16.53993676055476669 ) ) ;
#3330 = ORIENTED_EDGE ( 'NONE', *, *, #3947, .T. ) ;
#3331 = CARTESIAN_POINT ( 'NONE',  ( -17.72580431041015459, -9.778356146481598898, 13.60000000000000142 ) ) ;
#3332 = CARTESIAN_POINT ( 'NONE',  ( 41.80651813454413457, 19.55696139355843144, 27.95172059729482683 ) ) ;
#3333 = CARTESIAN_POINT ( 'NONE',  ( -13.28746191188499104, 16.58055468721615000, 28.31225206021178309 ) ) ;
#3334 = CARTESIAN_POINT ( 'NONE',  ( 41.53988389866360365, -20.98901496049359849, 13.60000000000000320 ) ) ;
#3335 = EDGE_CURVE ( 'NONE', #1657, #2227, #2658, .T. ) ;
#3336 = CARTESIAN_POINT ( 'NONE',  ( 43.09802932223931293, -2.399999999999876010, 25.13064410631909240 ) ) ;
#3337 = EDGE_CURVE ( 'NONE', #1398, #2984, #3348, .T. ) ;
#3338 = CARTESIAN_POINT ( 'NONE',  ( 38.10000000000004405, 21.10000000000013287, 18.93333333333333002 ) ) ;
#3339 = FACE_OUTER_BOUND ( 'NONE', #3185, .T. ) ;
#3340 =( NAMED_UNIT ( * ) PLANE_ANGLE_UNIT ( ) SI_UNIT ( $, .RADIAN. ) );
#3341 = CARTESIAN_POINT ( 'NONE',  ( 40.54614280011005434, 19.32853688512567558, 28.43174276785758536 ) ) ;
#3342 = CARTESIAN_POINT ( 'NONE',  ( -13.53521281681592647, -2.399999999999876010, 28.16519854648804611 ) ) ;
#3343 = CARTESIAN_POINT ( 'NONE',  ( 39.60000000000006537, 3.600000000000123990, 28.59999999999999787 ) ) ;
#3344 = B_SPLINE_CURVE_WITH_KNOTS ( 'NONE', 3,
 ( #2470, #3796, #3867, #3521, #644, #4511, #1364, #2769, #2083, #4164, #327, #1012, #1737, #1545, #443, #1575, #419, #3312, #845, #1889, #3268, #2948, #1868, #762, #4297, #3289, #2259, #2604, #1152, #1822, #1523, #2539, #4343, #2173, #3976, #2559, #77, #1196, #3934, #2880, #4253, #509, #825, #1109, #145, #3246, #3634, #3568, #2236, #465, #4000, #97, #2213, #1844, #121, #2515, #3657, #1502, #1915, #2581, #3913, #1132 ),
 .UNSPECIFIED., .F., .F.,
 ( 4, 1, 1, 1, 1, 1, 1, 1, 2, 2, 1, 1, 1, 1, 1, 1, 2, 2, 1, 1, 1, 1, 2, 2, 2, 1, 1, 1, 1, 2, 2, 1, 1, 1, 1, 1, 2, 2, 1, 1, 1, 1, 1, 1, 2, 2, 4 ),
 ( 0.000000000000000000, 0.1249999999999094891, 0.1874999999998642197, 0.2187499999998416267, 0.2343749999998303302, 0.2421874999998246680, 0.2460937499998218370, 0.2480468749998212541, 0.2490234374998217814, 0.2499999999998223643, 0.3124999999998884226, 0.3437499999999209521, 0.3593749999999364397, 0.3671874999999447109, 0.3710937499999493738, 0.3730468749999519273, 0.3740234374999539257, 0.3749999999999559241, 0.4062500000000295874, 0.4218750000000660583, 0.4296875000000842659, 0.4335937500000933698, 0.4355468750000975886, 0.4375000000001017519, 0.5000000000002138290, 0.5312500000002694511, 0.5468750000002979839, 0.5546875000003121947, 0.5585937500003194112, 0.5605468750003230749, 0.5625000000003267386, 0.5937500000003638201, 0.6093750000003813616, 0.6171875000003900213, 0.6210937500003943512, 0.6230468750003964606, 0.6240234375003966827, 0.6250000000003969047, 0.6875000000003705924, 0.7187500000003584910, 0.7343750000003523848, 0.7421875000003493872, 0.7460937500003488321, 0.7480468750003484990, 0.7490234375003474998, 0.7500000000003463896, 1.000000000000000000 ),
 .UNSPECIFIED. ) ;
#3345 = CARTESIAN_POINT ( 'NONE',  ( 38.52368573838281662, -6.034353742314583435, 28.46374219451661247 ) ) ;
#3346 = CARTESIAN_POINT ( 'NONE',  ( 38.10000000000006537, 16.10000000000013287, 28.59999999999999787 ) ) ;
#3347 = CARTESIAN_POINT ( 'NONE',  ( -13.76290757908926565, 17.29259232746493424, 27.69395940719823912 ) ) ;
#3348 = LINE ( 'NONE', #1302, #2357 ) ;
#3349 = CARTESIAN_POINT ( 'NONE',  ( -11.84999999999993747, -4.399999999999876010, 27.72132034355963981 ) ) ;
#3350 = ORIENTED_EDGE ( 'NONE', *, *, #1706, .T. ) ;
#3351 = B_SPLINE_CURVE_WITH_KNOTS ( 'NONE', 3,
 ( #4133, #2311, #3770, #3686 ),
 .UNSPECIFIED., .F., .F.,
 ( 4, 4 ),
 ( 0.000000000000000000, 1.000000000000000000 ),
 .UNSPECIFIED. ) ;
#3352 = CARTESIAN_POINT ( 'NONE',  ( -44.10000000000007248, -8.261500752994470738E-15, 9.600000000000001421 ) ) ;
#3353 = CARTESIAN_POINT ( 'NONE',  ( -39.10000000000009379, 21.09999999999986642, 12.26666666666666750 ) ) ;
#3354 = CARTESIAN_POINT ( 'NONE',  ( -9.609201454160601230, -2.945073011382183026, 28.59999999999999787 ) ) ;
#3355 = CARTESIAN_POINT ( 'NONE',  ( 41.05884506730386363, -6.305446748376390964, 28.03089793834116961 ) ) ;
#3356 = CARTESIAN_POINT ( 'NONE',  ( -11.14607005320684152, 21.09999999999995879, 16.54833726427197860 ) ) ;
#3357 = EDGE_LOOP ( 'NONE', ( #3669, #4239, #3871, #4447 ) ) ;
#3358 = CARTESIAN_POINT ( 'NONE',  ( 43.10040903741753482, -2.297687380366665977, 18.59999999999935483 ) ) ;
#3359 = CARTESIAN_POINT ( 'NONE',  ( 42.87483915154473380, -20.10733879021316994, 13.60000000000000142 ) ) ;
#3360 = CARTESIAN_POINT ( 'NONE',  ( 43.10000000000006537, -3.158427475866745660, 24.36531221810797732 ) ) ;
#3361 = CARTESIAN_POINT ( 'NONE',  ( -8.246112270910527897, 21.09999999999997300, 18.60000000000000142 ) ) ;
#3362 = CARTESIAN_POINT ( 'NONE',  ( -19.06592440751422046, 18.60858915415039760, 13.60000000000000142 ) ) ;
#3363 = EDGE_CURVE ( 'NONE', #748, #1322, #970, .T. ) ;
#3364 = CARTESIAN_POINT ( 'NONE',  ( 40.59332951235634113, 19.63249152078736159, 28.34695819720984034 ) ) ;
#3365 = CARTESIAN_POINT ( 'NONE',  ( -11.03132239749393584, -6.434414469604481823, 28.22214248708532125 ) ) ;
#3366 = CARTESIAN_POINT ( 'NONE',  ( -14.09802932223919214, -2.399999999999875122, 25.13064410631879042 ) ) ;
#3367 = CARTESIAN_POINT ( 'NONE',  ( -44.06840992987351768, -18.44748514795155714, 9.599999999999999645 ) ) ;
#3368 = CARTESIAN_POINT ( 'NONE',  ( 40.22954006205556254, -4.255721440137726574, 28.55633887815911720 ) ) ;
#3369 = DIRECTION ( 'NONE',  ( 0.000000000000000000, 0.000000000000000000, 1.000000000000000000 ) ) ;
#3370 = CARTESIAN_POINT ( 'NONE',  ( -13.44696964204201528, 18.57792802298870782, 27.69395940719814675 ) ) ;
#3371 = CARTESIAN_POINT ( 'NONE',  ( 43.10000000000006537, -2.399999999999880451, 23.59999999999999432 ) ) ;
#3372 = CARTESIAN_POINT ( 'NONE',  ( -9.099999999999951683, 21.09999999999996945, 18.35000000000001563 ) ) ;
#3373 = ORIENTED_EDGE ( 'NONE', *, *, #4480, .F. ) ;
#3374 = CARTESIAN_POINT ( 'NONE',  ( 43.10000000000006537, -8.239680787490973657, 13.73623252491587721 ) ) ;
#3375 = CARTESIAN_POINT ( 'NONE',  ( -44.10000000000007248, 21.09999999999984510, 9.400000000000000355 ) ) ;
#3376 = CARTESIAN_POINT ( 'NONE',  ( -42.48039098668424174, 20.99643778796588478, 13.60000000000000142 ) ) ;
#3377 = CARTESIAN_POINT ( 'NONE',  ( 41.11993592402130560, -5.638679929165979487, 28.34695819720954901 ) ) ;
#3378 = ORIENTED_EDGE ( 'NONE', *, *, #2069, .T. ) ;
#3379 = FACE_OUTER_BOUND ( 'NONE', #3789, .T. ) ;
#3380 = CARTESIAN_POINT ( 'NONE',  ( 38.10000000000007958, -12.39999999999987601, 13.60000000000000142 ) ) ;
#3381 = CARTESIAN_POINT ( 'NONE',  ( 42.81995064721398592, -6.586244956875650480, 24.36531221810777836 ) ) ;
#3382 = AXIS2_PLACEMENT_3D ( 'NONE', #3906, #758, #506 ) ;
#3383 = CARTESIAN_POINT ( 'NONE',  ( -9.100000021260813199, 21.10003571004894596, 18.60000000000053433 ) ) ;
#3384 = CARTESIAN_POINT ( 'NONE',  ( 41.62755744120871526, 20.64130611107359670, 26.27804358441511923 ) ) ;
#3385 = CARTESIAN_POINT ( 'NONE',  ( -13.07095788145447202, -5.205556794091522832, 28.03089793834123000 ) ) ;
#3386 = CARTESIAN_POINT ( 'NONE',  ( -13.96430552393555935, -6.030836922018826485, 24.36531221810771797 ) ) ;
#3387 = EDGE_CURVE ( 'NONE', #715, #2439, #3760, .T. ) ;
#3388 = CARTESIAN_POINT ( 'NONE',  ( -14.09999999999993925, 21.09999999999995168, 18.60000000000052722 ) ) ;
#3389 = DIRECTION ( 'NONE',  ( 0.000000000000000000, 0.000000000000000000, -1.000000000000000000 ) ) ;
#3390 = CARTESIAN_POINT ( 'NONE',  ( 43.10000000000006537, 9.933333333333461468, 23.59999999999999432 ) ) ;
#3391 = CARTESIAN_POINT ( 'NONE',  ( -14.09999999999993570, 16.09999999999996945, 12.84999999999999964 ) ) ;
#3392 = ORIENTED_EDGE ( 'NONE', *, *, #293, .T. ) ;
#3393 = CARTESIAN_POINT ( 'NONE',  ( 43.10000000000005826, -5.126222704615536863, 15.87086614294241826 ) ) ;
#3394 = CARTESIAN_POINT ( 'NONE',  ( 42.72475559143931179, 16.10000000000013287, 27.95172059729544500 ) ) ;
#3395 = CARTESIAN_POINT ( 'NONE',  ( -9.099999999999935696, -2.399999999999876010, 28.59999999999999076 ) ) ;
#3396 = CARTESIAN_POINT ( 'NONE',  ( 42.19773500320383874, -2.871310648162032741, 28.34695819721050469 ) ) ;
#3397 = VERTEX_POINT ( 'NONE', #4464 ) ;
#3398 = FACE_OUTER_BOUND ( 'NONE', #1309, .T. ) ;
#3399 = CARTESIAN_POINT ( 'NONE',  ( 40.91430777311979483, -7.117940175067399622, 26.27804358441452948 ) ) ;
#3400 = CARTESIAN_POINT ( 'NONE',  ( -12.71059134402696422, 21.09999999999995524, 14.99956567793093143 ) ) ;
#3401 = CARTESIAN_POINT ( 'NONE',  ( 42.93221048960111830, 19.92033942788773615, 24.36531221810785652 ) ) ;
#3402 = B_SPLINE_CURVE_WITH_KNOTS ( 'NONE', 3,
 ( #2562, #3250, #1825, #2178, #1505, #2905, #4281, #2886, #785, #2929, #828, #3957, #1199, #3271, #3572, #1526, #3595, #1177, #2585, #2196, #3979, #806, #3227, #423, #4257, #1892, #3637, #80, #3292, #149, #56, #1549, #2951, #2607, #741, #3550, #3204, #1113, #1463, #2863, #2521, #3916, #765, #4057, #2699, #1971, #2335, #4100, #903, #4460, #173, #1919, #3660, #2680, #3367, #946, #538, #3689, #4369, #513, #217, #3025 ),
 .UNSPECIFIED., .F., .F.,
 ( 4, 1, 1, 1, 1, 1, 1, 1, 2, 2, 1, 1, 1, 1, 1, 1, 2, 2, 1, 1, 1, 1, 2, 2, 2, 1, 1, 1, 1, 2, 2, 1, 1, 1, 1, 1, 2, 2, 1, 1, 1, 1, 1, 1, 2, 2, 4 ),
 ( 0.000000000000000000, 0.1250000000002920997, 0.1875000000004370115, 0.2187500000005107859, 0.2343750000005491163, 0.2421875000005682677, 0.2460937500005778711, 0.2480468750005811185, 0.2490234375005811185, 0.2500000000005810907, 0.3125000000005687673, 0.3437500000005636602, 0.3593750000005611622, 0.3671875000005598300, 0.3710937500005591083, 0.3730468750005586087, 0.3740234375005583867, 0.3750000000005581646, 0.4062500000005674905, 0.4218750000005731526, 0.4296875000005749290, 0.4335937500005769274, 0.4355468750005793699, 0.4375000000005818124, 0.5000000000006333822, 0.5312500000006579182, 0.5468750000006695755, 0.5546875000006754597, 0.5585937500006780132, 0.5605468750006785683, 0.5625000000006791234, 0.5937500000006969980, 0.6093750000007056578, 0.6171875000007100986, 0.6210937500007127632, 0.6230468750007136514, 0.6240234375007136514, 0.6250000000007137624, 0.6875000000006860068, 0.7187500000006716849, 0.7343750000006644685, 0.7421875000006604717, 0.7460937500006579182, 0.7480468750006561418, 0.7490234375006548095, 0.7500000000006535883, 1.000000000000000000 ),
 .UNSPECIFIED. ) ;
#3403 = CARTESIAN_POINT ( 'NONE',  ( -13.13441447031109988, -4.331322392615968297, 28.22214248708614903 ) ) ;
#3404 = CARTESIAN_POINT ( 'NONE',  ( -14.09999999999993570, -3.158427516427619430, 24.36531221810784231 ) ) ;
#3405 = CARTESIAN_POINT ( 'NONE',  ( -44.10000000000007248, -8.261500752994470738E-15, 13.60000000000000142 ) ) ;
#3406 = CARTESIAN_POINT ( 'NONE',  ( 38.10000000000007958, -2.399999999999878675, 28.59999999999999787 ) ) ;
#3407 = LINE ( 'NONE', #4445, #3448 ) ;
#3408 = EDGE_LOOP ( 'NONE', ( #834, #1631, #3847, #2159 ) ) ;
#3409 = CARTESIAN_POINT ( 'NONE',  ( 43.10000000000006537, -6.217596512550435328, 14.79820372910570825 ) ) ;
#3410 = DIRECTION ( 'NONE',  ( 1.369518533665900312E-16, -1.000000000000000000, 0.000000000000000000 ) ) ;
#3411 = DIRECTION ( 'NONE',  ( 0.000000000000000000, 0.000000000000000000, -1.000000000000000000 ) ) ;
#3412 = CARTESIAN_POINT ( 'NONE',  ( 41.19142874749891803, -5.088852824421368659, 28.43174276785750365 ) ) ;
#3413 = ORIENTED_EDGE ( 'NONE', *, *, #1598, .T. ) ;
#3414 = CARTESIAN_POINT ( 'NONE',  ( 38.10000000000004405, 21.10000000000013287, 28.59999999999999787 ) ) ;
#3415 = CARTESIAN_POINT ( 'NONE',  ( -11.84999999999993747, -4.399999999999876010, 10.59999999999999787 ) ) ;
#3416 = CARTESIAN_POINT ( 'NONE',  ( 42.38858858095936455, -5.684729092292760022, 27.23030725387442175 ) ) ;
#3417 = B_SPLINE_CURVE_WITH_KNOTS ( 'NONE', 3,
 ( #3803, #1419, #1089, #335 ),
 .UNSPECIFIED., .F., .F.,
 ( 4, 4 ),
 ( 0.000000000000000000, 1.000000000000000000 ),
 .UNSPECIFIED. ) ;
#3418 = ORIENTED_EDGE ( 'NONE', *, *, #3704, .T. ) ;
#3419 = CARTESIAN_POINT ( 'NONE',  ( -16.03342470772257045, 21.09999999999994813, 13.64405461180570178 ) ) ;
#3420 = CARTESIAN_POINT ( 'NONE',  ( 42.73530929459632688, 20.46469559158055063, 23.59999999999999076 ) ) ;
#3421 = CARTESIAN_POINT ( 'NONE',  ( 38.57131064816203292, 20.19773500320677329, 28.34695819720948506 ) ) ;
#3422 = CARTESIAN_POINT ( 'NONE',  ( -12.33867992916529843, -5.419935924034697372, 28.34695819720933230 ) ) ;
#3423 = CARTESIAN_POINT ( 'NONE',  ( -13.87396129088426910, -4.854964258630084295, 26.27804358441485277 ) ) ;
#3424 = CARTESIAN_POINT ( 'NONE',  ( -41.30000000000003979, 9.776895777498653572, -15.40511026734024824 ) ) ;
#3425 =( BOUNDED_CURVE ( )  B_SPLINE_CURVE ( 2, ( #2671, #3414, #2045 ),
 .UNSPECIFIED., .F., .T. ) 
 B_SPLINE_CURVE_WITH_KNOTS ( ( 3, 3 ),
 ( 0.000000000000000000, 1.000000000000000000 ),
 .UNSPECIFIED. ) 
 CURVE ( )  GEOMETRIC_REPRESENTATION_ITEM ( )  RATIONAL_B_SPLINE_CURVE ( ( 1.000000000000000000, 4.000000000000000888, 1.000000000000000000 ) ) 
 REPRESENTATION_ITEM ( '' )  );
#3426 = CARTESIAN_POINT ( 'NONE',  ( 38.10000000000007958, -2.399999999999878675, 28.59999999999999787 ) ) ;
#3427 = EDGE_CURVE ( 'NONE', #1467, #2917, #491, .T. ) ;
#3428 = CARTESIAN_POINT ( 'NONE',  ( 38.10000000000006537, 16.10000000000013287, 28.59999999999999432 ) ) ;
#3429 = CARTESIAN_POINT ( 'NONE',  ( 38.10000000000007958, -6.968678546357166326, 28.03089793834037025 ) ) ;
#3430 = CARTESIAN_POINT ( 'NONE',  ( -40.10000000000006537, -18.10000000000013642, 10.59999999999999964 ) ) ;
#3431 = CARTESIAN_POINT ( 'NONE',  ( 43.10000000000006537, 21.10000000000015419, 8.649999999999996803 ) ) ;
#3432 = ORIENTED_EDGE ( 'NONE', *, *, #4029, .T. ) ;
#3433 = CARTESIAN_POINT ( 'NONE',  ( 43.10000000000006537, -12.08295866739850766, 13.60000000000000142 ) ) ;
#3434 = B_SPLINE_CURVE_WITH_KNOTS ( 'NONE', 3,
 ( #2621, #1936, #3239, #2574 ),
 .UNSPECIFIED., .F., .F.,
 ( 4, 4 ),
 ( 0.3333333333333337034, 0.6666666666664542440 ),
 .UNSPECIFIED. ) ;
#3435 = DIRECTION ( 'NONE',  ( -0.000000000000000000, 0.9848077530122080203, 0.1736481776669307198 ) ) ;
#3436 = CARTESIAN_POINT ( 'NONE',  ( 38.57131066377032624, -6.497735003208680027, 28.34695819720870347 ) ) ;
#3437 = EDGE_LOOP ( 'NONE', ( #4402, #915, #90, #1146 ) ) ;
#3438 = CARTESIAN_POINT ( 'NONE',  ( 42.47613984652162600, -7.005525832969788702, 18.60000000000000142 ) ) ;
#3439 = LINE ( 'NONE', #2283, #1856 ) ;
#3440 = CARTESIAN_POINT ( 'NONE',  ( 39.59088085686997260, -7.382775035091204252, 25.13064410631830725 ) ) ;
#3441 = VERTEX_POINT ( 'NONE', #2982 ) ;
#3442 = CARTESIAN_POINT ( 'NONE',  ( 41.73083891477801899, 20.96430520156782862, 24.36531221810781034 ) ) ;
#3443 = CARTESIAN_POINT ( 'NONE',  ( -13.04782467157623671, 19.53897686404778256, 27.69395940719805438 ) ) ;
#3444 = CARTESIAN_POINT ( 'NONE',  ( 41.37028990479705470, 17.94977070177213463, 28.46374219451710985 ) ) ;
#3445 = CARTESIAN_POINT ( 'NONE',  ( -10.91481671841759926, -6.188898490192480395, 28.34695819720898058 ) ) ;
#3446 = CARTESIAN_POINT ( 'NONE',  ( -13.46466813625531955, -7.035326977163683715, 24.36531221810767889 ) ) ;
#3447 = CARTESIAN_POINT ( 'NONE',  ( 40.10000000000006537, -5.149999999999875122, 27.72132034355963981 ) ) ;
#3448 = VECTOR ( 'NONE', #1992, 1000.000000000000000 ) ;
#3449 = CARTESIAN_POINT ( 'NONE',  ( 38.10000000000007958, -2.399999999999878675, 28.60000000000000497 ) ) ;
#3450 = CARTESIAN_POINT ( 'NONE',  ( 42.98247474094966236, 19.58902559124375031, 9.600000000000001421 ) ) ;
#3451 = CARTESIAN_POINT ( 'NONE',  ( -39.10000000000007248, -21.10000000000013642, 13.80000000000000071 ) ) ;
#3452 = CARTESIAN_POINT ( 'NONE',  ( -14.09999999999993925, -7.399999999999876898, 23.59999999999999432 ) ) ;
#3453 = LINE ( 'NONE', #1718, #455 ) ;
#3454 = AXIS2_PLACEMENT_3D ( 'NONE', #3743, #1955, #3764 ) ;
#3455 = ORIENTED_EDGE ( 'NONE', *, *, #3553, .T. ) ;
#3456 = CARTESIAN_POINT ( 'NONE',  ( -12.73083692201818984, 20.96430552393313107, 23.59999999999998366 ) ) ;
#3457 = CARTESIAN_POINT ( 'NONE',  ( 38.10000000000007958, -7.399999999999876010, 23.59999999999999432 ) ) ;
#3458 = CARTESIAN_POINT ( 'NONE',  ( 39.60000000000006537, 3.600000000000123990, 25.59999999999999787 ) ) ;
#3459 = CARTESIAN_POINT ( 'NONE',  ( -42.53538422206467118, 20.98959392881920039, 13.60000000000000497 ) ) ;
#3460 = ORIENTED_EDGE ( 'NONE', *, *, #510, .T. ) ;
#3461 = CARTESIAN_POINT ( 'NONE',  ( 46.88570964850671174, -9.537382382577126450, 13.60000000000000320 ) ) ;
#3462 = CARTESIAN_POINT ( 'NONE',  ( -14.03806890130015184, 16.09999999999996945, 26.66045524841117143 ) ) ;
#3463 = CARTESIAN_POINT ( 'NONE',  ( -11.91662186760951947, 17.45866784928322346, 28.53781812637538096 ) ) ;
#3464 = CARTESIAN_POINT ( 'NONE',  ( 41.87310907015999106, -6.436077782967651650, 27.23030725387414464 ) ) ;
#3465 = AXIS2_PLACEMENT_3D ( 'NONE', #4143, #3109, #641 ) ;
#3466 = EDGE_LOOP ( 'NONE', ( #2136, #4245, #1960, #3208 ) ) ;
#3467 = VECTOR ( 'NONE', #3110, 1000.000000000000000 ) ;
#3468 = CARTESIAN_POINT ( 'NONE',  ( 38.10000000000007248, -21.10000000000013642, 12.33333333333332149 ) ) ;
#3469 = CARTESIAN_POINT ( 'NONE',  ( 41.92034089914162109, 20.93221018574261549, 24.36531221810779968 ) ) ;
#3470 = CARTESIAN_POINT ( 'NONE',  ( -12.65040474326837128, 20.16824286382431808, 27.42003145578688006 ) ) ;
#3471 = EDGE_CURVE ( 'NONE', #2049, #3009, #4373, .T. ) ;
#3472 = CARTESIAN_POINT ( 'NONE',  ( -12.88299805810179777, -4.533920857478379141, 28.31225206021145624 ) ) ;
#3473 = CARTESIAN_POINT ( 'NONE',  ( -12.38472909229384555, -6.688588580978253262, 27.23030725387368634 ) ) ;
#3474 = CARTESIAN_POINT ( 'NONE',  ( -14.09999999999993570, 3.766666666666738106, 23.59999999999999432 ) ) ;
#3475 = CARTESIAN_POINT ( 'NONE',  ( 20.60000000000006537, 3.600000000000121325, 49.21552812808830168 ) ) ;
#3476 = CARTESIAN_POINT ( 'NONE',  ( 41.53538422206438696, 20.98959392881955921, 9.600000000000003197 ) ) ;
#3477 = CARTESIAN_POINT ( 'NONE',  ( 39.12767003804947308, 20.20041336279989252, 28.31225206021149887 ) ) ;
#3478 = CARTESIAN_POINT ( 'NONE',  ( 32.26666666666674388, -4.399999999999876010, 28.57958971133359327 ) ) ;
#3479 = CARTESIAN_POINT ( 'NONE',  ( -14.09999999999993570, 16.09999999999996945, 18.60000000000000142 ) ) ;
#3480 = CARTESIAN_POINT ( 'NONE',  ( -9.100000021260813199, 21.10003571004894596, 18.60000000000053433 ) ) ;
#3481 = VERTEX_POINT ( 'NONE', #2293 ) ;
#3482 = CARTESIAN_POINT ( 'NONE',  ( -39.10000000000008669, 21.09999999999986642, 13.60000000000000142 ) ) ;
#3483 = CARTESIAN_POINT ( 'NONE',  ( -39.10000000000007248, -21.10000000000013642, 9.400000000000000355 ) ) ;
#3484 = CARTESIAN_POINT ( 'NONE',  ( -9.099999999999933920, 16.09999999999996945, 28.59999999999999787 ) ) ;
#3485 = CARTESIAN_POINT ( 'NONE',  ( -42.65631831747587199, 20.97389364416905977, 13.60000000000000497 ) ) ;
#3486 = ORIENTED_EDGE ( 'NONE', *, *, #3670, .F. ) ;
#3487 = CARTESIAN_POINT ( 'NONE',  ( 48.06624690466745875, -5.282150512976111045, 13.60000000000000497 ) ) ;
#3488 = CARTESIAN_POINT ( 'NONE',  ( -39.10000000000007248, -21.10000000000013642, 13.60000000000000142 ) ) ;
#3489 = CARTESIAN_POINT ( 'NONE',  ( -10.59226033786012877, 16.48810209583098896, 28.59803400948222674 ) ) ;
#3490 = CARTESIAN_POINT ( 'NONE',  ( 40.54795696448795184, -6.705807748707425020, 27.78280182435208445 ) ) ;
#3491 = ORIENTED_EDGE ( 'NONE', *, *, #3728, .T. ) ;
#3492 = AXIS2_PLACEMENT_3D ( 'NONE', #2347, #1310, #2735 ) ;
#3493 = CARTESIAN_POINT ( 'NONE',  ( 40.71600470590634302, -12.36177567430898350, 13.59999999999999964 ) ) ;
#3494 = CARTESIAN_POINT ( 'NONE',  ( 43.03806890130024954, 16.10000000000013287, 26.66045524841187486 ) ) ;
#3495 = CARTESIAN_POINT ( 'NONE',  ( -12.05884506731636918, 20.00544674839068193, 28.03089793834143961 ) ) ;
#3496 = CARTESIAN_POINT ( 'NONE',  ( -12.42543508224075488, -5.291121305086293525, 28.34695819720936072 ) ) ;
#3497 = CARTESIAN_POINT ( 'NONE',  ( -13.89084800681610687, -3.665180003478303306, 27.23030725387440398 ) ) ;
#3498 = DIRECTION ( 'NONE',  ( 0.000000000000000000, -0.000000000000000000, -1.000000000000000000 ) ) ;
#3499 = CARTESIAN_POINT ( 'NONE',  ( 43.10000000000006537, -2.399999999999876010, 18.59999999999973497 ) ) ;
#3500 = CARTESIAN_POINT ( 'NONE',  ( 42.98866520347227294, 19.54258782409721107, 9.600000000000001421 ) ) ;
#3501 = CARTESIAN_POINT ( 'NONE',  ( 38.10000000000007958, -6.835212816817760384, 28.16519854648644738 ) ) ;
#3502 = DIRECTION ( 'NONE',  ( 1.000000000000000000, 0.000000000000000000, 0.000000000000000000 ) ) ;
#3503 = ORIENTED_EDGE ( 'NONE', *, *, #128, .F. ) ;
#3504 = CARTESIAN_POINT ( 'NONE',  ( -14.03798124828387550, 19.16147979883914587, 23.60000000000002274 ) ) ;
#3505 = DIRECTION ( 'NONE',  ( -1.000000000000000000, 0.000000000000000000, 0.000000000000000000 ) ) ;
#3506 = CARTESIAN_POINT ( 'NONE',  ( -43.87483915154476222, 20.10733879021277914, 13.60000000000000497 ) ) ;
#3507 = ORIENTED_EDGE ( 'NONE', *, *, #3529, .T. ) ;
#3508 = CARTESIAN_POINT ( 'NONE',  ( -14.46790367895334484, 21.09999999999994813, 13.82743140664140746 ) ) ;
#3509 = CARTESIAN_POINT ( 'NONE',  ( 42.68109130942890062, -6.809766221217349980, 13.59999999999902798 ) ) ;
#3510 = CARTESIAN_POINT ( 'NONE',  ( -9.463754849693788884, 19.16439076136505548, 28.53781812637536675 ) ) ;
#3511 = CARTESIAN_POINT ( 'NONE',  ( 39.24331283613749832, -6.935152253673462219, 27.95172059729337377 ) ) ;
#3512 = ORIENTED_EDGE ( 'NONE', *, *, #2740, .T. ) ;
#3513 = AXIS2_PLACEMENT_3D ( 'NONE', #3822, #1367, #55 ) ;
#3514 = CARTESIAN_POINT ( 'NONE',  ( 40.62722672324177609, -12.36522889267583736, 13.60000000000000142 ) ) ;
#3515 = CARTESIAN_POINT ( 'NONE',  ( 38.69790702388778669, 20.96439640049455022, 27.23030725387405582 ) ) ;
#3516 = CARTESIAN_POINT ( 'NONE',  ( -13.11712058569984052, 18.36628990192080479, 28.16519854648790400 ) ) ;
#3517 = CARTESIAN_POINT ( 'NONE',  ( -11.59332951236013187, -5.932491520779175964, 28.34695819720914045 ) ) ;
#3518 = CARTESIAN_POINT ( 'NONE',  ( -18.55009261390790698, 22.01629930469944441, 13.60000000000001208 ) ) ;
#3519 = CARTESIAN_POINT ( 'NONE',  ( 40.42161314647816539, -21.06938128774554642, 9.600000000000001421 ) ) ;
#3520 = EDGE_CURVE ( 'NONE', #3076, #3751, #3177, .T. ) ;
#3521 = CARTESIAN_POINT ( 'NONE',  ( -44.08542865622447948, 17.87180854716826417, 9.600000000000003197 ) ) ;
#3522 = CARTESIAN_POINT ( 'NONE',  ( 38.10000000000004405, 20.28746191188606218, 28.31225206021140295 ) ) ;
#3523 = CARTESIAN_POINT ( 'NONE',  ( 43.10000000000006537, 16.10000000000013287, 23.59999999999999432 ) ) ;
#3524 = CARTESIAN_POINT ( 'NONE',  ( 22.36666666666673109, -7.399999999917997506, 13.59999999994541398 ) ) ;
#3525 = ORIENTED_EDGE ( 'NONE', *, *, #3704, .F. ) ;
#3526 = VECTOR ( 'NONE', #2184, 1000.000000000000000 ) ;
#3527 = CARTESIAN_POINT ( 'NONE',  ( 43.10000000000007248, -9.814493407400751934, 13.61714196735726112 ) ) ;
#3528 = EDGE_CURVE ( 'NONE', #2958, #374, #1687, .T. ) ;
#3529 = EDGE_CURVE ( 'NONE', #775, #999, #1716, .T. ) ;
#3530 = CARTESIAN_POINT ( 'NONE',  ( -9.099999999999951683, 21.09999999999996945, 28.59999999999999787 ) ) ;
#3531 = CARTESIAN_POINT ( 'NONE',  ( -13.76936832391766607, -6.672157922322722534, 18.60000000000061249 ) ) ;
#3532 = ORIENTED_EDGE ( 'NONE', *, *, #2033, .T. ) ;
#3533 = CARTESIAN_POINT ( 'NONE',  ( -12.78046746524771038, 21.09999999999995524, 14.93192064375474359 ) ) ;
#3534 = CARTESIAN_POINT ( 'NONE',  ( 42.78162464621549788, -6.648109840212457655, 13.60000000000419007 ) ) ;
#3535 = CARTESIAN_POINT ( 'NONE',  ( -9.523685738382713595, 19.73435374231302930, 28.46374219451687537 ) ) ;
#3536 = VECTOR ( 'NONE', #4219, 1000.000000000000000 ) ;
#3537 = CARTESIAN_POINT ( 'NONE',  ( 42.27244756165507056, -5.362844909129591109, 27.69395940719822846 ) ) ;
#3538 = ORIENTED_EDGE ( 'NONE', *, *, #872, .F. ) ;
#3539 = VECTOR ( 'NONE', #2618, 1000.000000000000000 ) ;
#3540 = CARTESIAN_POINT ( 'NONE',  ( -11.11152451844614752, -12.38092322689383984, 13.60000000000000320 ) ) ;
#3541 = CARTESIAN_POINT ( 'NONE',  ( 38.65863706984528392, 20.84829685117257370, 27.69395940719778082 ) ) ;
#3542 = CARTESIAN_POINT ( 'NONE',  ( -9.099999999999951683, 20.72475559144003654, 27.95172059729413760 ) ) ;
#3543 = CARTESIAN_POINT ( 'NONE',  ( -10.63261624263611793, -2.590198159712920223, 28.59803400948222674 ) ) ;
#3544 = CARTESIAN_POINT ( 'NONE',  ( -11.66188308255462580, -6.856238899073401782, 27.42003145578606293 ) ) ;
#3545 = CARTESIAN_POINT ( 'NONE',  ( -13.50976622126294124, 20.68109130947737384, 18.59999999999869758 ) ) ;
#3546 = CARTESIAN_POINT ( 'NONE',  ( 43.10000000000006537, -16.59264819302438099, 9.600000000000001421 ) ) ;
#3547 = CARTESIAN_POINT ( 'NONE',  ( 42.84640685949507599, 20.19274964925209659, 9.600000000000003197 ) ) ;
#3548 = CARTESIAN_POINT ( 'NONE',  ( -10.24331284120282959, -6.935152253471428274, 27.95172059729326364 ) ) ;
#3549 = CARTESIAN_POINT ( 'NONE',  ( 38.10000000000007248, 3.600000000000123990, 28.59999999999999787 ) ) ;
#3550 = CARTESIAN_POINT ( 'NONE',  ( -43.84640685949695182, -20.19274964924932192, 9.600000000000003197 ) ) ;
#3551 = CARTESIAN_POINT ( 'NONE',  ( -13.81995064722907429, 20.28624495688258378, 24.36531221810776771 ) ) ;
#3552 = CARTESIAN_POINT ( 'NONE',  ( 43.10000000000006537, -2.399999999999876010, 12.84999999999999964 ) ) ;
#3553 = EDGE_CURVE ( 'NONE', #1416, #993, #1064, .T. ) ;
#3554 = CARTESIAN_POINT ( 'NONE',  ( -44.00743052736754635, 19.39755730795831923, 13.60000000000000142 ) ) ;
#3555 = ORIENTED_EDGE ( 'NONE', *, *, #3096, .T. ) ;
#3556 = CARTESIAN_POINT ( 'NONE',  ( -13.22008974206434573, 21.09999999999995879, 14.52130756268289069 ) ) ;
#3557 = CARTESIAN_POINT ( 'NONE',  ( -11.09999999999993570, 17.34999999999996234, 27.72132034355963981 ) ) ;
#3558 = CARTESIAN_POINT ( 'NONE',  ( -10.71057547255493425, 19.45220264194647086, 28.46374219451690024 ) ) ;
#3559 = CARTESIAN_POINT ( 'NONE',  ( 42.00389332682655663, -5.798756730642371515, 27.78280182435267420 ) ) ;
#3560 = ORIENTED_EDGE ( 'NONE', *, *, #1963, .T. ) ;
#3561 = CARTESIAN_POINT ( 'NONE',  ( -11.23092192654828025, -12.37787646435181266, 13.60000000000000142 ) ) ;
#3562 = CARTESIAN_POINT ( 'NONE',  ( 41.38472909228867280, 20.38858858099078830, 27.23030725387452478 ) ) ;
#3563 = CARTESIAN_POINT ( 'NONE',  ( -12.50408189182776120, 19.75038957989086796, 28.03089793834146803 ) ) ;
#3564 = CARTESIAN_POINT ( 'NONE',  ( -10.16987571905252352, -3.545036803014455007, 28.59803400948222674 ) ) ;
#3565 = CARTESIAN_POINT ( 'NONE',  ( -13.61040135757973424, -5.010006580029950918, 27.23030725387411621 ) ) ;
#3566 = CARTESIAN_POINT ( 'NONE',  ( -13.70552583275024006, 20.47613984634942241, 13.60000000000451337 ) ) ;
#3567 = CARTESIAN_POINT ( 'NONE',  ( 43.07039211818123903, -18.39402075846577844, 9.600000000000001421 ) ) ;
#3568 = CARTESIAN_POINT ( 'NONE',  ( -42.54737320415857482, 20.98804278005409785, 9.600000000000001421 ) ) ;
#3569 = CARTESIAN_POINT ( 'NONE',  ( 41.18499855494084017, 19.64919568599306743, 28.22214248708653983 ) ) ;
#3570 = CARTESIAN_POINT ( 'NONE',  ( -11.48171833635584349, -6.607126304584242327, 27.95172059729356207 ) ) ;
#3571 = CARTESIAN_POINT ( 'NONE',  ( 41.39598592246133535, -12.32643837690324773, 13.60000000000000142 ) ) ;
#3572 = CARTESIAN_POINT ( 'NONE',  ( -42.27279173387737643, -21.01881759005675931, 9.600000000000003197 ) ) ;
#3573 = EDGE_CURVE ( 'NONE', #4536, #3772, #1546, .T. ) ;
#3574 = CARTESIAN_POINT ( 'NONE',  ( 40.17233172945058328, 18.03465849236123120, 28.55633887815913141 ) ) ;
#3575 = CARTESIAN_POINT ( 'NONE',  ( -13.31518592743212004, 20.04830544438240025, 26.66045524841096181 ) ) ;
#3576 = CARTESIAN_POINT ( 'NONE',  ( -42.54737320415837587, -20.98804278005446022, 13.60000000000000497 ) ) ;
#3577 = CARTESIAN_POINT ( 'NONE',  ( -19.05434651644347710, -5.247889708055539337, 13.60000000000000142 ) ) ;
#3578 = EDGE_LOOP ( 'NONE', ( #1329, #659, #2940, #358 ) ) ;
#3579 =( BOUNDED_SURFACE ( )  B_SPLINE_SURFACE ( 2, 3, ( 
 ( #4288, #1492, #2593, #2247 ),
 ( #498, #855, #2893, #108 ),
 ( #2183, #3299, #2224, #157 ) ),
 .UNSPECIFIED., .F., .F., .F. ) 
 B_SPLINE_SURFACE_WITH_KNOTS ( ( 3, 3 ),
 ( 4, 4 ),
 ( 0.000000000000000000, 1.000000000000000000 ),
 ( -0.009099999999999879019, 0.03810000000000011988 ),
 .UNSPECIFIED. ) 
 GEOMETRIC_REPRESENTATION_ITEM ( )  RATIONAL_B_SPLINE_SURFACE ( (
 ( 1.000000000000000000, 1.000000000000000000, 1.000000000000000000, 1.000000000000000000),
 ( 4.000000000000000888, 4.000000000000000888, 4.000000000000000888, 4.000000000000000888),
 ( 1.000000000000000000, 1.000000000000000000, 1.000000000000000000, 1.000000000000000000) ) ) 
 REPRESENTATION_ITEM ( '' )  SURFACE ( )  );
#3580 = CARTESIAN_POINT ( 'NONE',  ( 41.60000000000006537, 19.60000000000014353, 7.599999999999999645 ) ) ;
#3581 = CARTESIAN_POINT ( 'NONE',  ( -9.099999999999933920, 16.09999999999996945, 28.59999999999999432 ) ) ;
#3582 = CARTESIAN_POINT ( 'NONE',  ( 42.32605113374322059, -5.627011063804175706, 27.42003145578705414 ) ) ;
#3583 = EDGE_CURVE ( 'NONE', #2775, #999, #1262, .T. ) ;
#3584 = VERTEX_POINT ( 'NONE', #4145 ) ;
#3585 = DIRECTION ( 'NONE',  ( -1.000000000000000000, -3.491481338843133750E-15, 0.000000000000000000 ) ) ;
#3586 = CARTESIAN_POINT ( 'NONE',  ( 41.53897686403077927, 20.04782467157965797, 27.69395940719833504 ) ) ;
#3587 = CARTESIAN_POINT ( 'NONE',  ( -13.06331023159487970, 19.10481047153595924, 27.95172059729445735 ) ) ;
#3588 = CARTESIAN_POINT ( 'NONE',  ( -12.16439076136434849, -2.763754849693855320, 28.53781812637539872 ) ) ;
#3589 = EDGE_CURVE ( 'NONE', #3481, #1065, #3749, .T. ) ;
#3590 = CARTESIAN_POINT ( 'NONE',  ( -8.619688137792200777, 26.09999999999997300, 13.60000000000000142 ) ) ;
#3591 = CARTESIAN_POINT ( 'NONE',  ( 40.79246757332754925, -21.05304772075050579, 9.600000000000001421 ) ) ;
#3592 = CARTESIAN_POINT ( 'NONE',  ( -40.59999999999996589, -12.19689577749904608, -15.40511026734024824 ) ) ;
#3593 = CARTESIAN_POINT ( 'NONE',  ( -13.49768311846767688, -4.526550487946678025, 27.78280182435256407 ) ) ;
#3594 = FACE_OUTER_BOUND ( 'NONE', #3167, .T. ) ;
#3595 = CARTESIAN_POINT ( 'NONE',  ( -42.48039098669330116, -20.99643778796530214, 9.600000000000003197 ) ) ;
#3596 = CARTESIAN_POINT ( 'NONE',  ( 38.60920145416049820, 16.64507301138214856, 28.59999999999999787 ) ) ;
#3597 = CARTESIAN_POINT ( 'NONE',  ( -14.09999999999993570, 16.85842747586682577, 24.36531221810783876 ) ) ;
#3598 = CARTESIAN_POINT ( 'NONE',  ( -44.07444201803195938, -18.27566523583038816, 13.59999999999999964 ) ) ;
#3599 = CARTESIAN_POINT ( 'NONE',  ( -11.41306639158629288, -7.371177330694341556, 18.60000000000123777 ) ) ;
#3600 = VERTEX_POINT ( 'NONE', #283 ) ;
#3601 = LINE ( 'NONE', #475, #2583 ) ;
#3602 = CARTESIAN_POINT ( 'NONE',  ( -9.099999999999933920, 16.09999999999996945, 28.59999999999999787 ) ) ;
#3603 = CARTESIAN_POINT ( 'NONE',  ( 42.36656438460887841, -3.468347775649315512, 28.22214248708706918 ) ) ;
#3604 = ORIENTED_EDGE ( 'NONE', *, *, #2710, .F. ) ;
#3605 = CARTESIAN_POINT ( 'NONE',  ( -19.10000000096297512, -3.272882219652444746, 13.59999999999999964 ) ) ;
#3606 = CARTESIAN_POINT ( 'NONE',  ( 42.53735377141551766, 18.25301776566962886, 27.69395940719874716 ) ) ;
#3607 = CARTESIAN_POINT ( 'NONE',  ( -9.571310663770240978, 20.19773500320661341, 28.34695819720948506 ) ) ;
#3608 = CARTESIAN_POINT ( 'NONE',  ( 41.52861721390152638, -20.99046056094399759, 13.60000000000000320 ) ) ;
#3609 = VECTOR ( 'NONE', #3310, 1000.000000000000000 ) ;
#3610 = CARTESIAN_POINT ( 'NONE',  ( -13.90229016919582250, 20.07579555301158081, 13.59999999999742748 ) ) ;
#3611 = CARTESIAN_POINT ( 'NONE',  ( 38.86537372203334684, 21.10000000000013642, 23.59999999999999432 ) ) ;
#3612 = FILL_AREA_STYLE ('',( #803 ) ) ;
#3613 = CARTESIAN_POINT ( 'NONE',  ( -10.29259232746524333, -7.062907579098676614, 27.69395940719696725 ) ) ;
#3614 = CARTESIAN_POINT ( 'NONE',  ( -12.16147979883949759, -7.337981248285116109, 24.36531221810764336 ) ) ;
#3615 = ORIENTED_EDGE ( 'NONE', *, *, #1369, .F. ) ;
#3616 = B_SPLINE_CURVE_WITH_KNOTS ( 'NONE', 3,
 ( #2282, #3020, #1867, #824, #4051, #3311, #2974, #4316, #2924, #1195, #2235, #192, #215, #2310, #3685, #896, #4365, #144, #1221, #3711, #1151, #556 ),
 .UNSPECIFIED., .F., .F.,
 ( 4, 2, 2, 2, 2, 2, 2, 2, 2, 2, 4 ),
 ( 0.000000000000000000, 0.2500000000000000000, 0.3750000000000000000, 0.4375000000000000000, 0.4687500000000000000, 0.5000000000000000000, 0.5312500000000000000, 0.5625000000000000000, 0.6250000000000000000, 0.7500000000000000000, 1.000000000000000000 ),
 .UNSPECIFIED. ) ;
#3617 = CARTESIAN_POINT ( 'NONE',  ( 38.86463387707382822, 19.09607851285626268, 28.53781812637539517 ) ) ;
#3618 = CARTESIAN_POINT ( 'NONE',  ( -13.81794006955510667, 18.91430938134192985, 26.27804358441501620 ) ) ;
#3619 = CARTESIAN_POINT ( 'NONE',  ( -43.98888856329210029, -19.54086757463593571, 13.60000000000000497 ) ) ;
#3620 = CARTESIAN_POINT ( 'NONE',  ( -9.099999999999933920, -7.399999999999876010, 18.60000000000000142 ) ) ;
#3621 = ORIENTED_EDGE ( 'NONE', *, *, #4053, .T. ) ;
#3622 = CARTESIAN_POINT ( 'NONE',  ( -14.09999999999993570, 3.766666666666738994, 23.59999999999999432 ) ) ;
#3623 = CARTESIAN_POINT ( 'NONE',  ( -9.099999999999933920, 16.09999999999996945, 28.59999999999999787 ) ) ;
#3624 = CARTESIAN_POINT ( 'NONE',  ( 42.66867854635579960, -2.925106188309357425, 28.03089793834240595 ) ) ;
#3625 = ORIENTED_EDGE ( 'NONE', *, *, #3192, .F. ) ;
#3626 = CARTESIAN_POINT ( 'NONE',  ( -15.12940872705880047, -11.75824812802616215, 13.60000000000000320 ) ) ;
#3627 = CARTESIAN_POINT ( 'NONE',  ( 42.81427369667009231, 16.10000000000013287, 27.78280182435365475 ) ) ;
#3628 = CARTESIAN_POINT ( 'NONE',  ( -11.90287063200773510, 19.80305748356332529, 28.22214248708617745 ) ) ;
#3629 = CARTESIAN_POINT ( 'NONE',  ( 42.98866520347223030, -19.54258782409742068, 13.59999999999999787 ) ) ;
#3630 = B_SPLINE_SURFACE_WITH_KNOTS ( 'NONE', 3, 3, ( 
 ( #1522, #3611, #464, #3288, #3999, #844, #2258, #2374, #2676, #3420, #662, #4117, #234, #983, #1730, #575, #4097, #300 ),
 ( #1680, #3044, #1643, #4456, #942, #3442, #3469, #1005, #2395, #1704, #3082, #3401, #4482, #4502, #4416, #277, #1274, #2419 ),
 ( #3813, #2739, #4077, #4136, #619, #1661, #3790, #636, #921, #1357, #1985, #254, #3063, #1313, #2719, #3104, #2762, #4157 ),
 ( #2331, #963, #2050, #2077, #323, #3774, #3384, #1334, #2695, #3731, #4438, #1295, #2024, #2352, #3754, #594, #2005, #435 ),
 ( #4224, #727, #2464, #3128, #2443, #1430, #2486, #1383, #71, #1407, #2534, #2166, #2122, #4526, #1794, #2787, #4269, #3494 ),
 ( #1453, #3515, #1815, #4181, #26, #3928, #3562, #2808, #3215, #1029, #1474, #46, #1074, #2852, #2874, #2830, #3838, #387 ),
 ( #777, #414, #4203, #684, #3195, #1125, #365, #3882, #2100, #2189, #4247, #345, #754, #1773, #2509, #1750, #1100, #2145 ),
 ( #3170, #3541, #3860, #3149, #3, #705, #3903, #3586, #1050, #4359, #1148, #4019, #3991, #3263, #3606, #3949, #4293, #1592 ),
 ( #4311, #115, #188, #3706, #2277, #2994, #1539, #861, #1517, #2919, #797, #1213, #1883, #2622, #3240, #3969, #1167, #3627 ),
 ( #2598, #163, #839, #2575, #1937, #3680, #528, #2253, #2304, #3332, #1190, #503, #3651, #480, #1909, #1566, #3306, #2898 ),
 ( #4384, #1837, #2969, #3283, #819, #1243, #92, #2644, #2229, #460, #2554, #4045, #138, #2942, #1862, #889, #1498, #4334 ),
 ( #2207, #4512, #1110, #690, #2174, #1438, #1365, #2837, #3868, #352, #2493, #4232, #420, #3201, #669, #2107, #1757, #3154 ),
 ( #53, #1460, #393, #712, #1013, #10, #2860, #3569, #4254, #3112, #1413, #2814, #2770, #2426, #371, #2084, #4533, #1056 ),
 ( #3522, #2471, #3477, #3844, #328, #1738, #3134, #1390, #2793, #2128, #1084, #4187, #2449, #4054, #576, #235, #2720, #4457 ),
 ( #1314, #3421, #1600, #1335, #2375, #3364, #4391, #595, #1681, #922, #1644, #2396, #2741, #255, #1944, #3083, #4078, #4483 ),
 ( #1662, #1296, #4137, #2332, #4439, #1275, #3341, #1250, #4418, #2696, #984, #2651, #899, #2312, #557, #943, #1622, #3021 ),
 ( #2677, #3732, #2353, #3755, #2006, #4159, #1007, #2764, #3791, #3106, #638, #1707, #4505, #3444, #2052, #1359, #302, #424 ),
 ( #1506, #807, #3617, #4323, #1895, #1179, #448, #3664, #2954, #4007, #2588, #4031, #2265, #2932, #2242, #3981, #2219, #830 ),
 ( #3640, #82, #103, #850, #874, #493, #470, #1850, #3294, #3574, #151, #3252, #2197, #1485, #1551, #4301, #2906, #786 ),
 ( #2980, #3958, #1157, #4348, #515, #1921, #3318, #1201, #2888, #1873, #2609, #1580, #175, #3273, #4282, #4371, #2563, #1230 ),
 ( #126, #1136, #2632, #1827, #1528, #3228, #2543, #3938, #3596, #1949, #4463, #1280, #3068, #200, #260, #3049, #1319, #2682 ),
 ( #4083, #3346, #948, #1605, #3428, #2656, #2291, #602, #928, #969, #3005, #3738, #1686, #2725, #561, #2382, #4398, #624 ) ),
 .UNSPECIFIED., .F., .F., .F.,
 ( 4, 2, 2, 2, 2, 2, 2, 2, 2, 2, 4 ),
 ( 4, 2, 2, 2, 2, 2, 2, 2, 4 ),
 ( 0.000000000000000000, 0.2500000000000000000, 0.3750000000000000000, 0.4375000000000000000, 0.4687500000000000000, 0.5000000000000000000, 0.5312500000000000000, 0.5625000000000000000, 0.6250000000000000000, 0.7500000000000000000, 1.000000000000000000 ),
 ( 0.000000000000000000, 0.2500000000000000000, 0.3750000000000000000, 0.4375000000000000000, 0.5000000000000000000, 0.5625000000000000000, 0.6250000000000000000, 0.7500000000000000000, 1.000000000000000000 ),
 .UNSPECIFIED. ) ;
#3631 = LINE ( 'NONE', #1272, #3962 ) ;
#3632 = CARTESIAN_POINT ( 'NONE',  ( -13.98818812963117075, 19.56998191296508338, 18.60000000000065512 ) ) ;
#3633 = CARTESIAN_POINT ( 'NONE',  ( -19.06596421169040312, 18.60750802217210165, 13.60000000000000497 ) ) ;
#3634 = CARTESIAN_POINT ( 'NONE',  ( -42.55436243565171850, 20.98712545639525473, 9.600000000000003197 ) ) ;
#3635 = CARTESIAN_POINT ( 'NONE',  ( -12.65040561066796698, -6.468242505138665166, 27.42003145578630452 ) ) ;
#3636 = LINE ( 'NONE', #1548, #3690 ) ;
#3637 = CARTESIAN_POINT ( 'NONE',  ( -43.07265072837260789, -20.88525032197519948, 9.600000000000001421 ) ) ;
#3638 = CARTESIAN_POINT ( 'NONE',  ( 40.23512839758103610, -4.851486328667350634, 28.53781812637537385 ) ) ;
#3639 = AXIS2_PLACEMENT_3D ( 'NONE', #1124, #3927, #3585 ) ;
#3640 = CARTESIAN_POINT ( 'NONE',  ( 38.10000000000007248, 18.78113703491213826, 28.55633887815909944 ) ) ;
#3641 = CARTESIAN_POINT ( 'NONE',  ( -10.48445903902215903, 21.01142105395477344, 26.27804358441480304 ) ) ;
#3642 = CARTESIAN_POINT ( 'NONE',  ( -43.19274964925160276, -20.84640685949505823, 13.60000000000000142 ) ) ;
#3643 = B_SPLINE_CURVE_WITH_KNOTS ( 'NONE', 3,
 ( #4127, #4405, #1285, #880, #952, #3393, #973, #2363, #4448, #4376, #1305, #2687, #2014, #3072, #266, #3409, #1671, #3721, #3010, #544, #1263, #2661, #4467, #1323, #1633, #566, #3323, #4088, #1926, #933, #3034, #1995, #4066, #910, #1978, #181, #2342, #245, #1585, #3374, #1236, #4037, #583, #2296, #3696, #4149, #994, #1740, #2797, #3159, #1394, #14, #2112, #3118, #3527, #1442, #3433 ),
 .UNSPECIFIED., .F., .F.,
 ( 4, 2, 2, 2, 1, 1, 1, 2, 2, 1, 1, 1, 1, 2, 2, 1, 1, 1, 2, 2, 1, 1, 1, 1, 2, 2, 1, 1, 1, 1, 2, 2, 1, 1, 1, 1, 1, 2, 2, 4 ),
 ( 0.000000000000000000, 0.2499999999999995004, 0.3124999999999993894, 0.3749999999999992228, 0.4062499999999991673, 0.4218749999999992228, 0.4296874999999992784, 0.4335937499999990008, 0.4374999999999987788, 0.4687499999999968359, 0.4843749999999960587, 0.4921874999999956146, 0.4960937499999953371, 0.4980468749999951150, 0.4999999999999948930, 0.5312499999999907851, 0.5468749999999886757, 0.5546874999999874545, 0.5585937499999867883, 0.5624999999999861222, 0.5937499999999791278, 0.6093749999999757971, 0.6171874999999742428, 0.6210937499999734657, 0.6230468749999731326, 0.6249999999999727995, 0.6562499999999670264, 0.6718749999999639178, 0.6796874999999625855, 0.6835937499999619194, 0.6855468749999615863, 0.6874999999999612532, 0.7187499999999545919, 0.7343749999999515943, 0.7421874999999500400, 0.7460937499999492628, 0.7480468749999488187, 0.7490234374999483746, 0.7499999999999479305, 1.000000000000000000 ),
 .UNSPECIFIED. ) ;
#3644 = CARTESIAN_POINT ( 'NONE',  ( -13.76936832475590755, -6.672157922708240818, 13.60000000000061249 ) ) ;
#3645 = VERTEX_POINT ( 'NONE', #3089 ) ;
#3646 = CARTESIAN_POINT ( 'NONE',  ( 20.60000000000006892, -2.399999999999876010, 28.59999999999999787 ) ) ;
#3647 = CARTESIAN_POINT ( 'NONE',  ( -6.319581223306072004E-14, 18.10000000000000142, 10.59999999999999964 ) ) ;
#3648 = CARTESIAN_POINT ( 'NONE',  ( 42.07095771442554621, -5.205557822811496038, 28.03089793834166699 ) ) ;
#3649 = ORIENTED_EDGE ( 'NONE', *, *, #1559, .F. ) ;
#3650 = CARTESIAN_POINT ( 'NONE',  ( 0.000000000000000000, -19.95265396141706304, 9.600000000000001421 ) ) ;
#3651 = CARTESIAN_POINT ( 'NONE',  ( 42.12891096869915231, 18.94912199866174518, 27.95172059729497605 ) ) ;
#3652 = CARTESIAN_POINT ( 'NONE',  ( -11.72825043213572904, 19.57139588687379828, 28.34695819720964849 ) ) ;
#3653 = CARTESIAN_POINT ( 'NONE',  ( 42.97576400432836152, -19.63667213872215100, 13.60000000000000142 ) ) ;
#3654 = CARTESIAN_POINT ( 'NONE',  ( 42.93221018573377279, -6.220340899143119273, 23.59999999999999432 ) ) ;
#3655 = CARTESIAN_POINT ( 'NONE',  ( 6.633333333333390591, -7.399999999999876010, 28.59999999999999787 ) ) ;
#3656 = CARTESIAN_POINT ( 'NONE',  ( 38.10000000000007248, -21.10000000000013642, 9.600000000000001421 ) ) ;
#3657 = CARTESIAN_POINT ( 'NONE',  ( -41.41047241443361315, 21.06979218642849006, 9.600000000000003197 ) ) ;
#3658 = CARTESIAN_POINT ( 'NONE',  ( -12.62627122952283898, -5.687746717642603755, 28.16519854648729293 ) ) ;
#3659 = CARTESIAN_POINT ( 'NONE',  ( -13.46466813625339931, -7.035326977162229767, 23.59999999999999432 ) ) ;
#3660 = CARTESIAN_POINT ( 'NONE',  ( -44.06222914285859105, -18.59927203774129367, 9.600000000000001421 ) ) ;
#3661 = EDGE_CURVE ( 'NONE', #4222, #374, #691, .T. ) ;
#3662 = CARTESIAN_POINT ( 'NONE',  ( 40.49155108681465265, -3.758729481192847555, 28.55633887815911720 ) ) ;
#3663 = AXIS2_PLACEMENT_3D ( 'NONE', #1483, #445, #1462 ) ;
#3664 = CARTESIAN_POINT ( 'NONE',  ( 40.23512875693495516, 18.55148617965619096, 28.53781812637540227 ) ) ;
#3665 = CARTESIAN_POINT ( 'NONE',  ( -12.06284375646603735, 20.27244774869466326, 27.69395940719795490 ) ) ;
#3666 = EDGE_CURVE ( 'NONE', #4222, #3076, #2143, .T. ) ;
#3667 = CARTESIAN_POINT ( 'NONE',  ( -44.04485155125660611, -18.95942014073726867, 13.60000000000000142 ) ) ;
#3668 = CARTESIAN_POINT ( 'NONE',  ( -12.98996815825165285, -7.223801828335796316, 18.60000000000122711 ) ) ;
#3669 = ORIENTED_EDGE ( 'NONE', *, *, #1563, .T. ) ;
#3670 = EDGE_CURVE ( 'NONE', #2828, #4042, #2962, .T. ) ;
#3671 = EDGE_CURVE ( 'NONE', #993, #3481, #3023, .T. ) ;
#3672 = DIRECTION ( 'NONE',  ( -1.916821520416347353E-16, 1.000000000000000000, 0.000000000000000000 ) ) ;
#3673 = DIRECTION ( 'NONE',  ( 0.000000000000000000, 0.000000000000000000, 1.000000000000000000 ) ) ;
#3674 = CARTESIAN_POINT ( 'NONE',  ( -10.33873331254392447, 17.04320623430709958, 28.59803400948222318 ) ) ;
#3675 = CARTESIAN_POINT ( 'NONE',  ( -10.12847604427194703, -3.578322463794327390, 28.59803400948223029 ) ) ;
#3676 = CARTESIAN_POINT ( 'NONE',  ( 41.87596373480462830, -5.258264018088966374, 28.16519854648792531 ) ) ;
#3677 = ORIENTED_EDGE ( 'NONE', *, *, #2409, .T. ) ;
#3678 = VECTOR ( 'NONE', #2799, 1000.000000000000000 ) ;
#3679 = LINE ( 'NONE', #3650, #484 ) ;
#3680 = CARTESIAN_POINT ( 'NONE',  ( 40.94912305848414746, 20.12891079668917982, 27.95172059729462077 ) ) ;
#3681 = CARTESIAN_POINT ( 'NONE',  ( -13.11207252135604229, 17.10672276365860967, 28.34695819720984744 ) ) ;
#3682 = CARTESIAN_POINT ( 'NONE',  ( 40.95942014064625880, -21.04485155126219809, 13.60000000000000142 ) ) ;
#3683 = CARTESIAN_POINT ( 'NONE',  ( -11.09999999999993570, -4.399999999999876010, 25.59999999999999787 ) ) ;
#3684 = CARTESIAN_POINT ( 'NONE',  ( 39.60000000000006537, 3.600000000000123990, 49.21552812808830168 ) ) ;
#3685 = CARTESIAN_POINT ( 'NONE',  ( -9.099999999999937472, -6.497735003208686244, 28.34695819720871057 ) ) ;
#3686 = CARTESIAN_POINT ( 'NONE',  ( -9.099999999999933920, -7.399999999999875122, 23.59999999999999076 ) ) ;
#3687 = CARTESIAN_POINT ( 'NONE',  ( -11.06843181149943511, -6.510893274842088907, 28.16519854648679910 ) ) ;
#3688 = FACE_OUTER_BOUND ( 'NONE', #3298, .T. ) ;
#3689 = CARTESIAN_POINT ( 'NONE',  ( -44.07006491942916426, -18.40303354164393212, 9.600000000000001421 ) ) ;
#3690 = VECTOR ( 'NONE', #1918, 1000.000000000000000 ) ;
#3691 = CARTESIAN_POINT ( 'NONE',  ( 40.30432069431859077, -5.518409716387256303, 28.46374219451684695 ) ) ;
#3692 = CARTESIAN_POINT ( 'NONE',  ( -13.85322281398173772, 17.33781676884144929, 27.42003145578712164 ) ) ;
#3693 = LINE ( 'NONE', #930, #4327 ) ;
#3694 = CARTESIAN_POINT ( 'NONE',  ( -6.319581223306072004E-14, 18.10000000000000142, 7.599999999999999645 ) ) ;
#3695 = ORIENTED_EDGE ( 'NONE', *, *, #3520, .F. ) ;
#3696 = CARTESIAN_POINT ( 'NONE',  ( 43.10000000000007248, -8.462207306508741311, 13.70858324496227354 ) ) ;
#3697 = ADVANCED_FACE ( 'NONE', ( #990 ), #894, .T. ) ;
#3698 = APPLICATION_PROTOCOL_DEFINITION ( 'draft international standard', 'automotive_design', 1998, #4206 ) ;
#3699 = FACE_OUTER_BOUND ( 'NONE', #1616, .T. ) ;
#3700 = CARTESIAN_POINT ( 'NONE',  ( -9.771784347682309857, -5.019420978669453248, 28.55633887815907812 ) ) ;
#3701 = CARTESIAN_POINT ( 'NONE',  ( 42.11712058567994887, -4.666289901918535321, 28.16519854648818111 ) ) ;
#3702 = CARTESIAN_POINT ( 'NONE',  ( -11.95600004726211552, 21.09999999999996234, 15.74357703164226052 ) ) ;
#3703 = EDGE_LOOP ( 'NONE', ( #385, #1532, #3121, #3800 ) ) ;
#3704 = EDGE_CURVE ( 'NONE', #1690, #1048, #2743, .T. ) ;
#3705 = CARTESIAN_POINT ( 'NONE',  ( 41.56998191296709422, -7.288188129630793988, 18.60000000000065512 ) ) ;
#3706 = CARTESIAN_POINT ( 'NONE',  ( 40.22655049337463140, 20.49768311779610030, 27.78280182435269552 ) ) ;
#3707 = CARTESIAN_POINT ( 'NONE',  ( -9.099999999999948130, 20.53521281681661392, 28.16519854648748478 ) ) ;
#3708 = CARTESIAN_POINT ( 'NONE',  ( 42.84640685949664629, -20.19274964924979088, 13.60000000000000497 ) ) ;
#3709 = CARTESIAN_POINT ( 'NONE',  ( 39.63114459618001462, -7.398026321330163135, 23.60000000000000853 ) ) ;
#3710 = CARTESIAN_POINT ( 'NONE',  ( -40.79999999999996163, -11.69689577749904430, 10.59999999999999964 ) ) ;
#3711 = CARTESIAN_POINT ( 'NONE',  ( -9.099999999999933920, -3.932616242637108073, 28.59803400948223029 ) ) ;
#3712 = CARTESIAN_POINT ( 'NONE',  ( -11.95826401808922235, -6.175963734822233597, 28.16519854648706556 ) ) ;
#3713 = CARTESIAN_POINT ( 'NONE',  ( -13.61039117483556282, -5.667710020287378470, 26.66045524841068115 ) ) ;
#3714 = CARTESIAN_POINT ( 'NONE',  ( -14.09999999999993570, 16.09999999999996945, 18.60000000000000142 ) ) ;
#3715 = CARTESIAN_POINT ( 'NONE',  ( 40.65105509829079722, -5.332041875913350992, 28.46374219451688603 ) ) ;
#3716 = CARTESIAN_POINT ( 'NONE',  ( 0.000000000000000000, 0.000000000000000000, 13.60000000000000142 ) ) ;
#3717 = CARTESIAN_POINT ( 'NONE',  ( -13.84829685117219356, 16.09999999999995879, 27.69395940719828175 ) ) ;
#3718 = LINE ( 'NONE', #177, #1402 ) ;
#3719 = DIRECTION ( 'NONE',  ( 0.000000000000000000, -1.000000000000000000, 0.000000000000000000 ) ) ;
#3720 = VERTEX_POINT ( 'NONE', #4214 ) ;
#3721 = CARTESIAN_POINT ( 'NONE',  ( 43.10000000000007248, -6.440832512307222757, 14.59226551675742733 ) ) ;
#3722 = CARTESIAN_POINT ( 'NONE',  ( 42.19773500320385295, 16.10000000000014353, 28.34695819721049759 ) ) ;
#3723 = CARTESIAN_POINT ( 'NONE',  ( -42.27279173384835786, 21.01881759005927108, 13.60000000000000142 ) ) ;
#3724 = CARTESIAN_POINT ( 'NONE',  ( 41.79949076041428668, -4.487567822565265097, 28.34695819720998600 ) ) ;
#3725 = CARTESIAN_POINT ( 'NONE',  ( -40.59999999999996589, -11.69689577749904430, 7.600000000000000533 ) ) ;
#3726 = EDGE_LOOP ( 'NONE', ( #4092, #3828, #3695, #752, #1393, #2843 ) ) ;
#3727 = DIRECTION ( 'NONE',  ( 0.000000000000000000, 0.000000000000000000, 1.000000000000000000 ) ) ;
#3728 = EDGE_CURVE ( 'NONE', #4291, #3645, #2408, .T. ) ;
#3729 = CARTESIAN_POINT ( 'NONE',  ( 42.46469559157350204, -7.035309294597593244, 24.36531221810775705 ) ) ;
#3730 = CARTESIAN_POINT ( 'NONE',  ( -9.099999999999951683, 21.09999999999997300, 23.60000000000159304 ) ) ;
#3731 = CARTESIAN_POINT ( 'NONE',  ( 42.40945331603044366, 20.14168180992554369, 26.27804358441523647 ) ) ;
#3732 = CARTESIAN_POINT ( 'NONE',  ( 38.52368572582566486, 19.73435374231319983, 28.46374219451686827 ) ) ;
#3733 = CARTESIAN_POINT ( 'NONE',  ( -11.44529842413070497, -6.549174880292655487, 28.03089793834076104 ) ) ;
#3734 = CARTESIAN_POINT ( 'NONE',  ( -10.44143014714369855, -7.281298023747482695, 26.66045524840996350 ) ) ;
#3735 = EDGE_CURVE ( 'NONE', #497, #3891, #2064, .T. ) ;
#3736 = CARTESIAN_POINT ( 'NONE',  ( 40.10000000000006537, -18.10000000000013642, 10.59999999999999964 ) ) ;
#3737 = CARTESIAN_POINT ( 'NONE',  ( 38.10000000000007958, -2.399999999999878675, 28.60000000000000142 ) ) ;
#3738 = CARTESIAN_POINT ( 'NONE',  ( 38.10000000000006537, 16.10000000000013287, 28.59999999999999787 ) ) ;
#3739 = CARTESIAN_POINT ( 'NONE',  ( -13.64131157190690402, 18.32750181484324870, 27.42003145578704348 ) ) ;
#3740 = CARTESIAN_POINT ( 'NONE',  ( 43.10000000000006537, 3.766666666666789620, 28.59999999999999787 ) ) ;
#3741 = CARTESIAN_POINT ( 'NONE',  ( -9.099999999999933920, -7.399999999999875122, 18.60000000000000497 ) ) ;
#3742 = ORIENTED_EDGE ( 'NONE', *, *, #1427, .F. ) ;
#3743 = CARTESIAN_POINT ( 'NONE',  ( -40.10000000000006537, -7.686454296869565743E-15, 10.59999999999999964 ) ) ;
#3744 = CARTESIAN_POINT ( 'NONE',  ( 39.60000000000006537, -2.399999999999879563, 28.59008767288885267 ) ) ;
#3745 = CARTESIAN_POINT ( 'NONE',  ( -9.099999999999935696, -2.399999999999875566, 28.59999999999999787 ) ) ;
#3746 = CARTESIAN_POINT ( 'NONE',  ( 41.57139575763505235, -5.028251054497043349, 28.34695819720980126 ) ) ;
#3747 = ORIENTED_EDGE ( 'NONE', *, *, #3053, .T. ) ;
#3748 = CARTESIAN_POINT ( 'NONE',  ( 39.54454783076293722, -7.396149999105527506, 18.59999999999999432 ) ) ;
#3749 =( BOUNDED_CURVE ( )  B_SPLINE_CURVE ( 2, ( #1057, #1085, #3523 ),
 .UNSPECIFIED., .F., .F. ) 
 B_SPLINE_CURVE_WITH_KNOTS ( ( 3, 3 ),
 ( 0.000000000000000000, 1.000000000000000000 ),
 .UNSPECIFIED. ) 
 CURVE ( )  GEOMETRIC_REPRESENTATION_ITEM ( )  RATIONAL_B_SPLINE_CURVE ( ( 1.000000000000000000, 4.000000000000000000, 1.000000000000000000 ) ) 
 REPRESENTATION_ITEM ( '' )  );
#3750 = CARTESIAN_POINT ( 'NONE',  ( 42.93223886672370071, -2.982659945215861530, 27.42003145578796364 ) ) ;
#3751 = VERTEX_POINT ( 'NONE', #3457 ) ;
#3752 = CIRCLE ( 'NONE', #1989, 0.7500000000000006661 ) ;
#3753 = CARTESIAN_POINT ( 'NONE',  ( -11.11660072353390305, 21.08360980613757718, 18.59999999999741149 ) ) ;
#3754 = CARTESIAN_POINT ( 'NONE',  ( 42.87396129087793639, 18.55496425863001875, 26.27804358441546384 ) ) ;
#3755 = CARTESIAN_POINT ( 'NONE',  ( 39.71057547664557319, 19.45220264122420772, 28.46374219451696774 ) ) ;
#3756 = CARTESIAN_POINT ( 'NONE',  ( -11.71704732964285967, -7.311397312929613257, 25.13064410631833212 ) ) ;
#3757 = CARTESIAN_POINT ( 'NONE',  ( -14.09999999999993570, -7.399999999999876010, 12.84999999999999787 ) ) ;
#3758 = CARTESIAN_POINT ( 'NONE',  ( 38.10000000000007958, -2.399999999999878675, 28.60000000000000142 ) ) ;
#3759 = CARTESIAN_POINT ( 'NONE',  ( 40.38973471204311494, 21.07054652695223851, 9.600000000000001421 ) ) ;
#3760 = LINE ( 'NONE', #4033, #2066 ) ;
#3761 = CARTESIAN_POINT ( 'NONE',  ( -14.09999999999993570, 16.09999999999996945, 23.84999999999998721 ) ) ;
#3762 = EDGE_LOOP ( 'NONE', ( #1515, #647, #4011, #4524 ) ) ;
#3763 = CIRCLE ( 'NONE', #4267, 0.5000000000000004441 ) ;
#3764 = DIRECTION ( 'NONE',  ( -1.916821520416347353E-16, 1.000000000000000000, 0.000000000000000000 ) ) ;
#3765 = CARTESIAN_POINT ( 'NONE',  ( -11.09999999999993570, 18.09999999999996234, 27.72132034355963981 ) ) ;
#3766 = CARTESIAN_POINT ( 'NONE',  ( -9.099999999999935696, -2.399999999999875566, 28.59999999999999432 ) ) ;
#3767 = CARTESIAN_POINT ( 'NONE',  ( 41.45220264121094544, -4.010575476646028648, 28.46374219451706011 ) ) ;
#3768 = ORIENTED_EDGE ( 'NONE', *, *, #3520, .T. ) ;
#3769 = CARTESIAN_POINT ( 'NONE',  ( -11.84999999999993747, 18.09999999999995879, 27.72132034355963981 ) ) ;
#3770 = CARTESIAN_POINT ( 'NONE',  ( 6.633333333333400361, -7.399999999999876010, 23.59999999999999432 ) ) ;
#3771 = CARTESIAN_POINT ( 'NONE',  ( 42.41032456780501292, -6.182213125999726167, 26.66045524841096181 ) ) ;
#3772 = VERTEX_POINT ( 'NONE', #2477 ) ;
#3773 = CARTESIAN_POINT ( 'NONE',  ( -12.53116775871094646, 21.09999999999995524, 15.17480045493013208 ) ) ;
#3774 = CARTESIAN_POINT ( 'NONE',  ( 41.44941139990441314, 20.69078187881918751, 26.27804358441509791 ) ) ;
#3775 = CARTESIAN_POINT ( 'NONE',  ( -11.42151428085561271, -5.686305954203744406, 28.43174276785726207 ) ) ;
#3776 = CARTESIAN_POINT ( 'NONE',  ( -11.55496426530008591, -7.173961290335274299, 26.27804358441429500 ) ) ;
#3777 = CARTESIAN_POINT ( 'NONE',  ( 43.10000000000006537, -2.399999999999876010, 23.60000000000000142 ) ) ;
#3778 = CARTESIAN_POINT ( 'NONE',  ( 38.19606590749705077, -3.166076742315692805, 28.59999999999999787 ) ) ;
#3779 = CARTESIAN_POINT ( 'NONE',  ( -41.40303354164353067, -21.07006491942925663, 13.60000000000000142 ) ) ;
#3780 = CARTESIAN_POINT ( 'NONE',  ( -14.09999999999993570, 21.09999999999995168, 18.35000000000001563 ) ) ;
#3781 = ORIENTED_EDGE ( 'NONE', *, *, #744, .F. ) ;
#3782 = LINE ( 'NONE', #4191, #2728 ) ;
#3783 = CARTESIAN_POINT ( 'NONE',  ( -44.10000000000007248, 21.09999999999984510, 10.86666666666668313 ) ) ;
#3784 = CARTESIAN_POINT ( 'NONE',  ( -41.36820079462442123, 21.07131387799082489, 13.60000000000000320 ) ) ;
#3785 = CARTESIAN_POINT ( 'NONE',  ( 38.54311030240451430, -6.222803315742160279, 28.43174276785705956 ) ) ;
#3786 = VERTEX_POINT ( 'NONE', #1721 ) ;
#3787 = CARTESIAN_POINT ( 'NONE',  ( 42.42549664815251731, -7.039032163536474762, 18.59999999999934417 ) ) ;
#3788 = CARTESIAN_POINT ( 'NONE',  ( 39.48445903902292997, -7.311421053973210071, 26.27804358441423460 ) ) ;
#3789 = EDGE_LOOP ( 'NONE', ( #1860, #3937, #1739, #3926 ) ) ;
#3790 = CARTESIAN_POINT ( 'NONE',  ( 41.83927130963397900, 20.85319779825600151, 25.13064410631878332 ) ) ;
#3791 = CARTESIAN_POINT ( 'NONE',  ( 40.76316222956664603, 18.95497102202245188, 28.46374219451703524 ) ) ;
#3792 = CARTESIAN_POINT ( 'NONE',  ( -12.19142896423946176, -5.088852301066197903, 28.43174276785735088 ) ) ;
#3793 = CARTESIAN_POINT ( 'NONE',  ( -14.01139731337353211, -5.017047322295651313, 25.13064410631861989 ) ) ;
#3794 = CARTESIAN_POINT ( 'NONE',  ( 40.10000000000006537, 0.000000000000000000, 10.59999999999999964 ) ) ;
#3795 = LINE ( 'NONE', #1388, #2573 ) ;
#3796 = CARTESIAN_POINT ( 'NONE',  ( -44.10000000000006537, 16.59264819285447601, 9.599999999999999645 ) ) ;
#3797 = CARTESIAN_POINT ( 'NONE',  ( 38.10000000000005116, 21.10000000000013287, 23.59999999999999432 ) ) ;
#3798 = CARTESIAN_POINT ( 'NONE',  ( 43.10000000000006537, -12.08295866739850766, 13.60000000000000142 ) ) ;
#3799 = CARTESIAN_POINT ( 'NONE',  ( -11.67636020423627308, 21.09999999999995879, 16.01945880231819430 ) ) ;
#3800 = ORIENTED_EDGE ( 'NONE', *, *, #330, .T. ) ;
#3801 = EDGE_CURVE ( 'NONE', #1871, #1039, #4258, .T. ) ;
#3802 = CARTESIAN_POINT ( 'NONE',  ( -13.46469559158034279, 20.73530929459624161, 23.60000000000000142 ) ) ;
#3803 = CARTESIAN_POINT ( 'NONE',  ( -9.099999999999933920, 16.09999999999996945, 28.59999999999999787 ) ) ;
#3804 = CARTESIAN_POINT ( 'NONE',  ( -41.33773021339221998, 21.07237354602637680, 13.60000000000000320 ) ) ;
#3805 = ORIENTED_EDGE ( 'NONE', *, *, #1963, .F. ) ;
#3806 = EDGE_CURVE ( 'NONE', #2572, #2936, #4274, .T. ) ;
#3807 = CARTESIAN_POINT ( 'NONE',  ( -19.09999999999993747, 16.09999999999996945, 13.60000000000000142 ) ) ;
#3808 = CARTESIAN_POINT ( 'NONE',  ( -13.45576142247090878, 16.09999999999997655, 28.22214248708649365 ) ) ;
#3809 = CARTESIAN_POINT ( 'NONE',  ( -10.94977070177188949, 19.37028990481305613, 28.46374219451691800 ) ) ;
#3810 = CARTESIAN_POINT ( 'NONE',  ( 40.84229864233641649, -7.051870359162730750, 26.66045524841042536 ) ) ;
#3811 = ORIENTED_EDGE ( 'NONE', *, *, #3325, .T. ) ;
#3812 = CARTESIAN_POINT ( 'NONE',  ( 38.10000000000007248, -21.10000000000013642, 13.80000000000000071 ) ) ;
#3813 = CARTESIAN_POINT ( 'NONE',  ( 38.10000000000005116, 21.09802932223938399, 25.13064410631857726 ) ) ;
#3814 = CARTESIAN_POINT ( 'NONE',  ( -13.27244756168083129, 19.06284490913650842, 27.69395940719810412 ) ) ;
#3815 = CARTESIAN_POINT ( 'NONE',  ( -12.63249165773648386, -4.893328669835690370, 28.34695819720945664 ) ) ;
#3816 = CARTESIAN_POINT ( 'NONE',  ( -13.75187035916365375, -5.142298642339107495, 26.66045524841076997 ) ) ;
#3817 = DIRECTION ( 'NONE',  ( 1.000000000000000000, 0.000000000000000000, 0.000000000000000000 ) ) ;
#3818 = AXIS2_PLACEMENT_3D ( 'NONE', #1439, #1414, #2472 ) ;
#3819 = CARTESIAN_POINT ( 'NONE',  ( 38.48810209429422713, -3.892260338043000090, 28.59803400948224805 ) ) ;
#3820 = CARTESIAN_POINT ( 'NONE',  ( 42.89929146666778337, 20.02763088765052402, 9.600000000000003197 ) ) ;
#3821 = CARTESIAN_POINT ( 'NONE',  ( 39.60000000000006537, 3.600000000000123990, 28.59008767288885977 ) ) ;
#3822 = CARTESIAN_POINT ( 'NONE',  ( -6.843303424132542639E-14, 19.59999999999999787, 7.599999999999999645 ) ) ;
#3823 = CARTESIAN_POINT ( 'NONE',  ( 38.10000000000005116, 21.10000000000013287, 22.58333333333333570 ) ) ;
#3824 = ORIENTED_EDGE ( 'NONE', *, *, #297, .T. ) ;
#3825 = CARTESIAN_POINT ( 'NONE',  ( -42.95265396141699199, -19.95265396141706304, 9.600000000000001421 ) ) ;
#3826 = CYLINDRICAL_SURFACE ( 'NONE', #155, 0.5000000000000004441 ) ;
#3827 = CARTESIAN_POINT ( 'NONE',  ( -44.10000000000007248, 16.09999999999986287, 13.60000000000000142 ) ) ;
#3828 = ORIENTED_EDGE ( 'NONE', *, *, #4504, .F. ) ;
#3829 = CARTESIAN_POINT ( 'NONE',  ( 41.56998191267447140, -7.288188127907812230, 13.60000000000065690 ) ) ;
#3830 = CARTESIAN_POINT ( 'NONE',  ( -12.92280331573942753, 16.09999999999997655, 28.43174276785759247 ) ) ;
#3831 = CARTESIAN_POINT ( 'NONE',  ( -10.45872906990243223, 18.49155111439578292, 28.55633887815910299 ) ) ;
#3832 = CARTESIAN_POINT ( 'NONE',  ( 42.89084800666352493, -3.665180009271411521, 27.23030725387504702 ) ) ;
#3833 = EDGE_CURVE ( 'NONE', #4174, #2227, #1434, .T. ) ;
#3834 = ORIENTED_EDGE ( 'NONE', *, *, #4286, .F. ) ;
#3835 = COLOUR_RGB ( '',0.7921568627450980005, 0.8196078431372548767, 0.9333333333333333481 ) ;
#3836 = LINE ( 'NONE', #2807, #3857 ) ;
#3837 =( GEOMETRIC_REPRESENTATION_CONTEXT ( 3 ) GLOBAL_UNCERTAINTY_ASSIGNED_CONTEXT ( ( #1248 ) ) GLOBAL_UNIT_ASSIGNED_CONTEXT ( ( #274, #3922, #2986 ) ) REPRESENTATION_CONTEXT ( 'NONE', 'WORKASPACE' ) );
#3838 = CARTESIAN_POINT ( 'NONE',  ( 42.96439640049428732, 16.69790704900608702, 27.23030725387525663 ) ) ;
#3839 = CARTESIAN_POINT ( 'NONE',  ( -13.34331101251771301, 18.13681530953270737, 28.03089793834161725 ) ) ;
#3840 = CARTESIAN_POINT ( 'NONE',  ( -12.18961270623589321, -5.713631135464646071, 28.31225206021122176 ) ) ;
#3841 = LINE ( 'NONE', #687, #1639 ) ;
#3842 = CARTESIAN_POINT ( 'NONE',  ( 43.07444201803193806, -18.27566523588249936, 9.600000000000001421 ) ) ;
#3843 = CARTESIAN_POINT ( 'NONE',  ( 42.73941876031468468, 20.43244147772758268, 9.600000000000001421 ) ) ;
#3844 = CARTESIAN_POINT ( 'NONE',  ( 39.95460410330993994, 19.97376722114591274, 28.31225206021161611 ) ) ;
#3845 = CARTESIAN_POINT ( 'NONE',  ( -11.09999999999993570, -4.399999999999876010, 25.59999999999999787 ) ) ;
#3846 = FACE_OUTER_BOUND ( 'NONE', #2391, .T. ) ;
#3847 = ORIENTED_EDGE ( 'NONE', *, *, #68, .F. ) ;
#3848 = LINE ( 'NONE', #629, #2113 ) ;
#3849 = DIRECTION ( 'NONE',  ( 1.000000000000000000, 0.000000000000000000, 0.000000000000000000 ) ) ;
#3850 = CARTESIAN_POINT ( 'NONE',  ( 43.10000000000006537, -7.399999999999876010, 12.84999999999999964 ) ) ;
#3851 = VERTEX_POINT ( 'NONE', #1541 ) ;
#3852 = CARTESIAN_POINT ( 'NONE',  ( -14.15779236700631571, 21.09999999999995168, 13.91774074830154184 ) ) ;
#3853 = CARTESIAN_POINT ( 'NONE',  ( 42.96876705646161554, -6.001362912420306728, 13.59999999999871889 ) ) ;
#3854 = CARTESIAN_POINT ( 'NONE',  ( -12.09607851285779390, 16.86463387707406625, 28.53781812637538806 ) ) ;
#3855 = CARTESIAN_POINT ( 'NONE',  ( 40.16850837625657533, -6.700893667581071078, 27.95172059729368641 ) ) ;
#3856 = VERTEX_POINT ( 'NONE', #2944 ) ;
#3857 = VECTOR ( 'NONE', #364, 1000.000000000000000 ) ;
#3858 = CARTESIAN_POINT ( 'NONE',  ( -9.535732031332647907, -12.40000000047947992, 13.60000000000000497 ) ) ;
#3859 = EDGE_CURVE ( 'NONE', #1690, #2917, #457, .T. ) ;
#3860 = CARTESIAN_POINT ( 'NONE',  ( 39.29259232746474595, 20.76290757908527951, 27.69395940719790872 ) ) ;
#3861 = CARTESIAN_POINT ( 'NONE',  ( -9.633671981091108449, 20.72475559144003299, 27.95172059729413760 ) ) ;
#3862 = B_SPLINE_CURVE_WITH_KNOTS ( 'NONE', 3,
 ( #3094, #4128, #3353, #226 ),
 .UNSPECIFIED., .F., .F.,
 ( 4, 4 ),
 ( 0.000000000000000000, 1.000000000000000000 ),
 .UNSPECIFIED. ) ;
#3863 = CARTESIAN_POINT ( 'NONE',  ( -12.11040649701795147, -5.207704539264270238, 28.43174276785733667 ) ) ;
#3864 = DIRECTION ( 'NONE',  ( 1.916821520416347353E-16, -1.000000000000000000, 0.000000000000000000 ) ) ;
#3865 = EDGE_CURVE ( 'NONE', #607, #2111, #2467, .T. ) ;
#3866 = CARTESIAN_POINT ( 'NONE',  ( 41.56481889561106868, -20.98574326795763412, 9.600000000000003197 ) ) ;
#3867 = CARTESIAN_POINT ( 'NONE',  ( -44.09627965690842188, 17.24942143384780024, 9.600000000000001421 ) ) ;
#3868 = CARTESIAN_POINT ( 'NONE',  ( 41.38773342008865086, 19.62627979348726370, 28.16519854648811716 ) ) ;
#3869 = DIRECTION ( 'NONE',  ( 0.000000000000000000, -1.000000000000000000, 0.000000000000000000 ) ) ;
#3870 = CARTESIAN_POINT ( 'NONE',  ( 43.10000000000006537, 16.10000000000013287, 18.93333333333333002 ) ) ;
#3871 = ORIENTED_EDGE ( 'NONE', *, *, #3363, .F. ) ;
#3872 = CARTESIAN_POINT ( 'NONE',  ( -14.09999999999993570, 3.766666666666745211, 18.60000000000000142 ) ) ;
#3873 = CARTESIAN_POINT ( 'NONE',  ( 38.10000000000007958, -4.399999999999876010, 28.57970021595263788 ) ) ;
#3874 = CARTESIAN_POINT ( 'NONE',  ( -43.86170419352175998, 20.14833751234574777, 13.60000000000000497 ) ) ;
#3875 = ORIENTED_EDGE ( 'NONE', *, *, #4382, .F. ) ;
#3876 = CARTESIAN_POINT ( 'NONE',  ( -13.21553891095628863, 21.09999999999994813, 14.52534402530794999 ) ) ;
#3877 = CARTESIAN_POINT ( 'NONE',  ( 42.56663694238437046, -6.934128053975984862, 13.59999999999935838 ) ) ;
#3878 = CARTESIAN_POINT ( 'NONE',  ( -10.63261624263611260, 16.09999999999996945, 28.59803400948223384 ) ) ;
#3879 = CARTESIAN_POINT ( 'NONE',  ( 42.12891079666073324, -5.249123058487379367, 27.95172059729461012 ) ) ;
#3880 = ORIENTED_EDGE ( 'NONE', *, *, #2035, .F. ) ;
#3881 = CARTESIAN_POINT ( 'NONE',  ( 41.01724912190732653, -12.34818762461442532, 13.60000000000000142 ) ) ;
#3882 = CARTESIAN_POINT ( 'NONE',  ( 41.65040561066084024, 20.16824250515030315, 27.42003145578722112 ) ) ;
#3883 = CARTESIAN_POINT ( 'NONE',  ( -11.95826330422077000, 19.87596388290133476, 28.16519854648771215 ) ) ;
#3884 = CARTESIAN_POINT ( 'NONE',  ( -10.28720153576585972, -4.856976722684827052, 28.55633887815908878 ) ) ;
#3885 = CARTESIAN_POINT ( 'NONE',  ( -9.099999999999939249, -7.232238866724003401, 27.42003145578561885 ) ) ;
#3886 = CARTESIAN_POINT ( 'NONE',  ( -14.05336653330597940, 18.82591600508857965, 18.60000000000065157 ) ) ;
#3887 = CARTESIAN_POINT ( 'NONE',  ( 42.10733879021315573, -20.87483915154478353, 9.599999999999999645 ) ) ;
#3888 = CARTESIAN_POINT ( 'NONE',  ( 42.09948029764409227, 20.87725659433516512, 9.599999999999999645 ) ) ;
#3889 = CARTESIAN_POINT ( 'NONE',  ( -13.20785381431441863, -5.524387717752856197, 27.69395940719772753 ) ) ;
#3890 = CARTESIAN_POINT ( 'NONE',  ( -11.09999999999993570, -4.399999999999876010, 27.72132034355963981 ) ) ;
#3891 = VERTEX_POINT ( 'NONE', #730 ) ;
#3892 = VECTOR ( 'NONE', #4210, 1000.000000000000000 ) ;
#3893 = CARTESIAN_POINT ( 'NONE',  ( -13.98129802373761876, 17.44143014714336459, 26.66045524841113590 ) ) ;
#3894 = CARTESIAN_POINT ( 'NONE',  ( -9.099999999999951683, 21.09999999999997300, 23.60000000000159304 ) ) ;
#3895 = CARTESIAN_POINT ( 'NONE',  ( -43.87219128650720279, 20.11584027700499888, 13.60000000000001030 ) ) ;
#3896 = ORIENTED_EDGE ( 'NONE', *, *, #1699, .F. ) ;
#3897 = CARTESIAN_POINT ( 'NONE',  ( -13.70384904618114597, 21.09999999999995879, 14.14503404075078663 ) ) ;
#3898 = CARTESIAN_POINT ( 'NONE',  ( 41.09025454377471931, -12.34758512044451528, 13.60000000000000497 ) ) ;
#3899 = CARTESIAN_POINT ( 'NONE',  ( -10.04280682956113679, 19.84157869690976739, 28.43174276785743970 ) ) ;
#3900 = CARTESIAN_POINT ( 'NONE',  ( 42.22946528901687913, -5.327665985727642273, 27.78280182435285894 ) ) ;
#3901 = EDGE_LOOP ( 'NONE', ( #2223, #972, #2250, #1241 ) ) ;
#3902 = PLANE ( 'NONE',  #337 ) ;
#3903 = CARTESIAN_POINT ( 'NONE',  ( 41.22438856902955706, 20.20785363796126433, 27.69395940719826399 ) ) ;
#3904 = CARTESIAN_POINT ( 'NONE',  ( -11.48171726340271803, 20.30712637534393039, 27.95172059729426550 ) ) ;
#3905 = CARTESIAN_POINT ( 'NONE',  ( -11.49155111439003107, -3.758729069902390307, 28.55633887815908878 ) ) ;
#3906 = CARTESIAN_POINT ( 'NONE',  ( -6.319581223306072004E-14, 18.10000000000000142, 10.59999999999999964 ) ) ;
#3907 = CIRCLE ( 'NONE', #2520, 0.7500000000000006661 ) ;
#3908 = AXIS2_PLACEMENT_3D ( 'NONE', #3592, #4277, #782 ) ;
#3909 = ADVANCED_FACE ( 'NONE', ( #4250 ), #1456, .F. ) ;
#3910 = CARTESIAN_POINT ( 'NONE',  ( -14.03806890130015361, -2.399999999999874234, 26.66045524841118564 ) ) ;
#3911 = CARTESIAN_POINT ( 'NONE',  ( -14.09615000056228773, 17.54454783079295765, 13.60000000000258424 ) ) ;
#3912 = CARTESIAN_POINT ( 'NONE',  ( 42.43244147772357167, -20.73941876031824094, 9.600000000000001421 ) ) ;
#3913 = CARTESIAN_POINT ( 'NONE',  ( -40.08448482985196648, 21.09999999999986997, 9.600000000000004974 ) ) ;
#3914 = CARTESIAN_POINT ( 'NONE',  ( -12.80651813455323484, -5.856961393550266237, 27.95172059729392799 ) ) ;
#3915 = CARTESIAN_POINT ( 'NONE',  ( 41.89410479430991785, -12.28118218839277809, 13.60000000000000497 ) ) ;
#3916 = CARTESIAN_POINT ( 'NONE',  ( -43.93063647161886820, -19.90107979775318015, 9.599999999999997868 ) ) ;
#3917 = CARTESIAN_POINT ( 'NONE',  ( -11.71704732229595614, 21.01139731338084005, 25.13064410631864121 ) ) ;
#3918 = CARTESIAN_POINT ( 'NONE',  ( -44.01881759005486572, -19.27279173393161216, 13.60000000000000142 ) ) ;
#3919 = CARTESIAN_POINT ( 'NONE',  ( -9.099999999999933920, -7.399999999999875122, 18.60000000000000497 ) ) ;
#3920 = ORIENTED_EDGE ( 'NONE', *, *, #3328, .F. ) ;
#3921 = CARTESIAN_POINT ( 'NONE',  ( 38.10000000000007958, -7.399999999999876010, 20.26666666666666572 ) ) ;
#3922 =( NAMED_UNIT ( * ) PLANE_ANGLE_UNIT ( ) SI_UNIT ( $, .RADIAN. ) );
#3923 = CARTESIAN_POINT ( 'NONE',  ( -9.866076742315234682, 16.19606590796819745, 28.59999999999999787 ) ) ;
#3924 = CARTESIAN_POINT ( 'NONE',  ( 38.68265996907094006, -7.232238866724000736, 27.42003145578561885 ) ) ;
#3925 = EDGE_CURVE ( 'NONE', #2958, #3772, #3631, .T. ) ;
#3926 = ORIENTED_EDGE ( 'NONE', *, *, #1699, .T. ) ;
#3927 = DIRECTION ( 'NONE',  ( -3.491481338843133750E-15, 1.000000000000000000, 0.000000000000000000 ) ) ;
#3928 = CARTESIAN_POINT ( 'NONE',  ( 41.21614139202156224, 20.44906664748842218, 27.23030725387448214 ) ) ;
#3929 = CARTESIAN_POINT ( 'NONE',  ( -13.22946528904229879, 19.02766598573442991, 27.78280182435273105 ) ) ;
#3930 = CARTESIAN_POINT ( 'NONE',  ( 40.36820079462427202, -21.07131387799109845, 13.60000000000000320 ) ) ;
#3931 = CARTESIAN_POINT ( 'NONE',  ( -9.590515160305258746, -2.962258275458665491, 28.60000000000000497 ) ) ;
#3932 = CARTESIAN_POINT ( 'NONE',  ( -15.59516088367193198, 25.25866404504815321, 13.59999999999999076 ) ) ;
#3933 = CARTESIAN_POINT ( 'NONE',  ( 42.81003976635201269, -20.31763701898873720, 9.600000000000004974 ) ) ;
#3934 = CARTESIAN_POINT ( 'NONE',  ( -43.11584027700530442, 20.87219128650689726, 9.600000000000003197 ) ) ;
#3935 = CARTESIAN_POINT ( 'NONE',  ( -12.90607000354067857, -5.951386680546498553, 27.78280182435221590 ) ) ;
#3936 = DIRECTION ( 'NONE',  ( -0.000000000000000000, -0.000000000000000000, -1.000000000000000000 ) ) ;
#3937 = ORIENTED_EDGE ( 'NONE', *, *, #768, .F. ) ;
#3938 = CARTESIAN_POINT ( 'NONE',  ( 38.59051516030515927, 16.66225827545862259, 28.60000000000000497 ) ) ;
#3939 = CARTESIAN_POINT ( 'NONE',  ( -13.69078187881514452, 19.44941139991508905, 26.27804358441499133 ) ) ;
#3940 = CARTESIAN_POINT ( 'NONE',  ( -44.07237354602658286, -18.33773021340050846, 13.60000000000000320 ) ) ;
#3941 = CARTESIAN_POINT ( 'NONE',  ( -15.72070747726179718, -11.49254187322760323, 13.59999999999998366 ) ) ;
#3942 = ORIENTED_EDGE ( 'NONE', *, *, #1079, .T. ) ;
#3943 = FACE_OUTER_BOUND ( 'NONE', #1881, .T. ) ;
#3944 = CARTESIAN_POINT ( 'NONE',  ( -9.645073011381860795, 16.60920145416070071, 28.59999999999999787 ) ) ;
#3945 = CARTESIAN_POINT ( 'NONE',  ( 42.81427369667009941, -2.950437401827909145, 27.78280182435364765 ) ) ;
#3946 = ORIENTED_EDGE ( 'NONE', *, *, #2377, .F. ) ;
#3947 = EDGE_CURVE ( 'NONE', #2958, #2775, #3752, .T. ) ;
#3948 = CARTESIAN_POINT ( 'NONE',  ( -18.20482714873244134, -8.978172398477909155, 13.59999999999999964 ) ) ;
#3949 = CARTESIAN_POINT ( 'NONE',  ( 42.76290757930131292, 17.29259232211977348, 27.69395940719891769 ) ) ;
#3950 = CARTESIAN_POINT ( 'NONE',  ( -9.099999999999941025, 20.45576142247176676, 28.22214248708596074 ) ) ;
#3951 = CARTESIAN_POINT ( 'NONE',  ( 42.98574326795748846, -19.56481889561150567, 13.60000000000000497 ) ) ;
#3952 = CARTESIAN_POINT ( 'NONE',  ( -13.46823499191167173, 25.91448451592508562, 13.60000000000000142 ) ) ;
#3953 = CARTESIAN_POINT ( 'NONE',  ( -18.98638800402144611, 19.84343498061751276, 13.60000000000000497 ) ) ;
#3954 = CARTESIAN_POINT ( 'NONE',  ( 43.10000000000006537, 16.10000000000013287, 23.59999999999999432 ) ) ;
#3955 = CARTESIAN_POINT ( 'NONE',  ( -9.633671961059990352, -7.024755591440582592, 27.95172059729313219 ) ) ;
#3956 = CARTESIAN_POINT ( 'NONE',  ( -9.858427475866804457, -7.399999999999875122, 24.36531221810753678 ) ) ;
#3957 = CARTESIAN_POINT ( 'NONE',  ( -41.39456583594431294, -21.07037261525426430, 9.600000000000001421 ) ) ;
#3958 = CARTESIAN_POINT ( 'NONE',  ( 38.29019815803779636, 17.63261624263668992, 28.59803400948223029 ) ) ;
#3959 = CARTESIAN_POINT ( 'NONE',  ( -14.09802632125994748, 17.63114460380440462, 24.36531221810783165 ) ) ;
#3960 = CARTESIAN_POINT ( 'NONE',  ( -44.07054652695216390, -18.38973471204511512, 13.60000000000000320 ) ) ;
#3961 = CARTESIAN_POINT ( 'NONE',  ( -9.787169389007409848, -7.399999999999876010, 18.59999999999877218 ) ) ;
#3962 = VECTOR ( 'NONE', #1520, 1000.000000000000000 ) ;
#3963 = VERTEX_POINT ( 'NONE', #2972 ) ;
#3964 = FACE_OUTER_BOUND ( 'NONE', #3281, .T. ) ;
#3965 = CARTESIAN_POINT ( 'NONE',  ( -9.531824689574404985, 16.71044153733041426, 28.60000000000000142 ) ) ;
#3966 = CARTESIAN_POINT ( 'NONE',  ( 41.18499790287116724, -5.949195955823951110, 28.22214248708600337 ) ) ;
#3967 = ORIENTED_EDGE ( 'NONE', *, *, #739, .T. ) ;
#3968 = CARTESIAN_POINT ( 'NONE',  ( -18.92166835161268779, -6.669543338098653074, 13.59999999999999964 ) ) ;
#3969 = CARTESIAN_POINT ( 'NONE',  ( 42.72707045048766616, 17.27681519099566287, 27.78280182435355172 ) ) ;
#3970 = CARTESIAN_POINT ( 'NONE',  ( -12.88299799964615922, 18.23392174170168190, 28.31225206021168006 ) ) ;
#3971 = CARTESIAN_POINT ( 'NONE',  ( 43.07025860286482555, -18.39770951319343695, 13.60000000000000142 ) ) ;
#3972 = CARTESIAN_POINT ( 'NONE',  ( 43.10000000000006537, -2.399999999999878231, 23.59999999999999432 ) ) ;
#3973 = AXIS2_PLACEMENT_3D ( 'NONE', #3794, #1387, #4486 ) ;
#3974 = CARTESIAN_POINT ( 'NONE',  ( -8.246112270910527897, 21.09999999999997300, 13.60000000000000142 ) ) ;
#3975 = CARTESIAN_POINT ( 'NONE',  ( -18.87081980529745451, 20.72851428633445536, 13.60000000000000320 ) ) ;
#3976 = CARTESIAN_POINT ( 'NONE',  ( -43.27774806692521992, 20.81364017786843590, 9.600000000000003197 ) ) ;
#3977 = CARTESIAN_POINT ( 'NONE',  ( -13.04782500384876620, -5.838976060616819730, 27.69395940719764582 ) ) ;
#3978 = CARTESIAN_POINT ( 'NONE',  ( -11.09999999999993570, -3.649999999999875566, 25.59999999999999787 ) ) ;
#3979 = CARTESIAN_POINT ( 'NONE',  ( -42.53988389866390918, -20.98901496049353099, 9.600000000000001421 ) ) ;
#3980 = CARTESIAN_POINT ( 'NONE',  ( 38.86483122144522895, -3.742516909029035777, 28.59803400948223739 ) ) ;
#3981 = CARTESIAN_POINT ( 'NONE',  ( 41.09607851309530702, 16.86463387383869872, 28.53781812637543069 ) ) ;
#3982 = CARTESIAN_POINT ( 'NONE',  ( -9.099999999999951683, 21.09999999999997300, 24.36531221810770731 ) ) ;
#3983 = CARTESIAN_POINT ( 'NONE',  ( -43.98959392881920394, -19.53538422206869640, 13.60000000000000320 ) ) ;
#3984 = CARTESIAN_POINT ( 'NONE',  ( -14.06214496437207373, -12.11999222069383286, 13.59999999999999787 ) ) ;
#3985 = EDGE_LOOP ( 'NONE', ( #3092, #2528, #1724, #24 ) ) ;
#3986 = CARTESIAN_POINT ( 'NONE',  ( 38.10000000000007958, -7.399999999999876010, 23.59999999999999432 ) ) ;
#3987 = CARTESIAN_POINT ( 'NONE',  ( -9.099999999999933920, 16.09999999999996945, 28.59999999999999787 ) ) ;
#3988 = CARTESIAN_POINT ( 'NONE',  ( 42.45576142246986961, -2.898712622699716857, 28.22214248708726103 ) ) ;
#3989 = ORIENTED_EDGE ( 'NONE', *, *, #4004, .T. ) ;
#3990 = CARTESIAN_POINT ( 'NONE',  ( -16.05483673792571864, -11.33879599005283367, 13.60000000000000142 ) ) ;
#3991 = CARTESIAN_POINT ( 'NONE',  ( 42.27244774866973387, 19.06284375646693618, 27.69395940719856952 ) ) ;
#3992 = CARTESIAN_POINT ( 'NONE',  ( -12.50223868743854183, 19.05753300330394495, 28.31225206021161256 ) ) ;
#3993 = CARTESIAN_POINT ( 'NONE',  ( 41.51270507531926057, -20.99246996001794585, 13.60000000000000142 ) ) ;
#3994 = CARTESIAN_POINT ( 'NONE',  ( 43.03798124827631710, -5.461479798839034672, 24.36531221810783521 ) ) ;
#3995 = ADVANCED_FACE ( 'NONE', ( #1912 ), #553, .T. ) ;
#3996 = B_SPLINE_CURVE_WITH_KNOTS ( 'NONE', 3,
 ( #1898, #2956, #1852, #1139 ),
 .UNSPECIFIED., .F., .F.,
 ( 4, 4 ),
 ( 0.3333333333333335924, 0.6666666666666660745 ),
 .UNSPECIFIED. ) ;
#3997 = CARTESIAN_POINT ( 'NONE',  ( -40.80000000000003979, 10.27689577749865713, 10.59999999999999964 ) ) ;
#3998 = ADVANCED_FACE ( 'NONE', ( #2922 ), #918, .T. ) ;
#3999 = CARTESIAN_POINT ( 'NONE',  ( 41.16147979883924535, 21.03798124828409399, 23.60000000000000142 ) ) ;
#4000 = CARTESIAN_POINT ( 'NONE',  ( -42.14736041321152982, 21.03146074137956845, 9.599999999999999645 ) ) ;
#4001 = CARTESIAN_POINT ( 'NONE',  ( -13.45576142247091767, -2.898712640187968148, 28.22214248708649365 ) ) ;
#4002 = DIRECTION ( 'NONE',  ( -0.000000000000000000, 0.000000000000000000, -1.000000000000000000 ) ) ;
#4003 = EDGE_CURVE ( 'NONE', #2227, #588, #171, .T. ) ;
#4004 = EDGE_CURVE ( 'NONE', #607, #1728, #3132, .T. ) ;
#4005 = DIRECTION ( 'NONE',  ( -1.000000000000000000, 0.000000000000000000, 0.000000000000000000 ) ) ;
#4006 = CARTESIAN_POINT ( 'NONE',  ( 39.48563001513698367, -3.071924990399617972, 28.59803400948221963 ) ) ;
#4007 = CARTESIAN_POINT ( 'NONE',  ( 40.48632280715614939, 18.32717449774655805, 28.53781812637540583 ) ) ;
#4008 = CARTESIAN_POINT ( 'NONE',  ( -10.33781676322299248, 20.85322281415558976, 27.42003145578667045 ) ) ;
#4009 = CARTESIAN_POINT ( 'NONE',  ( -43.10733879021263704, -20.87483915154488301, 13.59999999999999964 ) ) ;
#4010 = CARTESIAN_POINT ( 'NONE',  ( -10.47395986556968417, -7.396411984408977069, 13.59999999999568132 ) ) ;
#4011 = ORIENTED_EDGE ( 'NONE', *, *, #1563, .F. ) ;
#4012 = CARTESIAN_POINT ( 'NONE',  ( -14.10000000002133014, 3.766666666666738994, 28.60000000004278675 ) ) ;
#4013 = CARTESIAN_POINT ( 'NONE',  ( -9.099999999999933920, 16.09999999999996945, 28.59999999999999787 ) ) ;
#4014 = CARTESIAN_POINT ( 'NONE',  ( -10.94987156303003495, -5.011889021462534899, 28.53781812637534898 ) ) ;
#4015 = CARTESIAN_POINT ( 'NONE',  ( 40.81040658163049528, -6.240681005718982988, 28.16519854648731780 ) ) ;
#4016 = LINE ( 'NONE', #185, #2440 ) ;
#4017 = EDGE_LOOP ( 'NONE', ( #879, #3512, #4266, #2132, #180, #1268, #2320, #1003, #3621, #570, #286, #2394, #3330, #1183 ) ) ;
#4018 = CARTESIAN_POINT ( 'NONE',  ( -18.92055268084640929, -6.677080196587219518, 13.60000000000000142 ) ) ;
#4019 = CARTESIAN_POINT ( 'NONE',  ( 42.20785381430388128, 19.22438771775835420, 27.69395940719854465 ) ) ;
#4020 = CARTESIAN_POINT ( 'NONE',  ( -12.05753239441604308, 19.50223893946750664, 28.31225206021157703 ) ) ;
#4021 = CARTESIAN_POINT ( 'NONE',  ( 42.09664412391380495, -20.87811096940454547, 13.60000000000000320 ) ) ;
#4022 = CARTESIAN_POINT ( 'NONE',  ( 42.96430520155904276, -6.030838914779113047, 23.60000000000000497 ) ) ;
#4023 = CARTESIAN_POINT ( 'NONE',  ( 38.10000000000007958, -2.399999999999876010, 28.59999999999999787 ) ) ;
#4024 = CARTESIAN_POINT ( 'NONE',  ( -19.08324948901613993, 18.02560213739518247, 13.59999999999999964 ) ) ;
#4025 = CARTESIAN_POINT ( 'NONE',  ( -13.19773500320540371, 16.09999999999997655, 28.34695819720989363 ) ) ;
#4026 = CARTESIAN_POINT ( 'NONE',  ( -12.05884582711132680, -6.305446590850482202, 28.03089793834088894 ) ) ;
#4027 = LINE ( 'NONE', #1870, #18 ) ;
#4028 = CARTESIAN_POINT ( 'NONE',  ( -14.09999999999993570, -7.399999999999876010, 18.35000000000001563 ) ) ;
#4029 = EDGE_CURVE ( 'NONE', #2984, #4110, #3795, .T. ) ;
#4030 = CARTESIAN_POINT ( 'NONE',  ( 40.95497102200281603, -5.063162229572959028, 28.46374219451692156 ) ) ;
#4031 = CARTESIAN_POINT ( 'NONE',  ( 40.66369227541537157, 18.04674098053173736, 28.53781812637540938 ) ) ;
#4032 = CARTESIAN_POINT ( 'NONE',  ( -13.96439640049426067, 16.09999999999996945, 27.23030725387452478 ) ) ;
#4033 = CARTESIAN_POINT ( 'NONE',  ( 40.38232393835182421, 18.38232393835189171, 0.6942158893906156258 ) ) ;
#4034 = DIRECTION ( 'NONE',  ( 4.336808689942017736E-16, -1.000000000000000000, 0.000000000000000000 ) ) ;
#4035 = ADVANCED_FACE ( 'NONE', ( #4185 ), #2724, .F. ) ;
#4036 = B_SPLINE_SURFACE_WITH_KNOTS ( 'NONE', 3, 3, ( 
 ( #287, #3093, #4493, #694, #3504, #1371, #1347, #2752, #334, #3802, #649, #2063, #3456, #313, #1720, #2776, #4170, #1018 ),
 ( #4324, #3597, #3959, #1180, #2544, #1552, #1805, #3551, #742, #471, #4283, #1851, #425, #1828, #1088, #2907, #2589, #3982 ),
 ( #1896, #1114, #2198, #808, #831, #2220, #766, #3253, #398, #57, #2179, #127, #152, #2243, #3917, #4302, #2889, #1137 ),
 ( #1486, #2864, #494, #3205, #3618, #3939, #3295, #1874, #2498, #3274, #104, #787, #1529, #2933, #2955, #3641, #1464, #83 ),
 ( #449, #1507, #3893, #2156, #4259, #1158, #2523, #2564, #3575, #3229, #2763, #1258, #516, #1628, #2633, #4503, #3006, #4399 ),
 ( #4032, #1358, #875, #2981, #1731, #4158, #4061, #3028, #2317, #2292, #1231, #562, #906, #4349, #663, #2338, #201, #1006 ),
 ( #324, #929, #3692, #3739, #2657, #637, #2683, #1606, #3105, #1202, #3470, #2266, #2610, #1922, #2420, #4008, #1974, #2051 ),
 ( #3717, #4084, #3347, #540, #3370, #3814, #221, #3443, #2078, #4424, #851, #3319, #3665, #176, #301, #1281, #1705, #1950 ),
 ( #1581, #4372, #72, #1475, #778, #3929, #3150, #4225, #1454, #2875, #2853, #2809, #728, #2444, #2101, #4204, #2167, #2190 ),
 ( #2465, #1408, #3196, #4248, #1795, #1101, #3587, #4, #2831, #27, #346, #3216, #388, #3904, #1051, #706, #3861, #3542 ),
 ( #415, #2123, #436, #3839, #3129, #4270, #755, #2146, #2510, #3563, #1126, #3495, #3171, #1431, #1816, #2535, #4527, #1384 ),
 ( #2788, #1774, #1075, #47, #3516, #4182, #366, #1751, #1030, #685, #2487, #3883, #4335, #2920, #3264, #2599, #2943, #3707 ),
 ( #4360, #2230, #1938, #1191, #2305, #2970, #116, #1214, #139, #2623, #164, #3628, #529, #3241, #890, #4294, #93, #3950 ),
 ( #1838, #3333, #3307, #1567, #3970, #1593, #4046, #3992, #1884, #1499, #4020, #862, #2899, #189, #798, #820, #481, #3284 ),
 ( #2995, #4385, #3681, #840, #1149, #1540, #2278, #1244, #2645, #2254, #2555, #3652, #1518, #2208, #504, #1910, #3607, #4312 ),
 ( #1168, #461, #1863, #2576, #2712, #4475, #4112, #3041, #4094, #4134, #3102, #2348, #4154, #2002, #4199, #3899, #1769, #4264 ),
 ( #2096, #382, #2119, #1790, #2140, #1046, #2505, #657, #2870, #1726, #2072, #1378, #2162, #3809, #3558, #723, #3535, #1403 ),
 ( #1470, #3165, #3854, #3463, #1425, #3189, #1068, #22, #42, #2804, #341, #701, #406, #2826, #1448, #1811, #3510, #1121 ),
 ( #3125, #4522, #2846, #2460, #4220, #3145, #4544, #2783, #2482, #3210, #63, #4177, #1025, #3831, #361, #4243, #2437, #1096 ),
 ( #3878, #680, #3489, #1746, #1558, #1586, #3674, #792, #4330, #4307, #1163, #2961, #2914, #4289, #1928, #430, #499, #814 ),
 ( #835, #3923, #2248, #3279, #2569, #2615, #1185, #3300, #3944, #110, #454, #2938, #3965, #4354, #3259, #4377, #3236, #2987 ),
 ( #1207, #4013, #856, #134, #3581, #2225, #158, #522, #2271, #3623, #88, #2594, #2203, #3324, #476, #1879, #3987, #3602 ) ),
 .UNSPECIFIED., .F., .F., .F.,
 ( 4, 2, 2, 2, 2, 2, 2, 2, 2, 2, 4 ),
 ( 4, 2, 2, 2, 2, 2, 2, 2, 4 ),
 ( 0.000000000000000000, 0.2500000000000000000, 0.3750000000000000000, 0.4375000000000000000, 0.4687500000000000000, 0.5000000000000000000, 0.5312500000000000000, 0.5625000000000000000, 0.6250000000000000000, 0.7500000000000000000, 1.000000000000000000 ),
 ( 0.000000000000000000, 0.2500000000000000000, 0.3750000000000000000, 0.4375000000000000000, 0.5000000000000000000, 0.5625000000000000000, 0.6250000000000000000, 0.7500000000000000000, 1.000000000000000000 ),
 .UNSPECIFIED. ) ;
#4037 = CARTESIAN_POINT ( 'NONE',  ( 43.10000000000006537, -8.410049717515297729, 13.71450959289460592 ) ) ;
#4038 = CARTESIAN_POINT ( 'NONE',  ( 41.73435374231094386, 16.10000000000012577, 28.46374219451723064 ) ) ;
#4039 = CARTESIAN_POINT ( 'NONE',  ( -9.291978658346998543, -3.142213422795224975, 28.59999999999999787 ) ) ;
#4040 = CARTESIAN_POINT ( 'NONE',  ( 42.00544659083304566, -5.358845827110700455, 28.03089793834161014 ) ) ;
#4041 = CARTESIAN_POINT ( 'NONE',  ( -12.17823738714377058, 21.09999999999995879, 15.52359396062483476 ) ) ;
#4042 = VERTEX_POINT ( 'NONE', #3048 ) ;
#4043 = VECTOR ( 'NONE', #1306, 1000.000000000000000 ) ;
#4044 = DIRECTION ( 'NONE',  ( -0.000000000000000000, 0.000000000000000000, 1.000000000000000000 ) ) ;
#4045 = CARTESIAN_POINT ( 'NONE',  ( 42.00544674836690717, 19.05884506731765882, 28.03089793834196186 ) ) ;
#4046 = CARTESIAN_POINT ( 'NONE',  ( -12.65104754517519581, 18.78803004380172581, 28.31225206021162677 ) ) ;
#4047 = CARTESIAN_POINT ( 'NONE',  ( 42.66090659504441618, -20.53880138775904385, 13.60000000000000142 ) ) ;
#4048 = DIRECTION ( 'NONE',  ( 1.000000000000000000, 0.000000000000000000, 0.000000000000000000 ) ) ;
#4049 = VECTOR ( 'NONE', #2705, 1000.000000000000000 ) ;
#4050 = DIRECTION ( 'NONE',  ( -0.000000000000000000, 0.000000000000000000, 1.000000000000000000 ) ) ;
#4051 = CARTESIAN_POINT ( 'NONE',  ( -9.099999999999935696, -7.338068901300184521, 26.66045524840983560 ) ) ;
#4052 = PRODUCT_DEFINITION_CONTEXT ( 'detailed design', #591, 'design' ) ;
#4053 = EDGE_CURVE ( 'NONE', #203, #3786, #306, .T. ) ;
#4054 = CARTESIAN_POINT ( 'NONE',  ( 41.88299805809356258, 18.23392085747910585, 28.31225206021205665 ) ) ;
#4055 = CARTESIAN_POINT ( 'NONE',  ( -12.50406773625111612, -6.050398696455944858, 28.03089793834100618 ) ) ;
#4056 = PLANE ( 'NONE',  #312 ) ;
#4057 = CARTESIAN_POINT ( 'NONE',  ( -43.97576400432777888, -19.63667213872376394, 9.600000000000003197 ) ) ;
#4058 = B_SPLINE_CURVE_WITH_KNOTS ( 'NONE', 3,
 ( #3488, #2782, #295, #2436 ),
 .UNSPECIFIED., .F., .F.,
 ( 4, 4 ),
 ( 0.000000000000000000, 1.000000000000000000 ),
 .UNSPECIFIED. ) ;
#4059 = CARTESIAN_POINT ( 'NONE',  ( 40.37231366822668122, -4.010737035239656301, 28.55633887815911720 ) ) ;
#4060 = FACE_OUTER_BOUND ( 'NONE', #1021, .T. ) ;
#4061 = CARTESIAN_POINT ( 'NONE',  ( -13.38858858098687854, 19.38472909230173258, 27.23030725387434359 ) ) ;
#4062 = CARTESIAN_POINT ( 'NONE',  ( 38.10000000000007248, 16.10000000000013287, 28.59999999999999787 ) ) ;
#4063 = CARTESIAN_POINT ( 'NONE',  ( 39.35000000000006537, 18.10000000000013642, 7.599999999999999645 ) ) ;
#4064 = AXIS2_PLACEMENT_3D ( 'NONE', #3716, #4423, #220 ) ;
#4065 = ORIENTED_EDGE ( 'NONE', *, *, #3528, .T. ) ;
#4066 = CARTESIAN_POINT ( 'NONE',  ( 43.10000000000006537, -7.648854782592105828, 13.85938287226601950 ) ) ;
#4067 = CARTESIAN_POINT ( 'NONE',  ( -44.10000000000007248, 16.09999999999986287, 10.86666666666668313 ) ) ;
#4068 = CARTESIAN_POINT ( 'NONE',  ( -41.63707660276769218, 21.06157421608317293, 13.60000000000000497 ) ) ;
#4069 = CARTESIAN_POINT ( 'NONE',  ( 41.75039869644019319, -5.804067736250386744, 28.03089793834144317 ) ) ;
#4070 = CARTESIAN_POINT ( 'NONE',  ( 38.10000000000005116, 21.10000000000013287, 8.649999999999996803 ) ) ;
#4071 = VERTEX_POINT ( 'NONE', #601 ) ;
#4072 = CARTESIAN_POINT ( 'NONE',  ( 43.09717490054170952, -3.375214665511630852, 18.59999999999805453 ) ) ;
#4073 = EDGE_CURVE ( 'NONE', #411, #748, #2381, .T. ) ;
#4074 = CARTESIAN_POINT ( 'NONE',  ( 43.10000000000006537, -2.399999999999878231, 24.36531221810797732 ) ) ;
#4075 = EDGE_LOOP ( 'NONE', ( #4427, #3212, #1333, #4471 ) ) ;
#4076 = CARTESIAN_POINT ( 'NONE',  ( 20.60000000000006537, 3.600000000000121325, 28.59999999999999787 ) ) ;
#4077 = CARTESIAN_POINT ( 'NONE',  ( 39.59088086419446029, 21.08277503499124705, 25.13064410631865542 ) ) ;
#4078 = CARTESIAN_POINT ( 'NONE',  ( 42.19773500320385295, 16.57131066377040796, 28.34695819721049759 ) ) ;
#4079 = CARTESIAN_POINT ( 'NONE',  ( -13.53521281681592647, -2.907626537250703525, 28.16519854648804611 ) ) ;
#4080 = CARTESIAN_POINT ( 'NONE',  ( -9.831134972148586115, -7.398029322239122685, 25.13064410631819001 ) ) ;
#4081 = FACE_OUTER_BOUND ( 'NONE', #617, .T. ) ;
#4082 = CARTESIAN_POINT ( 'NONE',  ( 39.33873331253973049, -3.343206234306064673, 28.59803400948223029 ) ) ;
#4083 = CARTESIAN_POINT ( 'NONE',  ( 38.10000000000006537, 16.10000000000013287, 28.59999999999999787 ) ) ;
#4084 = CARTESIAN_POINT ( 'NONE',  ( -13.84829685117219356, 16.65863706984528037, 27.69395940719828175 ) ) ;
#4085 = CARTESIAN_POINT ( 'NONE',  ( -40.08448482979501648, -21.10000000000013998, 13.60000000000000320 ) ) ;
#4086 = CARTESIAN_POINT ( 'NONE',  ( 38.10000000000007248, -21.10000000000013642, 9.600000000000001421 ) ) ;
#4087 = ORIENTED_EDGE ( 'NONE', *, *, #4004, .F. ) ;
#4088 = CARTESIAN_POINT ( 'NONE',  ( 43.10000000000007248, -7.066044272306667651, 14.10918465479736206 ) ) ;
#4089 = CARTESIAN_POINT ( 'NONE',  ( 39.60000000000006537, 3.600000000000123990, 49.21552812808830168 ) ) ;
#4090 = CARTESIAN_POINT ( 'NONE',  ( -9.645073012059276252, -2.909201453424576478, 28.59999999999999787 ) ) ;
#4091 = CARTESIAN_POINT ( 'NONE',  ( 39.04280682956154891, -6.141578696923998493, 28.43174276785717325 ) ) ;
#4092 = ORIENTED_EDGE ( 'NONE', *, *, #4147, .F. ) ;
#4093 = LINE ( 'NONE', #3769, #2328 ) ;
#4094 = CARTESIAN_POINT ( 'NONE',  ( -12.11041314409802361, 18.90769421796847993, 28.43174276785751786 ) ) ;
#4095 = CARTESIAN_POINT ( 'NONE',  ( 39.44143014085524612, -7.281298023898548522, 26.66045524841007364 ) ) ;
#4096 = CARTESIAN_POINT ( 'NONE',  ( 43.10000000000006537, -7.399999999999876010, 18.60000000000000853 ) ) ;
#4097 = CARTESIAN_POINT ( 'NONE',  ( 43.10000000000006537, 16.86537376341067684, 23.59999999999999432 ) ) ;
#4098 = CARTESIAN_POINT ( 'NONE',  ( -11.32316949953863272, -6.341486797893928440, 28.22214248708539941 ) ) ;
#4099 = CARTESIAN_POINT ( 'NONE',  ( -10.48445904560687048, -7.311421053838930817, 26.27804358441415289 ) ) ;
#4100 = CARTESIAN_POINT ( 'NONE',  ( -43.98804278005442114, -19.54737320415814850, 9.600000000000004974 ) ) ;
#4101 = CARTESIAN_POINT ( 'NONE',  ( 38.10000000000007958, -2.399999999999878675, 28.59999999999999787 ) ) ;
#4102 = CARTESIAN_POINT ( 'NONE',  ( 40.38329560835017418, 21.07077768596513323, 9.600000000000003197 ) ) ;
#4103 = CARTESIAN_POINT ( 'NONE',  ( -39.10000000000007248, -21.10000000000013642, 13.60000000000000142 ) ) ;
#4104 = CARTESIAN_POINT ( 'NONE',  ( -9.099999999999951683, 21.09999999999996945, 12.84999999999999964 ) ) ;
#4105 = ORIENTED_EDGE ( 'NONE', *, *, #4003, .T. ) ;
#4106 = DIRECTION ( 'NONE',  ( 1.000000000000000000, 1.916821520416347353E-16, -0.000000000000000000 ) ) ;
#4107 = CARTESIAN_POINT ( 'NONE',  ( 42.66867854635579960, 16.10000000000014353, 28.03089793834242016 ) ) ;
#4108 = CARTESIAN_POINT ( 'NONE',  ( -9.099999999999935696, -2.399999999999875566, 28.59999999999999787 ) ) ;
#4109 = CARTESIAN_POINT ( 'NONE',  ( 41.42543483907785884, -5.291121892461732479, 28.34695819720970533 ) ) ;
#4110 = VERTEX_POINT ( 'NONE', #259 ) ;
#4111 = CARTESIAN_POINT ( 'NONE',  ( 40.52030516780582303, -7.367288306519602870, 18.59999999999999432 ) ) ;
#4112 = CARTESIAN_POINT ( 'NONE',  ( -12.32853688512230761, 18.54614280012011918, 28.43174276785752497 ) ) ;
#4113 = CARTESIAN_POINT ( 'NONE',  ( 38.10000000000009379, -7.356489118750731748, 26.27804358441402854 ) ) ;
#4114 = EDGE_LOOP ( 'NONE', ( #1450, #4196, #229, #3946 ) ) ;
#4115 = VECTOR ( 'NONE', #4227, 1000.000000000000000 ) ;
#4116 = CARTESIAN_POINT ( 'NONE',  ( -12.69355151323135544, 21.09999999999996589, 15.01611304168657668 ) ) ;
#4117 = CARTESIAN_POINT ( 'NONE',  ( 42.93221048960497654, 19.92033942788350842, 23.59999999999999787 ) ) ;
#4118 = CARTESIAN_POINT ( 'NONE',  ( -13.28746191188499992, -2.880554703447760545, 28.31225206021178309 ) ) ;
#4119 = CARTESIAN_POINT ( 'NONE',  ( -12.54266617363470537, -6.856272309938034937, 26.66045524841036141 ) ) ;
#4120 = FACE_OUTER_BOUND ( 'NONE', #2075, .T. ) ;
#4121 = DIRECTION ( 'NONE',  ( 0.000000000000000000, 0.000000000000000000, 1.000000000000000000 ) ) ;
#4122 = CARTESIAN_POINT ( 'NONE',  ( 20.60000000000006892, -4.399999999999878675, 28.57958971134653225 ) ) ;
#4123 = CARTESIAN_POINT ( 'NONE',  ( 43.10000000000006537, 16.10000000000013287, 28.59999999999999787 ) ) ;
#4124 = CARTESIAN_POINT ( 'NONE',  ( 0.000000000000000000, -21.10000000000013642, 9.600000000000001421 ) ) ;
#4125 = EDGE_LOOP ( 'NONE', ( #13, #3875, #3038, #1954, #2022, #3486 ) ) ;
#4126 = AXIS2_PLACEMENT_3D ( 'NONE', #1635, #3435, #4129 ) ;
#4127 = CARTESIAN_POINT ( 'NONE',  ( 43.10000000000006537, -2.399999999999876010, 18.59999999999973497 ) ) ;
#4128 = CARTESIAN_POINT ( 'NONE',  ( -39.10000000000009379, 21.09999999999986642, 10.93333333333333535 ) ) ;
#4129 = DIRECTION ( 'NONE',  ( 0.000000000000000000, -0.1736481776669307198, 0.9848077530122080203 ) ) ;
#4130 = CARTESIAN_POINT ( 'NONE',  ( 40.23392085747529023, -6.182998058102897154, 28.31225206021116492 ) ) ;
#4131 = ORIENTED_EDGE ( 'NONE', *, *, #2849, .T. ) ;
#4132 = CARTESIAN_POINT ( 'NONE',  ( 40.82591600508796859, -7.353366533305972119, 18.60000000000065512 ) ) ;
#4133 = CARTESIAN_POINT ( 'NONE',  ( 38.10000000000007958, -7.399999999999876010, 23.59999999999999432 ) ) ;
#4134 = CARTESIAN_POINT ( 'NONE',  ( -11.90770453926774763, 19.11040649702824723, 28.43174276785750365 ) ) ;
#4135 = CARTESIAN_POINT ( 'NONE',  ( 40.71704732229579093, -7.311397313372993700, 25.13064410631842804 ) ) ;
#4136 = CARTESIAN_POINT ( 'NONE',  ( 40.71704732964319362, 21.01139731293594792, 25.13064410631871581 ) ) ;
#4137 = CARTESIAN_POINT ( 'NONE',  ( 39.04280683363310089, 19.84157869668852925, 28.43174276785747523 ) ) ;
#4138 = CARTESIAN_POINT ( 'NONE',  ( -12.16299030297935779, -4.721983998501783297, 28.46374219451686116 ) ) ;
#4139 = EDGE_CURVE ( 'NONE', #3600, #1907, #111, .T. ) ;
#4140 = CARTESIAN_POINT ( 'NONE',  ( -14.09802932223919214, -3.131135009597300733, 25.13064410631879042 ) ) ;
#4141 = ADVANCED_FACE ( 'NONE', ( #2768 ), #391, .T. ) ;
#4142 = EDGE_CURVE ( 'NONE', #588, #1445, #2637, .T. ) ;
#4143 = CARTESIAN_POINT ( 'NONE',  ( -40.59999999999996589, -12.19689577749904608, 7.600000000000000533 ) ) ;
#4144 = CARTESIAN_POINT ( 'NONE',  ( 38.84221342279468558, -2.591978658347011244, 28.59999999999999787 ) ) ;
#4145 = CARTESIAN_POINT ( 'NONE',  ( -44.10000000000007248, -16.10000000000013642, 9.600000000000001421 ) ) ;
#4146 = EDGE_CURVE ( 'NONE', #1048, #1467, #1865, .T. ) ;
#4147 = EDGE_CURVE ( 'NONE', #1370, #1093, #3616, .T. ) ;
#4148 = ORIENTED_EDGE ( 'NONE', *, *, #2234, .F. ) ;
#4149 = CARTESIAN_POINT ( 'NONE',  ( 43.10000000000006537, -8.571158652960544799, 13.69662479391860366 ) ) ;
#4150 = CARTESIAN_POINT ( 'NONE',  ( 43.10000000000006537, -2.399999999999876010, 23.85000000000000142 ) ) ;
#4151 = CARTESIAN_POINT ( 'NONE',  ( -39.59264819285837689, 21.09999999999986642, 13.60000000000000320 ) ) ;
#4152 = ORIENTED_EDGE ( 'NONE', *, *, #4382, .T. ) ;
#4153 = CARTESIAN_POINT ( 'NONE',  ( 48.10000000000006537, -1.546112270910429132, 13.60000000000000142 ) ) ;
#4154 = CARTESIAN_POINT ( 'NONE',  ( -11.42151353022981830, 19.38630607633271907, 28.43174276785747878 ) ) ;
#4155 = CARTESIAN_POINT ( 'NONE',  ( 42.69083631476927110, -4.670675159177993585, 27.23030725387476281 ) ) ;
#4156 = ORIENTED_EDGE ( 'NONE', *, *, #2663, .T. ) ;
#4157 = CARTESIAN_POINT ( 'NONE',  ( 43.09802932223931293, 16.10000000000013287, 25.13064410631909951 ) ) ;
#4158 = CARTESIAN_POINT ( 'NONE',  ( -13.44906664748443248, 19.21614139203207827, 27.23030725387436135 ) ) ;
#4159 = CARTESIAN_POINT ( 'NONE',  ( 40.30432138464871628, 19.21840960401738840, 28.46374219451700682 ) ) ;
#4160 = CARTESIAN_POINT ( 'NONE',  ( -12.05753300329522304, -5.802238687433334263, 28.31225206021118623 ) ) ;
#4161 = CARTESIAN_POINT ( 'NONE',  ( -13.50242602384631141, -6.272875315788231987, 26.27804358441465027 ) ) ;
#4162 = DIRECTION ( 'NONE',  ( -0.1710878697460358477, 0.1710878697460358477, -0.9702875252478136980 ) ) ;
#4163 = CARTESIAN_POINT ( 'NONE',  ( 38.47012258766179826, -3.054131281471630377, 28.60000000000000142 ) ) ;
#4164 = CARTESIAN_POINT ( 'NONE',  ( -44.07054652695216390, 18.38973471204350218, 9.600000000000003197 ) ) ;
#4165 = CARTESIAN_POINT ( 'NONE',  ( 38.10000000000007958, -4.499448940491293847, 28.57702009603211479 ) ) ;
#4166 = CARTESIAN_POINT ( 'NONE',  ( 38.10000000000005116, 21.10000000000013287, 9.600000000000001421 ) ) ;
#4167 = CARTESIAN_POINT ( 'NONE',  ( 43.10000000000006537, 16.10000000000013287, 15.61666666666665293 ) ) ;
#4168 = EDGE_CURVE ( 'NONE', #1235, #3397, #3123, .T. ) ;
#4169 = EDGE_LOOP ( 'NONE', ( #1854, #4346, #354, #102 ) ) ;
#4170 = CARTESIAN_POINT ( 'NONE',  ( -9.865373763410531183, 21.09999999999996945, 23.59999999999999787 ) ) ;
#4171 = ADVANCED_FACE ( 'NONE', ( #3339 ), #3630, .T. ) ;
#4172 = CARTESIAN_POINT ( 'NONE',  ( 43.10000000000006537, -7.399999999999876010, 29.34999999999999076 ) ) ;
#4173 = CARTESIAN_POINT ( 'NONE',  ( -43.98247474094979736, 19.58902559124230436, 13.60000000000000320 ) ) ;
#4174 = VERTEX_POINT ( 'NONE', #1973 ) ;
#4175 = CARTESIAN_POINT ( 'NONE',  ( 42.71516125040843548, -6.762558746755550132, 13.59999999999581455 ) ) ;
#4176 = CARTESIAN_POINT ( 'NONE',  ( -9.866076742315234682, 16.09999999999996945, 28.59999999999999787 ) ) ;
#4177 = CARTESIAN_POINT ( 'NONE',  ( -10.79396846765434681, 18.32907641676865751, 28.55633887815912786 ) ) ;
#4178 = CARTESIAN_POINT ( 'NONE',  ( 43.03806890130024954, -3.041127972525416556, 26.66045524841185355 ) ) ;
#4179 = ORIENTED_EDGE ( 'NONE', *, *, #3387, .T. ) ;
#4180 = CARTESIAN_POINT ( 'NONE',  ( 43.10000000000006537, -21.10000000000013642, 9.400000000000000355 ) ) ;
#4181 = CARTESIAN_POINT ( 'NONE',  ( 40.37067515917851779, 20.69083631478696006, 27.23030725387433293 ) ) ;
#4182 = CARTESIAN_POINT ( 'NONE',  ( -12.94068084875458169, 18.81040754814114635, 28.16519854648785781 ) ) ;
#4183 = CARTESIAN_POINT ( 'NONE',  ( -12.41362339827683137, -5.489624720104485434, 28.31225206021127505 ) ) ;
#4184 = CARTESIAN_POINT ( 'NONE',  ( 40.10000000000001563, -4.399999999999876010, 25.59999999999999787 ) ) ;
#4185 = FACE_OUTER_BOUND ( 'NONE', #1161, .T. ) ;
#4186 = CARTESIAN_POINT ( 'NONE',  ( 42.07265072837247999, 20.88525032197540199, 9.599999999999999645 ) ) ;
#4187 = CARTESIAN_POINT ( 'NONE',  ( 41.65104767906657912, 18.78802939864672084, 28.31225206021195717 ) ) ;
#4188 = CARTESIAN_POINT ( 'NONE',  ( 38.10000000000006537, -6.034353742314583435, 28.46374219451661247 ) ) ;
#4189 = DIRECTION ( 'NONE',  ( 1.000000000000000000, 3.491481338843134144E-15, 0.000000000000000000 ) ) ;
#4190 = ORIENTED_EDGE ( 'NONE', *, *, #3735, .F. ) ;
#4191 = CARTESIAN_POINT ( 'NONE',  ( 39.35000000000001563, -4.399999999999876010, 27.72132034355963981 ) ) ;
#4192 = CARTESIAN_POINT ( 'NONE',  ( -40.80000000000003979, 9.776895777498655349, 7.600000000000000533 ) ) ;
#4193 = DIRECTION ( 'NONE',  ( -0.000000000000000000, -0.000000000000000000, -1.000000000000000000 ) ) ;
#4194 = CARTESIAN_POINT ( 'NONE',  ( -43.09948029764396438, 20.87725659433499104, 13.60000000000000320 ) ) ;
#4195 = VECTOR ( 'NONE', #1321, 1000.000000000000000 ) ;
#4196 = ORIENTED_EDGE ( 'NONE', *, *, #272, .T. ) ;
#4197 = CARTESIAN_POINT ( 'NONE',  ( -14.64683793649053456, 21.09999999999994813, 13.78648574166203566 ) ) ;
#4198 = DIRECTION ( 'NONE',  ( -0.000000000000000000, -0.000000000000000000, -1.000000000000000000 ) ) ;
#4199 = CARTESIAN_POINT ( 'NONE',  ( -10.79351676530079374, 19.62950919944251638, 28.43174276785746812 ) ) ;
#4200 = CARTESIAN_POINT ( 'NONE',  ( 40.94912199865043334, -6.428910968708787088, 27.95172059729397418 ) ) ;
#4201 = ORIENTED_EDGE ( 'NONE', *, *, #643, .T. ) ;
#4202 = CARTESIAN_POINT ( 'NONE',  ( -13.73947709521480931, -12.16738565973740194, 13.60000000000000320 ) ) ;
#4203 = CARTESIAN_POINT ( 'NONE',  ( 39.33781676884127876, 20.85322281397751709, 27.42003145578675571 ) ) ;
#4204 = CARTESIAN_POINT ( 'NONE',  ( -10.27681519099448160, 20.72707045046075436, 27.78280182435244683 ) ) ;
#4205 = CARTESIAN_POINT ( 'NONE',  ( -13.19773500320542148, -2.399999999999875122, 28.34695819720989363 ) ) ;
#4206 = APPLICATION_CONTEXT ( 'automotive_design' ) ;
#4207 = DIRECTION ( 'NONE',  ( 0.000000000000000000, 0.000000000000000000, 1.000000000000000000 ) ) ;
#4208 = CARTESIAN_POINT ( 'NONE',  ( 42.71654195172760637, -20.48402385466771136, 9.600000000000003197 ) ) ;
#4209 = CARTESIAN_POINT ( 'NONE',  ( 42.87483915154477643, 20.10733879021288217, 9.599999999999999645 ) ) ;
#4210 = DIRECTION ( 'NONE',  ( 1.000000000000000000, 0.000000000000000000, 0.000000000000000000 ) ) ;
#4211 = DIRECTION ( 'NONE',  ( -1.000000000000000000, 0.000000000000000000, 0.000000000000000000 ) ) ;
#4212 = ORIENTED_EDGE ( 'NONE', *, *, #1106, .F. ) ;
#4213 = CARTESIAN_POINT ( 'NONE',  ( -19.09999999999993747, 16.09999999999996945, 13.60000000000000142 ) ) ;
#4214 = CARTESIAN_POINT ( 'NONE',  ( -40.10000000000006537, 18.10000000000012221, 10.59999999999999964 ) ) ;
#4215 = DIRECTION ( 'NONE',  ( 0.000000000000000000, -0.000000000000000000, 1.000000000000000000 ) ) ;
#4216 = CARTESIAN_POINT ( 'NONE',  ( -44.06840992987359584, 18.44748514794978789, 13.60000000000000142 ) ) ;
#4217 = ORIENTED_EDGE ( 'NONE', *, *, #2548, .F. ) ;
#4218 = CARTESIAN_POINT ( 'NONE',  ( -13.87792143096596043, 21.09999999999995168, 14.04639752434887789 ) ) ;
#4219 = DIRECTION ( 'NONE',  ( 1.000000000000000000, 3.491481338843133750E-15, 0.000000000000000000 ) ) ;
#4220 = CARTESIAN_POINT ( 'NONE',  ( -11.49155108682468551, 17.45872948119377810, 28.55633887815912431 ) ) ;
#4221 = CARTESIAN_POINT ( 'NONE',  ( 41.18747158706207756, -6.464332306550867990, 27.78280182435232959 ) ) ;
#4222 = VERTEX_POINT ( 'NONE', #4122 ) ;
#4223 = CARTESIAN_POINT ( 'NONE',  ( 43.10000000000006537, -16.10000000000013642, 13.80000000000000071 ) ) ;
#4224 = CARTESIAN_POINT ( 'NONE',  ( 38.10000000000005116, 21.03806890130039520, 26.66045524841071668 ) ) ;
#4225 = CARTESIAN_POINT ( 'NONE',  ( -13.00389332685121602, 19.49875673065326254, 27.78280182435268486 ) ) ;
#4226 = CARTESIAN_POINT ( 'NONE',  ( -11.23512875693915269, -4.851486179650749797, 28.53781812637534898 ) ) ;
#4227 = DIRECTION ( 'NONE',  ( 4.336808689942017736E-16, -1.000000000000000000, 0.000000000000000000 ) ) ;
#4228 = CARTESIAN_POINT ( 'NONE',  ( -13.44906685901464805, -5.516140087236797385, 27.23030725387402029 ) ) ;
#4229 = CARTESIAN_POINT ( 'NONE',  ( -13.28033628410214284, 20.81432212528604708, 13.60000000000193587 ) ) ;
#4230 = CARTESIAN_POINT ( 'NONE',  ( 43.04485155124923779, -18.95942014074556425, 9.600000000000001421 ) ) ;
#4231 = CARTESIAN_POINT ( 'NONE',  ( 42.09664412391388311, 20.87811096940462718, 9.600000000000003197 ) ) ;
#4232 = CARTESIAN_POINT ( 'NONE',  ( 41.87596388287803251, 18.95826330422213246, 28.16519854648833388 ) ) ;
#4233 = CARTESIAN_POINT ( 'NONE',  ( 38.10000000000007958, -7.399999999999876010, 23.59999999999999432 ) ) ;
#4234 = CARTESIAN_POINT ( 'NONE',  ( -9.099999999999937472, -7.399999999999876010, 18.60000000000000142 ) ) ;
#4235 = ORIENTED_EDGE ( 'NONE', *, *, #101, .T. ) ;
#4236 = CARTESIAN_POINT ( 'NONE',  ( -14.09999999999993570, 9.933333333333346005, 18.60000000000000142 ) ) ;
#4237 = CARTESIAN_POINT ( 'NONE',  ( 38.10000000000007248, -7.399999999999876010, 12.84999999999999964 ) ) ;
#4238 = CARTESIAN_POINT ( 'NONE',  ( -43.81364017786941645, 20.27774806692421450, 13.60000000000000142 ) ) ;
#4239 = ORIENTED_EDGE ( 'NONE', *, *, #510, .F. ) ;
#4240 = CARTESIAN_POINT ( 'NONE',  ( -15.21695088847462429, 21.09999999999995168, 13.70269441629714535 ) ) ;
#4241 = CARTESIAN_POINT ( 'NONE',  ( 47.76892731083998456, -7.494795557120633944, 13.60000000000000497 ) ) ;
#4242 = ADVANCED_FACE ( 'NONE', ( #4060 ), #2029, .T. ) ;
#4243 = CARTESIAN_POINT ( 'NONE',  ( -9.771784344874147266, 18.71942097888332768, 28.55633887815911720 ) ) ;
#4244 = CARTESIAN_POINT ( 'NONE',  ( 41.06284375645522289, -6.572447748679349999, 27.69395940719763161 ) ) ;
#4245 = ORIENTED_EDGE ( 'NONE', *, *, #3427, .T. ) ;
#4246 = CARTESIAN_POINT ( 'NONE',  ( 40.63839112660448194, -12.36480788056000968, 13.60000000000000320 ) ) ;
#4247 = CARTESIAN_POINT ( 'NONE',  ( 42.16824286379944908, 19.65040474327045672, 27.42003145578737033 ) ) ;
#4248 = CARTESIAN_POINT ( 'NONE',  ( -13.40089366689496408, 18.16850838150628533, 27.95172059729454617 ) ) ;
#4249 = CARTESIAN_POINT ( 'NONE',  ( -10.45872948119263768, -4.791551086823136352, 28.55633887815909233 ) ) ;
#4250 = FACE_OUTER_BOUND ( 'NONE', #1771, .T. ) ;
#4251 = CARTESIAN_POINT ( 'NONE',  ( -14.19479555712301178, 25.76892731083792398, 13.60000000000000142 ) ) ;
#4252 = CARTESIAN_POINT ( 'NONE',  ( 43.10000000000006537, -2.399999999999876010, 23.60000000000000142 ) ) ;
#4253 = CARTESIAN_POINT ( 'NONE',  ( -43.02763088765586019, 20.89929146666569437, 9.599999999999999645 ) ) ;
#4254 = CARTESIAN_POINT ( 'NONE',  ( 41.32331128138780940, 19.55719390686845927, 28.22214248708657180 ) ) ;
#4255 = CARTESIAN_POINT ( 'NONE',  ( -11.94912305848800216, -6.428910796678321660, 27.95172059729368286 ) ) ;
#4256 = CARTESIAN_POINT ( 'NONE',  ( 42.06128581310110803, -12.26270713742398577, 13.59999999999999964 ) ) ;
#4257 = CARTESIAN_POINT ( 'NONE',  ( -42.96631460140451964, -20.91392182096007701, 9.600000000000001421 ) ) ;
#4258 = CIRCLE ( 'NONE', #2869, 0.5000000000000004441 ) ;
#4259 = CARTESIAN_POINT ( 'NONE',  ( -13.75187026079914610, 18.84230014037808942, 26.66045524841105063 ) ) ;
#4260 = CARTESIAN_POINT ( 'NONE',  ( -43.88525032197287601, -20.07265072838044162, 13.60000000000000320 ) ) ;
#4261 = CARTESIAN_POINT ( 'NONE',  ( -44.06979218642877072, 18.41047241443216365, 13.60000000000000320 ) ) ;
#4262 = VERTEX_POINT ( 'NONE', #3027 ) ;
#4263 = CARTESIAN_POINT ( 'NONE',  ( 38.10000000000007958, -7.399999999999875122, 18.60000000000000142 ) ) ;
#4264 = CARTESIAN_POINT ( 'NONE',  ( -9.099999999999949907, 19.92280331574044538, 28.43174276785741128 ) ) ;
#4265 = CARTESIAN_POINT ( 'NONE',  ( 42.20785363793148548, -5.524388569033604313, 27.69395940719817872 ) ) ;
#4266 = ORIENTED_EDGE ( 'NONE', *, *, #1893, .T. ) ;
#4267 = AXIS2_PLACEMENT_3D ( 'NONE', #3036, #3411, #3074 ) ;
#4268 = FACE_OUTER_BOUND ( 'NONE', #2738, .T. ) ;
#4269 = CARTESIAN_POINT ( 'NONE',  ( 43.03806890130024954, 16.74112800134860279, 26.66045524841187486 ) ) ;
#4270 = CARTESIAN_POINT ( 'NONE',  ( -13.07095771444977927, 18.90555782281782982, 28.03089793834155685 ) ) ;
#4271 = CARTESIAN_POINT ( 'NONE',  ( -9.488102095831006721, -3.892260337862452957, 28.59803400948224095 ) ) ;
#4272 = AXIS2_PLACEMENT_3D ( 'NONE', #1299, #848, #579 ) ;
#4273 = AXIS2_PLACEMENT_3D ( 'NONE', #1648, #4487, #2057 ) ;
#4274 = B_SPLINE_CURVE_WITH_KNOTS ( 'NONE', 3,
 ( #15, #1640, #3040, #1418 ),
 .UNSPECIFIED., .F., .F.,
 ( 4, 4 ),
 ( 0.000000000000000000, 1.000000000000000000 ),
 .UNSPECIFIED. ) ;
#4275 = CARTESIAN_POINT ( 'NONE',  ( -13.09858851297626714, 25.96338984013075191, 13.60000000000000497 ) ) ;
#4276 = CARTESIAN_POINT ( 'NONE',  ( 41.14736041318928983, -21.03146074137974963, 9.600000000000004974 ) ) ;
#4277 = DIRECTION ( 'NONE',  ( 0.000000000000000000, 0.000000000000000000, 1.000000000000000000 ) ) ;
#4278 = CARTESIAN_POINT ( 'NONE',  ( -11.25301777118516178, -6.837353770749889925, 27.69395940719716620 ) ) ;
#4279 = PRODUCT_DEFINITION_FORMATION_WITH_SPECIFIED_SOURCE ( 'ANY', '', #148, .NOT_KNOWN. ) ;
#4280 = CARTESIAN_POINT ( 'NONE',  ( 41.88003322022072439, -12.28264962952356676, 13.60000000000000320 ) ) ;
#4281 = CARTESIAN_POINT ( 'NONE',  ( -41.33773021340106624, -21.07237354602665036, 9.600000000000003197 ) ) ;
#4282 = CARTESIAN_POINT ( 'NONE',  ( 39.48563001566957098, 16.77192498866473613, 28.59803400948222674 ) ) ;
#4283 = CARTESIAN_POINT ( 'NONE',  ( -13.28624356834594700, 20.81995122074715709, 24.36531221810777836 ) ) ;
#4284 = CARTESIAN_POINT ( 'NONE',  ( -14.09999999999993570, 16.09999999999996945, 18.60000000000000142 ) ) ;
#4285 = CARTESIAN_POINT ( 'NONE',  ( -17.38846680001133649, -10.18245839257006224, 13.60000000000000142 ) ) ;
#4286 = EDGE_CURVE ( 'NONE', #4498, #3891, #1257, .T. ) ;
#4287 = EDGE_LOOP ( 'NONE', ( #3117, #2709, #1787, #131 ) ) ;
#4288 = CARTESIAN_POINT ( 'NONE',  ( -9.099999999999951683, 21.09999999999996945, 23.59999999999999432 ) ) ;
#4289 = CARTESIAN_POINT ( 'NONE',  ( -9.864831221445887977, 17.44251690903053031, 28.59803400948221608 ) ) ;
#4290 = CARTESIAN_POINT ( 'NONE',  ( 42.72707045030067263, -3.576815196249390816, 27.78280182435343804 ) ) ;
#4291 = VERTEX_POINT ( 'NONE', #4488 ) ;
#4292 = CARTESIAN_POINT ( 'NONE',  ( -18.48045904818180318, -8.395090375205873201, 13.60000000000000320 ) ) ;
#4293 = CARTESIAN_POINT ( 'NONE',  ( 42.84829685117205855, 16.65863709179176766, 27.69395940719902427 ) ) ;
#4294 = CARTESIAN_POINT ( 'NONE',  ( -10.16834777097078124, 20.36656438479143105, 28.22214248708601048 ) ) ;
#4295 = CARTESIAN_POINT ( 'NONE',  ( -11.23444563381432459, 26.08249893086834703, 13.60000000000000142 ) ) ;
#4296 = CARTESIAN_POINT ( 'NONE',  ( 43.09627965690841478, -17.24942143414492080, 9.600000000000001421 ) ) ;
#4297 = CARTESIAN_POINT ( 'NONE',  ( -43.91392182096430474, 19.96631460139148118, 9.600000000000001421 ) ) ;
#4298 = CARTESIAN_POINT ( 'NONE',  ( -13.16433230655174391, -5.487471587071106605, 27.78280182435234380 ) ) ;
#4299 = FACE_OUTER_BOUND ( 'NONE', #44, .T. ) ;
#4300 = DIRECTION ( 'NONE',  ( -0.000000000000000000, 0.000000000000000000, 1.000000000000000000 ) ) ;
#4301 = CARTESIAN_POINT ( 'NONE',  ( 40.71942097889408529, 16.77178434487480629, 28.55633887815915273 ) ) ;
#4302 = CARTESIAN_POINT ( 'NONE',  ( -10.59088085686929581, 21.08277503507571993, 25.13064410631861278 ) ) ;
#4303 = CARTESIAN_POINT ( 'NONE',  ( -43.02763088765302513, -20.89929146666730020, 13.60000000000000497 ) ) ;
#4304 = CARTESIAN_POINT ( 'NONE',  ( -18.01689115187821244, -9.329627455907223421, 13.59999999999999964 ) ) ;
#4305 = VERTEX_POINT ( 'NONE', #1627 ) ;
#4306 = CARTESIAN_POINT ( 'NONE',  ( -9.099999999999933920, 3.766666666666738994, 28.59999999999999787 ) ) ;
#4307 = CARTESIAN_POINT ( 'NONE',  ( -10.16987743390681231, 17.24503569887195908, 28.59803400948223029 ) ) ;
#4308 = CARTESIAN_POINT ( 'NONE',  ( 42.13441446959316750, -4.331322397494123955, 28.22214248708676010 ) ) ;
#4309 = ORIENTED_EDGE ( 'NONE', *, *, #3059, .T. ) ;
#4310 = CARTESIAN_POINT ( 'NONE',  ( -11.09999999999993570, 0.000000000000000000, 10.59999999999999964 ) ) ;
#4311 = CARTESIAN_POINT ( 'NONE',  ( 38.10000000000004405, 20.81427369667069271, 27.78280182435240064 ) ) ;
#4312 = CARTESIAN_POINT ( 'NONE',  ( -9.099999999999949907, 20.19773500320661697, 28.34695819720948506 ) ) ;
#4313 = CARTESIAN_POINT ( 'NONE',  ( 42.98247474094990395, -19.58902559124188514, 13.60000000000000142 ) ) ;
#4314 = CARTESIAN_POINT ( 'NONE',  ( 42.81995064722276823, -6.586244956874699241, 23.59999999999999432 ) ) ;
#4315 = CARTESIAN_POINT ( 'NONE',  ( -8.997687380367542787, 21.10040903764235409, 13.60000000000225207 ) ) ;
#4316 = CARTESIAN_POINT ( 'NONE',  ( -9.099999999999939249, -7.148296851172657007, 27.69395940719684290 ) ) ;
#4317 = CARTESIAN_POINT ( 'NONE',  ( 43.10000000000006537, -2.399999999999876010, 23.60000000000000142 ) ) ;
#4318 = CARTESIAN_POINT ( 'NONE',  ( -12.40818549048327490, -6.203303057991536029, 27.95172059729381431 ) ) ;
#4319 = LINE ( 'NONE', #3343, #1709 ) ;
#4320 = PRODUCT_DEFINITION_SHAPE ( 'NONE', 'NONE',  #4417 ) ;
#4321 = ORIENTED_EDGE ( 'NONE', *, *, #1804, .T. ) ;
#4322 = CARTESIAN_POINT ( 'NONE',  ( 39.63261624263572003, -2.590198158037751774, 28.59803400948222674 ) ) ;
#4323 = CARTESIAN_POINT ( 'NONE',  ( 39.45866784928284687, 18.91662186761143261, 28.53781812637540227 ) ) ;
#4324 = CARTESIAN_POINT ( 'NONE',  ( -14.09999999999993570, 16.09999999999996945, 24.36531221810783876 ) ) ;
#4325 = CARTESIAN_POINT ( 'NONE',  ( -44.07039211818126034, -18.39402075846379958, 13.60000000000000320 ) ) ;
#4326 = CARTESIAN_POINT ( 'NONE',  ( -19.10000000078556326, -3.112081972875907709, 13.60000000000000142 ) ) ;
#4327 = VECTOR ( 'NONE', #1607, 1000.000000000000000 ) ;
#4328 = ORIENTED_EDGE ( 'NONE', *, *, #3661, .F. ) ;
#4329 = CARTESIAN_POINT ( 'NONE',  ( 0.000000000000000000, 0.000000000000000000, 9.600000000000001421 ) ) ;
#4330 = CARTESIAN_POINT ( 'NONE',  ( -10.24503680301496722, 17.16987571905440646, 28.59803400948223029 ) ) ;
#4331 = CARTESIAN_POINT ( 'NONE',  ( 42.57852547203673765, -3.525551236477157513, 28.03089793834221410 ) ) ;
#4332 = ORIENTED_EDGE ( 'NONE', *, *, #2234, .T. ) ;
#4333 = CARTESIAN_POINT ( 'NONE',  ( -18.27520024098700802, -8.837253498123825324, 13.60000000000000497 ) ) ;
#4334 = CARTESIAN_POINT ( 'NONE',  ( 42.66867854635579960, 16.10000000000014353, 28.03089793834242016 ) ) ;
#4335 = CARTESIAN_POINT ( 'NONE',  ( -11.81040658164044466, 19.94068100573208824, 28.16519854648768728 ) ) ;
#4336 = EDGE_CURVE ( 'NONE', #2301, #2013, #1713, .T. ) ;
#4337 = EDGE_CURVE ( 'NONE', #1584, #2839, #648, .T. ) ;
#4338 = CARTESIAN_POINT ( 'NONE',  ( 42.73246150249426734, -6.499300371936727494, 25.13064410631866963 ) ) ;
#4339 = CIRCLE ( 'NONE', #378, 0.7500000000000006661 ) ;
#4340 = CARTESIAN_POINT ( 'NONE',  ( -16.51317222896663139, 21.09999999999993392, 13.62511680673077130 ) ) ;
#4341 = B_SPLINE_CURVE_WITH_KNOTS ( 'NONE', 3,
 ( #740, #3179, #2154, #3549 ),
 .UNSPECIFIED., .F., .F.,
 ( 4, 4 ),
 ( 0.000000000000000000, 1.000000000000000000 ),
 .UNSPECIFIED. ) ;
#4342 = CARTESIAN_POINT ( 'NONE',  ( -19.06640744178093527, 18.59545424982285056, 13.59999999999999787 ) ) ;
#4343 = CARTESIAN_POINT ( 'NONE',  ( -43.53880138776118969, 20.66090659504269667, 9.600000000000004974 ) ) ;
#4344 = CARTESIAN_POINT ( 'NONE',  ( -9.650437401827938189, -7.114273696670829317, 27.78280182435145917 ) ) ;
#4345 = CARTESIAN_POINT ( 'NONE',  ( -11.77860449218225369, -7.356461244283265088, 23.59999999999996945 ) ) ;
#4346 = ORIENTED_EDGE ( 'NONE', *, *, #2409, .F. ) ;
#4347 = CARTESIAN_POINT ( 'NONE',  ( 39.45866784581176745, -5.216621868315949762, 28.53781812637537030 ) ) ;
#4348 = CARTESIAN_POINT ( 'NONE',  ( 38.77192499039930595, 17.48563001514026283, 28.59803400948223739 ) ) ;
#4349 = CARTESIAN_POINT ( 'NONE',  ( -11.71000658003146455, 20.61040135759254710, 27.23030725387416950 ) ) ;
#4350 = DIRECTION ( 'NONE',  ( 0.000000000000000000, 0.000000000000000000, 1.000000000000000000 ) ) ;
#4351 = CARTESIAN_POINT ( 'NONE',  ( -16.88495146251537804, -10.68625830451476411, 13.60000000000000142 ) ) ;
#4352 = ORIENTED_EDGE ( 'NONE', *, *, #1706, .F. ) ;
#4353 = CARTESIAN_POINT ( 'NONE',  ( -11.84999999999993747, 18.09999999999995879, 7.599999999999999645 ) ) ;
#4354 = CARTESIAN_POINT ( 'NONE',  ( -9.470122587661752078, 16.75413128147143027, 28.60000000000000142 ) ) ;
#4355 = CARTESIAN_POINT ( 'NONE',  ( -11.78113703491128916, -2.721591328402874321, 28.55633887815913141 ) ) ;
#4356 = CARTESIAN_POINT ( 'NONE',  ( 41.88299799962740622, -4.533921741699688646, 28.31225206021185414 ) ) ;
#4357 = ORIENTED_EDGE ( 'NONE', *, *, #263, .F. ) ;
#4358 = CARTESIAN_POINT ( 'NONE',  ( -19.07767924108212654, -4.538257345639152618, 13.59999999999999787 ) ) ;
#4359 = CARTESIAN_POINT ( 'NONE',  ( 41.94980255546983727, 19.69320532255225942, 27.69395940719844162 ) ) ;
#4360 = CARTESIAN_POINT ( 'NONE',  ( -13.45576142247090878, 16.09999999999997655, 28.22214248708649365 ) ) ;
#4361 = CARTESIAN_POINT ( 'NONE',  ( 38.85842751642785231, -7.399999999999876898, 24.36531221810755099 ) ) ;
#4362 = EDGE_CURVE ( 'NONE', #2121, #66, #3344, .T. ) ;
#4363 = FACE_OUTER_BOUND ( 'NONE', #3726, .T. ) ;
#4364 =( BOUNDED_SURFACE ( )  B_SPLINE_SURFACE ( 2, 3, ( 
 ( #250, #2711, #3748, #4111, #4132, #977, #3705, #589, #571, #3787, #3438, #1983, #2000, #210, #1330, #958, #294, #2993, #4383, #551, #1242, #1658, #939, #4072, #917, #3358, #2643, #1638 ),
 ( #2327, #1617, #1290, #3016, #3060, #2435, #3829, #1067, #655, #2481, #1745, #3877, #4499, #3509, #4175, #3534, #3144, #2459, #21, #3853, #3122, #1789, #722, #2138, #1698, #1023, #3188, #2070 ),
 ( #3099, #360, #41, #1447, #3898, #2503, #1725, #2803, #1424, #2845, #2824, #1376, #700, #1000, #3461, #2781, #381, #750, #4241, #4520, #1767, #3487, #339, #1095, #2094, #318, #2161, #4153 ) ),
 .UNSPECIFIED., .F., .F., .F. ) 
 B_SPLINE_SURFACE_WITH_KNOTS ( ( 3, 3 ),
 ( 4, 2, 2, 2, 2, 2, 2, 2, 2, 2, 2, 2, 2, 4 ),
 ( 0.000000000000000000, 1.000000000000000000 ),
 ( 0.000000000000000000, 0.002243032412800348430, 0.003364548619200522644, 0.004486064825600696859, 0.006729097238401045289, 0.007850613444801219504, 0.008972129651201393719, 0.01009364585760156793, 0.01121516206400174215, 0.01233667827040191636, 0.01345819447680209058, 0.01570122688960243901, 0.01682274309600261322, 0.01794425930240278744 ),
 .UNSPECIFIED. ) 
 GEOMETRIC_REPRESENTATION_ITEM ( )  RATIONAL_B_SPLINE_SURFACE ( (
 ( 1.000000000000000000, 1.000000000000000000, 1.000000000000000000, 1.000000000000000000, 1.000000000000000000, 1.000000000000000000, 1.000000000000000000, 1.000000000000000000, 1.000000000000000000, 1.000000000000000000, 1.000000000000000000, 1.000000000000000000, 1.000000000000000000, 1.000000000000000000, 1.000000000000000000, 1.000000000000000000, 1.000000000000000000, 1.000000000000000000, 1.000000000000000000, 1.000000000000000000, 1.000000000000000000, 1.000000000000000000, 1.000000000000000000, 1.000000000000000000, 1.000000000000000000, 1.000000000000000000, 1.000000000000000000, 1.000000000000000000),
 ( 4.000000000000000888, 4.000000000000000888, 4.000000000000000888, 4.000000000000000888, 4.000000000000000888, 4.000000000000000888, 4.000000000000000888, 4.000000000000000888, 4.000000000000000888, 4.000000000000000888, 4.000000000000000888, 4.000000000000000888, 4.000000000000000888, 4.000000000000000888, 4.000000000000000888, 4.000000000000000888, 4.000000000000000888, 4.000000000000000888, 4.000000000000000888, 4.000000000000000888, 4.000000000000000888, 4.000000000000000888, 4.000000000000000888, 4.000000000000000888, 4.000000000000000888, 4.000000000000000888, 4.000000000000000888, 4.000000000000000888),
 ( 1.000000000000000000, 1.000000000000000000, 1.000000000000000000, 1.000000000000000000, 1.000000000000000000, 1.000000000000000000, 1.000000000000000000, 1.000000000000000000, 1.000000000000000000, 1.000000000000000000, 1.000000000000000000, 1.000000000000000000, 1.000000000000000000, 1.000000000000000000, 1.000000000000000000, 1.000000000000000000, 1.000000000000000000, 1.000000000000000000, 1.000000000000000000, 1.000000000000000000, 1.000000000000000000, 1.000000000000000000, 1.000000000000000000, 1.000000000000000000, 1.000000000000000000, 1.000000000000000000, 1.000000000000000000, 1.000000000000000000) ) ) 
 REPRESENTATION_ITEM ( '' )  SURFACE ( )  );
#4365 = CARTESIAN_POINT ( 'NONE',  ( -9.099999999999937472, -6.034353742314588764, 28.46374219451660892 ) ) ;
#4366 =( NAMED_UNIT ( * ) SI_UNIT ( $, .STERADIAN. ) SOLID_ANGLE_UNIT ( ) );
#4367 = CARTESIAN_POINT ( 'NONE',  ( -12.75038957987836064, -5.804081891822156614, 28.03089793834108079 ) ) ;
#4368 = CARTESIAN_POINT ( 'NONE',  ( 40.10000000000006537, 0.000000000000000000, 10.59999999999999964 ) ) ;
#4369 = CARTESIAN_POINT ( 'NONE',  ( -44.07025860286483976, -18.39770951319344405, 9.600000000000003197 ) ) ;
#4370 = CARTESIAN_POINT ( 'NONE',  ( 40.42198399849415580, -5.462990302980057500, 28.46374219451686471 ) ) ;
#4371 = CARTESIAN_POINT ( 'NONE',  ( 39.59226033804330314, 16.48810209429441542, 28.59803400948222318 ) ) ;
#4372 = CARTESIAN_POINT ( 'NONE',  ( -13.81427369667027882, 16.65043740182794707, 27.78280182435290868 ) ) ;
#4373 = LINE ( 'NONE', #1232, #3087 ) ;
#4374 = CARTESIAN_POINT ( 'NONE',  ( -13.37297674841577333, -7.068960234768034034, 13.59999999999936193 ) ) ;
#4375 = ORIENTED_EDGE ( 'NONE', *, *, #2033, .F. ) ;
#4376 = CARTESIAN_POINT ( 'NONE',  ( 43.10000000000007248, -5.835395687047437718, 15.17181068220196138 ) ) ;
#4377 = CARTESIAN_POINT ( 'NONE',  ( -9.291978657640129313, 16.84221342291277779, 28.59999999999999076 ) ) ;
#4378 = CARTESIAN_POINT ( 'NONE',  ( -10.63261624263611793, -2.399999999999876454, 28.59803400948222674 ) ) ;
#4379 = CARTESIAN_POINT ( 'NONE',  ( 40.90555679408434031, -6.370957881454025085, 28.03089793834110566 ) ) ;
#4380 = CARTESIAN_POINT ( 'NONE',  ( 38.10000000000005116, 21.10000000000013287, 15.61666666666665293 ) ) ;
#4381 = ORIENTED_EDGE ( 'NONE', *, *, #1901, .T. ) ;
#4382 = EDGE_CURVE ( 'NONE', #1065, #3600, #653, .T. ) ;
#4383 = CARTESIAN_POINT ( 'NONE',  ( 42.90947459174670087, -6.297326065758274360, 18.60000000000128750 ) ) ;
#4384 = CARTESIAN_POINT ( 'NONE',  ( 38.10000000000004405, 20.66867854635675528, 28.03089793834123356 ) ) ;
#4385 = CARTESIAN_POINT ( 'NONE',  ( -13.19773500320540371, 16.57131064816206489, 28.34695819720989363 ) ) ;
#4386 = CARTESIAN_POINT ( 'NONE',  ( 41.65631831747120373, -20.97389364416908109, 13.60000000000000320 ) ) ;
#4387 = CARTESIAN_POINT ( 'NONE',  ( 42.89076447115683521, -5.953009831354641790, 25.13064410631874779 ) ) ;
#4388 = LINE ( 'NONE', #1247, #3316 ) ;
#4389 = CARTESIAN_POINT ( 'NONE',  ( 39.84967719379059048, -21.09011195108245218, 9.600000000000004974 ) ) ;
#4390 = LINE ( 'NONE', #1355, #1493 ) ;
#4391 = CARTESIAN_POINT ( 'NONE',  ( 40.72825105449203420, 19.57139575766081308, 28.34695819720987231 ) ) ;
#4392 = CARTESIAN_POINT ( 'NONE',  ( -10.18813316338328789, -6.745198432841644554, 28.16519854648657883 ) ) ;
#4393 = CARTESIAN_POINT ( 'NONE',  ( -12.92034089914316297, -7.232210185733584318, 23.59999999999999076 ) ) ;
#4394 = AXIS2_PLACEMENT_3D ( 'NONE', #2031, #262, #1669 ) ;
#4395 = EDGE_CURVE ( 'NONE', #264, #203, #3224, .T. ) ;
#4396 = CARTESIAN_POINT ( 'NONE',  ( -14.09999999999993570, -2.399999999999876010, 18.35000000000001563 ) ) ;
#4397 = CARTESIAN_POINT ( 'NONE',  ( 41.16299019691939520, -4.721984508517231838, 28.46374219451696774 ) ) ;
#4398 = CARTESIAN_POINT ( 'NONE',  ( 38.10000000000006537, 16.10000000000013287, 28.59999999999999787 ) ) ;
#4399 = CARTESIAN_POINT ( 'NONE',  ( -9.099999999999955236, 21.03806890130021756, 26.66045524841071668 ) ) ;
#4400 = CARTESIAN_POINT ( 'NONE',  ( 38.10000000000007248, 9.933333333333461468, 28.59999999999999787 ) ) ;
#4401 = CARTESIAN_POINT ( 'NONE',  ( -40.79999999999996163, -11.69689577749904430, -15.40511026734024824 ) ) ;
#4402 = ORIENTED_EDGE ( 'NONE', *, *, #2527, .F. ) ;
#4403 = ADVANCED_FACE ( 'NONE', ( #1481 ), #1173, .T. ) ;
#4404 = VECTOR ( 'NONE', #375, 1000.000000000000000 ) ;
#4405 = CARTESIAN_POINT ( 'NONE',  ( 43.10000000000006537, -3.073145196413487934, 17.92664381616417302 ) ) ;
#4406 = PLANE ( 'NONE',  #2139 ) ;
#4407 = CARTESIAN_POINT ( 'NONE',  ( -9.754131281471279280, -2.770122587661956626, 28.60000000000000142 ) ) ;
#4408 = CARTESIAN_POINT ( 'NONE',  ( 38.63367198109123279, -7.024755591440577263, 27.95172059729315350 ) ) ;
#4409 = CARTESIAN_POINT ( 'NONE',  ( -42.95265396141699910, -8.233257147224058939E-15, 9.600000000000001421 ) ) ;
#4410 = ORIENTED_EDGE ( 'NONE', *, *, #1073, .F. ) ;
#4411 = CARTESIAN_POINT ( 'NONE',  ( 40.10000000000006537, 0.000000000000000000, 10.59999999999999964 ) ) ;
#4412 = CARTESIAN_POINT ( 'NONE',  ( -44.10000000000007248, -21.10000000000013642, 9.400000000000000355 ) ) ;
#4413 = CARTESIAN_POINT ( 'NONE',  ( 42.86170419352213656, -20.14833751234535697, 13.60000000000000142 ) ) ;
#4414 = CARTESIAN_POINT ( 'NONE',  ( 42.93221018572457126, -6.220340899143713465, 24.36531221810779968 ) ) ;
#4415 = CARTESIAN_POINT ( 'NONE',  ( 22.36666666666676306, -7.399999999999876010, 23.59999999999999432 ) ) ;
#4416 = CARTESIAN_POINT ( 'NONE',  ( 43.05646124466353086, 18.77860448456921105, 24.36531221810788495 ) ) ;
#4417 = PRODUCT_DEFINITION ( 'UNKNOWN', '', #4279, #4052 ) ;
#4418 = CARTESIAN_POINT ( 'NONE',  ( 40.90769421795320682, 19.11041314410083913, 28.43174276785761734 ) ) ;
#4419 = CARTESIAN_POINT ( 'NONE',  ( -13.00544674837693293, -5.358845067312663524, 28.03089793834119448 ) ) ;
#4420 = CARTESIAN_POINT ( 'NONE',  ( -11.91430938133946960, -7.117940069547761262, 26.27804358441437316 ) ) ;
#4421 = DIRECTION ( 'NONE',  ( 1.000000000000000000, 3.639200510924877443E-15, -0.000000000000000000 ) ) ;
#4422 = CARTESIAN_POINT ( 'NONE',  ( 38.10000000000006537, -5.464390761366213489, 28.53781812637529924 ) ) ;
#4423 = DIRECTION ( 'NONE',  ( -0.000000000000000000, 0.000000000000000000, 1.000000000000000000 ) ) ;
#4424 = CARTESIAN_POINT ( 'NONE',  ( -12.69320532254982581, 19.94980255549251424, 27.69395940719801885 ) ) ;
#4425 = DIRECTION ( 'NONE',  ( -0.000000000000000000, 0.000000000000000000, 1.000000000000000000 ) ) ;
#4426 = CARTESIAN_POINT ( 'NONE',  ( 20.60000000000006537, 3.600000000000121325, 25.59999999999999787 ) ) ;
#4427 = ORIENTED_EDGE ( 'NONE', *, *, #2379, .F. ) ;
#4428 = CARTESIAN_POINT ( 'NONE',  ( -14.09999999999993747, -2.399999999999876010, 18.60000000000000497 ) ) ;
#4429 = FACE_OUTER_BOUND ( 'NONE', #3238, .T. ) ;
#4430 = CARTESIAN_POINT ( 'NONE',  ( 39.60000000000006537, -2.399999999999879563, 28.59008767288885267 ) ) ;
#4431 = CARTESIAN_POINT ( 'NONE',  ( 39.79351676530032478, -5.929509199437596578, 28.43174276785727628 ) ) ;
#4432 = ORIENTED_EDGE ( 'NONE', *, *, #3925, .F. ) ;
#4433 = DIRECTION ( 'NONE',  ( -0.000000000000000000, 0.000000000000000000, -1.000000000000000000 ) ) ;
#4434 = CARTESIAN_POINT ( 'NONE',  ( 38.69790704900606215, -7.264396400494429251, 27.23030725387313566 ) ) ;
#4435 = ORIENTED_EDGE ( 'NONE', *, *, #1225, .T. ) ;
#4436 = MANIFOLD_SOLID_BREP ( 'Cut-Extrude3', #2302 ) ;
#4437 = CARTESIAN_POINT ( 'NONE',  ( -9.099999999999937472, -7.399999999999876010, 28.59999999999999787 ) ) ;
#4438 = CARTESIAN_POINT ( 'NONE',  ( 42.50242602383567458, 19.97287531579679865, 26.27804358441526844 ) ) ;
#4439 = CARTESIAN_POINT ( 'NONE',  ( 40.04628174937461438, 19.54446079226444510, 28.43174276785753563 ) ) ;
#4440 = CARTESIAN_POINT ( 'NONE',  ( -12.24643746745745254, -6.019843156941949047, 28.16519854648715793 ) ) ;
#4441 = CARTESIAN_POINT ( 'NONE',  ( -14.09999999999993570, -2.399999999999876010, 24.36531221810784231 ) ) ;
#4442 = CARTESIAN_POINT ( 'NONE',  ( -9.099999999999933920, -7.399999999999876010, 18.35000000000001563 ) ) ;
#4443 = CARTESIAN_POINT ( 'NONE',  ( 38.66225827545830640, -2.890515160305472619, 28.60000000000000497 ) ) ;
#4444 = CARTESIAN_POINT ( 'NONE',  ( 38.59264819283612269, 21.10000000000012577, 9.599999999999999645 ) ) ;
#4445 = CARTESIAN_POINT ( 'NONE',  ( -40.10000000000006537, -7.686454296869565743E-15, 10.59999999999999964 ) ) ;
#4446 = DIRECTION ( 'NONE',  ( -0.000000000000000000, -1.000000000000000000, -0.000000000000000000 ) ) ;
#4447 = ORIENTED_EDGE ( 'NONE', *, *, #4073, .F. ) ;
#4448 = CARTESIAN_POINT ( 'NONE',  ( 43.10000000000006537, -5.685023502280139418, 15.31993990629657887 ) ) ;
#4449 = CARTESIAN_POINT ( 'NONE',  ( -11.84999999999993747, 18.09999999999996234, 27.72132034355963981 ) ) ;
#4450 = CARTESIAN_POINT ( 'NONE',  ( -9.099999999999935696, -2.399999999999875566, 28.59999999999999787 ) ) ;
#4451 = CARTESIAN_POINT ( 'NONE',  ( 40.78885230105537829, -5.491428964240034460, 28.43174276785742904 ) ) ;
#4452 = EDGE_LOOP ( 'NONE', ( #654, #3303, #1141, #3232 ) ) ;
#4453 = CYLINDRICAL_SURFACE ( 'NONE', #3492, 0.7500000000000006661 ) ;
#4454 = CARTESIAN_POINT ( 'NONE',  ( 40.48968926413277813, -7.117989230548809942, 26.66045524841034009 ) ) ;
#4455 = CARTESIAN_POINT ( 'NONE',  ( -14.55173878487924988, 21.09999999999994458, 13.80732860242147808 ) ) ;
#4456 = CARTESIAN_POINT ( 'NONE',  ( 40.77860449218258054, 21.05646124428843535, 24.36531221810776415 ) ) ;
#4457 = CARTESIAN_POINT ( 'NONE',  ( 42.28746191188385950, 16.10000000000012577, 28.31225206021231955 ) ) ;
#4458 = CARTESIAN_POINT ( 'NONE',  ( -11.90555782281208153, -6.370957714442871733, 28.03089793834086763 ) ) ;
#4459 = CARTESIAN_POINT ( 'NONE',  ( -13.73246204034098028, -6.499299069996261835, 25.13064410631852397 ) ) ;
#4460 = CARTESIAN_POINT ( 'NONE',  ( -44.00743052736728345, -19.39755730796557742, 9.600000000000001421 ) ) ;
#4461 = B_SPLINE_CURVE_WITH_KNOTS ( 'NONE', 3,
 ( #16, #1062, #399, #1373 ),
 .UNSPECIFIED., .F., .F.,
 ( 4, 4 ),
 ( 0.000000000000000000, 1.000000000000000000 ),
 .UNSPECIFIED. ) ;
#4462 = CARTESIAN_POINT ( 'NONE',  ( 38.71044153679456201, -2.831824690393732524, 28.59999999999999432 ) ) ;
#4463 = CARTESIAN_POINT ( 'NONE',  ( 38.66225827610249155, 16.59051515954343259, 28.59999999999999787 ) ) ;
#4464 = CARTESIAN_POINT ( 'NONE',  ( -18.78295866747992093, 21.09999999999993392, 13.60000000000000142 ) ) ;
#4465 = LINE ( 'NONE', #3430, #2055 ) ;
#4466 = ORIENTED_EDGE ( 'NONE', *, *, #1073, .T. ) ;
#4467 = CARTESIAN_POINT ( 'NONE',  ( 43.10000000000007958, -6.617413879933404353, 14.43478521295343420 ) ) ;
#4468 = FACE_OUTER_BOUND ( 'NONE', #4452, .T. ) ;
#4469 = PLANE ( 'NONE',  #1779 ) ;
#4470 = CARTESIAN_POINT ( 'NONE',  ( 40.99112130507428731, -5.725435082241536300, 28.34695819720950993 ) ) ;
#4471 = ORIENTED_EDGE ( 'NONE', *, *, #1327, .T. ) ;
#4472 = EDGE_CURVE ( 'NONE', #3851, #2484, #2414, .T. ) ;
#4473 = FACE_OUTER_BOUND ( 'NONE', #3437, .T. ) ;
#4474 = CARTESIAN_POINT ( 'NONE',  ( -13.84829685117219356, 16.09999999999995879, 27.69395940719828175 ) ) ;
#4475 = CARTESIAN_POINT ( 'NONE',  ( -12.38630595420790925, 18.42151428086041065, 28.43174276785753207 ) ) ;
#4476 = EDGE_CURVE ( 'NONE', #1416, #2936, #1808, .T. ) ;
#4477 = CARTESIAN_POINT ( 'NONE',  ( 40.37067515324297773, -6.990836315415291935, 27.23030725387364370 ) ) ;
#4478 = VERTEX_POINT ( 'NONE', #194 ) ;
#4479 = VECTOR ( 'NONE', #2455, 1000.000000000000000 ) ;
#4480 = EDGE_CURVE ( 'NONE', #1039, #1765, #4390, .T. ) ;
#4481 = EDGE_CURVE ( 'NONE', #1043, #1537, #4058, .T. ) ;
#4482 = CARTESIAN_POINT ( 'NONE',  ( 42.96430552392939006, 19.73083692202177275, 24.36531221810784587 ) ) ;
#4483 = CARTESIAN_POINT ( 'NONE',  ( 42.19773500320385295, 16.10000000000014353, 28.34695819721049759 ) ) ;
#4484 = CARTESIAN_POINT ( 'NONE',  ( -11.65105557964542271, -5.332041676528016971, 28.46374219451679366 ) ) ;
#4485 = CARTESIAN_POINT ( 'NONE',  ( -10.59088086419478536, -7.382775035003164454, 25.13064410631825396 ) ) ;
#4486 = DIRECTION ( 'NONE',  ( -0.000000000000000000, 0.000000000000000000, -1.000000000000000000 ) ) ;
#4487 = DIRECTION ( 'NONE',  ( 1.000000000000000000, 0.000000000000000000, -0.000000000000000000 ) ) ;
#4488 = CARTESIAN_POINT ( 'NONE',  ( -10.34999999999993570, 18.09999999999996234, 25.59999999999999787 ) ) ;
#4489 = CARTESIAN_POINT ( 'NONE',  ( 20.60000000000006892, -4.399999999999878675, 28.57958971134653225 ) ) ;
#4490 = LINE ( 'NONE', #2319, #893 ) ;
#4491 = CARTESIAN_POINT ( 'NONE',  ( -12.19676546211883483, 21.09999999999995879, 15.50524176697199152 ) ) ;
#4492 = ORIENTED_EDGE ( 'NONE', *, *, #4472, .T. ) ;
#4493 = CARTESIAN_POINT ( 'NONE',  ( -14.09802632126711863, 17.63114460380466397, 23.60000000000000853 ) ) ;
#4494 = CARTESIAN_POINT ( 'NONE',  ( 38.59264819285689896, -21.10000000000013287, 13.59999999999999787 ) ) ;
#4495 = FACE_OUTER_BOUND ( 'NONE', #1381, .T. ) ;
#4496 = CARTESIAN_POINT ( 'NONE',  ( -41.14704002020525309, 21.07837550577968599, 13.60000000000000142 ) ) ;
#4497 = CARTESIAN_POINT ( 'NONE',  ( 39.10672275928150299, -6.412072521585629126, 28.34695819720888466 ) ) ;
#4498 = VERTEX_POINT ( 'NONE', #2627 ) ;
#4499 = CARTESIAN_POINT ( 'NONE',  ( 42.60661465332932352, -6.895908991381054953, 13.60000000000097486 ) ) ;
#4500 = CARTESIAN_POINT ( 'NONE',  ( -14.09999999999993570, 3.766666666666737662, 18.60000000000000142 ) ) ;
#4501 = CARTESIAN_POINT ( 'NONE',  ( 42.14168180990120760, -6.709453316039013515, 26.27804358441481725 ) ) ;
#4502 = CARTESIAN_POINT ( 'NONE',  ( 43.03798138031847742, 19.16147778144959446, 24.36531221810785652 ) ) ;
#4503 = CARTESIAN_POINT ( 'NONE',  ( -10.44143014085446453, 20.98129802387994758, 26.66045524841075220 ) ) ;
#4504 = EDGE_CURVE ( 'NONE', #3751, #1370, #3351, .T. ) ;
#4505 = CARTESIAN_POINT ( 'NONE',  ( 41.21840971637843865, 18.30432069432740860, 28.46374219451708498 ) ) ;
#4506 = CARTESIAN_POINT ( 'NONE',  ( -12.45220264194021631, -4.010575472555406584, 28.46374219451690735 ) ) ;
#4507 = CARTESIAN_POINT ( 'NONE',  ( -13.31517280424895766, -6.348325820713627721, 26.66045524841055325 ) ) ;
#4508 = LINE ( 'NONE', #2723, #2586 ) ;
#4509 = EDGE_CURVE ( 'NONE', #4291, #379, #3439, .T. ) ;
#4510 = CARTESIAN_POINT ( 'NONE',  ( 38.10000000000007248, -3.932616242637107185, 28.59803400948223739 ) ) ;
#4511 = CARTESIAN_POINT ( 'NONE',  ( -44.07444201803196648, 18.27566523581264235, 9.599999999999999645 ) ) ;
#4512 = CARTESIAN_POINT ( 'NONE',  ( 38.60762651912926202, 20.53521281681678801, 28.16519854648747057 ) ) ;
#4513 = CARTESIAN_POINT ( 'NONE',  ( -9.099999999999951683, 21.09999999999997300, 23.60000000000159304 ) ) ;
#4514 = LINE ( 'NONE', #373, #864 ) ;
#4515 = CARTESIAN_POINT ( 'NONE',  ( -12.22230999692509812, 21.09999999999996234, 15.47994539684712478 ) ) ;
#4516 = ORIENTED_EDGE ( 'NONE', *, *, #2884, .T. ) ;
#4517 = CARTESIAN_POINT ( 'NONE',  ( -19.09999999999993747, -2.399999999999876010, 13.60000000000000142 ) ) ;
#4518 = CARTESIAN_POINT ( 'NONE',  ( -43.98574326795743872, 19.56481889561158383, 13.60000000000000320 ) ) ;
#4519 = EDGE_LOOP ( 'NONE', ( #2567, #980, #3742, #1059, #2062, #501, #703, #960, #1490, #311, #859, #1205, #2867, #4212, #4201, #271, #1744 ) ) ;
#4520 = CARTESIAN_POINT ( 'NONE',  ( 47.91448451592328439, -6.768234991913788079, 13.60000000000000497 ) ) ;
#4521 = PRESENTATION_STYLE_ASSIGNMENT (( #898 ) ) ;
#4522 = CARTESIAN_POINT ( 'NONE',  ( -11.78113703491128206, 16.42159132142427325, 28.55633887815913852 ) ) ;
#4523 = CARTESIAN_POINT ( 'NONE',  ( 42.61039093507567799, -5.667711500018660864, 26.66045524841112879 ) ) ;
#4524 = ORIENTED_EDGE ( 'NONE', *, *, #408, .F. ) ;
#4525 = CARTESIAN_POINT ( 'NONE',  ( -10.71683410572409123, -12.38912378112695656, 13.60000000000000320 ) ) ;
#4526 = CARTESIAN_POINT ( 'NONE',  ( 42.75187035915406142, 18.84229864234068330, 26.66045524841151604 ) ) ;
#4527 = CARTESIAN_POINT ( 'NONE',  ( -9.625106207702250671, 20.66867854635658119, 28.03089793834124777 ) ) ;
#4528 = CARTESIAN_POINT ( 'NONE',  ( -11.78885282442105797, -5.491428747513859676, 28.43174276785729759 ) ) ;
#4529 = CARTESIAN_POINT ( 'NONE',  ( -13.81798923054935280, -4.789689264132761970, 26.66045524841086589 ) ) ;
#4530 = FACE_OUTER_BOUND ( 'NONE', #3703, .T. ) ;
#4531 = CARTESIAN_POINT ( 'NONE',  ( 43.10000000000006537, -16.10000000000013642, 10.93333333333333535 ) ) ;
#4532 = CARTESIAN_POINT ( 'NONE',  ( 40.63707660276268996, 21.06157421608435243, 9.600000000000003197 ) ) ;
#4533 = CARTESIAN_POINT ( 'NONE',  ( 42.45576142246984830, 16.59871264018807935, 28.22214248708726103 ) ) ;
#4534 = CARTESIAN_POINT ( 'NONE',  ( 39.60000000000006537, -0.3999999999998787303, 28.59008767288885267 ) ) ;
#4535 = CARTESIAN_POINT ( 'NONE',  ( 22.36666666666676306, -12.39999999999987601, 13.60000000000000142 ) ) ;
#4536 = VERTEX_POINT ( 'NONE', #3415 ) ;
#4537 = CARTESIAN_POINT ( 'NONE',  ( -14.09999999999993570, -2.399999999999876010, 18.60000000000000142 ) ) ;
#4538 = PLANE ( 'NONE',  #1325 ) ;
#4539 = CARTESIAN_POINT ( 'NONE',  ( -42.54086757463633717, 20.98888856329171659, 13.59999999999999964 ) ) ;
#4540 = EDGE_CURVE ( 'NONE', #1803, #999, #2758, .T. ) ;
#4541 = ORIENTED_EDGE ( 'NONE', *, *, #4168, .F. ) ;
#4542 = CARTESIAN_POINT ( 'NONE',  ( -12.27200576009471789, 21.09999999999996234, 15.43075277773541920 ) ) ;
#4543 = LINE ( 'NONE', #3557, #592 ) ;
#4544 = CARTESIAN_POINT ( 'NONE',  ( -11.32907635401966218, 17.79396876793707705, 28.55633887815911365 ) ) ;
#4545 = CARTESIAN_POINT ( 'NONE',  ( 41.49875594870886886, -6.303893650255158576, 27.78280182435243972 ) ) ;
ENDSEC;
END-ISO-10303-21;
